usuario,texto,entidade_mencionada
489050ba-f6ce-4f05-a8ce-d6bdee47371a,ansiosa para o início do evento,Abertura
0075ff65-ea4f-498d-992f-ada2464aa615,ansiosa para o início do wit,Abertura
0075ff65-ea4f-498d-992f-ada2464aa615,maceió é massa,Organizacao
df0c5066-4918-4384-bf21-9ba7343bf772,kkkkkkk,Organizacao
1e411a8b-4d32-4425-945d-09887c5071b8,mais uma edição do wit preparada com muito carinho,Engie
1e411a8b-4d32-4425-945d-09887c5071b8,mais uma edição do wit preparada com muito carinho,Saudades
1e411a8b-4d32-4425-945d-09887c5071b8,missões disponibilizadas,Organizacao
1e411a8b-4d32-4425-945d-09887c5071b8,partiu gamificação,Gamificacao
59ab6fbb-3356-44e7-a74e-e5bdbc89fab7,storygirl presente no wit2025,Storygirl
59ab6fbb-3356-44e7-a74e-e5bdbc89fab7,storygirl presente no wit2025,Witcsbc2025
f3eed192-b8ab-4094-942f-54e234fbb70b,coletivo lovelace presente no wit 🫶🏻,Lovelace
0b4761ba-7672-4bde-89c3-74f013f2b163,vamos que vamos meninas,Mulheres
9d149e84-581a-4008-996e-d3680d5bcd88,o aplicativo está ótimo,Aplicativo
9d149e84-581a-4008-996e-d3680d5bcd88,"fiquei com dificuldade de colocar itens na agenda pra missão, pois já tinha colocado antes",Desafios
9d149e84-581a-4008-996e-d3680d5bcd88,"fiquei com dificuldade de colocar itens na agenda pra missão, pois já tinha colocado antes",Organizacao
9d149e84-581a-4008-996e-d3680d5bcd88,"fiquei com dificuldade de colocar itens na agenda pra missão, pois já tinha colocado antes",Itens
9d149e84-581a-4008-996e-d3680d5bcd88,"fiquei com dificuldade de colocar itens na agenda pra missão, pois já tinha colocado antes",Agenda
9d149e84-581a-4008-996e-d3680d5bcd88,"marcar de novo, não deu certo",Novo
a24b5393-ee39-4272-8f84-7f95fa794341,ansiosa pelas novidades do wit,Novo
599e5dc6-fa67-4845-a44e-539c244937fc,as meninas da gamificação são incríveis,Mulheres
599e5dc6-fa67-4845-a44e-539c244937fc,as meninas da gamificação são incríveis,Gamificacao
8ac171ff-ae8c-4709-899e-93e23ba84729,só felicidades,Saudades
06f1249e-61d1-4916-a745-f29b8095822b,"organização, animação",Animacao
06f1249e-61d1-4916-a745-f29b8095822b,"organização, animação",Organizacao
06f1249e-61d1-4916-a745-f29b8095822b,"energia das meninas, tudo impecável",Mulheres
06f1249e-61d1-4916-a745-f29b8095822b,"energia das meninas, tudo impecável",Energia
06f1249e-61d1-4916-a745-f29b8095822b,maravilhoso ❤️❤️ tou amando fazer parte disso,Organizacao
06f1249e-61d1-4916-a745-f29b8095822b,animada pra aproveitar cada coisinha desse evento maravilhoso,Organizacao
b0bd5290-3dd4-4593-99b9-c1055814408b,super animada para aproveitar cada momento desse evento❤️,Momento
b0bd5290-3dd4-4593-99b9-c1055814408b,super animada para aproveitar cada momento desse evento❤️,Super
ed496342-5088-4e03-9bf6-270dbfd06758,abertura do wit tá com clima descontraído,Abertura
ed496342-5088-4e03-9bf6-270dbfd06758,abertura do wit tá com clima descontraído,Ambiente
ed496342-5088-4e03-9bf6-270dbfd06758,muito bonita decoração do palco <3,Decoracao
ed496342-5088-4e03-9bf6-270dbfd06758,muito bonita decoração do palco <3,Palestra
b8b92070-a5ba-4bca-ab6c-1976294cf8da,que felicidade estar junto a tantas mulheres potentes,Mulheres
17a6d940-56ba-4d72-8c6b-3f765a91e6ac,"a palestra do wit está sensacional, que seja uma experiência proveitosa para conhecer mulheres em todo o brasil",Experiencia
17a6d940-56ba-4d72-8c6b-3f765a91e6ac,"a palestra do wit está sensacional, que seja uma experiência proveitosa para conhecer mulheres em todo o brasil",Brasil
17a6d940-56ba-4d72-8c6b-3f765a91e6ac,"a palestra do wit está sensacional, que seja uma experiência proveitosa para conhecer mulheres em todo o brasil",Palestra
17a6d940-56ba-4d72-8c6b-3f765a91e6ac,"a palestra do wit está sensacional, que seja uma experiência proveitosa para conhecer mulheres em todo o brasil",Mulheres
268e12fc-6012-41e0-9301-483b58059c69,podemos chegar a todos os lugares,Area
94e79e36-97e0-4aa4-b033-298dd22658d1,parabéns à organização do wit por cuidarem com tanto carinho do evento,Saudades
94e79e36-97e0-4aa4-b033-298dd22658d1,parabéns à organização do wit por cuidarem com tanto carinho do evento,Organizacao
01bdf958-26a8-4cbb-9001-f8323dd02301,que mulheres maravilhosas,Mulheres
5bb974d7-0d42-4ba7-b115-6f2821843ecc,ansiosa por esses três dias,Organizacao
17a6d940-56ba-4d72-8c6b-3f765a91e6ac,espero sair desse evento bem representada por ser mulher na área de tecnologia,Mulheres
17a6d940-56ba-4d72-8c6b-3f765a91e6ac,espero sair desse evento bem representada por ser mulher na área de tecnologia,Tecnologia
17a6d940-56ba-4d72-8c6b-3f765a91e6ac,espero sair desse evento bem representada por ser mulher na área de tecnologia,Area
17a6d940-56ba-4d72-8c6b-3f765a91e6ac,que tenha mais visibilidade em relação aos debates,Debates
17a6d940-56ba-4d72-8c6b-3f765a91e6ac,que tenha mais visibilidade em relação aos debates,Organizacao
17a6d940-56ba-4d72-8c6b-3f765a91e6ac,que tenha mais visibilidade em relação aos debates,Visibilidade
9a0b6f46-36e7-4cce-81e7-87d8c0dec201,a palestra do wit no congresso foi extremamente inspiradora,Palestra
9a0b6f46-36e7-4cce-81e7-87d8c0dec201,a palestra do wit no congresso foi extremamente inspiradora,Congresso
9a0b6f46-36e7-4cce-81e7-87d8c0dec201,ver mulheres compartilhando seus desafios na tecnologia reforça a importância de promover mais equidade,Organizacao
9a0b6f46-36e7-4cce-81e7-87d8c0dec201,ver mulheres compartilhando seus desafios na tecnologia reforça a importância de promover mais equidade,Mulheres
9a0b6f46-36e7-4cce-81e7-87d8c0dec201,ver mulheres compartilhando seus desafios na tecnologia reforça a importância de promover mais equidade,Equidade
9a0b6f46-36e7-4cce-81e7-87d8c0dec201,ver mulheres compartilhando seus desafios na tecnologia reforça a importância de promover mais equidade,Desafios
9a0b6f46-36e7-4cce-81e7-87d8c0dec201,ver mulheres compartilhando seus desafios na tecnologia reforça a importância de promover mais equidade,Tecnologia
9a0b6f46-36e7-4cce-81e7-87d8c0dec201,representatividade na área,Representatividade
9a0b6f46-36e7-4cce-81e7-87d8c0dec201,representatividade na área,Area
9a0b6f46-36e7-4cce-81e7-87d8c0dec201,que energia maravilhosa na palestra do wit,Energia
9a0b6f46-36e7-4cce-81e7-87d8c0dec201,que energia maravilhosa na palestra do wit,Palestra
9a0b6f46-36e7-4cce-81e7-87d8c0dec201,sair desse espaço me fez lembrar por que escolhi estar na tecnologia,Organizacao
9a0b6f46-36e7-4cce-81e7-87d8c0dec201,sair desse espaço me fez lembrar por que escolhi estar na tecnologia,Tecnologia
adec314d-1120-4e55-985a-8bdbbf48be55,"gurias na computação, presente",Computacao
adec314d-1120-4e55-985a-8bdbbf48be55,"gurias na computação, presente",Organizacao
1b58aa1e-e0c5-485a-8317-7bbe5c074e42,participar do wit é uma experiência enriquecedora,Experiencia
1b58aa1e-e0c5-485a-8317-7bbe5c074e42,"estar ao lado de tantas mulheres incríveis, conhecendo suas trajetórias, desafios",Mulheres
1b58aa1e-e0c5-485a-8317-7bbe5c074e42,"estar ao lado de tantas mulheres incríveis, conhecendo suas trajetórias, desafios",Desafios
1b58aa1e-e0c5-485a-8317-7bbe5c074e42,"estar ao lado de tantas mulheres incríveis, conhecendo suas trajetórias, desafios",Trajetoria
1b58aa1e-e0c5-485a-8317-7bbe5c074e42,"estar ao lado de tantas mulheres incríveis, conhecendo suas trajetórias, desafios",Organizacao
1b58aa1e-e0c5-485a-8317-7bbe5c074e42,conquistas na área da tecnologia,Area
1b58aa1e-e0c5-485a-8317-7bbe5c074e42,conquistas na área da tecnologia,Tecnologia
1b58aa1e-e0c5-485a-8317-7bbe5c074e42,conquistas na área da tecnologia,Sucessos
1bfbf56f-28e4-4dee-874f-83823030bda3,"segunda edição que participo do wit,",Engie
1bfbf56f-28e4-4dee-874f-83823030bda3,"segunda edição que participo do wit,",Inclusao
1bfbf56f-28e4-4dee-874f-83823030bda3,"como na edição passada, o evento está lindo",Engie
1bfbf56f-28e4-4dee-874f-83823030bda3,as mulheres que fazem isso acontecer são uma grande inspiração para mim,Mulheres
1bfbf56f-28e4-4dee-874f-83823030bda3,as mulheres que fazem isso acontecer são uma grande inspiração para mim,Inspiracao
6e490da9-d604-49fa-b782-7cc09c1615d3,esse evento é extremamente importante para que mulheres de tecnologias se vejam representadas,Mulheres
6e490da9-d604-49fa-b782-7cc09c1615d3,esse evento é extremamente importante para que mulheres de tecnologias se vejam representadas,Tecnologia
6e490da9-d604-49fa-b782-7cc09c1615d3,espero em breve fazer parte do grupo de projetos associados às meninas digitais,Mulheres
6e490da9-d604-49fa-b782-7cc09c1615d3,espero em breve fazer parte do grupo de projetos associados às meninas digitais,Projetos
6e490da9-d604-49fa-b782-7cc09c1615d3,espero em breve fazer parte do grupo de projetos associados às meninas digitais,Organizacao
6e490da9-d604-49fa-b782-7cc09c1615d3,espero em breve fazer parte do grupo de projetos associados às meninas digitais,Grupo
6e490da9-d604-49fa-b782-7cc09c1615d3,muito significado estar num evento que valoriza mulheres na tecnologia,Fato
6e490da9-d604-49fa-b782-7cc09c1615d3,muito significado estar num evento que valoriza mulheres na tecnologia,Mulheres
6e490da9-d604-49fa-b782-7cc09c1615d3,muito significado estar num evento que valoriza mulheres na tecnologia,Tecnologia
ae163e36-169f-44a1-8c73-558123924278,incrível ouvir de uma mulher na área de cibersegurança,Mulheres
ae163e36-169f-44a1-8c73-558123924278,incrível ouvir de uma mulher na área de cibersegurança,Ciberseguranca🩷
ae163e36-169f-44a1-8c73-558123924278,incrível ouvir de uma mulher na área de cibersegurança,Area
ae163e36-169f-44a1-8c73-558123924278,inspiração,Inspiracao
ae163e36-169f-44a1-8c73-558123924278,boa ideia de gamificação,Ideia
ae163e36-169f-44a1-8c73-558123924278,boa ideia de gamificação,Gamificacao
ae163e36-169f-44a1-8c73-558123924278,dinâmica atraente,Dinamica
934ac1e9-8a9e-4865-977f-b22e4bbce84e,uhuuul ansiosa por toda a programação,Programacao
0075ff65-ea4f-498d-992f-ada2464aa615,muito show a abertura,Abertura
c2b6bd29-c4b7-4ad9-ab56-0ec11fd42341,muita emoção neste inicio do wit,Abertura
c2b6bd29-c4b7-4ad9-ab56-0ec11fd42341,muita emoção neste inicio do wit,Pena
c90f49e7-30eb-4954-bad6-ff13e4342a57,ansiosa para todos esses dias,Organizacao
ed496342-5088-4e03-9bf6-270dbfd06758,abertura está cheia de momentos especiais 🤩,Abertura
ed496342-5088-4e03-9bf6-270dbfd06758,abertura está cheia de momentos especiais 🤩,Momento
97bb898c-af32-4429-b56c-5914309a8775,muito feliz de conhecer mulheres tão incríveis,Mulheres
ae4d3fbb-069f-4906-895d-6ff10de1bdb9,"ótima palestra de abertura, tudo muito bem explicado",Abertura
ae4d3fbb-069f-4906-895d-6ff10de1bdb9,"ótima palestra de abertura, tudo muito bem explicado",Palestra
ae4d3fbb-069f-4906-895d-6ff10de1bdb9,a equipe é super divertida,Equipe
412301d3-9406-4057-b8ca-f6c63f066ec3,adorei com certeza venho nas próximas edições,Engie
ec75f459-7b9d-4c5e-a6c6-7e8f15491c4b,"palestras muito interessantes, parabens",Palestra
b276ced5-ff2f-4c66-821d-f7751ca3e6d8,amando a vibe boa do wit,Organizacao
c8ddbe59-a031-4194-add3-db3071ddcbef,amando a abertura do wit,Abertura
c8ddbe59-a031-4194-add3-db3071ddcbef,meninas na computação,Mulheres
c8ddbe59-a031-4194-add3-db3071ddcbef,meninas na computação,Computacao
1b58aa1e-e0c5-485a-8317-7bbe5c074e42,"estar no wit foi mais do que participar de um evento — foi se reconhecer em histórias, se inspirar em trajetórias",Trajetoria
1b58aa1e-e0c5-485a-8317-7bbe5c074e42,"estar no wit foi mais do que participar de um evento — foi se reconhecer em histórias, se inspirar em trajetórias",Artigos
1b58aa1e-e0c5-485a-8317-7bbe5c074e42,renovar o compromisso com a transformação que queremos ver na tecnologia,Transformacao
1b58aa1e-e0c5-485a-8317-7bbe5c074e42,renovar o compromisso com a transformação que queremos ver na tecnologia,Apoio
1b58aa1e-e0c5-485a-8317-7bbe5c074e42,renovar o compromisso com a transformação que queremos ver na tecnologia,Tecnologia
412301d3-9406-4057-b8ca-f6c63f066ec3,amei a ideia de sorteios,Ideia
412301d3-9406-4057-b8ca-f6c63f066ec3,amei a ideia de sorteios,Organizacao
412301d3-9406-4057-b8ca-f6c63f066ec3,brindes,Sessao
de8d707d-b7b7-43bd-9191-a060a88bb761,"que evento incrível, animada para as próximas atividades 🤩",Eventos
d9d06ba9-ddc7-49e3-8ff8-cfc02ea63d0f,tô animada demaaais pra conhecer os projetos,Animada
d9d06ba9-ddc7-49e3-8ff8-cfc02ea63d0f,tô animada demaaais pra conhecer os projetos,Projetos
d9d06ba9-ddc7-49e3-8ff8-cfc02ea63d0f,ver os artigos,Artigos
16d2d16a-6864-4d0c-afe3-d87991308ec5,"eu acho que pelo menos no último ano, além de ouvir comentários, o número de meninas na área da computação tem diminuido, ou seja, é muito bom a presença do wit para continuar ajudando as mulheres",Numeros
16d2d16a-6864-4d0c-afe3-d87991308ec5,"eu acho que pelo menos no último ano, além de ouvir comentários, o número de meninas na área da computação tem diminuido, ou seja, é muito bom a presença do wit para continuar ajudando as mulheres",Organizacao
16d2d16a-6864-4d0c-afe3-d87991308ec5,"eu acho que pelo menos no último ano, além de ouvir comentários, o número de meninas na área da computação tem diminuido, ou seja, é muito bom a presença do wit para continuar ajudando as mulheres",Mulheres
16d2d16a-6864-4d0c-afe3-d87991308ec5,"eu acho que pelo menos no último ano, além de ouvir comentários, o número de meninas na área da computação tem diminuido, ou seja, é muito bom a presença do wit para continuar ajudando as mulheres",Pouquinho
16d2d16a-6864-4d0c-afe3-d87991308ec5,"eu acho que pelo menos no último ano, além de ouvir comentários, o número de meninas na área da computação tem diminuido, ou seja, é muito bom a presença do wit para continuar ajudando as mulheres",Area
16d2d16a-6864-4d0c-afe3-d87991308ec5,"eu acho que pelo menos no último ano, além de ouvir comentários, o número de meninas na área da computação tem diminuido, ou seja, é muito bom a presença do wit para continuar ajudando as mulheres",Computacao
4270590b-ac53-434d-88eb-f948b87a7247,muito massa a inclusão que o wit,Inclusao
4270590b-ac53-434d-88eb-f948b87a7247,"o meninas digitais proporciona, por mais movimentos assim",Mulheres
4270590b-ac53-434d-88eb-f948b87a7247,"o meninas digitais proporciona, por mais movimentos assim",Movimentos
537d3fe2-2cd9-4d63-a1cf-6c6d288411ff,espero vcs no wit 2027 que será em manaus,Organizacao
537d3fe2-2cd9-4d63-a1cf-6c6d288411ff,espero vcs no wit 2027 que será em manaus,Vcs
537d3fe2-2cd9-4d63-a1cf-6c6d288411ff,fabiola somos as coordenadoras do csbc,Simposio
16d2d16a-6864-4d0c-afe3-d87991308ec5,acho essa palestra super necessária,Palestra
cd5e94b1-51c2-4147-a20b-9e1345a0adad,eu ameiii a abertura foi muito legal,Abertura
cd5e94b1-51c2-4147-a20b-9e1345a0adad,eu amo estar nesses ambientes,Ambiente
cd5e94b1-51c2-4147-a20b-9e1345a0adad,entusiasmo em continuar na área,Animada
cd5e94b1-51c2-4147-a20b-9e1345a0adad,entusiasmo em continuar na área,Area
4270590b-ac53-434d-88eb-f948b87a7247,"muito bom ver tantas garotas entrando nesse mercado, que esse número continue crescendo",Mulheres
4270590b-ac53-434d-88eb-f948b87a7247,"muito bom ver tantas garotas entrando nesse mercado, que esse número continue crescendo",Numeros
4270590b-ac53-434d-88eb-f948b87a7247,"muito bom ver tantas garotas entrando nesse mercado, que esse número continue crescendo",Mercado
d230aaa6-976f-49bd-bb8a-21d45dec64ab,parabéns sobre a iniciativa,Projetos
cd5e94b1-51c2-4147-a20b-9e1345a0adad,"a pesquisa sobre cyber segurança eu amooo 
é a área que pretendo seguir com toda certeza",Organizacao
cd5e94b1-51c2-4147-a20b-9e1345a0adad,"a pesquisa sobre cyber segurança eu amooo 
é a área que pretendo seguir com toda certeza",Area
cd5e94b1-51c2-4147-a20b-9e1345a0adad,"a pesquisa sobre cyber segurança eu amooo 
é a área que pretendo seguir com toda certeza",Pesquisa
d230aaa6-976f-49bd-bb8a-21d45dec64ab,gostei da escolha da michelle para a palestra de abertura,Abertura
d230aaa6-976f-49bd-bb8a-21d45dec64ab,gostei da escolha da michelle para a palestra de abertura,Escolha
d230aaa6-976f-49bd-bb8a-21d45dec64ab,gostei da escolha da michelle para a palestra de abertura,Palestra
d230aaa6-976f-49bd-bb8a-21d45dec64ab,gostei da escolha da michelle para a palestra de abertura,Organizacao
1bfbf56f-28e4-4dee-874f-83823030bda3,"amei a ideia do app da gamificação, é legal visualizar as missões que precisamos completar",Gamificacao
1bfbf56f-28e4-4dee-874f-83823030bda3,"amei a ideia do app da gamificação, é legal visualizar as missões que precisamos completar",Ideia
1bfbf56f-28e4-4dee-874f-83823030bda3,"amei a ideia do app da gamificação, é legal visualizar as missões que precisamos completar",Aplicativo
1bfbf56f-28e4-4dee-874f-83823030bda3,"amei a ideia do app da gamificação, é legal visualizar as missões que precisamos completar",Organizacao
6c3e12ff-eaca-45fd-ab7c-b291f088c86e,quantas mulheres incríveis em um só lugar,Mulheres
6c3e12ff-eaca-45fd-ab7c-b291f088c86e,quantas mulheres incríveis em um só lugar,Area
6c3e12ff-eaca-45fd-ab7c-b291f088c86e,muito animada com a gamificação,Gamificacao
d32d63c1-02f8-4d06-9fdb-6dfed1c37967,acho legal a ideia de mostrar por quem está por trás do evento,Ideia
d32d63c1-02f8-4d06-9fdb-6dfed1c37967,é muito bom ver como várias mulheres se esforçaram para fazer esse evento acontecer com a melhor qualidade,Mulheres
d32d63c1-02f8-4d06-9fdb-6dfed1c37967,é muito bom ver como várias mulheres se esforçaram para fazer esse evento acontecer com a melhor qualidade,Qualidade
908bb7b4-88ca-4d4c-83d1-513a4e11c569,estou amandooo,Organizacao
908bb7b4-88ca-4d4c-83d1-513a4e11c569,que experiência incrível,Experiencia
5ca22f49-b601-4a36-81af-dba71e05cf97,mulheres maravilhosas,Mulheres
c5f537b2-2d25-4784-88c0-7d434cd447d9,o mermãs digitais já chegou por aqui,Organizacao
908bb7b4-88ca-4d4c-83d1-513a4e11c569,csbc arrasou nos brindes,Sessao
fa22c635-07b6-4718-9309-2665ad2d1a12,minascoders no wit,Minascoders
c5f537b2-2d25-4784-88c0-7d434cd447d9,o @mermasdigitais quer conhecer cada um de vocês,Palestrantes
c5f537b2-2d25-4784-88c0-7d434cd447d9,o @mermasdigitais quer conhecer cada um de vocês,@mermasdigitais
c5f537b2-2d25-4784-88c0-7d434cd447d9,"então já corre lá no instagram da um oi pra gente, mermã",Merma
7afaf882-baa2-47f7-aa69-a15f8ad3452a,"minha primeira vez no csbc, estou super animada com a programação do wit",Programacao
4a257948-6c61-4d69-b2bf-45561ca9dc96,"parabéns a todas as mulheres que fizeram a evento acontecer, vocês são fundamental na representatividade",Mulheres
4a257948-6c61-4d69-b2bf-45561ca9dc96,"parabéns a todas as mulheres que fizeram a evento acontecer, vocês são fundamental na representatividade",Representatividade
4a257948-6c61-4d69-b2bf-45561ca9dc96,no senso de pertencimento da área da computação,Fato
4a257948-6c61-4d69-b2bf-45561ca9dc96,no senso de pertencimento da área da computação,Computacao
4a257948-6c61-4d69-b2bf-45561ca9dc96,no senso de pertencimento da área da computação,Organizacao
4a257948-6c61-4d69-b2bf-45561ca9dc96,no senso de pertencimento da área da computação,Area
d9d06ba9-ddc7-49e3-8ff8-cfc02ea63d0f,muito feliz em ver o meninas,Mulheres
d9d06ba9-ddc7-49e3-8ff8-cfc02ea63d0f,comp em peso aqui,Peso
4a257948-6c61-4d69-b2bf-45561ca9dc96,"fico muito feliz de estar presente aqui, gostei bastante da organização de vocês, o aplicativo foi fundamental para isso",Aplicativo
4a257948-6c61-4d69-b2bf-45561ca9dc96,"fico muito feliz de estar presente aqui, gostei bastante da organização de vocês, o aplicativo foi fundamental para isso",Organizacao
a5c89d02-dd46-4fb9-880f-0b2d4cb3fa2c,super interessante o tema da palestra,Organizacao
a5c89d02-dd46-4fb9-880f-0b2d4cb3fa2c,super interessante o tema da palestra,Palestra
a5c89d02-dd46-4fb9-880f-0b2d4cb3fa2c,super interessante o tema da palestra,Super
a5c89d02-dd46-4fb9-880f-0b2d4cb3fa2c,o protagonismo das mulheres em ti,Mulheres
a5c89d02-dd46-4fb9-880f-0b2d4cb3fa2c,o protagonismo das mulheres em ti,Organizacao
e9b594f7-6309-4190-9032-4dde803e2d6a,muito bom conhecer a história de outras mulheres na área👏👏👏,Mulheres
e9b594f7-6309-4190-9032-4dde803e2d6a,muito bom conhecer a história de outras mulheres na área👏👏👏,Artigos
e9b594f7-6309-4190-9032-4dde803e2d6a,muito bom conhecer a história de outras mulheres na área👏👏👏,Area
262af184-23c3-4cb4-8231-04a142217d69,mostra que nós mulheres podemos encontrar nosso lugar na tecnologia,Mulheres
262af184-23c3-4cb4-8231-04a142217d69,mostra que nós mulheres podemos encontrar nosso lugar na tecnologia,Tecnologia
262af184-23c3-4cb4-8231-04a142217d69,mostra que nós mulheres podemos encontrar nosso lugar na tecnologia,Area
4c4af487-81e9-4e3a-8efc-b2d0f1b0b394,as palestras estão incríveis,Palestra
f37ffdc2-3f64-4b56-a935-4ddecee92321,muito bom poder participar do evento,Energia
6a932bef-bc47-4979-8361-01f0ca51d5bd,"palestra sensacional, uma visão pessoal de uma pesquisadora já consolidada",Palestra
6a932bef-bc47-4979-8361-01f0ca51d5bd,"palestra sensacional, uma visão pessoal de uma pesquisadora já consolidada",Organizacao
6a932bef-bc47-4979-8361-01f0ca51d5bd,"palestra sensacional, uma visão pessoal de uma pesquisadora já consolidada",Pesquisa
170840c4-5893-454a-8433-5854baffd2cc,"quão gratificante é ver a diferença que o wit está fazendo, promovendo uma maior presença de mulheres nas áreas de tecnologia",Organizacao
170840c4-5893-454a-8433-5854baffd2cc,"quão gratificante é ver a diferença que o wit está fazendo, promovendo uma maior presença de mulheres nas áreas de tecnologia",Mulheres
170840c4-5893-454a-8433-5854baffd2cc,"quão gratificante é ver a diferença que o wit está fazendo, promovendo uma maior presença de mulheres nas áreas de tecnologia",Area
170840c4-5893-454a-8433-5854baffd2cc,"quão gratificante é ver a diferença que o wit está fazendo, promovendo uma maior presença de mulheres nas áreas de tecnologia",Diferenca
170840c4-5893-454a-8433-5854baffd2cc,"quão gratificante é ver a diferença que o wit está fazendo, promovendo uma maior presença de mulheres nas áreas de tecnologia",Tecnologia
d90a7533-8a3c-4a1e-9221-2185fdeaec90,energia maravilhosa,Energia
d90a7533-8a3c-4a1e-9221-2185fdeaec90,muito bom ver mulheres na área de ti,Mulheres
d90a7533-8a3c-4a1e-9221-2185fdeaec90,muito bom ver mulheres na área de ti,Area
4c4af487-81e9-4e3a-8efc-b2d0f1b0b394,"estou amando cada momento, tudo perfeito",Momento
dbfa6a71-9259-4730-8103-7b846417ee6c,"evento muito interessante, ouvir mulher numa área ainda muito masculina é sempre bom",Mulheres
dbfa6a71-9259-4730-8103-7b846417ee6c,"evento muito interessante, ouvir mulher numa área ainda muito masculina é sempre bom",Area
d90a7533-8a3c-4a1e-9221-2185fdeaec90,inspirador ouvir todas as histórias dessas mulheres maravilhosas,Mulheres
d90a7533-8a3c-4a1e-9221-2185fdeaec90,inspirador ouvir todas as histórias dessas mulheres maravilhosas,Artigos
b11326b5-9d5e-4d41-9e8a-fe4a2bd9bbb4,"evento inspirador, sensação incrível ver tantas mulheres maravilhosas",Mulheres
b11326b5-9d5e-4d41-9e8a-fe4a2bd9bbb4,"evento inspirador, sensação incrível ver tantas mulheres maravilhosas",Organizacao
170840c4-5893-454a-8433-5854baffd2cc,ansiosa pelo fórum meninas digitais,Mulheres
170840c4-5893-454a-8433-5854baffd2cc,ansiosa pelo fórum meninas digitais,Forum
9365cf2e-64e9-49a0-bd3a-0d347b215820,o que ti motivo a seguir a carreira bastante domininada pelo o público masculino,Fato
9365cf2e-64e9-49a0-bd3a-0d347b215820,o que ti motivo a seguir a carreira bastante domininada pelo o público masculino,Carreira
9365cf2e-64e9-49a0-bd3a-0d347b215820,o que ti motivo a seguir a carreira bastante domininada pelo o público masculino,Publico
9365cf2e-64e9-49a0-bd3a-0d347b215820,o que ti motivo a seguir a carreira bastante domininada pelo o público masculino,Sessoes
9365cf2e-64e9-49a0-bd3a-0d347b215820,palestra está incrível ❤️❤️,Palestra
e895817d-40ea-4597-a1bb-4bc2cf6cbe8d,é inspirador ver mulheres ocupando cargos tão importantes dentro da tecnologia 🥰✨,Mulheres
e895817d-40ea-4597-a1bb-4bc2cf6cbe8d,é inspirador ver mulheres ocupando cargos tão importantes dentro da tecnologia 🥰✨,Cargos
e895817d-40ea-4597-a1bb-4bc2cf6cbe8d,é inspirador ver mulheres ocupando cargos tão importantes dentro da tecnologia 🥰✨,Tecnologia
68e4ebcd-71fa-44a0-bd6b-1baa21fbb915,"abertura linda, evento maravilhoso",Abertura
936c9115-1651-46b3-8773-bdd88526fc2f,"amei a abertura, gamificaçao é tudo",Abertura
e9b594f7-6309-4190-9032-4dde803e2d6a,a palestra da professora michelle wangham está maravilhosa,Palestra
e9b594f7-6309-4190-9032-4dde803e2d6a,a palestra da professora michelle wangham está maravilhosa,Organizacao
e9b594f7-6309-4190-9032-4dde803e2d6a,a palestra da professora michelle wangham está maravilhosa,Professora
e9b594f7-6309-4190-9032-4dde803e2d6a,estou começando a ter interesse,Ideia
e9b594f7-6309-4190-9032-4dde803e2d6a,olhar com mais carinho para a área de cibersegurança🩷,Saudades
e9b594f7-6309-4190-9032-4dde803e2d6a,olhar com mais carinho para a área de cibersegurança🩷,Ciberseguranca🩷
e9b594f7-6309-4190-9032-4dde803e2d6a,olhar com mais carinho para a área de cibersegurança🩷,Area
2c016692-1092-46cc-876c-ed6be5556315,palestra da michele tá massa,Palestra
2c016692-1092-46cc-876c-ed6be5556315,palestra da michele tá massa,Organizacao
8e1a9311-52fe-4567-8c58-70f0e2281925,ameiiii esse livro,Artigos
53e90d93-f0bd-4877-9279-97a086ab6bc5,abertura muito linda,Abertura
53e90d93-f0bd-4877-9279-97a086ab6bc5,sempre bom ver mulheres dominando espaços na educação,Mulheres
53e90d93-f0bd-4877-9279-97a086ab6bc5,sempre bom ver mulheres dominando espaços na educação,Aprendizado
53e90d93-f0bd-4877-9279-97a086ab6bc5,sempre bom ver mulheres dominando espaços na educação,Organizacao
53e90d93-f0bd-4877-9279-97a086ab6bc5,tecnologia 💞,Tecnologia
3406c3d7-f8f1-4db4-9d3f-06b9d53fa541,uma experiência incrível 👏👏👏,Experiencia
262af184-23c3-4cb4-8231-04a142217d69,importância de aprender a conciliar as tarefas do trabalho com a maternidade,Maternidade
262af184-23c3-4cb4-8231-04a142217d69,importância de aprender a conciliar as tarefas do trabalho com a maternidade,Organizacao
262af184-23c3-4cb4-8231-04a142217d69,importância de aprender a conciliar as tarefas do trabalho com a maternidade,Trabalhos
262af184-23c3-4cb4-8231-04a142217d69,ambos de fato valem a pena,Fato
262af184-23c3-4cb4-8231-04a142217d69,ambos de fato valem a pena,Pena
a57c1135-2ebb-4824-9625-c0bce163dddf,a gamificação esse ano está incrível,Gamificacao
da7abf85-cae5-4a1a-83ef-e23b350da886,iniciei agora dentro do evento,Organizacao
f37ffdc2-3f64-4b56-a935-4ddecee92321,muito ver jornadas,Trajetoria
f37ffdc2-3f64-4b56-a935-4ddecee92321,desafios das mulheres no meio acadêmico,Mulheres
f37ffdc2-3f64-4b56-a935-4ddecee92321,desafios das mulheres no meio acadêmico,Desafios
f37ffdc2-3f64-4b56-a935-4ddecee92321,desafios das mulheres no meio acadêmico,Organizacao
f37ffdc2-3f64-4b56-a935-4ddecee92321,exemplos de superação,Exemplo
f37ffdc2-3f64-4b56-a935-4ddecee92321,exemplos de superação,Superacao
f37ffdc2-3f64-4b56-a935-4ddecee92321,persistência,Continuidade
67959b7b-0a25-4354-a35e-f5974a549323,é incrível estar rodeada de mulheres inspiradoras 🤩,Mulheres
67959b7b-0a25-4354-a35e-f5974a549323,é incrível estar rodeada de mulheres inspiradoras 🤩,Rodeada
4b19c21f-0936-4c69-ae25-18f84c9119a3,"é incrível conhecer a história de tantas mulheres na area, é inspirador",Mulheres
4b19c21f-0936-4c69-ae25-18f84c9119a3,"é incrível conhecer a história de tantas mulheres na area, é inspirador",Artigos
4b19c21f-0936-4c69-ae25-18f84c9119a3,"é incrível conhecer a história de tantas mulheres na area, é inspirador",Area
00da94da-eaf9-4790-a6fe-fe7b33931c70,"é tão importante esse compartilhamento da michelle, mostrando que não é fácil construir uma carreira de sucesso,",Organizacao
00da94da-eaf9-4790-a6fe-fe7b33931c70,"é tão importante esse compartilhamento da michelle, mostrando que não é fácil construir uma carreira de sucesso,",Carreira
00da94da-eaf9-4790-a6fe-fe7b33931c70,"é tão importante esse compartilhamento da michelle, mostrando que não é fácil construir uma carreira de sucesso,",Compartilhamento
00da94da-eaf9-4790-a6fe-fe7b33931c70,uma realidade próxima de nós,Fato
5ca22f49-b601-4a36-81af-dba71e05cf97,michelle você é uma inspiração,Inspiracao
5ca22f49-b601-4a36-81af-dba71e05cf97,michelle você é uma inspiração,Organizacao
ae4d3fbb-069f-4906-895d-6ff10de1bdb9,"a palestra da michelle wangham foi muito boa, a oratória dela prende a atenção",Palestra
ae4d3fbb-069f-4906-895d-6ff10de1bdb9,"a palestra da michelle wangham foi muito boa, a oratória dela prende a atenção",Organizacao
ae4d3fbb-069f-4906-895d-6ff10de1bdb9,"a palestra da michelle wangham foi muito boa, a oratória dela prende a atenção",Oratoria
ae4d3fbb-069f-4906-895d-6ff10de1bdb9,sua experiência de vida conseguiu me inspirar a crescer muito mais,Experiencia
ae4d3fbb-069f-4906-895d-6ff10de1bdb9,sua experiência de vida conseguiu me inspirar a crescer muito mais,Vida
adec314d-1120-4e55-985a-8bdbbf48be55,"a trajetória de michelle é, de fato, inspiradora",Fato
adec314d-1120-4e55-985a-8bdbbf48be55,"a trajetória de michelle é, de fato, inspiradora",Trajetoria
adec314d-1120-4e55-985a-8bdbbf48be55,"a trajetória de michelle é, de fato, inspiradora",Organizacao
6e668e80-7eda-405e-814d-d4b1dd4538c3,uma palestra realmente muito inspiradora,Palestra
d045f926-cf41-4757-ae96-89594f6e4870,conheça o mermãs digitais 💜 @mermasdigitais,Organizacao
934ac1e9-8a9e-4865-977f-b22e4bbce84e,excelente palestra,Palestra
934ac1e9-8a9e-4865-977f-b22e4bbce84e,muito interessante entender a vida da professora,Vida
934ac1e9-8a9e-4865-977f-b22e4bbce84e,muito interessante entender a vida da professora,Professora
934ac1e9-8a9e-4865-977f-b22e4bbce84e,como toda a sua carreira foi construída,Carreira
b787555f-cd18-4a0b-9e20-493282185ddd,relatos de experiência por mulheres são sempre mais tocantes,Experiencia
b787555f-cd18-4a0b-9e20-493282185ddd,relatos de experiência por mulheres são sempre mais tocantes,Organizacao
b787555f-cd18-4a0b-9e20-493282185ddd,relatos de experiência por mulheres são sempre mais tocantes,Mulheres
b787555f-cd18-4a0b-9e20-493282185ddd,relatos de experiência por mulheres são sempre mais tocantes,Artigos
560003d3-5b59-481c-85d2-838ef984b466,muito importante para incentivar as mulheres na área da tecnologia,Mulheres
560003d3-5b59-481c-85d2-838ef984b466,muito importante para incentivar as mulheres na área da tecnologia,Tecnologia
560003d3-5b59-481c-85d2-838ef984b466,muito importante para incentivar as mulheres na área da tecnologia,Area
e6d477bf-b603-42a7-985e-ac84356103b9,que grande mulher a michelle é,Mulheres
e6d477bf-b603-42a7-985e-ac84356103b9,que grande mulher a michelle é,Organizacao
e6d477bf-b603-42a7-985e-ac84356103b9,me sinto inspirada em ver como outras mulheres tiveram/têm o mesmo sentimento que eu,Mulheres
e6d477bf-b603-42a7-985e-ac84356103b9,me sinto inspirada em ver como outras mulheres tiveram/têm o mesmo sentimento que eu,Pena
c01cfc13-c80c-4c86-872a-da81361b3339,amei a palestra de abertura,Abertura
c01cfc13-c80c-4c86-872a-da81361b3339,amei a palestra de abertura,Palestra
c01cfc13-c80c-4c86-872a-da81361b3339,muito inspirador ver de perto a história da doutora,Doutora
c01cfc13-c80c-4c86-872a-da81361b3339,muito inspirador ver de perto a história da doutora,Artigos
c55ff755-bd00-4af8-b6ed-ed43007446b3,muito bacana as pulseirinhas de cada região do brasil,Regiao
c55ff755-bd00-4af8-b6ed-ed43007446b3,muito bacana as pulseirinhas de cada região do brasil,Brasil
c55ff755-bd00-4af8-b6ed-ed43007446b3,muito bacana as pulseirinhas de cada região do brasil,Organizacao
3ad87374-5d6b-41e4-a901-00435a3f8c6e,a palestra apresentada realmente foi inspiradora,Palestra
3ad87374-5d6b-41e4-a901-00435a3f8c6e,de um valor surpreendente,Equidade
6e668e80-7eda-405e-814d-d4b1dd4538c3,muito legal conhecer uma mulher tão forte,Mulheres
560003d3-5b59-481c-85d2-838ef984b466,inspiração para que outros sigam no propósito,Inspiracao
560003d3-5b59-481c-85d2-838ef984b466,inspiração para que outros sigam no propósito,Organizacao
3ecdcc60-1292-4833-9c99-08066e0a6e86,palestra de abertura foi muito inspiradora,Abertura
3ecdcc60-1292-4833-9c99-08066e0a6e86,palestra de abertura foi muito inspiradora,Palestra
342d6dfe-f757-4730-97bc-246b444e6474,queria falar sobre a inspiração que é michelle wangham,Inspiracao
342d6dfe-f757-4730-97bc-246b444e6474,queria falar sobre a inspiração que é michelle wangham,Organizacao
342d6dfe-f757-4730-97bc-246b444e6474,"o quanto foi lindo de conhecer sua história pessoal, acadêmica",Artigos
342d6dfe-f757-4730-97bc-246b444e6474,uma lição de como nós mulheres podemos seguir nossos sonhos,Mulheres
342d6dfe-f757-4730-97bc-246b444e6474,uma lição de como nós mulheres podemos seguir nossos sonhos,Sonhos
342d6dfe-f757-4730-97bc-246b444e6474,uma lição de como nós mulheres podemos seguir nossos sonhos,Organizacao
4b19c21f-0936-4c69-ae25-18f84c9119a3,é bom ter uma história tao linda pra se espelhar que nem a da michele,Organizacao
4b19c21f-0936-4c69-ae25-18f84c9119a3,é bom ter uma história tao linda pra se espelhar que nem a da michele,Artigos
f6bf24cf-734d-4f0e-a735-4a08d53c2b85,história de vida inspiradora,Vida
f6bf24cf-734d-4f0e-a735-4a08d53c2b85,história de vida inspiradora,Artigos
c55ff755-bd00-4af8-b6ed-ed43007446b3,muito querida a mirella entregando marca-páginas pra gente,Marca-paginas
c55ff755-bd00-4af8-b6ed-ed43007446b3,muito querida a mirella entregando marca-páginas pra gente,Organizacao
050da8f6-fd58-42b6-8066-82fb42c0fa4b,as recepcionistas que estão tomando conta das inscrições são muito tranquilas,Organizacao
050da8f6-fd58-42b6-8066-82fb42c0fa4b,as recepcionistas que estão tomando conta das inscrições são muito tranquilas,Inscricoes
050da8f6-fd58-42b6-8066-82fb42c0fa4b,as recepcionistas que estão tomando conta das inscrições são muito tranquilas,Recepcao
3ad87374-5d6b-41e4-a901-00435a3f8c6e,obrigada a michelle por ter aceito esse convite,Convite
3ad87374-5d6b-41e4-a901-00435a3f8c6e,obrigada a michelle por ter aceito esse convite,Organizacao
3ad87374-5d6b-41e4-a901-00435a3f8c6e,a história dela foi linda de escutar,Artigos
3ad87374-5d6b-41e4-a901-00435a3f8c6e,poder ouvir sobre seu percurso,Organizacao
3ad87374-5d6b-41e4-a901-00435a3f8c6e,sua trajetória para chegar até aqui foi muito bom,Trajetoria
a24b5393-ee39-4272-8f84-7f95fa794341,michelle inspirando mulheres,Mulheres
a24b5393-ee39-4272-8f84-7f95fa794341,michelle inspirando mulheres,Organizacao
050da8f6-fd58-42b6-8066-82fb42c0fa4b,"tem grande atração a qualquer um que passe, chamando a atenção",Organizacao
050da8f6-fd58-42b6-8066-82fb42c0fa4b,"tem grande atração a qualquer um que passe, chamando a atenção",Atracao
b11326b5-9d5e-4d41-9e8a-fe4a2bd9bbb4,conhecer a história,Artigos
b11326b5-9d5e-4d41-9e8a-fe4a2bd9bbb4,trajetória das mulheres importantes é essencial para o crescimento individual,Mulheres
b11326b5-9d5e-4d41-9e8a-fe4a2bd9bbb4,trajetória das mulheres importantes é essencial para o crescimento individual,Trajetoria
b11326b5-9d5e-4d41-9e8a-fe4a2bd9bbb4,trajetória das mulheres importantes é essencial para o crescimento individual,Crescimento
575e397c-e7d3-4587-9a09-46e3df1ccdf4,"história de vida inspiradora da michelle, muitas vezes a família pesa nas nossas decisões",Organizacao
575e397c-e7d3-4587-9a09-46e3df1ccdf4,"história de vida inspiradora da michelle, muitas vezes a família pesa nas nossas decisões",Artigos
575e397c-e7d3-4587-9a09-46e3df1ccdf4,"história de vida inspiradora da michelle, muitas vezes a família pesa nas nossas decisões",Escolha
575e397c-e7d3-4587-9a09-46e3df1ccdf4,"história de vida inspiradora da michelle, muitas vezes a família pesa nas nossas decisões",Vida
575e397c-e7d3-4587-9a09-46e3df1ccdf4,"história de vida inspiradora da michelle, muitas vezes a família pesa nas nossas decisões",Familia
3e429152-f456-498f-9abb-459b5388f42d,palestra incrível sobre a trajetória de uma mulher em cargo de liderança,Lideranca
3e429152-f456-498f-9abb-459b5388f42d,palestra incrível sobre a trajetória de uma mulher em cargo de liderança,Mulheres
3e429152-f456-498f-9abb-459b5388f42d,palestra incrível sobre a trajetória de uma mulher em cargo de liderança,Trajetoria
3e429152-f456-498f-9abb-459b5388f42d,palestra incrível sobre a trajetória de uma mulher em cargo de liderança,Palestra
3e429152-f456-498f-9abb-459b5388f42d,palestra incrível sobre a trajetória de uma mulher em cargo de liderança,Bagagem
342d6dfe-f757-4730-97bc-246b444e6474,uma oportunidade incrível de participar da edição wit de 2025 ⭐️,Engie
342d6dfe-f757-4730-97bc-246b444e6474,uma oportunidade incrível de participar da edição wit de 2025 ⭐️,Oportunidade
3e429152-f456-498f-9abb-459b5388f42d,muito feliz em prestigiar as palestrantes,Palestrantes
3e429152-f456-498f-9abb-459b5388f42d,pessoas autoras,Organizacao
18539e11-61c0-49b8-9bc8-f628af7e8159,muito bom ouvir a experiência de vida da michelle,Experiencia
18539e11-61c0-49b8-9bc8-f628af7e8159,muito bom ouvir a experiência de vida da michelle,Vida
18539e11-61c0-49b8-9bc8-f628af7e8159,muito bom ouvir a experiência de vida da michelle,Organizacao
a6584b5b-822e-4c85-be5b-e91db87dc16e,palestra de michelle wangham é uma inspiração para todas as mulheres,Mulheres
a6584b5b-822e-4c85-be5b-e91db87dc16e,palestra de michelle wangham é uma inspiração para todas as mulheres,Inspiracao
a6584b5b-822e-4c85-be5b-e91db87dc16e,palestra de michelle wangham é uma inspiração para todas as mulheres,Palestra
a6584b5b-822e-4c85-be5b-e91db87dc16e,palestra de michelle wangham é uma inspiração para todas as mulheres,Organizacao
192b32a5-e58c-4098-9904-78bda4615134,ótima palestra,Palestra
a31c1cb8-e9bd-4faa-854e-3b114bbb62ed,palestra maravilhosa,Palestra
192b32a5-e58c-4098-9904-78bda4615134,não vejo a hora da próxima,Momento
0708d7a9-ed61-4c3c-9a29-dd8d999363e3,belíssima fala da michele,Organizacao
a31c1cb8-e9bd-4faa-854e-3b114bbb62ed,não vejo a hora de escutar o fórum das meninas digitais,Mulheres
a31c1cb8-e9bd-4faa-854e-3b114bbb62ed,não vejo a hora de escutar o fórum das meninas digitais,Momento
a31c1cb8-e9bd-4faa-854e-3b114bbb62ed,não vejo a hora de escutar o fórum das meninas digitais,Forum
3ecdcc60-1292-4833-9c99-08066e0a6e86,cunhantã digital em maceió,Mulheres
3ecdcc60-1292-4833-9c99-08066e0a6e86,cunhantã digital em maceió,Organizacao
d02b6ff0-dcbf-4984-a11b-da3709dfc569,"ações importantíssimas, parabéns",Acoes
d02b6ff0-dcbf-4984-a11b-da3709dfc569,já quero meus selos,Organizacao
d32d63c1-02f8-4d06-9fdb-6dfed1c37967,a palestra da michelle wangham é inspiradora,Palestra
d32d63c1-02f8-4d06-9fdb-6dfed1c37967,a palestra da michelle wangham é inspiradora,Organizacao
d32d63c1-02f8-4d06-9fdb-6dfed1c37967,conhecer histórias,Artigos
d32d63c1-02f8-4d06-9fdb-6dfed1c37967,saber toda a dedicação de mulheres incríveis hoje em dia me inspira a continuar,Mulheres
d32d63c1-02f8-4d06-9fdb-6dfed1c37967,saber toda a dedicação de mulheres incríveis hoje em dia me inspira a continuar,Inspiracao
d32d63c1-02f8-4d06-9fdb-6dfed1c37967,saber toda a dedicação de mulheres incríveis hoje em dia me inspira a continuar,Organizacao
d32d63c1-02f8-4d06-9fdb-6dfed1c37967,querer ir crescendo cada vez mais igual elas,Organizacao
f2d72cbf-07dd-4592-9ed1-c74275748cb7,"ótima recepção, as meninas são muito educadas",Mulheres
f2d72cbf-07dd-4592-9ed1-c74275748cb7,"ótima recepção, as meninas são muito educadas",Recepcao
f2d72cbf-07dd-4592-9ed1-c74275748cb7,gentis,Organizacao
2d008ba4-8834-40ce-9c01-468181373d96,muito boa a palestra da prof michele,Carreira
2d008ba4-8834-40ce-9c01-468181373d96,muito boa a palestra da prof michele,Palestra
2d008ba4-8834-40ce-9c01-468181373d96,"incentiva bastante, aquece o coração ♥️",Organizacao
1e2c4536-db1c-40f6-a514-717da937138d,"a organização do evento está incrível, as moças da recepção são calorosas",Energia
1e2c4536-db1c-40f6-a514-717da937138d,"a organização do evento está incrível, as moças da recepção são calorosas",Organizacao
1e2c4536-db1c-40f6-a514-717da937138d,"a organização do evento está incrível, as moças da recepção são calorosas",Recepcao
92884dd4-6d85-4439-b8ed-855f735d689a,projeto codequeens,Projetos
92884dd4-6d85-4439-b8ed-855f735d689a,projeto codequeens,Codequeens
f2d72cbf-07dd-4592-9ed1-c74275748cb7,ótima oportunidade para se conectar com outras meninas,Mulheres
f2d72cbf-07dd-4592-9ed1-c74275748cb7,ótima oportunidade para se conectar com outras meninas,Oportunidade
f2d72cbf-07dd-4592-9ed1-c74275748cb7,conhecer projetos de todo o brasil,Brasil
1130f3f4-1e33-482d-a327-745c63f1516b,animada para as próximas palestras,Palestra
5bb974d7-0d42-4ba7-b115-6f2821843ecc,excelente palestra,Palestra
5bb974d7-0d42-4ba7-b115-6f2821843ecc,"parabéns, michelle",Organizacao
1e2c4536-db1c-40f6-a514-717da937138d,"amo o fato de termos um evento só nosso, só das mulheres",Fato
1e2c4536-db1c-40f6-a514-717da937138d,"amo o fato de termos um evento só nosso, só das mulheres",Mulheres
1e2c4536-db1c-40f6-a514-717da937138d,"amo o fato de termos um evento só nosso, só das mulheres",Organizacao
1e2c4536-db1c-40f6-a514-717da937138d,"não somos maioria,",Porcentagens
97bb898c-af32-4429-b56c-5914309a8775,bom demais ver os resultados do meninas digitais,Mulheres
97bb898c-af32-4429-b56c-5914309a8775,bom demais ver os resultados do meninas digitais,Resultados
97bb898c-af32-4429-b56c-5914309a8775,o impacto no país todinhos 💖,Impactos
97bb898c-af32-4429-b56c-5914309a8775,o impacto no país todinhos 💖,Sessoes
b787555f-cd18-4a0b-9e20-493282185ddd,os projetos acadêmicos deveriam ser mais valorizados no nosso país,Projetos
b787555f-cd18-4a0b-9e20-493282185ddd,os projetos acadêmicos deveriam ser mais valorizados no nosso país,Sessoes
cf343695-2367-4236-b0ab-3c72d8222639,achei muito interessante acompanhar a experiência de sucesso de uma mulher na computação,Experiencia
cf343695-2367-4236-b0ab-3c72d8222639,achei muito interessante acompanhar a experiência de sucesso de uma mulher na computação,Computacao
cf343695-2367-4236-b0ab-3c72d8222639,achei muito interessante acompanhar a experiência de sucesso de uma mulher na computação,Mulheres
cf343695-2367-4236-b0ab-3c72d8222639,palestra muito motivadora,Inspiracao
cf343695-2367-4236-b0ab-3c72d8222639,motivadora,Inspiracao
65ac7c8a-1f08-47ab-bf2a-1f556fe3852c,muito importante este trabalho de incentivar a presença de mulheres na computação,Mulheres
65ac7c8a-1f08-47ab-bf2a-1f556fe3852c,muito importante este trabalho de incentivar a presença de mulheres na computação,Computacao
65ac7c8a-1f08-47ab-bf2a-1f556fe3852c,muito importante este trabalho de incentivar a presença de mulheres na computação,Organizacao
65ac7c8a-1f08-47ab-bf2a-1f556fe3852c,muito importante este trabalho de incentivar a presença de mulheres na computação,Trabalhos
e4d0c31c-1009-4bce-8c78-8d6c2d7dce89,"gosto muito da ideia dos desafios, estimula a presença",Ideia
e4d0c31c-1009-4bce-8c78-8d6c2d7dce89,"gosto muito da ideia dos desafios, estimula a presença",Desafios
e4d0c31c-1009-4bce-8c78-8d6c2d7dce89,"gosto muito da ideia dos desafios, estimula a presença",Organizacao
e4d0c31c-1009-4bce-8c78-8d6c2d7dce89,participação mo evento,Inclusao
65ac7c8a-1f08-47ab-bf2a-1f556fe3852c,parabéns a todas envolvidas,Organizacao
79625db1-c0bb-49d6-aa29-76fd1dc284e8,"sempre gostei muito da área de inovação, achei legal a parte de ter no csbc essa inovação",Inovacoes
79625db1-c0bb-49d6-aa29-76fd1dc284e8,"sempre gostei muito da área de inovação, achei legal a parte de ter no csbc essa inovação",Organizacao
79625db1-c0bb-49d6-aa29-76fd1dc284e8,"sempre gostei muito da área de inovação, achei legal a parte de ter no csbc essa inovação",Area
79625db1-c0bb-49d6-aa29-76fd1dc284e8,muito bom para as meninas conhecerem esses movimentos,Mulheres
79625db1-c0bb-49d6-aa29-76fd1dc284e8,muito bom para as meninas conhecerem esses movimentos,Movimentos
2588a076-a47e-443c-a9f3-22057a7980f9,palestras extremamente necessárias,Palestra
2588a076-a47e-443c-a9f3-22057a7980f9,"inspiradoras, especialmente para mulheres que, até pouco tempo, nao tinham espaço",Mulheres
2588a076-a47e-443c-a9f3-22057a7980f9,"inspiradoras, especialmente para mulheres que, até pouco tempo, nao tinham espaço",Momento
2588a076-a47e-443c-a9f3-22057a7980f9,"inspiradoras, especialmente para mulheres que, até pouco tempo, nao tinham espaço",Inspiracao
2588a076-a47e-443c-a9f3-22057a7980f9,"inspiradoras, especialmente para mulheres que, até pouco tempo, nao tinham espaço",Organizacao
c04b5ba6-0939-443f-93db-54b15820e804,muito inspirador conhecer a trajetória de outras mulheres na pesquisa 💖💖,Mulheres
c04b5ba6-0939-443f-93db-54b15820e804,muito inspirador conhecer a trajetória de outras mulheres na pesquisa 💖💖,Trajetoria
c04b5ba6-0939-443f-93db-54b15820e804,muito inspirador conhecer a trajetória de outras mulheres na pesquisa 💖💖,Pesquisa
266dfd00-4b9e-447c-910d-0deebdb32501,tantos relatos lindos sendo compartilhados,Artigos
266dfd00-4b9e-447c-910d-0deebdb32501,momento inspirador,Momento
2588a076-a47e-443c-a9f3-22057a7980f9,palestras interativas,Palestra
2588a076-a47e-443c-a9f3-22057a7980f9,as palestrantes estão sempre preparadas para responder as perguntas,Pergunta
2588a076-a47e-443c-a9f3-22057a7980f9,as palestrantes estão sempre preparadas para responder as perguntas,Palestrantes
2588a076-a47e-443c-a9f3-22057a7980f9,dúvidas,Organizacao
266dfd00-4b9e-447c-910d-0deebdb32501,diversificar a área da tecnologia,Tecnologia
266dfd00-4b9e-447c-910d-0deebdb32501,diversificar a área da tecnologia,Area
fcf388a5-374c-4162-9e8a-44339d70be4a,"foi uma linda abertura do wit, espero que o projeto possa de expandir cada vez mais",Abertura
fcf388a5-374c-4162-9e8a-44339d70be4a,"foi uma linda abertura do wit, espero que o projeto possa de expandir cada vez mais",Projetos
fcf388a5-374c-4162-9e8a-44339d70be4a,"foi uma linda abertura do wit, espero que o projeto possa de expandir cada vez mais",Organizacao
5671ae6e-ba88-4fbb-b2dd-5c0c4e65ce60,vai oi meninas,Mulheres
5671ae6e-ba88-4fbb-b2dd-5c0c4e65ce60,oi meninas sz tecnologia,Mulheres
5671ae6e-ba88-4fbb-b2dd-5c0c4e65ce60,oi meninas sz tecnologia,Tecnologia
e6d477bf-b603-42a7-985e-ac84356103b9,pude participar de uma oficina da meninas digitais durante a snct 2022 no ifs em lagarto,Organizacao
e6d477bf-b603-42a7-985e-ac84356103b9,pude participar de uma oficina da meninas digitais durante a snct 2022 no ifs em lagarto,Mulheres
e6d477bf-b603-42a7-985e-ac84356103b9,pude participar de uma oficina da meninas digitais durante a snct 2022 no ifs em lagarto,Lagarto
e6d477bf-b603-42a7-985e-ac84356103b9,pude participar de uma oficina da meninas digitais durante a snct 2022 no ifs em lagarto,Ifs
e6d477bf-b603-42a7-985e-ac84356103b9,pude participar de uma oficina da meninas digitais durante a snct 2022 no ifs em lagarto,Oficina
e6d477bf-b603-42a7-985e-ac84356103b9,esse projeto é incrível,Projetos
e6d477bf-b603-42a7-985e-ac84356103b9,extremamente importante para comunidade feminina na computação,Computacao
e6d477bf-b603-42a7-985e-ac84356103b9,extremamente importante para comunidade feminina na computação,Comunidade
10807ceb-11e8-4f81-84d2-84b264bbd0c2,"adorei a palestra da michelle wangham, muito inspiradora",Palestra
10807ceb-11e8-4f81-84d2-84b264bbd0c2,"adorei a palestra da michelle wangham, muito inspiradora",Organizacao
10807ceb-11e8-4f81-84d2-84b264bbd0c2,deixou uma bonita mensagem de não desistir dos sonhos,Mensagem
10807ceb-11e8-4f81-84d2-84b264bbd0c2,deixou uma bonita mensagem de não desistir dos sonhos,Sonhos
9f773bc4-a96d-41fd-a812-4cd40ae76ce4,#witcsbc2025,Witcsbc2025
10807ceb-11e8-4f81-84d2-84b264bbd0c2,gostei quando exibiram os impactos do projeto em números,Numeros
10807ceb-11e8-4f81-84d2-84b264bbd0c2,gostei quando exibiram os impactos do projeto em números,Impactos
10807ceb-11e8-4f81-84d2-84b264bbd0c2,gostei quando exibiram os impactos do projeto em números,Projetos
10807ceb-11e8-4f81-84d2-84b264bbd0c2,me despertou uma vontade de contribuir para aumentar essas porcentagens,Organizacao
10807ceb-11e8-4f81-84d2-84b264bbd0c2,me despertou uma vontade de contribuir para aumentar essas porcentagens,Porcentagens
9f773bc4-a96d-41fd-a812-4cd40ae76ce4,por menos vies na computação,Computacao
9f773bc4-a96d-41fd-a812-4cd40ae76ce4,por menos vies na computação,Organizacao
9f773bc4-a96d-41fd-a812-4cd40ae76ce4,por mais mulheres,Mulheres
9f773bc4-a96d-41fd-a812-4cd40ae76ce4,#csbcwit2025,Csbcwit2025
91a02681-4ee5-4892-ba90-686d7ff2b6ef,"amei os momentos, muito significativos",Momento
91a02681-4ee5-4892-ba90-686d7ff2b6ef,acolhedores,Apoio
91a02681-4ee5-4892-ba90-686d7ff2b6ef,muito lindo os momentos,Momento
c8b3d0a8-ff03-4d7f-bd59-b03a93f36656,momento muito importante,Momento
c08bca4e-d84f-4567-b938-d29470fd6d02,"amando o evento, a estrutura, a animação ansiosa para acompanhar toda a programação",Programacao
c08bca4e-d84f-4567-b938-d29470fd6d02,"amando o evento, a estrutura, a animação ansiosa para acompanhar toda a programação",Animacao
c08bca4e-d84f-4567-b938-d29470fd6d02,"amando o evento, a estrutura, a animação ansiosa para acompanhar toda a programação",Estrutura
39c3a3e9-ded4-4f91-a9f8-b00e2c644d07,oi meninas presente 💋,Mulheres
a4d6da2d-6f2f-4b75-bfff-31310d0bbff0,legal de verdade 👌,Fato
c08bca4e-d84f-4567-b938-d29470fd6d02,"meu primeiro csbc, amando esse ambiente acadêmico, essa comunidade, tudo perfeito",Comunidade
c08bca4e-d84f-4567-b938-d29470fd6d02,"meu primeiro csbc, amando esse ambiente acadêmico, essa comunidade, tudo perfeito",Ambiente
7b902c9d-46c3-49f2-b438-1db305423d2a,a palestra do produtor do manual do mundon foi mundo enriquecedora,Produtor
7b902c9d-46c3-49f2-b438-1db305423d2a,a palestra do produtor do manual do mundon foi mundo enriquecedora,Manual
7b902c9d-46c3-49f2-b438-1db305423d2a,a palestra do produtor do manual do mundon foi mundo enriquecedora,Palestra
7b902c9d-46c3-49f2-b438-1db305423d2a,a palestra do produtor do manual do mundon foi mundo enriquecedora,Organizacao
7b902c9d-46c3-49f2-b438-1db305423d2a,a gamificação foi bem legal,Gamificacao
eb7a2e85-37f5-4355-b66a-b99d1a9ac033,ótima palestra,Palestra
eb7a2e85-37f5-4355-b66a-b99d1a9ac033,"representando o oi, meninas",Mulheres
f429f390-79a1-4e84-9a93-87a43048d3d7,uma oportunidade de conhecer novos projetos,Projetos
f429f390-79a1-4e84-9a93-87a43048d3d7,uma oportunidade de conhecer novos projetos,Oportunidade
f429f390-79a1-4e84-9a93-87a43048d3d7,aprendizagem,Aprendizado
cf03f7b1-8338-40a2-84f4-91ec5f988764,momento incrível,Momento
cf03f7b1-8338-40a2-84f4-91ec5f988764,"representando o oi, meninas",Mulheres
251569e1-42c3-4c32-b8db-d8b8b9741d5b,adorando o fmd,Dms
eb7a2e85-37f5-4355-b66a-b99d1a9ac033,meu primeiro wit+fmd,Wit+fmd
cf03f7b1-8338-40a2-84f4-91ec5f988764,ótima palestra,Palestra
75049fc4-0a03-4d80-9d70-6471c2c5a110,amei a abertura,Abertura
66244247-28d9-4511-acc3-1eb53db22887,amo wit,Organizacao
66244247-28d9-4511-acc3-1eb53db22887,katie presente,Mulheres
75049fc4-0a03-4d80-9d70-6471c2c5a110,o momento de reunião dos projetos parceiros está sendo incrível,Momento
75049fc4-0a03-4d80-9d70-6471c2c5a110,o momento de reunião dos projetos parceiros está sendo incrível,Projetos
75049fc4-0a03-4d80-9d70-6471c2c5a110,o momento de reunião dos projetos parceiros está sendo incrível,Encontro
9e1aa993-64b6-4d6b-99d1-897ce3415327,excelentes falas,Compreensao
9e1aa993-64b6-4d6b-99d1-897ce3415327,projetos incríveis🥰,Projetos
66244247-28d9-4511-acc3-1eb53db22887,ansiosa pra ver a camisaa,Camisa
9e1aa993-64b6-4d6b-99d1-897ce3415327,já quero mais vezes💖💖,Organizacao
fd51eca2-7207-474a-8495-5c0e5f20aea5,parabéns aos projetos,Projetos
b1c72158-d2a6-4239-87be-166fbeffc509,evento importante demaisss,Organizacao
f9ff0b83-ae39-447d-b0f0-4714731e87c0,parabéns pelas apresentaçõess💞,Palestra
806f7369-1da2-4baa-9c95-7d4962b7f33e,adorando a experiência,Experiencia
2dda6d0e-c0bf-4094-9dd0-82540de1cfaa,muito incrível ver todos esses projetos,Projetos
53e90d93-f0bd-4877-9279-97a086ab6bc5,experiência incrívellll,Experiencia
20280073-68fe-4304-9f54-d23b1663fe33,abre a cabeça para diversas possibilidades,Organizacao
20280073-68fe-4304-9f54-d23b1663fe33,abre a cabeça para diversas possibilidades,Possibilidades
20280073-68fe-4304-9f54-d23b1663fe33,metas,Organizacao
a4ceb2fb-9e75-4db1-ace5-c82f92a1376e,muita qualidade,Qualidade
76a1a1ae-7c41-4d19-a97f-a6eea914b48e,"importantíssima a experiência para nós, mulheres",Experiencia
76a1a1ae-7c41-4d19-a97f-a6eea914b48e,"importantíssima a experiência para nós, mulheres",Mulheres
c04b5ba6-0939-443f-93db-54b15820e804,muito legal a ideia do momento de integração,Momento
c04b5ba6-0939-443f-93db-54b15820e804,muito legal a ideia do momento de integração,Ideia
c04b5ba6-0939-443f-93db-54b15820e804,muito legal a ideia do momento de integração,Integracao
8b928f09-aedb-4ce1-a365-4d56a0839c50,"gostaria de deixar uma sugestão:
disponibilizar os qrcode em diferentes locais da sala para não tumultuar a estrada",Trajetoria
8b928f09-aedb-4ce1-a365-4d56a0839c50,"gostaria de deixar uma sugestão:
disponibilizar os qrcode em diferentes locais da sala para não tumultuar a estrada",Organizacao
8b928f09-aedb-4ce1-a365-4d56a0839c50,"gostaria de deixar uma sugestão:
disponibilizar os qrcode em diferentes locais da sala para não tumultuar a estrada",Qrcode
8b928f09-aedb-4ce1-a365-4d56a0839c50,"gostaria de deixar uma sugestão:
disponibilizar os qrcode em diferentes locais da sala para não tumultuar a estrada",Area
e56b565e-2680-4f05-bfb5-f672c691d632,amei o fórum meninas digitais,Mulheres
e56b565e-2680-4f05-bfb5-f672c691d632,amei o fórum meninas digitais,Forum
1c7000ea-e558-4ef4-93d8-2c018ec84123,ansiosa para o evento do sudeste 💜,Sudeste
e56b565e-2680-4f05-bfb5-f672c691d632,muito legal o momento de integração com os projetos parceiros,Momento
e56b565e-2680-4f05-bfb5-f672c691d632,muito legal o momento de integração com os projetos parceiros,Projetos
e56b565e-2680-4f05-bfb5-f672c691d632,muito legal o momento de integração com os projetos parceiros,Integracao
2b305129-cc14-4538-8075-78b26f65f34f,"adorei o evento da wit, ele trouxe muito espaço para integração entre os projetos parceiros",Projetos
2b305129-cc14-4538-8075-78b26f65f34f,"adorei o evento da wit, ele trouxe muito espaço para integração entre os projetos parceiros",Organizacao
2b305129-cc14-4538-8075-78b26f65f34f,"adorei o evento da wit, ele trouxe muito espaço para integração entre os projetos parceiros",Integracao
2b305129-cc14-4538-8075-78b26f65f34f,os participantes do painel,Participantes
2b305129-cc14-4538-8075-78b26f65f34f,os participantes do painel,Painel
454aed9e-698f-45b7-bd91-93f4a4e6aa1d,entendi tudo com clareza,Cuidado
631b69a6-0a28-4aac-93e4-ae024e5efc3b,o wit é um dos momentos que mais amo dentro do csbc,Momento
631b69a6-0a28-4aac-93e4-ae024e5efc3b,o wit é um dos momentos que mais amo dentro do csbc,Organizacao
20280073-68fe-4304-9f54-d23b1663fe33,foi muito bom conhecer um pouquinho mais dos projetos do sudeste,Projetos
20280073-68fe-4304-9f54-d23b1663fe33,foi muito bom conhecer um pouquinho mais dos projetos do sudeste,Pouquinho
20280073-68fe-4304-9f54-d23b1663fe33,foi muito bom conhecer um pouquinho mais dos projetos do sudeste,Sudeste
20280073-68fe-4304-9f54-d23b1663fe33,as meninas também,Mulheres
20280073-68fe-4304-9f54-d23b1663fe33,integrador,Integracao
2b305129-cc14-4538-8075-78b26f65f34f,"a dinâmica de integração foi muito bem pensada, ótima oportunidade de interagir com outros projetos da minha região",Projetos
2b305129-cc14-4538-8075-78b26f65f34f,"a dinâmica de integração foi muito bem pensada, ótima oportunidade de interagir com outros projetos da minha região",Integracao
2b305129-cc14-4538-8075-78b26f65f34f,"a dinâmica de integração foi muito bem pensada, ótima oportunidade de interagir com outros projetos da minha região",Dinamica
2b305129-cc14-4538-8075-78b26f65f34f,"a dinâmica de integração foi muito bem pensada, ótima oportunidade de interagir com outros projetos da minha região",Oportunidade
2b305129-cc14-4538-8075-78b26f65f34f,"a dinâmica de integração foi muito bem pensada, ótima oportunidade de interagir com outros projetos da minha região",Regiao
6d48edcf-e6d6-48d3-a2e0-e9296cb697f3,motivadora,Inspiracao
1c7000ea-e558-4ef4-93d8-2c018ec84123,amei a integração entre projetos 💕,Projetos
1c7000ea-e558-4ef4-93d8-2c018ec84123,amei a integração entre projetos 💕,Integracao
c01cfc13-c80c-4c86-872a-da81361b3339,muito legal conhecer os outros projetos da região,Regiao
c01cfc13-c80c-4c86-872a-da81361b3339,muito legal conhecer os outros projetos da região,Projetos
7ab458bd-970a-40e5-9525-ee10be806901,amei ❤️❤️❤️ a alegria de todas vocês,Animada
7ab458bd-970a-40e5-9525-ee10be806901,amei ❤️❤️❤️ a alegria de todas vocês,Palestrantes
7ab458bd-970a-40e5-9525-ee10be806901,é empolgante a energia,Energia
7ab458bd-970a-40e5-9525-ee10be806901,os trabalhos realizados,Trabalhos
ecf86f01-f235-4ce6-b218-43e9ae6ebb8f,palestra super inspiradora da michelle wangham,Palestra
ecf86f01-f235-4ce6-b218-43e9ae6ebb8f,palestra super inspiradora da michelle wangham,Organizacao
9517374b-5f4f-444c-92e3-177a0b866f14,"a palestra foi muito interessante, é maravilhoso ver mulheres fortes, dedicadas",Mulheres
9517374b-5f4f-444c-92e3-177a0b866f14,"a palestra foi muito interessante, é maravilhoso ver mulheres fortes, dedicadas",Palestra
9517374b-5f4f-444c-92e3-177a0b866f14,inteligentes - esse tipo de coisa nos inspira,Inspiracao
9517374b-5f4f-444c-92e3-177a0b866f14,inteligentes - esse tipo de coisa nos inspira,Organizacao
9517374b-5f4f-444c-92e3-177a0b866f14,"após a palestra me sinto inspirada a continuar na área de exatas,",Engie
9517374b-5f4f-444c-92e3-177a0b866f14,"após a palestra me sinto inspirada a continuar na área de exatas,",Palestra
9517374b-5f4f-444c-92e3-177a0b866f14,"após a palestra me sinto inspirada a continuar na área de exatas,",Area
9517374b-5f4f-444c-92e3-177a0b866f14,sinto que outras meninas também,Mulheres
ecf86f01-f235-4ce6-b218-43e9ae6ebb8f,ansiosa para a programação da tarde,Programacao
ecf86f01-f235-4ce6-b218-43e9ae6ebb8f,ansiosa para a programação da tarde,Momento
f429f390-79a1-4e84-9a93-87a43048d3d7,ter oportunidade de conhecer,Oportunidade
f429f390-79a1-4e84-9a93-87a43048d3d7,possibilidades de aprendizagem,Aprendizado
f429f390-79a1-4e84-9a93-87a43048d3d7,possibilidades de aprendizagem,Possibilidades
8b928f09-aedb-4ce1-a365-4d56a0839c50,a palestra foi muito inspiradora,Palestra
8b928f09-aedb-4ce1-a365-4d56a0839c50,animador ver a carreira de mulheres brilhantes,Mulheres
8b928f09-aedb-4ce1-a365-4d56a0839c50,animador ver a carreira de mulheres brilhantes,Carreira
8b928f09-aedb-4ce1-a365-4d56a0839c50,atuantes em tantas áreas,Organizacao
8b928f09-aedb-4ce1-a365-4d56a0839c50,atuantes em tantas áreas,Area
8b1e1d3e-9c74-43ce-bbc4-77d5689bf024,perfeitooo,Super
489050ba-f6ce-4f05-a8ce-d6bdee47371a,motivadoras,Inspiracao
489050ba-f6ce-4f05-a8ce-d6bdee47371a,o wit trás para nós ouvintes a vontade de incentivar mais mulheres,Mulheres
489050ba-f6ce-4f05-a8ce-d6bdee47371a,o wit trás para nós ouvintes a vontade de incentivar mais mulheres,Organizacao
5244efbb-01d2-4f7e-b505-4fd32300baff,amei a programação da manhã,Programacao
5244efbb-01d2-4f7e-b505-4fd32300baff,amei a programação da manhã,Manha
5244efbb-01d2-4f7e-b505-4fd32300baff,as novidades da gamificação estão maravilhosas,Gamificacao
5244efbb-01d2-4f7e-b505-4fd32300baff,as novidades da gamificação estão maravilhosas,Novo
fa22c635-07b6-4718-9309-2665ad2d1a12,"que lindos esses pôsteres, projetos incríveis, todae de parabéns",Posteres
fa22c635-07b6-4718-9309-2665ad2d1a12,"que lindos esses pôsteres, projetos incríveis, todae de parabéns",Projetos
fa22c635-07b6-4718-9309-2665ad2d1a12,"que lindos esses pôsteres, projetos incríveis, todae de parabéns",Organizacao
671f8ca1-38b7-401b-b96a-2dc047c32c4b,"o wit tem me maravilhada, por sua organização",Rafaela
671f8ca1-38b7-401b-b96a-2dc047c32c4b,"o wit tem me maravilhada, por sua organização",Organizacao
671f8ca1-38b7-401b-b96a-2dc047c32c4b,inovações durante o evento,Inovacoes
671f8ca1-38b7-401b-b96a-2dc047c32c4b,coletivo lovelace x meninas digitais<3,Mulheres
3f3583d6-1037-423a-9a58-0b27ea89d428,os meninos da gamificação são muito legais,Meninos
3f3583d6-1037-423a-9a58-0b27ea89d428,os meninos da gamificação são muito legais,Gamificacao
f6bf24cf-734d-4f0e-a735-4a08d53c2b85,pôsteres lindos,Posteres
00785be0-171f-446a-9069-97212c12e0e3,amei a energia de vocês,Energia
00785be0-171f-446a-9069-97212c12e0e3,amei a energia de vocês,Palestrantes
00785be0-171f-446a-9069-97212c12e0e3,adorei a maneira como abordam os assuntos,Organizacao
79625db1-c0bb-49d6-aa29-76fd1dc284e8,muito interessante o projeto por ser inovador,Projetos
79625db1-c0bb-49d6-aa29-76fd1dc284e8,achei legal a sessão de autógrafos de livros por ter a interação entre o autor,Autografos
79625db1-c0bb-49d6-aa29-76fd1dc284e8,achei legal a sessão de autógrafos de livros por ter a interação entre o autor,Sessao
79625db1-c0bb-49d6-aa29-76fd1dc284e8,achei legal a sessão de autógrafos de livros por ter a interação entre o autor,Artigos
79625db1-c0bb-49d6-aa29-76fd1dc284e8,achei legal a sessão de autógrafos de livros por ter a interação entre o autor,Integracao
79625db1-c0bb-49d6-aa29-76fd1dc284e8,o telespectador,Telespectador
76612240-be0f-4dff-bf33-a3c43cd8ed98,as palestras foram muito importantes para engajamento,Engajamento
76612240-be0f-4dff-bf33-a3c43cd8ed98,as palestras foram muito importantes para engajamento,Palestra
c4d4555d-4b97-46e8-93fe-6ad239865bd6,a palestra foi ótima,Palestra
c4d4555d-4b97-46e8-93fe-6ad239865bd6,a questão de síndrome do impostor é algo que já ouvi muito dentro da faculdade,Aprendizado
c4d4555d-4b97-46e8-93fe-6ad239865bd6,a questão de síndrome do impostor é algo que já ouvi muito dentro da faculdade,Organizacao
c4d4555d-4b97-46e8-93fe-6ad239865bd6,a questão de síndrome do impostor é algo que já ouvi muito dentro da faculdade,Impostor
c4d4555d-4b97-46e8-93fe-6ad239865bd6,a questão de síndrome do impostor é algo que já ouvi muito dentro da faculdade,Sindrome
c4d4555d-4b97-46e8-93fe-6ad239865bd6,é uma das principais causas de afastamento das meninas do curso,Mulheres
c4d4555d-4b97-46e8-93fe-6ad239865bd6,é uma das principais causas de afastamento das meninas do curso,Aprendizado
c4d4555d-4b97-46e8-93fe-6ad239865bd6,é uma das principais causas de afastamento das meninas do curso,Organizacao
c4d4555d-4b97-46e8-93fe-6ad239865bd6,é uma das principais causas de afastamento das meninas do curso,Causas
02e1032e-bbbf-4f0a-b350-645b9923a7f4,"eu gostei bastante que esse ano as camisas não são no último dia, para poder usar ela mais pelo congresso",Congresso
02e1032e-bbbf-4f0a-b350-645b9923a7f4,"eu gostei bastante que esse ano as camisas não são no último dia, para poder usar ela mais pelo congresso",Camisa
02e1032e-bbbf-4f0a-b350-645b9923a7f4,amei os artigos apresentados,Artigos
9306534e-a4af-407c-a97e-3eab6fa1c918,muito interessante os projetos envolvidos na apresentação dos banners,Projetos
9306534e-a4af-407c-a97e-3eab6fa1c918,muito interessante os projetos envolvidos na apresentação dos banners,Palestra
9306534e-a4af-407c-a97e-3eab6fa1c918,muito interessante os projetos envolvidos na apresentação dos banners,Banners
3e11fb01-68a6-4df9-99ff-eb6fa17ea8e0,o wit é sem sombra de dúvidas a melhor coisa do csbc,Organizacao
3e11fb01-68a6-4df9-99ff-eb6fa17ea8e0,o wit é sem sombra de dúvidas a melhor coisa do csbc,Sombra
0b73ddb5-b846-48b5-929f-94253a3d2b43,trabalhos muito inspiradores,Trabalhos
2402b435-49a8-4e35-a936-fddc4e00aeb6,trabalho muito inspirador,Trabalhos
a6584b5b-822e-4c85-be5b-e91db87dc16e,"é a primeira participação no wit, a integração é maravilhosa",Integracao
a6584b5b-822e-4c85-be5b-e91db87dc16e,"é a primeira participação no wit, a integração é maravilhosa",Inclusao
be28feaa-bc8c-45e6-b109-e943185c33f5,alguns banner revela a baixa presença feminina na tecnologia,Tecnologia
be28feaa-bc8c-45e6-b109-e943185c33f5,alguns banner revela a baixa presença feminina na tecnologia,Organizacao
be28feaa-bc8c-45e6-b109-e943185c33f5,alguns banner revela a baixa presença feminina na tecnologia,Banners
be28feaa-bc8c-45e6-b109-e943185c33f5,projetos como meninas digitais são essenciais para mudar esse cenário com acolhimento,Mulheres
be28feaa-bc8c-45e6-b109-e943185c33f5,projetos como meninas digitais são essenciais para mudar esse cenário com acolhimento,Projetos
be28feaa-bc8c-45e6-b109-e943185c33f5,projetos como meninas digitais são essenciais para mudar esse cenário com acolhimento,Organizacao
be28feaa-bc8c-45e6-b109-e943185c33f5,protagonismo,Organizacao
b3739f83-191f-483a-b695-efbe8e12def9,"amei demais, abriu muito minha mente sobre vários assuntos que eu nao tinha nenhum contato ou conhecimento",Engajamento
b3739f83-191f-483a-b695-efbe8e12def9,"amei demais, abriu muito minha mente sobre vários assuntos que eu nao tinha nenhum contato ou conhecimento",Ideia
b3739f83-191f-483a-b695-efbe8e12def9,"amei demais, abriu muito minha mente sobre vários assuntos que eu nao tinha nenhum contato ou conhecimento",Conhecimento
b3739f83-191f-483a-b695-efbe8e12def9,"amei demais, abriu muito minha mente sobre vários assuntos que eu nao tinha nenhum contato ou conhecimento",Organizacao
9306534e-a4af-407c-a97e-3eab6fa1c918,palestra super importante da rafaela sobre representatividade feminina no mundo da tecnologia,Organizacao
9306534e-a4af-407c-a97e-3eab6fa1c918,palestra super importante da rafaela sobre representatividade feminina no mundo da tecnologia,Palestra
9306534e-a4af-407c-a97e-3eab6fa1c918,palestra super importante da rafaela sobre representatividade feminina no mundo da tecnologia,Tecnologia
9306534e-a4af-407c-a97e-3eab6fa1c918,palestra super importante da rafaela sobre representatividade feminina no mundo da tecnologia,Representatividade
9306534e-a4af-407c-a97e-3eab6fa1c918,palestra super importante da rafaela sobre representatividade feminina no mundo da tecnologia,Rafaela
2402b435-49a8-4e35-a936-fddc4e00aeb6,trabalho extremamente necessário,Trabalhos
0b73ddb5-b846-48b5-929f-94253a3d2b43,trabalho muito necessário,Trabalhos
3e11fb01-68a6-4df9-99ff-eb6fa17ea8e0,a apresentação dos artigos está incrível,Palestra
3e11fb01-68a6-4df9-99ff-eb6fa17ea8e0,a apresentação dos artigos está incrível,Artigos
be28feaa-bc8c-45e6-b109-e943185c33f5,"com ênfase em representatividade:
ver mulheres liderando inspira",Representatividade
be28feaa-bc8c-45e6-b109-e943185c33f5,"com ênfase em representatividade:
ver mulheres liderando inspira",Inspiracao
be28feaa-bc8c-45e6-b109-e943185c33f5,"com ênfase em representatividade:
ver mulheres liderando inspira",Mulheres
be28feaa-bc8c-45e6-b109-e943185c33f5,"com ênfase em representatividade:
ver mulheres liderando inspira",Enfase
be28feaa-bc8c-45e6-b109-e943185c33f5,a meninas digitais mostra que presença importa,Mulheres
be28feaa-bc8c-45e6-b109-e943185c33f5,a meninas digitais mostra que presença importa,Organizacao
be28feaa-bc8c-45e6-b109-e943185c33f5,que inclusão real começa com acolhimento,Organizacao
be28feaa-bc8c-45e6-b109-e943185c33f5,que inclusão real começa com acolhimento,Inclusao
be28feaa-bc8c-45e6-b109-e943185c33f5,exemplo,Exemplo
be669223-c64d-4256-b488-d6a63a1f5117,"é muito incentivador ver outros projetos de meninas,",Mulheres
be669223-c64d-4256-b488-d6a63a1f5117,"é muito incentivador ver outros projetos de meninas,",Projetos
be669223-c64d-4256-b488-d6a63a1f5117,percebo como eles são importantes para o fortalecimento,Apoio
be669223-c64d-4256-b488-d6a63a1f5117,percebo como eles são importantes para o fortalecimento,Diaaaa
be669223-c64d-4256-b488-d6a63a1f5117,engajamento das meninas nos cursos de tecnologia,Engajamento
be669223-c64d-4256-b488-d6a63a1f5117,engajamento das meninas nos cursos de tecnologia,Aprendizado
be669223-c64d-4256-b488-d6a63a1f5117,engajamento das meninas nos cursos de tecnologia,Mulheres
be669223-c64d-4256-b488-d6a63a1f5117,engajamento das meninas nos cursos de tecnologia,Tecnologia
de8d707d-b7b7-43bd-9191-a060a88bb761,posters estão muito legais 💚,Posteres
8f0f4c0d-f2eb-4b18-8099-25bcd217a483,as meninas dando show na obi,Mulheres
8f0f4c0d-f2eb-4b18-8099-25bcd217a483,as meninas dando show na obi,Obi
bbce1d34-bf29-45d4-8ff1-5bc397a59a07,inovador,Inovacoes
be669223-c64d-4256-b488-d6a63a1f5117,se percebe a importância de criar espaços onde mulheres se sintam incluídas,Mulheres
be669223-c64d-4256-b488-d6a63a1f5117,se percebe a importância de criar espaços onde mulheres se sintam incluídas,Organizacao
be669223-c64d-4256-b488-d6a63a1f5117,se percebe a importância de criar espaços onde mulheres se sintam incluídas,Inclusao
bbce1d34-bf29-45d4-8ff1-5bc397a59a07,muitoo legal esse evento,Organizacao
86deea25-a256-41b3-9189-10ce396e3deb,triste porque perdi a palestra de manhã;(,Manha
86deea25-a256-41b3-9189-10ce396e3deb,triste porque perdi a palestra de manhã;(,Palestra
4bc0a904-0a38-4b33-b1de-cab5ea9cf808,muito boa a palestra,Palestra
4bc0a904-0a38-4b33-b1de-cab5ea9cf808,que massa o incentivo,Incentivo
c49c15fe-dc85-4357-b9ea-0311374c56f8,integração legal,Integracao
b3739f83-191f-483a-b695-efbe8e12def9,gostei bastante dos conteúdos abordados,Numeros
15e5d92b-4326-4e8c-9499-c40fba495716,"alegra meu coração em saber que as mulheres estão se envolvendo em pesquisas da computação, programação",Organizacao
15e5d92b-4326-4e8c-9499-c40fba495716,"alegra meu coração em saber que as mulheres estão se envolvendo em pesquisas da computação, programação",Mulheres
15e5d92b-4326-4e8c-9499-c40fba495716,"alegra meu coração em saber que as mulheres estão se envolvendo em pesquisas da computação, programação",Computacao
15e5d92b-4326-4e8c-9499-c40fba495716,"alegra meu coração em saber que as mulheres estão se envolvendo em pesquisas da computação, programação",Programacao
15e5d92b-4326-4e8c-9499-c40fba495716,"alegra meu coração em saber que as mulheres estão se envolvendo em pesquisas da computação, programação",Pesquisa
15e5d92b-4326-4e8c-9499-c40fba495716,a cada novo congresso os números crescem,Numeros
15e5d92b-4326-4e8c-9499-c40fba495716,a cada novo congresso os números crescem,Congresso
15e5d92b-4326-4e8c-9499-c40fba495716,"que mais faculdades motivem mulheres nas stem, fundamental para essa nova geração",Mulheres
15e5d92b-4326-4e8c-9499-c40fba495716,"que mais faculdades motivem mulheres nas stem, fundamental para essa nova geração",Aprendizado
15e5d92b-4326-4e8c-9499-c40fba495716,"que mais faculdades motivem mulheres nas stem, fundamental para essa nova geração",Organizacao
352e47bd-d2bf-4541-a6ce-6498a321db06,iniciativa bem enriquecedora,Projetos
5244efbb-01d2-4f7e-b505-4fd32300baff,muito alto nível os trabalhos da poeira sessão,Poeira
5244efbb-01d2-4f7e-b505-4fd32300baff,muito alto nível os trabalhos da poeira sessão,Sessao
5244efbb-01d2-4f7e-b505-4fd32300baff,muito alto nível os trabalhos da poeira sessão,Nivel
5244efbb-01d2-4f7e-b505-4fd32300baff,muito alto nível os trabalhos da poeira sessão,Trabalhos
9ea006aa-40fb-4edc-98dd-39d527a61d6d,amei todas as palestras,Palestra
429ddec8-9edb-4757-ab8b-fcdb61defd4e,amei as apresentações dos artigos,Palestra
429ddec8-9edb-4757-ab8b-fcdb61defd4e,amei as apresentações dos artigos,Artigos
8f0f4c0d-f2eb-4b18-8099-25bcd217a483,muito legal como estratégias de marketing podem modificar a percepção,Projetos
8f0f4c0d-f2eb-4b18-8099-25bcd217a483,muito legal como estratégias de marketing podem modificar a percepção,Perseveranca
8f0f4c0d-f2eb-4b18-8099-25bcd217a483,muito legal como estratégias de marketing podem modificar a percepção,Mercado
8f0f4c0d-f2eb-4b18-8099-25bcd217a483,o alcance dos projetos parceiros do meninas digitais,Mulheres
8f0f4c0d-f2eb-4b18-8099-25bcd217a483,o alcance dos projetos parceiros do meninas digitais,Projetos
8f0f4c0d-f2eb-4b18-8099-25bcd217a483,o alcance dos projetos parceiros do meninas digitais,Organizacao
4d59d2bb-694c-4bf2-b444-3b4b967095f1,o wit tem se mostrado a cada ano a sua relevância,Organizacao
8a9fc84a-4a91-46ee-b112-e39d627e2abd,foi ótimo participar da sessão de pôsteres wit,Posteres
8a9fc84a-4a91-46ee-b112-e39d627e2abd,foi ótimo participar da sessão de pôsteres wit,Sessao
8a9fc84a-4a91-46ee-b112-e39d627e2abd,uma experiência de apresentação valiosa,Experiencia
8a9fc84a-4a91-46ee-b112-e39d627e2abd,uma experiência de apresentação valiosa,Palestra
8a9fc84a-4a91-46ee-b112-e39d627e2abd,amei os brindes da sessão técnica de artigos,Sessao
8a9fc84a-4a91-46ee-b112-e39d627e2abd,amei os brindes da sessão técnica de artigos,Artigos
8a9fc84a-4a91-46ee-b112-e39d627e2abd,a busca pelos adesivos foi divertida,Engie
8a9fc84a-4a91-46ee-b112-e39d627e2abd,a busca pelos adesivos foi divertida,Compreensao
8a9fc84a-4a91-46ee-b112-e39d627e2abd,além de prestigiar ótimas apresentações,Palestra
8a9fc84a-4a91-46ee-b112-e39d627e2abd,além de prestigiar ótimas apresentações,Organizacao
67959b7b-0a25-4354-a35e-f5974a549323,"parabéns, meninas",Mulheres
1ced77b3-b5de-4d74-8882-f7ffe3d9ec30,ansiosa para os próximos dias,Organizacao
3efe71e2-c0d5-4596-b566-0ef34e7ff13d,a parte da apresentação que assisti estava ótima,Palestra
3efe71e2-c0d5-4596-b566-0ef34e7ff13d,a parte da apresentação que assisti estava ótima,Organizacao
3efe71e2-c0d5-4596-b566-0ef34e7ff13d,"sobre o aplicativo acho q faltou uma divulgação melhor ou um link pelo email, eu mesma anotei o nome",Nome
3efe71e2-c0d5-4596-b566-0ef34e7ff13d,"sobre o aplicativo acho q faltou uma divulgação melhor ou um link pelo email, eu mesma anotei o nome",Aplicativo
3efe71e2-c0d5-4596-b566-0ef34e7ff13d,"sobre o aplicativo acho q faltou uma divulgação melhor ou um link pelo email, eu mesma anotei o nome",Link
3efe71e2-c0d5-4596-b566-0ef34e7ff13d,"sobre o aplicativo acho q faltou uma divulgação melhor ou um link pelo email, eu mesma anotei o nome",Email
3efe71e2-c0d5-4596-b566-0ef34e7ff13d,"sobre o aplicativo acho q faltou uma divulgação melhor ou um link pelo email, eu mesma anotei o nome",Publico
3efe71e2-c0d5-4596-b566-0ef34e7ff13d,"demorei muito a baixar pq estava correndo pelo evento, creio que colocar hj na mesa foi o ideal",Mesa
d045f926-cf41-4757-ae96-89594f6e4870,excelente apresentações 💜🥰,Palestra
06f1249e-61d1-4916-a745-f29b8095822b,tá sendo uma experiência incrível participar do wit ❤️,Experiencia
a4526431-24ef-4045-8981-a19a451487ac,organização impecável,Organizacao
06f1249e-61d1-4916-a745-f29b8095822b,vocês arrasaram na organização,Organizacao
06f1249e-61d1-4916-a745-f29b8095822b,planejamento ❤️,Projetos
9d149e84-581a-4008-996e-d3680d5bcd88,mais um dia de muitas atividades 🤩,Eventos
9d149e84-581a-4008-996e-d3680d5bcd88,gamificação é top,Gamificacao
a4526431-24ef-4045-8981-a19a451487ac,o encontro dos projetos parceiros foi muito bom,Projetos
a4526431-24ef-4045-8981-a19a451487ac,o encontro dos projetos parceiros foi muito bom,Encontro
9365cf2e-64e9-49a0-bd3a-0d347b215820,"sem palavras para às meninas, sao muito maravilhosaaaas",Mulheres
9365cf2e-64e9-49a0-bd3a-0d347b215820,"sem palavras para às meninas, sao muito maravilhosaaaas",Linguagem
9365cf2e-64e9-49a0-bd3a-0d347b215820,"sem palavras para às meninas, sao muito maravilhosaaaas",Super
e11a154c-a026-49a9-9a71-ad45b5939df8,mais um dia cheio de conhecimento 🥰,Conhecimento
75049fc4-0a03-4d80-9d70-6471c2c5a110,amei o momento de integração ontem,Momento
75049fc4-0a03-4d80-9d70-6471c2c5a110,amei o momento de integração ontem,Integracao
75049fc4-0a03-4d80-9d70-6471c2c5a110,a sessão de autógrafos foi incrível,Autografos
75049fc4-0a03-4d80-9d70-6471c2c5a110,a sessão de autógrafos foi incrível,Sessao
16d2d16a-6864-4d0c-afe3-d87991308ec5,ótima palestra de ontem,Palestra
934ac1e9-8a9e-4865-977f-b22e4bbce84e,bora pro segundo dia de wit,Organizacao
934ac1e9-8a9e-4865-977f-b22e4bbce84e,ansiosa pra ganhar a camiseta :),Camisa
6c3e12ff-eaca-45fd-ab7c-b291f088c86e,adorei as sessões de artigos ontem a noite,Artigos
6c3e12ff-eaca-45fd-ab7c-b291f088c86e,adorei as sessões de artigos ontem a noite,Sessoes
6c3e12ff-eaca-45fd-ab7c-b291f088c86e,adorei as sessões de artigos ontem a noite,Noite
b8b92070-a5ba-4bca-ab6c-1976294cf8da,eu já estou começando a ficar com saudades,Saudades
ed496342-5088-4e03-9bf6-270dbfd06758,super empolgada para pôsteres do projetos ✨,Posteres
ed496342-5088-4e03-9bf6-270dbfd06758,super empolgada para pôsteres do projetos ✨,Projetos
ed496342-5088-4e03-9bf6-270dbfd06758,super empolgada para pôsteres do projetos ✨,Super
a4ceb2fb-9e75-4db1-ace5-c82f92a1376e,ótimo conteúdo,Organizacao
ed496342-5088-4e03-9bf6-270dbfd06758,adorando a integração dos projetos 🫶🏻,Projetos
ed496342-5088-4e03-9bf6-270dbfd06758,adorando a integração dos projetos 🫶🏻,Integracao
560003d3-5b59-481c-85d2-838ef984b466,mais um dia de palestras,Palestra
560003d3-5b59-481c-85d2-838ef984b466,eventos para o aprendizado,Aprendizado
560003d3-5b59-481c-85d2-838ef984b466,eventos para o aprendizado,Eventos
560003d3-5b59-481c-85d2-838ef984b466,que deus abençoe esse dia,Engie
560003d3-5b59-481c-85d2-838ef984b466,que traga inspiração para os palestrantes,Inspiracao
560003d3-5b59-481c-85d2-838ef984b466,que traga inspiração para os palestrantes,Organizacao
560003d3-5b59-481c-85d2-838ef984b466,que traga inspiração para os palestrantes,Palestrantes
01bdf958-26a8-4cbb-9001-f8323dd02301,que camisa lindaa,Super
9a0b6f46-36e7-4cce-81e7-87d8c0dec201,ouvir tantas mulheres incríveis compartilhando suas trajetórias na tecnologia me motivou muito,Mulheres
9a0b6f46-36e7-4cce-81e7-87d8c0dec201,ouvir tantas mulheres incríveis compartilhando suas trajetórias na tecnologia me motivou muito,Trajetoria
9a0b6f46-36e7-4cce-81e7-87d8c0dec201,ouvir tantas mulheres incríveis compartilhando suas trajetórias na tecnologia me motivou muito,Tecnologia
c8ddbe59-a031-4194-add3-db3071ddcbef,"oi, meninas no wit 💜",Mulheres
5bb974d7-0d42-4ba7-b115-6f2821843ecc,empolgada com as palestras de hoje,Palestra
9a0b6f46-36e7-4cce-81e7-87d8c0dec201,"foi um espaço real de troca, aprendizado",Organizacao
9a0b6f46-36e7-4cce-81e7-87d8c0dec201,"foi um espaço real de troca, aprendizado",Troca
9a0b6f46-36e7-4cce-81e7-87d8c0dec201,força,Organizacao
f3eed192-b8ab-4094-942f-54e234fbb70b,"está tudo incrível, primeiro dia superou todas as expectativas 🫶🏻🫶🏻🫶🏻",Expectativa
a57c1135-2ebb-4824-9625-c0bce163dddf,ansioso para as atividades de hoje,Eventos
3ad87374-5d6b-41e4-a901-00435a3f8c6e,obrigada pela mensagem inspiradora,Mensagem
3ad87374-5d6b-41e4-a901-00435a3f8c6e,amei a palestra de hoje,Palestra
ae4d3fbb-069f-4906-895d-6ff10de1bdb9,mais um dia pronta para as palestras,Palestra
ae4d3fbb-069f-4906-895d-6ff10de1bdb9,integrações com as meninas digitais,Mulheres
ae4d3fbb-069f-4906-895d-6ff10de1bdb9,integrações com as meninas digitais,Integracao
59ab6fbb-3356-44e7-a74e-e5bdbc89fab7,patrocinio top do wit,Patrocinio
59ab6fbb-3356-44e7-a74e-e5bdbc89fab7,"embraer, engie, eldorado, google, mindat, ella, bb",Engie
59ab6fbb-3356-44e7-a74e-e5bdbc89fab7,"embraer, engie, eldorado, google, mindat, ella, bb",Google
59ab6fbb-3356-44e7-a74e-e5bdbc89fab7,"embraer, engie, eldorado, google, mindat, ella, bb",Embraer
59ab6fbb-3356-44e7-a74e-e5bdbc89fab7,"embraer, engie, eldorado, google, mindat, ella, bb",Mulheres
f37ffdc2-3f64-4b56-a935-4ddecee92321,"evento muito bom, a diversidade dos projetos psra inclusão feminina é maravilhoso",Projetos
f37ffdc2-3f64-4b56-a935-4ddecee92321,"evento muito bom, a diversidade dos projetos psra inclusão feminina é maravilhoso",Diversidade
f37ffdc2-3f64-4b56-a935-4ddecee92321,"evento muito bom, a diversidade dos projetos psra inclusão feminina é maravilhoso",Inclusao
f37ffdc2-3f64-4b56-a935-4ddecee92321,que a cada ano cresça mais,Organizacao
2b305129-cc14-4538-8075-78b26f65f34f,a experiência do segundo dia do wit fez jus a expectativa criada pelo dia anterior,Experiencia
2b305129-cc14-4538-8075-78b26f65f34f,a experiência do segundo dia do wit fez jus a expectativa criada pelo dia anterior,Organizacao
2b305129-cc14-4538-8075-78b26f65f34f,a experiência do segundo dia do wit fez jus a expectativa criada pelo dia anterior,Expectativa
2b305129-cc14-4538-8075-78b26f65f34f,mais uma vez foi criado um ambiente de interação,Ambiente
2b305129-cc14-4538-8075-78b26f65f34f,mais uma vez foi criado um ambiente de interação,Integracao
2b305129-cc14-4538-8075-78b26f65f34f,"troca de experiência, conhecimento",Experiencia
2b305129-cc14-4538-8075-78b26f65f34f,"troca de experiência, conhecimento",Conhecimento
2b305129-cc14-4538-8075-78b26f65f34f,"troca de experiência, conhecimento",Troca
2b305129-cc14-4538-8075-78b26f65f34f,de acolhimento,Organizacao
f37ffdc2-3f64-4b56-a935-4ddecee92321,wit está sendo um dos melhores eventos do dia,Eventos
671f8ca1-38b7-401b-b96a-2dc047c32c4b,"queria que tivessem mais broches do meninas digitais para comprar, não consegui comprar um :/",Mulheres
671f8ca1-38b7-401b-b96a-2dc047c32c4b,"queria que tivessem mais broches do meninas digitais para comprar, não consegui comprar um :/",Broches
a2172412-8829-44fe-a1bb-c21eb82571aa,"os meninos que estavam responsáveis pela ramificação fora demais, explicaram pra gente com a maior calma",Meninos
a2172412-8829-44fe-a1bb-c21eb82571aa,"os meninos que estavam responsáveis pela ramificação fora demais, explicaram pra gente com a maior calma",Cuidado
a2172412-8829-44fe-a1bb-c21eb82571aa,"os meninos que estavam responsáveis pela ramificação fora demais, explicaram pra gente com a maior calma",Ramificacao
a2172412-8829-44fe-a1bb-c21eb82571aa,animação,Animacao
a2172412-8829-44fe-a1bb-c21eb82571aa,"achei que o formato de apresentação dos pôsteres ficou muito tumultuado,",Posteres
a2172412-8829-44fe-a1bb-c21eb82571aa,"achei que o formato de apresentação dos pôsteres ficou muito tumultuado,",Palestra
a2172412-8829-44fe-a1bb-c21eb82571aa,"achei que o formato de apresentação dos pôsteres ficou muito tumultuado,",Forma
a2172412-8829-44fe-a1bb-c21eb82571aa,as apresentações foram incríveis,Palestra
806f7369-1da2-4baa-9c95-7d4962b7f33e,a organização está de parabéns,Organizacao
050da8f6-fd58-42b6-8066-82fb42c0fa4b,boa palestra,Palestra
050da8f6-fd58-42b6-8066-82fb42c0fa4b,ótima abordagem de conteúdo em relação a 1° palestra do dia 23,Projetos
050da8f6-fd58-42b6-8066-82fb42c0fa4b,ótima abordagem de conteúdo em relação a 1° palestra do dia 23,Organizacao
050da8f6-fd58-42b6-8066-82fb42c0fa4b,boa apresentação,Palestra
050da8f6-fd58-42b6-8066-82fb42c0fa4b,também explicação do projeto,Fato
050da8f6-fd58-42b6-8066-82fb42c0fa4b,também explicação do projeto,Projetos
050da8f6-fd58-42b6-8066-82fb42c0fa4b,"organização ótima, boa qualidade de infraestrutura",Infraestrutura
050da8f6-fd58-42b6-8066-82fb42c0fa4b,"organização ótima, boa qualidade de infraestrutura",Qualidade
050da8f6-fd58-42b6-8066-82fb42c0fa4b,"organização ótima, boa qualidade de infraestrutura",Organizacao
050da8f6-fd58-42b6-8066-82fb42c0fa4b,"sala bem refrigerada
ótima ambientação",Organizacao
192b32a5-e58c-4098-9904-78bda4615134,ótima palestra,Palestra
192b32a5-e58c-4098-9904-78bda4615134,muito bom adquirir conhecimento,Conhecimento
00da94da-eaf9-4790-a6fe-fe7b33931c70,ótimo conhecer mais sobre o renacee,Renacee
4a257948-6c61-4d69-b2bf-45561ca9dc96,"parabéns pela organização meninas, gostei bastante da dinâmica das regiões",Dinamica
4a257948-6c61-4d69-b2bf-45561ca9dc96,"parabéns pela organização meninas, gostei bastante da dinâmica das regiões",Organizacao
4a257948-6c61-4d69-b2bf-45561ca9dc96,"parabéns pela organização meninas, gostei bastante da dinâmica das regiões",Area
4a257948-6c61-4d69-b2bf-45561ca9dc96,achei bastante diverso,Diferenca
1e2c4536-db1c-40f6-a514-717da937138d,o ambiente do evento é muito amplo,Ambiente
1e2c4536-db1c-40f6-a514-717da937138d,a organização das palestras está excepcional,Palestra
1e2c4536-db1c-40f6-a514-717da937138d,a organização das palestras está excepcional,Organizacao
4c4af487-81e9-4e3a-8efc-b2d0f1b0b394,a mesa redonda está sendo muito interessante,Mesa
4c4af487-81e9-4e3a-8efc-b2d0f1b0b394,"a organização do evento está perfeita, tudo incrível ❤️",Organizacao
97bb898c-af32-4429-b56c-5914309a8775,muuuito feliz de ver as estudantes do projeto que faço parte no telão,Aprendizado
97bb898c-af32-4429-b56c-5914309a8775,muuuito feliz de ver as estudantes do projeto que faço parte no telão,Projetos
97bb898c-af32-4429-b56c-5914309a8775,muuuito feliz de ver as estudantes do projeto que faço parte no telão,Organizacao
17a6d940-56ba-4d72-8c6b-3f765a91e6ac,achei incrível conhecer pessoalmente o programa meninas digitais,Programacao
17a6d940-56ba-4d72-8c6b-3f765a91e6ac,saio do evento completamente inspirada por mulheres guerreiras nas áreas de steam,Mulheres
17a6d940-56ba-4d72-8c6b-3f765a91e6ac,saio do evento completamente inspirada por mulheres guerreiras nas áreas de steam,Organizacao
17a6d940-56ba-4d72-8c6b-3f765a91e6ac,saio do evento completamente inspirada por mulheres guerreiras nas áreas de steam,Area
c5b8399a-a600-4d95-86c9-4de0d38c3d25,"muito bom, agradeço por trazer muitas informações",Informacoes
90323ec9-1991-46bd-bc2a-4a3d8804cf71,achei tudo super didático,Super
f2d72cbf-07dd-4592-9ed1-c74275748cb7,importante conhecer outros projetos que influenciam meninas em stem por todo o brasil,Mulheres
f2d72cbf-07dd-4592-9ed1-c74275748cb7,importante conhecer outros projetos que influenciam meninas em stem por todo o brasil,Brasil
f2d72cbf-07dd-4592-9ed1-c74275748cb7,importante conhecer outros projetos que influenciam meninas em stem por todo o brasil,Projetos
90323ec9-1991-46bd-bc2a-4a3d8804cf71,"gostei muito mesmo, espero estar presente mais vezes",Organizacao
f2d72cbf-07dd-4592-9ed1-c74275748cb7,palestras incríveis,Palestra
70b31d7a-c046-4859-9881-10574c9611c1,atividades muito interessantes,Eventos
c5b8399a-a600-4d95-86c9-4de0d38c3d25,muito bommm,Diaaaa
c5b8399a-a600-4d95-86c9-4de0d38c3d25,cada minuto vale a pena,Momento
c5b8399a-a600-4d95-86c9-4de0d38c3d25,cada minuto vale a pena,Pena
4d59d2bb-694c-4bf2-b444-3b4b967095f1,o fórum está maravilhoso,Forum
29c31113-a01c-48e9-b475-a6963c13f3b6,"necessária, a estrutura magnifica",Estrutura
00256042-e094-477c-b716-28f2b7e561de,amando o fórum,Forum
00256042-e094-477c-b716-28f2b7e561de,amando a apresentação dos projetos 😍,Projetos
00256042-e094-477c-b716-28f2b7e561de,amando a apresentação dos projetos 😍,Palestra
29c31113-a01c-48e9-b475-a6963c13f3b6,palestra maravilhosa,Palestra
ce4b41b3-8b58-4d8c-9cb8-5bf7133c59d4,vale cada minuto,Momento
6dd05336-2244-4230-bb22-31b592f2e3f8,", como menina, me motivei a buscar mais oportunidades na área",Mulheres
6dd05336-2244-4230-bb22-31b592f2e3f8,", como menina, me motivei a buscar mais oportunidades na área",Oportunidade
6dd05336-2244-4230-bb22-31b592f2e3f8,", como menina, me motivei a buscar mais oportunidades na área",Area
ce4b41b3-8b58-4d8c-9cb8-5bf7133c59d4,momento inspirador,Momento
262af184-23c3-4cb4-8231-04a142217d69,muito boa as palestras,Palestra
262af184-23c3-4cb4-8231-04a142217d69,ótima experiência aprender com essas mulheres,Experiencia
262af184-23c3-4cb4-8231-04a142217d69,ótima experiência aprender com essas mulheres,Mulheres
02e1032e-bbbf-4f0a-b350-645b9923a7f4,perfeitas,Super
fe69c798-5373-4255-831b-9a1ce468c5d6,fórum meninas digitais está sendo muito interessante por ver como os projetos parceiros estão atuando,Mulheres
fe69c798-5373-4255-831b-9a1ce468c5d6,fórum meninas digitais está sendo muito interessante por ver como os projetos parceiros estão atuando,Forum
fe69c798-5373-4255-831b-9a1ce468c5d6,fórum meninas digitais está sendo muito interessante por ver como os projetos parceiros estão atuando,Projetos
fe69c798-5373-4255-831b-9a1ce468c5d6,tendo resultados incríveis,Resultados
c90f49e7-30eb-4954-bad6-ff13e4342a57,dia cheio de programações maravilhosas,Programacao
4d59d2bb-694c-4bf2-b444-3b4b967095f1,gostei muito do projeto minascoders,Projetos
6e490da9-d604-49fa-b782-7cc09c1615d3,a organização esse ano está ainda mais impecável,Organizacao
6e490da9-d604-49fa-b782-7cc09c1615d3,que oportunidade incrível conhecer tantas mulheres inspiradoras,Mulheres
6e490da9-d604-49fa-b782-7cc09c1615d3,que oportunidade incrível conhecer tantas mulheres inspiradoras,Oportunidade
47ac28d9-6e77-4392-b392-960bd5825559,é maravilhoso saber que existem muitas outras meninas na área de computação ❤️,Mulheres
47ac28d9-6e77-4392-b392-960bd5825559,é maravilhoso saber que existem muitas outras meninas na área de computação ❤️,Computacao
47ac28d9-6e77-4392-b392-960bd5825559,é maravilhoso saber que existem muitas outras meninas na área de computação ❤️,Area
268e12fc-6012-41e0-9301-483b58059c69,muito bom ver o que os outros grupos estão fazendo,Grupo
3406c3d7-f8f1-4db4-9d3f-06b9d53fa541,🩷🩷🩷,Organizacao
268e12fc-6012-41e0-9301-483b58059c69,muitas ideias pra melhorar os projetos que coordeno,Ideia
268e12fc-6012-41e0-9301-483b58059c69,muitas ideias pra melhorar os projetos que coordeno,Projetos
c44a6e4a-9181-4d20-94cb-c3d5e05fd31c,gostei muito das palestras,Palestra
c44a6e4a-9181-4d20-94cb-c3d5e05fd31c,dos momentos de integração,Momento
c44a6e4a-9181-4d20-94cb-c3d5e05fd31c,dos momentos de integração,Integracao
c44a6e4a-9181-4d20-94cb-c3d5e05fd31c,network com as meninas,Mulheres
749521d4-f169-4aaa-9819-b044a00d1e34,"muito boa a palestra da rnp, a historia é inspiradora",Cnpq
749521d4-f169-4aaa-9819-b044a00d1e34,"muito boa a palestra da rnp, a historia é inspiradora",Palestra
749521d4-f169-4aaa-9819-b044a00d1e34,"muito boa a palestra da rnp, a historia é inspiradora",Artigos
b787555f-cd18-4a0b-9e20-493282185ddd,é maravilhoso ver como esses projetos estão espalhados por todo o país,Projetos
b787555f-cd18-4a0b-9e20-493282185ddd,é maravilhoso ver como esses projetos estão espalhados por todo o país,Sessoes
4b19c21f-0936-4c69-ae25-18f84c9119a3,as palestras estao sendo incríveis,Palestra
4b19c21f-0936-4c69-ae25-18f84c9119a3,nao conhecia de perto o projeto,Projetos
3e11fb01-68a6-4df9-99ff-eb6fa17ea8e0,muitos projetos incríveis,Projetos
3e11fb01-68a6-4df9-99ff-eb6fa17ea8e0,que projeto lindo,Projetos
4b19c21f-0936-4c69-ae25-18f84c9119a3,"os posters foram incríveis, tive varias ideidas pra projetos",Posteres
4b19c21f-0936-4c69-ae25-18f84c9119a3,"os posters foram incríveis, tive varias ideidas pra projetos",Projetos
4b19c21f-0936-4c69-ae25-18f84c9119a3,"os posters foram incríveis, tive varias ideidas pra projetos",Organizacao
7bdbb107-592f-478c-8b8d-412b4ac508ba,é realmente inspirador participar desses eventos com a wit,Eventos
ce865dbf-5b15-47b6-9578-7f6bdb3471c6,a palestra foi muito inovadora,Palestra
ce865dbf-5b15-47b6-9578-7f6bdb3471c6,a dinâmica da palestra não é chata,Dinamica
ce865dbf-5b15-47b6-9578-7f6bdb3471c6,a dinâmica da palestra não é chata,Palestra
a4526431-24ef-4045-8981-a19a451487ac,os projetos apresentados foram muuto bons,Projetos
a4526431-24ef-4045-8981-a19a451487ac,os projetos apresentados foram muuto bons,Organizacao
d32d63c1-02f8-4d06-9fdb-6dfed1c37967,muito legal ver o crescimento de projetos de incetivo a meninas,Crescimento
d32d63c1-02f8-4d06-9fdb-6dfed1c37967,muito legal ver o crescimento de projetos de incetivo a meninas,Mulheres
d32d63c1-02f8-4d06-9fdb-6dfed1c37967,muito legal ver o crescimento de projetos de incetivo a meninas,Projetos
d32d63c1-02f8-4d06-9fdb-6dfed1c37967,muito legal ver o crescimento de projetos de incetivo a meninas,Organizacao
bbce1d34-bf29-45d4-8ff1-5bc397a59a07,inovador esse projeto,Projetos
bbce1d34-bf29-45d4-8ff1-5bc397a59a07,inovador esse projeto,Inovacoes
c55ff755-bd00-4af8-b6ed-ed43007446b3,muito inspirador ver projetos nacionais do meninas digitais,Mulheres
c55ff755-bd00-4af8-b6ed-ed43007446b3,muito inspirador ver projetos nacionais do meninas digitais,Projetos
5244efbb-01d2-4f7e-b505-4fd32300baff,uhuuu,Diaaaa
67959b7b-0a25-4354-a35e-f5974a549323,muito bom conhecer todos esses projetos,Projetos
ae4d3fbb-069f-4906-895d-6ff10de1bdb9,"o fórum foi super legal de assistir, para conhecer os projetos",Forum
ae4d3fbb-069f-4906-895d-6ff10de1bdb9,"o fórum foi super legal de assistir, para conhecer os projetos",Projetos
ae4d3fbb-069f-4906-895d-6ff10de1bdb9,"o fórum foi super legal de assistir, para conhecer os projetos",Super
ae4d3fbb-069f-4906-895d-6ff10de1bdb9,entender as ideias de cada um,Ideia
429ddec8-9edb-4757-ab8b-fcdb61defd4e,as professoras que têm projetos voltados ao em: algumas das meninas já se formaram,Mulheres
429ddec8-9edb-4757-ab8b-fcdb61defd4e,as professoras que têm projetos voltados ao em: algumas das meninas já se formaram,Projetos
429ddec8-9edb-4757-ab8b-fcdb61defd4e,as professoras que têm projetos voltados ao em: algumas das meninas já se formaram,Professora
429ddec8-9edb-4757-ab8b-fcdb61defd4e,"se sim, elas se interessaram em seguir na área",Area
a24b5393-ee39-4272-8f84-7f95fa794341,conhecer os projetos nos fóruns é perfeito,Projetos
a24b5393-ee39-4272-8f84-7f95fa794341,conhecer os projetos nos fóruns é perfeito,Organizacao
de8d707d-b7b7-43bd-9191-a060a88bb761,oportunidade incrível de conhecer outros projetos 🤩,Oportunidade
2b305129-cc14-4538-8075-78b26f65f34f,adorei o espaço que foi aberto para o público tirar dúvidas em relação aos projetos,Publico
2b305129-cc14-4538-8075-78b26f65f34f,adorei o espaço que foi aberto para o público tirar dúvidas em relação aos projetos,Projetos
2b305129-cc14-4538-8075-78b26f65f34f,adorei o espaço que foi aberto para o público tirar dúvidas em relação aos projetos,Organizacao
2b305129-cc14-4538-8075-78b26f65f34f,uma ótima oportunidade de interação,Oportunidade
2b305129-cc14-4538-8075-78b26f65f34f,uma ótima oportunidade de interação,Integracao
8f0f4c0d-f2eb-4b18-8099-25bcd217a483,muito importante os projetos parceiros compartilharem suas experiências de sucessos para inspirarem os outros,Experiencia
8f0f4c0d-f2eb-4b18-8099-25bcd217a483,muito importante os projetos parceiros compartilharem suas experiências de sucessos para inspirarem os outros,Projetos
8f0f4c0d-f2eb-4b18-8099-25bcd217a483,muito importante os projetos parceiros compartilharem suas experiências de sucessos para inspirarem os outros,Sucessos
8b1e1d3e-9c74-43ce-bbc4-77d5689bf024,uma excelente troca de conhecimento,Conhecimento
8b1e1d3e-9c74-43ce-bbc4-77d5689bf024,uma excelente troca de conhecimento,Troca
8b1e1d3e-9c74-43ce-bbc4-77d5689bf024,maravilhosas,Super
00da94da-eaf9-4790-a6fe-fe7b33931c70,sensacional os projetos também chegarem em ambiente de vulnerabilidade socioeconômica,Projetos
00da94da-eaf9-4790-a6fe-fe7b33931c70,sensacional os projetos também chegarem em ambiente de vulnerabilidade socioeconômica,Ambiente
00da94da-eaf9-4790-a6fe-fe7b33931c70,sensacional os projetos também chegarem em ambiente de vulnerabilidade socioeconômica,Vulnerabilidade
d90a7533-8a3c-4a1e-9221-2185fdeaec90,tá sendo incrível fazer parte disso tudo,Organizacao
a6584b5b-822e-4c85-be5b-e91db87dc16e,"adorei conhecer outros projetos, muitas possibilidades de parcerias",Parcerias
a6584b5b-822e-4c85-be5b-e91db87dc16e,"adorei conhecer outros projetos, muitas possibilidades de parcerias",Projetos
a6584b5b-822e-4c85-be5b-e91db87dc16e,"adorei conhecer outros projetos, muitas possibilidades de parcerias",Possibilidades
3efe71e2-c0d5-4596-b566-0ef34e7ff13d,"as apresentações foram incríveis nesse primeira roda de conversa, estou ansiosa para a da embraer",Conversa
3efe71e2-c0d5-4596-b566-0ef34e7ff13d,"as apresentações foram incríveis nesse primeira roda de conversa, estou ansiosa para a da embraer",Embraer
3efe71e2-c0d5-4596-b566-0ef34e7ff13d,"as apresentações foram incríveis nesse primeira roda de conversa, estou ansiosa para a da embraer",Palestra
3efe71e2-c0d5-4596-b566-0ef34e7ff13d,"as apresentações foram incríveis nesse primeira roda de conversa, estou ansiosa para a da embraer",Roda
2d008ba4-8834-40ce-9c01-468181373d96,ótimo fórum ♥️,Forum
51dee22d-fc70-4bc4-b8ad-c757599b8ba8,experiência incrível,Experiencia
20280073-68fe-4304-9f54-d23b1663fe33,adoro a organização,Organizacao
20280073-68fe-4304-9f54-d23b1663fe33,o cuidado com o evento,Cuidado
c713c63b-4cef-4df5-8b95-372a1fabe5fa,"achei ótimo a palestra da parte da manhã, dirigida pela aleteia",Ramificacao
c713c63b-4cef-4df5-8b95-372a1fabe5fa,"achei ótimo a palestra da parte da manhã, dirigida pela aleteia",Manha
c713c63b-4cef-4df5-8b95-372a1fabe5fa,"achei ótimo a palestra da parte da manhã, dirigida pela aleteia",Palestra
c713c63b-4cef-4df5-8b95-372a1fabe5fa,"achei ótimo a palestra da parte da manhã, dirigida pela aleteia",Organizacao
29c31113-a01c-48e9-b475-a6963c13f3b6,palestra incrível,Palestra
936c9115-1651-46b3-8773-bdd88526fc2f,amei a programação,Programacao
bf25caf2-133a-4e49-af4f-273e12e2009e,"evento lindo, organização maravilhosa",Organizacao
f9ff0b83-ae39-447d-b0f0-4714731e87c0,amando as dinâmicasss,Dinamica
f9ff0b83-ae39-447d-b0f0-4714731e87c0,muito boas palestras,Palestra
bf25caf2-133a-4e49-af4f-273e12e2009e,parabéns a todas organizadoras do evento,Simposio
4805f191-e04f-47a2-aca3-c39b484e29a5,gostei de conhecer os projetos,Projetos
4805f191-e04f-47a2-aca3-c39b484e29a5,vou levar algumas ideias para os projetos que temos aqui,Ideia
4805f191-e04f-47a2-aca3-c39b484e29a5,vou levar algumas ideias para os projetos que temos aqui,Projetos
575e397c-e7d3-4587-9a09-46e3df1ccdf4,oportunidade de reencontrar pessoas maravilhosas ❤️,Oportunidade
575e397c-e7d3-4587-9a09-46e3df1ccdf4,oportunidade de reencontrar pessoas maravilhosas ❤️,Organizacao
79fef718-42f9-41fd-b7b1-36943233fdba,amei a ideia de engajamento com estratégias de gamificação,Engajamento
79fef718-42f9-41fd-b7b1-36943233fdba,amei a ideia de engajamento com estratégias de gamificação,Ideia
79fef718-42f9-41fd-b7b1-36943233fdba,amei a ideia de engajamento com estratégias de gamificação,Projetos
79fef718-42f9-41fd-b7b1-36943233fdba,amei a ideia de engajamento com estratégias de gamificação,Gamificacao
79fef718-42f9-41fd-b7b1-36943233fdba,o acolhimento no evento foi ótimo,Organizacao
51dee22d-fc70-4bc4-b8ad-c757599b8ba8,palestra otimaaaa,Palestra
631b69a6-0a28-4aac-93e4-ae024e5efc3b,"somos oi, meninas da uern",Mulheres
631b69a6-0a28-4aac-93e4-ae024e5efc3b,coloquem nosso adesivo no seu crachá 😍😍😍😍,Engie
631b69a6-0a28-4aac-93e4-ae024e5efc3b,coloquem nosso adesivo no seu crachá 😍😍😍😍,Cracha
699121e7-c258-43d0-9ede-fdbd0daeb1b5,gostaria de saber se há grupo de zap com os participantes dos projetos parceiros,Participantes
699121e7-c258-43d0-9ede-fdbd0daeb1b5,gostaria de saber se há grupo de zap com os participantes dos projetos parceiros,Projetos
699121e7-c258-43d0-9ede-fdbd0daeb1b5,gostaria de saber se há grupo de zap com os participantes dos projetos parceiros,Organizacao
699121e7-c258-43d0-9ede-fdbd0daeb1b5,gostaria de saber se há grupo de zap com os participantes dos projetos parceiros,Grupo
699121e7-c258-43d0-9ede-fdbd0daeb1b5,projetos aprovados no cnpq,Projetos
699121e7-c258-43d0-9ede-fdbd0daeb1b5,projetos aprovados no cnpq,Cnpq
0420c57a-0aa8-45b1-9166-f455c0711707,incrível ver a participação feminina em cargos de liderança na engie,Engie
0420c57a-0aa8-45b1-9166-f455c0711707,incrível ver a participação feminina em cargos de liderança na engie,Cargos
0420c57a-0aa8-45b1-9166-f455c0711707,incrível ver a participação feminina em cargos de liderança na engie,Lideranca
0420c57a-0aa8-45b1-9166-f455c0711707,incrível ver a participação feminina em cargos de liderança na engie,Inclusao
631b69a6-0a28-4aac-93e4-ae024e5efc3b,"nossas meninas estão distribuindo nossos adesivos, nos ajudem a divulgar nosso projeto",Mulheres
631b69a6-0a28-4aac-93e4-ae024e5efc3b,"nossas meninas estão distribuindo nossos adesivos, nos ajudem a divulgar nosso projeto",Projetos
631b69a6-0a28-4aac-93e4-ae024e5efc3b,"nossas meninas estão distribuindo nossos adesivos, nos ajudem a divulgar nosso projeto",Engie
631b69a6-0a28-4aac-93e4-ae024e5efc3b,levem essa lembranca pra casa ❤️,Casa
631b69a6-0a28-4aac-93e4-ae024e5efc3b,"oi, meninas - uern",Mulheres
429ddec8-9edb-4757-ab8b-fcdb61defd4e,o fórum foi incrível,Forum
0708d7a9-ed61-4c3c-9a29-dd8d999363e3,fórum maravilhoso,Forum
b787555f-cd18-4a0b-9e20-493282185ddd,"""começar trabalhando a base"" 
é exatamente isso que precisamos fazer se quisermos consolidar a ciência para o futuro",Base
b787555f-cd18-4a0b-9e20-493282185ddd,"""começar trabalhando a base"" 
é exatamente isso que precisamos fazer se quisermos consolidar a ciência para o futuro",Futuro
b787555f-cd18-4a0b-9e20-493282185ddd,"""começar trabalhando a base"" 
é exatamente isso que precisamos fazer se quisermos consolidar a ciência para o futuro",Pesquisa
c49c15fe-dc85-4357-b9ea-0311374c56f8,muito boa palestra da engie,Engie
c49c15fe-dc85-4357-b9ea-0311374c56f8,muito boa palestra da engie,Palestra
4bc0a904-0a38-4b33-b1de-cab5ea9cf808,bom dms,Dms
c5f537b2-2d25-4784-88c0-7d434cd447d9,já queremos nossa camisaaa🫶🏼💙,Organizacao
3e429152-f456-498f-9abb-459b5388f42d,"fiquei curiosa em relação a engie, nao sabia que eles tinham tantas ações positivas quanto a diversidade",Engie
3e429152-f456-498f-9abb-459b5388f42d,"fiquei curiosa em relação a engie, nao sabia que eles tinham tantas ações positivas quanto a diversidade",Organizacao
3e429152-f456-498f-9abb-459b5388f42d,"fiquei curiosa em relação a engie, nao sabia que eles tinham tantas ações positivas quanto a diversidade",Diversidade
3e429152-f456-498f-9abb-459b5388f42d,"fiquei curiosa em relação a engie, nao sabia que eles tinham tantas ações positivas quanto a diversidade",Acoes
c5f537b2-2d25-4784-88c0-7d434cd447d9,"segundo diaaaa, podiam ter mais três 🤍",Diaaaa
1bfbf56f-28e4-4dee-874f-83823030bda3,que iniciativa incrível da engie,Engie
1bfbf56f-28e4-4dee-874f-83823030bda3,que iniciativa incrível da engie,Projetos
1bfbf56f-28e4-4dee-874f-83823030bda3,interessante trilha de carreiras femininas,Trajetoria
1bfbf56f-28e4-4dee-874f-83823030bda3,interessante trilha de carreiras femininas,Carreiras
d7cc7b23-8be1-497b-ae4a-23b538971629,obrigada a toda organização,Organizacao
3e429152-f456-498f-9abb-459b5388f42d,já fui buscar mais informações sobre a engie,Engie
3e429152-f456-498f-9abb-459b5388f42d,já fui buscar mais informações sobre a engie,Informacoes
3e429152-f456-498f-9abb-459b5388f42d,ansiosa para acompanhar as oportunidades que aparecerão,Oportunidade
936c9115-1651-46b3-8773-bdd88526fc2f,ansiosa para os posteres dos projetos parceiros,Posteres
936c9115-1651-46b3-8773-bdd88526fc2f,ansiosa para os posteres dos projetos parceiros,Projetos
5244efbb-01d2-4f7e-b505-4fd32300baff,trajetórias inspiradoras,Trajetoria
c04b5ba6-0939-443f-93db-54b15820e804,muito enriquecedora a palestra,Palestra
c04b5ba6-0939-443f-93db-54b15820e804,muito enriquecedora a palestra,Enriquecedora
c04b5ba6-0939-443f-93db-54b15820e804,muito legal conhecer a história da nazaré ❤️,Nazare
c04b5ba6-0939-443f-93db-54b15820e804,muito legal conhecer a história da nazaré ❤️,Artigos
575e397c-e7d3-4587-9a09-46e3df1ccdf4,ótimas lições a nazaré hahne nos presenteou,Organizacao
575e397c-e7d3-4587-9a09-46e3df1ccdf4,ótimas lições a nazaré hahne nos presenteou,Nazare
a31c1cb8-e9bd-4faa-854e-3b114bbb62ed,foi ótimo escutar a nazaré falando,Nazare
a31c1cb8-e9bd-4faa-854e-3b114bbb62ed,me sentindo grata por participar desse evento de mulheres maravilhosas,Mulheres
a31c1cb8-e9bd-4faa-854e-3b114bbb62ed,me sentindo grata por participar desse evento de mulheres maravilhosas,Organizacao
00da94da-eaf9-4790-a6fe-fe7b33931c70,eu acho fantástico esse compartilhamento sobre as questões da maternidade durante a carreira,Organizacao
00da94da-eaf9-4790-a6fe-fe7b33931c70,eu acho fantástico esse compartilhamento sobre as questões da maternidade durante a carreira,Carreira
00da94da-eaf9-4790-a6fe-fe7b33931c70,eu acho fantástico esse compartilhamento sobre as questões da maternidade durante a carreira,Maternidade
00da94da-eaf9-4790-a6fe-fe7b33931c70,eu acho fantástico esse compartilhamento sobre as questões da maternidade durante a carreira,Compartilhamento
6933d6a3-26d4-4177-97e9-e7325d50bfaa,nazaré como foi retornar as atividades profissionais após a licença maternidade,Maternidade
6933d6a3-26d4-4177-97e9-e7325d50bfaa,nazaré como foi retornar as atividades profissionais após a licença maternidade,Licenca
6933d6a3-26d4-4177-97e9-e7325d50bfaa,nazaré como foi retornar as atividades profissionais após a licença maternidade,Eventos
2dda6d0e-c0bf-4094-9dd0-82540de1cfaa,ansioso pela troca de brindes kkkkkk,Organizacao
2dda6d0e-c0bf-4094-9dd0-82540de1cfaa,ansioso pela troca de brindes kkkkkk,Sessao
2dda6d0e-c0bf-4094-9dd0-82540de1cfaa,ansioso pela troca de brindes kkkkkk,Troca
5c7c797e-febc-42ad-883a-7aaefc221bb2,gostei muito da maneira como elas falaram da carreira,Carreira
5c7c797e-febc-42ad-883a-7aaefc221bb2,gostei muito da maneira como elas falaram da carreira,Organizacao
be28feaa-bc8c-45e6-b109-e943185c33f5,foi inspirador acompanhar discussões tão relevantes,Conversa
be28feaa-bc8c-45e6-b109-e943185c33f5,"ver tantas iniciativas comprometidas com inclusão, diversidade",Projetos
be28feaa-bc8c-45e6-b109-e943185c33f5,"ver tantas iniciativas comprometidas com inclusão, diversidade",Diversidade
be28feaa-bc8c-45e6-b109-e943185c33f5,"ver tantas iniciativas comprometidas com inclusão, diversidade",Inclusao
be28feaa-bc8c-45e6-b109-e943185c33f5,transformação social,Transformacao
f968ccfe-0100-4760-818b-0d85fd912a70,"adorei a palestra, pude conhecer muitos projetos",Projetos
f968ccfe-0100-4760-818b-0d85fd912a70,"adorei a palestra, pude conhecer muitos projetos",Palestra
f968ccfe-0100-4760-818b-0d85fd912a70,"adorei a palestra, pude conhecer muitos projetos",Organizacao
1b58aa1e-e0c5-485a-8317-7bbe5c074e42,"participar do wit foi uma oportunidade única de aprendizado, conexão",Aprendizado
1b58aa1e-e0c5-485a-8317-7bbe5c074e42,"participar do wit foi uma oportunidade única de aprendizado, conexão",Oportunidade
1b58aa1e-e0c5-485a-8317-7bbe5c074e42,"participar do wit foi uma oportunidade única de aprendizado, conexão",Conexao
1b58aa1e-e0c5-485a-8317-7bbe5c074e42,inspiração,Inspiracao
1b58aa1e-e0c5-485a-8317-7bbe5c074e42,cada fala reafirmou a importância de promover espaços que incentivem a presença,Organizacao
1b58aa1e-e0c5-485a-8317-7bbe5c074e42,a permanência de mulheres na tecno,Mulheres
1b58aa1e-e0c5-485a-8317-7bbe5c074e42,a permanência de mulheres na tecno,Tecnologia
1b58aa1e-e0c5-485a-8317-7bbe5c074e42,a permanência de mulheres na tecno,Continuidade
5c7c797e-febc-42ad-883a-7aaefc221bb2,muito interessante a explicativa sobre o move to clound,Fato
5c7c797e-febc-42ad-883a-7aaefc221bb2,muito interessante a explicativa sobre o move to clound,Movimentos
1b58aa1e-e0c5-485a-8317-7bbe5c074e42,"tantas mulheres incríveis reunidas, trocando experiências, fortalecendo umas às outras",Mulheres
1b58aa1e-e0c5-485a-8317-7bbe5c074e42,"tantas mulheres incríveis reunidas, trocando experiências, fortalecendo umas às outras",Experiencia
1b58aa1e-e0c5-485a-8317-7bbe5c074e42,mostrando que lugar de mulher é onde ela quiser — inclusive (,Mulheres
1b58aa1e-e0c5-485a-8317-7bbe5c074e42,mostrando que lugar de mulher é onde ela quiser — inclusive (,Area
1b58aa1e-e0c5-485a-8317-7bbe5c074e42,principalmente) na tecnologia,Tecnologia
454aed9e-698f-45b7-bd91-93f4a4e6aa1d,muito legal a palestra,Palestra
454aed9e-698f-45b7-bd91-93f4a4e6aa1d,muito conhecimento compartilhado,Conhecimento
a6584b5b-822e-4c85-be5b-e91db87dc16e,as ações da engie são interessantes,Engie
a6584b5b-822e-4c85-be5b-e91db87dc16e,as ações da engie são interessantes,Acoes
a6584b5b-822e-4c85-be5b-e91db87dc16e,geram oportunidades inclusivas,Oportunidade
a4526431-24ef-4045-8981-a19a451487ac,inspiradora a palestra da engie,Engie
a4526431-24ef-4045-8981-a19a451487ac,inspiradora a palestra da engie,Palestra
51dee22d-fc70-4bc4-b8ad-c757599b8ba8,palestra completa,Palestra
8a9fc84a-4a91-46ee-b112-e39d627e2abd,estou gostando muito da palestra da engie,Engie
8a9fc84a-4a91-46ee-b112-e39d627e2abd,estou gostando muito da palestra da engie,Palestra
a2172412-8829-44fe-a1bb-c21eb82571aa,a palestra das meninas da envie foi muito boa,Mulheres
a2172412-8829-44fe-a1bb-c21eb82571aa,a palestra das meninas da envie foi muito boa,Palestra
a2172412-8829-44fe-a1bb-c21eb82571aa,a palestra das meninas da envie foi muito boa,Organizacao
9306534e-a4af-407c-a97e-3eab6fa1c918,palestra interessante que as meninas da engie apresentaram,Mulheres
9306534e-a4af-407c-a97e-3eab6fa1c918,palestra interessante que as meninas da engie apresentaram,Palestra
9306534e-a4af-407c-a97e-3eab6fa1c918,palestra interessante que as meninas da engie apresentaram,Engie
3f3583d6-1037-423a-9a58-0b27ea89d428,"a palestra da engie foi maravilhosa, repleta de conhecimentos",Engie
3f3583d6-1037-423a-9a58-0b27ea89d428,"a palestra da engie foi maravilhosa, repleta de conhecimentos",Conhecimento
3f3583d6-1037-423a-9a58-0b27ea89d428,"a palestra da engie foi maravilhosa, repleta de conhecimentos",Palestra
3f3583d6-1037-423a-9a58-0b27ea89d428,"a palestra da engie foi maravilhosa, repleta de conhecimentos",Organizacao
3f3583d6-1037-423a-9a58-0b27ea89d428,aprendizados,Aprendizado
699121e7-c258-43d0-9ede-fdbd0daeb1b5,excelente palestra da engie,Engie
699121e7-c258-43d0-9ede-fdbd0daeb1b5,excelente palestra da engie,Palestra
97b78585-66fb-4308-ac17-5dec3ad981db,muito bom conhecer mulheres inspiradoras,Mulheres
8b928f09-aedb-4ce1-a365-4d56a0839c50,"interessante demais a palestra da engie, ver que as empresas estão começando a se diversificar",Engie
8b928f09-aedb-4ce1-a365-4d56a0839c50,"interessante demais a palestra da engie, ver que as empresas estão começando a se diversificar",Empresas
8b928f09-aedb-4ce1-a365-4d56a0839c50,"interessante demais a palestra da engie, ver que as empresas estão começando a se diversificar",Palestra
8b928f09-aedb-4ce1-a365-4d56a0839c50,isso que as mulheres exitam em se candidatar as vagas sem estar 100% dos requisitos é muito real,Mulheres
8b928f09-aedb-4ce1-a365-4d56a0839c50,isso que as mulheres exitam em se candidatar as vagas sem estar 100% dos requisitos é muito real,Requisitos
8b928f09-aedb-4ce1-a365-4d56a0839c50,isso que as mulheres exitam em se candidatar as vagas sem estar 100% dos requisitos é muito real,Organizacao
b26c0a2d-f5a9-4708-a4ec-8603756202d8,amei a palestra,Palestra
b26c0a2d-f5a9-4708-a4ec-8603756202d8,vou passar as informações para minhas alunas,Engie
b26c0a2d-f5a9-4708-a4ec-8603756202d8,vou passar as informações para minhas alunas,Informacoes
79fef718-42f9-41fd-b7b1-36943233fdba,parabéns pelas iniciativas de diversidade,Projetos
79fef718-42f9-41fd-b7b1-36943233fdba,parabéns pelas iniciativas de diversidade,Diversidade
170840c4-5893-454a-8433-5854baffd2cc,ansiosa para ganhar essa camisa lindaaa,Camisa
00785be0-171f-446a-9069-97212c12e0e3,"maravilhosas, eu amei",Super
00785be0-171f-446a-9069-97212c12e0e3,estou adorando casa vez mais,Casa
00785be0-171f-446a-9069-97212c12e0e3,estou adorando casa vez mais,Organizacao
41984732-0ee1-4644-b003-3309c119734d,muito importante esse tema,Organizacao
cc7e1a51-703f-4d8f-b49c-ee6447e0542d,palestras excepcionais,Palestra
00785be0-171f-446a-9069-97212c12e0e3,"vocês são incríveis, uma palestra melhor que a outra",Palestra
c01cfc13-c80c-4c86-872a-da81361b3339,muito muito muito legal a palestra da engie,Engie
c01cfc13-c80c-4c86-872a-da81361b3339,muito muito muito legal a palestra da engie,Palestra
c01cfc13-c80c-4c86-872a-da81361b3339,muitas dicas boas,Conselhos
cc7e1a51-703f-4d8f-b49c-ee6447e0542d,dúvidas esclarecidas,Organizacao
93780366-368f-4230-aa79-3ac4dca0bec6,"o que me falta mais é autoconfiança no meu próprio conhecimento, obrigada meninas",Mulheres
93780366-368f-4230-aa79-3ac4dca0bec6,"o que me falta mais é autoconfiança no meu próprio conhecimento, obrigada meninas",Autoconfianca
93780366-368f-4230-aa79-3ac4dca0bec6,"o que me falta mais é autoconfiança no meu próprio conhecimento, obrigada meninas",Conhecimento
9306534e-a4af-407c-a97e-3eab6fa1c918,ótimo conselho dado em relação ao ensino técnico que foi passado pela nazaré,Aprendizado
9306534e-a4af-407c-a97e-3eab6fa1c918,ótimo conselho dado em relação ao ensino técnico que foi passado pela nazaré,Organizacao
9306534e-a4af-407c-a97e-3eab6fa1c918,ótimo conselho dado em relação ao ensino técnico que foi passado pela nazaré,Nazare
9306534e-a4af-407c-a97e-3eab6fa1c918,ótimo conselho dado em relação ao ensino técnico que foi passado pela nazaré,Conselhos
c04b5ba6-0939-443f-93db-54b15820e804,"me identifiquei muito com a parte da timidez kkkkkk adorei a palestra das meninas, são conselhos muito valiosos ❤️",Organizacao
c04b5ba6-0939-443f-93db-54b15820e804,"me identifiquei muito com a parte da timidez kkkkkk adorei a palestra das meninas, são conselhos muito valiosos ❤️",Mulheres
c04b5ba6-0939-443f-93db-54b15820e804,"me identifiquei muito com a parte da timidez kkkkkk adorei a palestra das meninas, são conselhos muito valiosos ❤️",Timidez
c04b5ba6-0939-443f-93db-54b15820e804,"me identifiquei muito com a parte da timidez kkkkkk adorei a palestra das meninas, são conselhos muito valiosos ❤️",Palestra
c04b5ba6-0939-443f-93db-54b15820e804,"me identifiquei muito com a parte da timidez kkkkkk adorei a palestra das meninas, são conselhos muito valiosos ❤️",Enriquecedora
c04b5ba6-0939-443f-93db-54b15820e804,"me identifiquei muito com a parte da timidez kkkkkk adorei a palestra das meninas, são conselhos muito valiosos ❤️",Conselhos
b26c0a2d-f5a9-4708-a4ec-8603756202d8,"sou coordenadora de um projeto de extensão vinculado às meninas digitais,",Mulheres
b26c0a2d-f5a9-4708-a4ec-8603756202d8,"sou coordenadora de um projeto de extensão vinculado às meninas digitais,",Projetos
b26c0a2d-f5a9-4708-a4ec-8603756202d8,"sou coordenadora de um projeto de extensão vinculado às meninas digitais,",Organizacao
b26c0a2d-f5a9-4708-a4ec-8603756202d8,nunca olho os editais do cnpq,Cnpq
b26c0a2d-f5a9-4708-a4ec-8603756202d8,nunca olho os editais do cnpq,Organizacao
b26c0a2d-f5a9-4708-a4ec-8603756202d8,participar da mesa redonda me despertou para ficar de olho nesses editais,Olho
b26c0a2d-f5a9-4708-a4ec-8603756202d8,participar da mesa redonda me despertou para ficar de olho nesses editais,Mesa
c01cfc13-c80c-4c86-872a-da81361b3339,duas mulheres incríveis nazaré,Mulheres
5671ae6e-ba88-4fbb-b2dd-5c0c4e65ce60,eu quero entrar na engie,Engie
5671ae6e-ba88-4fbb-b2dd-5c0c4e65ce60,vamos meninas digitais,Mulheres
6933d6a3-26d4-4177-97e9-e7325d50bfaa,insights importantes da vida de uma profissional em ti na palestra engie,Vida
6933d6a3-26d4-4177-97e9-e7325d50bfaa,insights importantes da vida de uma profissional em ti na palestra engie,Palestra
6933d6a3-26d4-4177-97e9-e7325d50bfaa,insights importantes da vida de uma profissional em ti na palestra engie,Organizacao
6933d6a3-26d4-4177-97e9-e7325d50bfaa,insights importantes da vida de uma profissional em ti na palestra engie,Carreira
b2b4af06-4544-44ae-8b60-f90bdc1f0fe2,ansiosa pela camisa,Camisa
b2b4af06-4544-44ae-8b60-f90bdc1f0fe2,pelo momento da foto,Momento
b2b4af06-4544-44ae-8b60-f90bdc1f0fe2,pelo momento da foto,Foto
b2b4af06-4544-44ae-8b60-f90bdc1f0fe2,amei participar do painel,Painel
b2b4af06-4544-44ae-8b60-f90bdc1f0fe2,obrigada pelo convite,Convite
c08bca4e-d84f-4567-b938-d29470fd6d02,"amando muito a oportunidade de participar desse evento, incrível",Oportunidade
b26c0a2d-f5a9-4708-a4ec-8603756202d8,minhas alunas estão empolgadíssimas de sair na foto da meninas digitais,Engie
b26c0a2d-f5a9-4708-a4ec-8603756202d8,minhas alunas estão empolgadíssimas de sair na foto da meninas digitais,Foto
b26c0a2d-f5a9-4708-a4ec-8603756202d8,minhas alunas estão empolgadíssimas de sair na foto da meninas digitais,Super
b26c0a2d-f5a9-4708-a4ec-8603756202d8,minhas alunas estão empolgadíssimas de sair na foto da meninas digitais,Mulheres
537d3fe2-2cd9-4d63-a1cf-6c6d288411ff,o jantar de ontem foi muito especial,Jantar
5b1bd074-2e84-4caf-854b-505a36f8a606,"gostei bastante, bons assuntos abordados",Organizacao
1bfbf56f-28e4-4dee-874f-83823030bda3,amei a camiseta 👕 ✨️,Camisa
3f3583d6-1037-423a-9a58-0b27ea89d428,a blusa do wit é linda demais,Organizacao
1b4e9684-e087-4145-88d4-125c44975a1c,lindos relatos de trajetória profissional,Trajetoria
1b4e9684-e087-4145-88d4-125c44975a1c,lindos relatos de trajetória profissional,Artigos
7ab458bd-970a-40e5-9525-ee10be806901,"as palestras muito ricas, amei tudo",Palestra
3f3583d6-1037-423a-9a58-0b27ea89d428,organização do evento arrasou,Organizacao
1b4e9684-e087-4145-88d4-125c44975a1c,"a palestra foi maravilhosa, seria interessante se o meninas digitais tivesse iniciativas concretas para empregar nossa comunidade, criando parcerias com instituições privadas",Parcerias
1b4e9684-e087-4145-88d4-125c44975a1c,"a palestra foi maravilhosa, seria interessante se o meninas digitais tivesse iniciativas concretas para empregar nossa comunidade, criando parcerias com instituições privadas",Projetos
1b4e9684-e087-4145-88d4-125c44975a1c,"a palestra foi maravilhosa, seria interessante se o meninas digitais tivesse iniciativas concretas para empregar nossa comunidade, criando parcerias com instituições privadas",Comunidade
1b4e9684-e087-4145-88d4-125c44975a1c,"a palestra foi maravilhosa, seria interessante se o meninas digitais tivesse iniciativas concretas para empregar nossa comunidade, criando parcerias com instituições privadas",Mulheres
1b4e9684-e087-4145-88d4-125c44975a1c,"a palestra foi maravilhosa, seria interessante se o meninas digitais tivesse iniciativas concretas para empregar nossa comunidade, criando parcerias com instituições privadas",Carreira
1b4e9684-e087-4145-88d4-125c44975a1c,"a palestra foi maravilhosa, seria interessante se o meninas digitais tivesse iniciativas concretas para empregar nossa comunidade, criando parcerias com instituições privadas",Palestra
1b4e9684-e087-4145-88d4-125c44975a1c,programas parceiros,Programacao
e9b594f7-6309-4190-9032-4dde803e2d6a,muito linda a camisa das meninas digitais ❤️❤️,Mulheres
e9b594f7-6309-4190-9032-4dde803e2d6a,muito linda a camisa das meninas digitais ❤️❤️,Camisa
af226d00-c366-4e2d-9c27-2b3ed3d78273,conhecimentos extremamente valiosos,Conhecimento
af226d00-c366-4e2d-9c27-2b3ed3d78273,conhecimentos extremamente valiosos,Enriquecedora
908bb7b4-88ca-4d4c-83d1-513a4e11c569,amei a camisa das meninas digitais,Mulheres
908bb7b4-88ca-4d4c-83d1-513a4e11c569,amei a camisa das meninas digitais,Camisa
908bb7b4-88ca-4d4c-83d1-513a4e11c569,a corrida do csbc foi top,Carreiras
cd5e94b1-51c2-4147-a20b-9e1345a0adad,eu amei o encontro dos projetos parceiros da meninonas digitais,Meninos
cd5e94b1-51c2-4147-a20b-9e1345a0adad,eu amei o encontro dos projetos parceiros da meninonas digitais,Projetos
cd5e94b1-51c2-4147-a20b-9e1345a0adad,eu amei o encontro dos projetos parceiros da meninonas digitais,Encontro
cd5e94b1-51c2-4147-a20b-9e1345a0adad,estou ansiosa para a palestra da embraer 😍😍,Embraer
cd5e94b1-51c2-4147-a20b-9e1345a0adad,estou ansiosa para a palestra da embraer 😍😍,Palestra
af226d00-c366-4e2d-9c27-2b3ed3d78273,amei a camiseta das meninas digitais,Mulheres
af226d00-c366-4e2d-9c27-2b3ed3d78273,amei a camiseta das meninas digitais,Camisa
5c7c797e-febc-42ad-883a-7aaefc221bb2,camisa maravilhosa ❤️,Camisa
e56b565e-2680-4f05-bfb5-f672c691d632,a camiseta é belíssima,Camisa
489050ba-f6ce-4f05-a8ce-d6bdee47371a,"muito feliz em estar fazendo parte do wit esse ano, o mar azul da foto foi sensacional",Foto
489050ba-f6ce-4f05-a8ce-d6bdee47371a,"muito feliz em estar fazendo parte do wit esse ano, o mar azul da foto foi sensacional",Organizacao
3853a3fa-b147-4e93-b479-539e9c2370b2,"adorei a animação da senhorinha na hora da fotografia, amei a receptivo",Mulheres
3853a3fa-b147-4e93-b479-539e9c2370b2,"adorei a animação da senhorinha na hora da fotografia, amei a receptivo",Momento
3853a3fa-b147-4e93-b479-539e9c2370b2,"adorei a animação da senhorinha na hora da fotografia, amei a receptivo",Animacao
3853a3fa-b147-4e93-b479-539e9c2370b2,"adorei a animação da senhorinha na hora da fotografia, amei a receptivo",Foto
8a9fc84a-4a91-46ee-b112-e39d627e2abd,amei a blusa do wit,Organizacao
97bb898c-af32-4429-b56c-5914309a8775,ansiosa pela apresentação dos banners,Palestra
97bb898c-af32-4429-b56c-5914309a8775,ansiosa pela apresentação dos banners,Banners
5c7c797e-febc-42ad-883a-7aaefc221bb2,muito obrigada meninas,Mulheres
e6c29589-e8e1-47aa-be9e-aecde3b1f82b,adorei os temas,Organizacao
e6c29589-e8e1-47aa-be9e-aecde3b1f82b,"salas aconchegantes, só o ar que tá muito gelado",Organizacao
5ca22f49-b601-4a36-81af-dba71e05cf97,palestras muito boas,Palestra
8e1a9311-52fe-4567-8c58-70f0e2281925,renacee md é maravilhoso,Renacee
fa22c635-07b6-4718-9309-2665ad2d1a12,muito legal ver os outros projetos do cnpq,Projetos
fa22c635-07b6-4718-9309-2665ad2d1a12,muito legal ver os outros projetos do cnpq,Cnpq
8e1a9311-52fe-4567-8c58-70f0e2281925,ansiosa pela foto oficial desse ano,Foto
fd51eca2-7207-474a-8495-5c0e5f20aea5,muito boa as histórias,Artigos
b7c16dca-5c66-4a7b-8685-96474b1617e0,ansiosa para dar continuidade a segunda sessão de pôsteres,Posteres
b7c16dca-5c66-4a7b-8685-96474b1617e0,ansiosa para dar continuidade a segunda sessão de pôsteres,Sessao
b7c16dca-5c66-4a7b-8685-96474b1617e0,ansiosa para dar continuidade a segunda sessão de pôsteres,Continuidade
a2172412-8829-44fe-a1bb-c21eb82571aa,as camisas wit 2025 estão belíssimas🫶🏻,Camisa
6d48edcf-e6d6-48d3-a2e0-e9296cb697f3,a foto foi um momento muito massa,Momento
6d48edcf-e6d6-48d3-a2e0-e9296cb697f3,a foto foi um momento muito massa,Foto
c8194828-4572-4490-92ca-12b49d139fba,adorei as camisetas,Camisa
71ba845f-dca4-4b80-a9fc-5012503262d8,palestras incríveis,Palestra
bc2f024f-816c-4560-b2e7-fe905d1a0478,conteúdo riquíssimo,Organizacao
71ba845f-dca4-4b80-a9fc-5012503262d8,mal posso esperar pelas próximas palestras,Palestra
bc2f024f-816c-4560-b2e7-fe905d1a0478,ansiosa para nossa próxima sessão,Sessao
be669223-c64d-4256-b488-d6a63a1f5117,muito interessante a ideia de gamificação com o aplicativo,Ideia
be669223-c64d-4256-b488-d6a63a1f5117,muito interessante a ideia de gamificação com o aplicativo,Aplicativo
be669223-c64d-4256-b488-d6a63a1f5117,muito interessante a ideia de gamificação com o aplicativo,Gamificacao
be28feaa-bc8c-45e6-b109-e943185c33f5,"as palestras são ótimas retratando a realidades de muitas mulheres ,",Fato
be28feaa-bc8c-45e6-b109-e943185c33f5,"as palestras são ótimas retratando a realidades de muitas mulheres ,",Palestra
be28feaa-bc8c-45e6-b109-e943185c33f5,"as palestras são ótimas retratando a realidades de muitas mulheres ,",Mulheres
be28feaa-bc8c-45e6-b109-e943185c33f5,nos inspirado cada vez mais,Organizacao
be669223-c64d-4256-b488-d6a63a1f5117,"a camiseta está linda, adorei",Camisa
fcd08197-e61d-4cc4-8460-7859bc9ee761,um momento cheio de aprendizado,Momento
fcd08197-e61d-4cc4-8460-7859bc9ee761,um momento cheio de aprendizado,Aprendizado
edb1ed7b-5a06-419c-bbb0-692a9fbf269e,gostei bastante da iniciativa de ensino de programação competitiva para meninas em escolas públicas,Programacao
edb1ed7b-5a06-419c-bbb0-692a9fbf269e,gostei bastante da iniciativa de ensino de programação competitiva para meninas em escolas públicas,Aprendizado
edb1ed7b-5a06-419c-bbb0-692a9fbf269e,gostei bastante da iniciativa de ensino de programação competitiva para meninas em escolas públicas,Projetos
edb1ed7b-5a06-419c-bbb0-692a9fbf269e,gostei bastante da iniciativa de ensino de programação competitiva para meninas em escolas públicas,Mulheres
ecf86f01-f235-4ce6-b218-43e9ae6ebb8f,amei a apresentação de projetos,Projetos
ecf86f01-f235-4ce6-b218-43e9ae6ebb8f,amei a apresentação de projetos,Palestra
ecf86f01-f235-4ce6-b218-43e9ae6ebb8f,super inspiradores,Inspiracao
ecf86f01-f235-4ce6-b218-43e9ae6ebb8f,sessão de posters muito linda,Posteres
ecf86f01-f235-4ce6-b218-43e9ae6ebb8f,sessão de posters muito linda,Sessao
edb1ed7b-5a06-419c-bbb0-692a9fbf269e,as estatísticas são bastante otimistas,Otimistas
edb1ed7b-5a06-419c-bbb0-692a9fbf269e,as estatísticas são bastante otimistas,Artigos
fcd08197-e61d-4cc4-8460-7859bc9ee761,momento enriquecedor,Momento
0fd4184b-054c-4f30-a68f-4f62688e40b4,primeira vez no congresso,Congresso
0fd4184b-054c-4f30-a68f-4f62688e40b4,voltarei nos próximos com certeza,Organizacao
489050ba-f6ce-4f05-a8ce-d6bdee47371a,parabéns aos projetos parceiros,Projetos
6f0e3eaf-fbf3-4cda-afac-5bea2ead2b37,gostei da exposição dos projetos parceiros,Projetos
6f0e3eaf-fbf3-4cda-afac-5bea2ead2b37,gostei da exposição dos projetos parceiros,Organizacao
4775372c-ada6-4087-bb2c-70b01e4bd2f8,"palestra maravilhosa demais, muito conhecimento compartilhado ☺️",Conhecimento
4775372c-ada6-4087-bb2c-70b01e4bd2f8,"palestra maravilhosa demais, muito conhecimento compartilhado ☺️",Palestra
92884dd4-6d85-4439-b8ed-855f735d689a,ufs aquii,Diaaaa
1130f3f4-1e33-482d-a327-745c63f1516b,amei os pôsteres,Posteres
81c3d4c8-2223-4ace-9cda-6620ed75bf1a,que bom ver tantos pôsteres de programas parceiros,Programacao
81c3d4c8-2223-4ace-9cda-6620ed75bf1a,que bom ver tantos pôsteres de programas parceiros,Posteres
575e397c-e7d3-4587-9a09-46e3df1ccdf4,adorei conhecer novos projetos parceiros durante a sessão de pôster,Projetos
575e397c-e7d3-4587-9a09-46e3df1ccdf4,adorei conhecer novos projetos parceiros durante a sessão de pôster,Sessao
8b928f09-aedb-4ce1-a365-4d56a0839c50,estou amando a gameficação,Gameficacao
51dee22d-fc70-4bc4-b8ad-c757599b8ba8,muito conhecimento,Conhecimento
0075ff65-ea4f-498d-992f-ada2464aa615,programacao wit maravilhosa,Programacao
464bbcb6-2b9f-498e-bfbd-4f0b6935e844,a coordenação do evento está de parabéns,Organizacao
464bbcb6-2b9f-498e-bfbd-4f0b6935e844,csbc em maceió é tudo de melhor 💞💞💞💞💞,Organizacao
adec314d-1120-4e55-985a-8bdbbf48be55,"parabéns, pela organização do evento",Organizacao
adec314d-1120-4e55-985a-8bdbbf48be55,as pautas são muito relevantes,Organizacao
6d48edcf-e6d6-48d3-a2e0-e9296cb697f3,a exposição dos projetos parceiros foi um sucesssooooo,Sucesssooooo
6d48edcf-e6d6-48d3-a2e0-e9296cb697f3,a exposição dos projetos parceiros foi um sucesssooooo,Projetos
6d48edcf-e6d6-48d3-a2e0-e9296cb697f3,a exposição dos projetos parceiros foi um sucesssooooo,Organizacao
fe69c798-5373-4255-831b-9a1ce468c5d6,a sessão de pôsteres foi incrível,Posteres
fe69c798-5373-4255-831b-9a1ce468c5d6,a sessão de pôsteres foi incrível,Sessao
fe69c798-5373-4255-831b-9a1ce468c5d6,conhecer mulheres com força de vontade dá inspiração para fazer o mesmo,Mulheres
fe69c798-5373-4255-831b-9a1ce468c5d6,conhecer mulheres com força de vontade dá inspiração para fazer o mesmo,Inspiracao
fe69c798-5373-4255-831b-9a1ce468c5d6,conhecer mulheres com força de vontade dá inspiração para fazer o mesmo,Organizacao
d9d06ba9-ddc7-49e3-8ff8-cfc02ea63d0f,amei a apresentação de banners,Palestra
d9d06ba9-ddc7-49e3-8ff8-cfc02ea63d0f,amei a apresentação de banners,Banners
d9d06ba9-ddc7-49e3-8ff8-cfc02ea63d0f,conhecer os outros projetos,Projetos
d9d06ba9-ddc7-49e3-8ff8-cfc02ea63d0f,falar sobre o meninas,Mulheres
d9d06ba9-ddc7-49e3-8ff8-cfc02ea63d0f,muito importante o relatório feito pela cide,Cide
d9d06ba9-ddc7-49e3-8ff8-cfc02ea63d0f,muito importante o relatório feito pela cide,Relatorio
d9d06ba9-ddc7-49e3-8ff8-cfc02ea63d0f,obrigada por trazerem ele para que a comunidade se conscientize cada vez mais,Organizacao
d9d06ba9-ddc7-49e3-8ff8-cfc02ea63d0f,obrigada por trazerem ele para que a comunidade se conscientize cada vez mais,Comunidade
adec314d-1120-4e55-985a-8bdbbf48be55,"devemos, sim, criar um ambiente em que todos se sintam bem-vindos",Saudades
adec314d-1120-4e55-985a-8bdbbf48be55,"devemos, sim, criar um ambiente em que todos se sintam bem-vindos",Ambiente
adec314d-1120-4e55-985a-8bdbbf48be55,para isso é preciso compreender os porquês das diferenças de representatividade em relação à sociedade brasileira na sbc,Organizacao
adec314d-1120-4e55-985a-8bdbbf48be55,para isso é preciso compreender os porquês das diferenças de representatividade em relação à sociedade brasileira na sbc,Comunidade
adec314d-1120-4e55-985a-8bdbbf48be55,para isso é preciso compreender os porquês das diferenças de representatividade em relação à sociedade brasileira na sbc,Diferenca
adec314d-1120-4e55-985a-8bdbbf48be55,para isso é preciso compreender os porquês das diferenças de representatividade em relação à sociedade brasileira na sbc,Representatividade
adec314d-1120-4e55-985a-8bdbbf48be55,para isso é preciso compreender os porquês das diferenças de representatividade em relação à sociedade brasileira na sbc,Sbc
4775372c-ada6-4087-bb2c-70b01e4bd2f8,"adorei a sessão de pôsteres, muitos trabalhos brilhantes 💜",Posteres
4775372c-ada6-4087-bb2c-70b01e4bd2f8,"adorei a sessão de pôsteres, muitos trabalhos brilhantes 💜",Sessao
4775372c-ada6-4087-bb2c-70b01e4bd2f8,"adorei a sessão de pôsteres, muitos trabalhos brilhantes 💜",Trabalhos
e56b565e-2680-4f05-bfb5-f672c691d632,a sessão de pôsteres foi inspiradora,Posteres
e56b565e-2680-4f05-bfb5-f672c691d632,a sessão de pôsteres foi inspiradora,Sessao
e56b565e-2680-4f05-bfb5-f672c691d632,parabéns a todos os projetos parceiros,Projetos
8f0f4c0d-f2eb-4b18-8099-25bcd217a483,importantíssimo ter o presidente da acm compreendendo a importância da diversidade na computação,Organizacao
8f0f4c0d-f2eb-4b18-8099-25bcd217a483,importantíssimo ter o presidente da acm compreendendo a importância da diversidade na computação,Acoes
8f0f4c0d-f2eb-4b18-8099-25bcd217a483,importantíssimo ter o presidente da acm compreendendo a importância da diversidade na computação,Diversidade
8f0f4c0d-f2eb-4b18-8099-25bcd217a483,importantíssimo ter o presidente da acm compreendendo a importância da diversidade na computação,Computacao
8f0f4c0d-f2eb-4b18-8099-25bcd217a483,importantíssimo ter o presidente da acm compreendendo a importância da diversidade na computação,Presidente
bc4009b6-e6ad-4b08-8126-a0e91ba35f4b,adorei ver mulheres tão importantes,Mulheres
bc4009b6-e6ad-4b08-8126-a0e91ba35f4b,obrigada por serem inspirações pra todas as meninas no congresso,Mulheres
bc4009b6-e6ad-4b08-8126-a0e91ba35f4b,obrigada por serem inspirações pra todas as meninas no congresso,Inspiracao
bc4009b6-e6ad-4b08-8126-a0e91ba35f4b,obrigada por serem inspirações pra todas as meninas no congresso,Congresso
3efe71e2-c0d5-4596-b566-0ef34e7ff13d,"já no início da apresentação da embraer me encantou os olhos, simplesmente incrível",Abertura
3efe71e2-c0d5-4596-b566-0ef34e7ff13d,"já no início da apresentação da embraer me encantou os olhos, simplesmente incrível",Embraer
3efe71e2-c0d5-4596-b566-0ef34e7ff13d,"já no início da apresentação da embraer me encantou os olhos, simplesmente incrível",Palestra
3efe71e2-c0d5-4596-b566-0ef34e7ff13d,"já no início da apresentação da embraer me encantou os olhos, simplesmente incrível",Olho
34f169b0-0592-49a9-adae-030f73515e9e,"pude aprender bastante sobre inclusão das mulheres na tecnologia, acredito que a palestra sanou diversas dúvidas pessoais minhas",Organizacao
34f169b0-0592-49a9-adae-030f73515e9e,"pude aprender bastante sobre inclusão das mulheres na tecnologia, acredito que a palestra sanou diversas dúvidas pessoais minhas",Mulheres
34f169b0-0592-49a9-adae-030f73515e9e,"pude aprender bastante sobre inclusão das mulheres na tecnologia, acredito que a palestra sanou diversas dúvidas pessoais minhas",Palestra
34f169b0-0592-49a9-adae-030f73515e9e,"pude aprender bastante sobre inclusão das mulheres na tecnologia, acredito que a palestra sanou diversas dúvidas pessoais minhas",Tecnologia
34f169b0-0592-49a9-adae-030f73515e9e,"pude aprender bastante sobre inclusão das mulheres na tecnologia, acredito que a palestra sanou diversas dúvidas pessoais minhas",Inclusao
34f169b0-0592-49a9-adae-030f73515e9e,ótima palestra,Palestra
34f169b0-0592-49a9-adae-030f73515e9e,muito grata por poder participar,Energia
34f169b0-0592-49a9-adae-030f73515e9e,muito grata por poder participar,Organizacao
38a3f457-2608-4b06-a8f5-f05a3c41b341,é muito bom ver as meninas de diferentes estados tão engajadas em um único propósito,Mulheres
38a3f457-2608-4b06-a8f5-f05a3c41b341,é muito bom ver as meninas de diferentes estados tão engajadas em um único propósito,Organizacao
38a3f457-2608-4b06-a8f5-f05a3c41b341,é muito bom ver as meninas de diferentes estados tão engajadas em um único propósito,Estados
bc4009b6-e6ad-4b08-8126-a0e91ba35f4b,amei a palestra da embraer,Embraer
bc4009b6-e6ad-4b08-8126-a0e91ba35f4b,amei a palestra da embraer,Palestra
464bbcb6-2b9f-498e-bfbd-4f0b6935e844,"genteee, que evento toppp",Organizacao
464bbcb6-2b9f-498e-bfbd-4f0b6935e844,"genteee, que evento toppp",Nivel
464bbcb6-2b9f-498e-bfbd-4f0b6935e844,maravilhosoooooo,Super
1e411a8b-4d32-4425-945d-09887c5071b8,entrega das camisas hoje foi emocionante,Camisa
c23e3c88-36e4-4099-abc5-67195fb50d88,adorei a sessão de pôsteres,Posteres
c23e3c88-36e4-4099-abc5-67195fb50d88,adorei a sessão de pôsteres,Sessao
c23e3c88-36e4-4099-abc5-67195fb50d88,é muito interessante ver tantos trabalhos voltados para mulheres em um congresso de computação,Mulheres
c23e3c88-36e4-4099-abc5-67195fb50d88,é muito interessante ver tantos trabalhos voltados para mulheres em um congresso de computação,Computacao
c23e3c88-36e4-4099-abc5-67195fb50d88,é muito interessante ver tantos trabalhos voltados para mulheres em um congresso de computação,Congresso
c23e3c88-36e4-4099-abc5-67195fb50d88,é muito interessante ver tantos trabalhos voltados para mulheres em um congresso de computação,Trabalhos
c23e3c88-36e4-4099-abc5-67195fb50d88,"como mulher na área de computação, acho muito importante eventos como esse",Mulheres
c23e3c88-36e4-4099-abc5-67195fb50d88,"como mulher na área de computação, acho muito importante eventos como esse",Computacao
c23e3c88-36e4-4099-abc5-67195fb50d88,"como mulher na área de computação, acho muito importante eventos como esse",Eventos
c23e3c88-36e4-4099-abc5-67195fb50d88,"como mulher na área de computação, acho muito importante eventos como esse",Area
1c7000ea-e558-4ef4-93d8-2c018ec84123,sempre muito bom ver jogos sobre mulheres em stem💕,Mulheres
1c7000ea-e558-4ef4-93d8-2c018ec84123,sempre muito bom ver jogos sobre mulheres em stem💕,Gameficacao
b7c16dca-5c66-4a7b-8685-96474b1617e0,"motivador a apresentação da embraer, tanto pelas oportunidades apresentadas,",Inspiracao
b7c16dca-5c66-4a7b-8685-96474b1617e0,"motivador a apresentação da embraer, tanto pelas oportunidades apresentadas,",Palestra
b7c16dca-5c66-4a7b-8685-96474b1617e0,"motivador a apresentação da embraer, tanto pelas oportunidades apresentadas,",Embraer
b7c16dca-5c66-4a7b-8685-96474b1617e0,"motivador a apresentação da embraer, tanto pelas oportunidades apresentadas,",Oportunidade
b7c16dca-5c66-4a7b-8685-96474b1617e0,"principalmente a história de vida da marinalva, uma inspiração em pessoa",Organizacao
b7c16dca-5c66-4a7b-8685-96474b1617e0,"principalmente a história de vida da marinalva, uma inspiração em pessoa",Artigos
b7c16dca-5c66-4a7b-8685-96474b1617e0,"principalmente a história de vida da marinalva, uma inspiração em pessoa",Inspiracao
b7c16dca-5c66-4a7b-8685-96474b1617e0,"principalmente a história de vida da marinalva, uma inspiração em pessoa",Marinalva
b7c16dca-5c66-4a7b-8685-96474b1617e0,"principalmente a história de vida da marinalva, uma inspiração em pessoa",Vida
251569e1-42c3-4c32-b8db-d8b8b9741d5b,adorei a camiseta,Camisa
251569e1-42c3-4c32-b8db-d8b8b9741d5b,manhã maravilhosa no wit,Manha
1130f3f4-1e33-482d-a327-745c63f1516b,poder ver tantos trabalhos das meninas nas áreas foi inspirador,Mulheres
1130f3f4-1e33-482d-a327-745c63f1516b,poder ver tantos trabalhos das meninas nas áreas foi inspirador,Trabalhos
1130f3f4-1e33-482d-a327-745c63f1516b,poder ver tantos trabalhos das meninas nas áreas foi inspirador,Area
b26c0a2d-f5a9-4708-a4ec-8603756202d8,a palestra da embraer foi fantástica,Embraer
b26c0a2d-f5a9-4708-a4ec-8603756202d8,a palestra da embraer foi fantástica,Palestra
b26c0a2d-f5a9-4708-a4ec-8603756202d8,que lição de vuda emocionante,Organizacao
b26c0a2d-f5a9-4708-a4ec-8603756202d8,primeira pergunta do questionário de avaliação do wit não está permitindo marcar mais de 1 alternativa,Pergunta
b26c0a2d-f5a9-4708-a4ec-8603756202d8,primeira pergunta do questionário de avaliação do wit não está permitindo marcar mais de 1 alternativa,Organizacao
b26c0a2d-f5a9-4708-a4ec-8603756202d8,primeira pergunta do questionário de avaliação do wit não está permitindo marcar mais de 1 alternativa,Possibilidades
262af184-23c3-4cb4-8231-04a142217d69,o tema é bem relevante,Organizacao
262af184-23c3-4cb4-8231-04a142217d69,trás perspectivas diferentes do que imaginava,Ideia
262af184-23c3-4cb4-8231-04a142217d69,palestra clara,Palestra
262af184-23c3-4cb4-8231-04a142217d69,objetiva,Objetiva
06f1249e-61d1-4916-a745-f29b8095822b,"interativo, vou sair desse congresso inspirada a focar nos meus estudos pra crescer",Congresso
06f1249e-61d1-4916-a745-f29b8095822b,"interativo, vou sair desse congresso inspirada a focar nos meus estudos pra crescer",Pesquisa
06f1249e-61d1-4916-a745-f29b8095822b,ganhar mais espaço na área ❤️,Organizacao
06f1249e-61d1-4916-a745-f29b8095822b,ganhar mais espaço na área ❤️,Area
06f1249e-61d1-4916-a745-f29b8095822b,a camiseta,Camisa
06f1249e-61d1-4916-a745-f29b8095822b,os brindes estão maravilhosos ❤️❤️❤️❤️,Sessao
c23e3c88-36e4-4099-abc5-67195fb50d88,conheci pessoas incríveis com projetos incríveis,Projetos
c23e3c88-36e4-4099-abc5-67195fb50d88,conheci pessoas incríveis com projetos incríveis,Organizacao
c23e3c88-36e4-4099-abc5-67195fb50d88,muito boa essa troca,Troca
c23e3c88-36e4-4099-abc5-67195fb50d88,o momento da foto oficial foi muito lindo,Momento
c23e3c88-36e4-4099-abc5-67195fb50d88,o momento da foto oficial foi muito lindo,Foto
6e490da9-d604-49fa-b782-7cc09c1615d3,ansiosa para as apresentações de hoje,Palestra
6e490da9-d604-49fa-b782-7cc09c1615d3,a gamificacao está demais,Gamificacao
c23e3c88-36e4-4099-abc5-67195fb50d88,ansiosa para ver as apresentações de hoje,Palestra
d7cc7b23-8be1-497b-ae4a-23b538971629,ótima organização,Organizacao
4270590b-ac53-434d-88eb-f948b87a7247,"bom dia, ansioso para as apresentações de hoje",Palestra
bf25caf2-133a-4e49-af4f-273e12e2009e,"hoje o dia vai ser emocionante, dia de apresentação",Palestra
bf25caf2-133a-4e49-af4f-273e12e2009e,"última dia, já estou com saudades",Saudades
5b1bd074-2e84-4caf-854b-505a36f8a606,ótimo trabalho,Trabalhos
a57c1135-2ebb-4824-9625-c0bce163dddf,ansioso para a premiação do evento 🙏,Organizacao
4bc0a904-0a38-4b33-b1de-cab5ea9cf808,palestras incríveis,Palestra
4bc0a904-0a38-4b33-b1de-cab5ea9cf808,super legal,Super
9ea006aa-40fb-4edc-98dd-39d527a61d6d,impressionante a diversidade de informações interessantes,Informacoes
9ea006aa-40fb-4edc-98dd-39d527a61d6d,impressionante a diversidade de informações interessantes,Diversidade
9ea006aa-40fb-4edc-98dd-39d527a61d6d,incrível como essas palestras mudam a nossa visão,Palestra
9ea006aa-40fb-4edc-98dd-39d527a61d6d,incrível como essas palestras mudam a nossa visão,Organizacao
0075ff65-ea4f-498d-992f-ada2464aa615,os fórums do wit estão sendo muito bons,Forum
170840c4-5893-454a-8433-5854baffd2cc,ansiosa pelas apresentações de hoje,Palestra
170840c4-5893-454a-8433-5854baffd2cc,esperando muito já pela premiação,Organizacao
170840c4-5893-454a-8433-5854baffd2cc,a edição de 2026,Engie
75049fc4-0a03-4d80-9d70-6471c2c5a110,os artigos são demais,Artigos
75049fc4-0a03-4d80-9d70-6471c2c5a110,momentos incríveis,Momento
67959b7b-0a25-4354-a35e-f5974a549323,uma pena hoje ser o último dia de wit,Pena
16d2d16a-6864-4d0c-afe3-d87991308ec5,quero mais broches,Broches
050da8f6-fd58-42b6-8066-82fb42c0fa4b,salas bem localizadas,Organizacao
050da8f6-fd58-42b6-8066-82fb42c0fa4b,"organizadas, além de limpas",Organizacao
050da8f6-fd58-42b6-8066-82fb42c0fa4b,com bom som,Organizacao
1e2c4536-db1c-40f6-a514-717da937138d,muito ansiosa pra apresentar nosso artigo,Artigos
050da8f6-fd58-42b6-8066-82fb42c0fa4b,ótimas apresentações com diversidade de assuntos,Palestra
050da8f6-fd58-42b6-8066-82fb42c0fa4b,ótimas apresentações com diversidade de assuntos,Organizacao
050da8f6-fd58-42b6-8066-82fb42c0fa4b,ótimas apresentações com diversidade de assuntos,Diversidade
050da8f6-fd58-42b6-8066-82fb42c0fa4b,"temas, além de pessoas",Organizacao
1e2c4536-db1c-40f6-a514-717da937138d,"ótima organização, como sempre",Organizacao
f3eed192-b8ab-4094-942f-54e234fbb70b,ainda tentando me recuperar da história de vida de marinalva 😭,Vida
f3eed192-b8ab-4094-942f-54e234fbb70b,ainda tentando me recuperar da história de vida de marinalva 😭,Marinalva
f3eed192-b8ab-4094-942f-54e234fbb70b,ainda tentando me recuperar da história de vida de marinalva 😭,Artigos
f3eed192-b8ab-4094-942f-54e234fbb70b,palestra incrível do embraer 🤩🤩🤩,Embraer
f3eed192-b8ab-4094-942f-54e234fbb70b,palestra incrível do embraer 🤩🤩🤩,Palestra
352e47bd-d2bf-4541-a6ce-6498a321db06,palestra incrível a da embraer,Embraer
3efe71e2-c0d5-4596-b566-0ef34e7ff13d,"mesmo vindo para outro evento, minha agenda hj é 100% wit",Agenda
5c7c797e-febc-42ad-883a-7aaefc221bb2,super ansiosa com o dia de hoje,Super
352e47bd-d2bf-4541-a6ce-6498a321db06,massa dms,Dms
352e47bd-d2bf-4541-a6ce-6498a321db06,que pena q está acabando,Pena
a24b5393-ee39-4272-8f84-7f95fa794341,"que venha o último dia, wit já deixando saudades",Saudades
20280073-68fe-4304-9f54-d23b1663fe33,os artigos são extremamente importantes para aderirmos conhecimentos de outros temas,Conhecimento
20280073-68fe-4304-9f54-d23b1663fe33,os artigos são extremamente importantes para aderirmos conhecimentos de outros temas,Organizacao
20280073-68fe-4304-9f54-d23b1663fe33,os artigos são extremamente importantes para aderirmos conhecimentos de outros temas,Artigos
20280073-68fe-4304-9f54-d23b1663fe33,adequarmos em nosso projetos,Projetos
d90a7533-8a3c-4a1e-9221-2185fdeaec90,"adorei o tema de inclusão, diversidade",Organizacao
d90a7533-8a3c-4a1e-9221-2185fdeaec90,"adorei o tema de inclusão, diversidade",Diversidade
d90a7533-8a3c-4a1e-9221-2185fdeaec90,"adorei o tema de inclusão, diversidade",Inclusao
d90a7533-8a3c-4a1e-9221-2185fdeaec90,equidade,Equidade
6d48edcf-e6d6-48d3-a2e0-e9296cb697f3,já estou com saudade 🥲,Saudades
ed496342-5088-4e03-9bf6-270dbfd06758,secção técnica 5 está com apresentações fantásticas ✨,Palestra
ed496342-5088-4e03-9bf6-270dbfd06758,secção técnica 5 está com apresentações fantásticas ✨,Organizacao
4c4af487-81e9-4e3a-8efc-b2d0f1b0b394,foram dias de muito conhecimento,Conhecimento
4c4af487-81e9-4e3a-8efc-b2d0f1b0b394,foram dias de muito conhecimento,Organizacao
4c4af487-81e9-4e3a-8efc-b2d0f1b0b394,boas experiências,Experiencia
38a3f457-2608-4b06-a8f5-f05a3c41b341,"último dia, tururuu",Organizacao
4c4af487-81e9-4e3a-8efc-b2d0f1b0b394,estou voltando pra casa com muitas ideias,Ideia
4c4af487-81e9-4e3a-8efc-b2d0f1b0b394,estou voltando pra casa com muitas ideias,Casa
4c4af487-81e9-4e3a-8efc-b2d0f1b0b394,inovações,Inovacoes
3ad87374-5d6b-41e4-a901-00435a3f8c6e,espero que os próximos encontros sejam tão bons quanto,Encontro
eb7a2e85-37f5-4355-b66a-b99d1a9ac033,"que evento incrível, vou sentir saudadee do csbc💖",Saudades
eb7a2e85-37f5-4355-b66a-b99d1a9ac033,todas as apresentações do wit impecáveis,Palestra
671f8ca1-38b7-401b-b96a-2dc047c32c4b,está sendo um sonho,Sonhos
671f8ca1-38b7-401b-b96a-2dc047c32c4b,a energia ontem na hora da foto foi incrível,Momento
671f8ca1-38b7-401b-b96a-2dc047c32c4b,a energia ontem na hora da foto foi incrível,Energia
671f8ca1-38b7-401b-b96a-2dc047c32c4b,a energia ontem na hora da foto foi incrível,Foto
17a6d940-56ba-4d72-8c6b-3f765a91e6ac,"assunto muito interessante sobre a síndrome do impostor, já passei por isso no começo da minha carreira como desenvolvedora",Carreira
17a6d940-56ba-4d72-8c6b-3f765a91e6ac,"assunto muito interessante sobre a síndrome do impostor, já passei por isso no começo da minha carreira como desenvolvedora",Organizacao
17a6d940-56ba-4d72-8c6b-3f765a91e6ac,"assunto muito interessante sobre a síndrome do impostor, já passei por isso no começo da minha carreira como desenvolvedora",Impostor
17a6d940-56ba-4d72-8c6b-3f765a91e6ac,"assunto muito interessante sobre a síndrome do impostor, já passei por isso no começo da minha carreira como desenvolvedora",Sindrome
17a6d940-56ba-4d72-8c6b-3f765a91e6ac,fui muito bem acolhida por mulheres incríveis,Mulheres
f968ccfe-0100-4760-818b-0d85fd912a70,ótimas palestras,Palestra
5244efbb-01d2-4f7e-b505-4fd32300baff,trabalhos qualificados demais,Trabalhos
5244efbb-01d2-4f7e-b505-4fd32300baff,o wit cresceu com sessões técnicas em paralelo,Paralelo
5244efbb-01d2-4f7e-b505-4fd32300baff,o wit cresceu com sessões técnicas em paralelo,Sessoes
5244efbb-01d2-4f7e-b505-4fd32300baff,esta na hora de virar um simpósio hehehe,Momento
5244efbb-01d2-4f7e-b505-4fd32300baff,esta na hora de virar um simpósio hehehe,Simposio
ed496342-5088-4e03-9bf6-270dbfd06758,wit está cheio de artigos maravilhosos ✨🫰🏻,Artigos
5c7c797e-febc-42ad-883a-7aaefc221bb2,muito interessante o artigo sobre a síndrome da impostora,Artigos
5c7c797e-febc-42ad-883a-7aaefc221bb2,muito interessante o artigo sobre a síndrome da impostora,Sindrome
5c7c797e-febc-42ad-883a-7aaefc221bb2,muito interessante o artigo sobre a síndrome da impostora,Impostor
e56b565e-2680-4f05-bfb5-f672c691d632,uma pena que já é o último dia,Pena
ae4d3fbb-069f-4906-895d-6ff10de1bdb9,triste ao mesmo tempo,Momento
c08bca4e-d84f-4567-b938-d29470fd6d02,"em congresso relacionados,",Congresso
c08bca4e-d84f-4567-b938-d29470fd6d02,"estou achando muito interessante as apresentações de artigos, dá mais motivação de estar na área acadêmica",Inspiracao
c08bca4e-d84f-4567-b938-d29470fd6d02,"estou achando muito interessante as apresentações de artigos, dá mais motivação de estar na área acadêmica",Palestra
c08bca4e-d84f-4567-b938-d29470fd6d02,"estou achando muito interessante as apresentações de artigos, dá mais motivação de estar na área acadêmica",Artigos
c08bca4e-d84f-4567-b938-d29470fd6d02,"estou achando muito interessante as apresentações de artigos, dá mais motivação de estar na área acadêmica",Area
609ff990-2fc8-4802-9bc3-d805b042eab5,considerei a palestra importante para a minha compreensão da situação atual das mulheres na área stem,Organizacao
609ff990-2fc8-4802-9bc3-d805b042eab5,considerei a palestra importante para a minha compreensão da situação atual das mulheres na área stem,Mulheres
609ff990-2fc8-4802-9bc3-d805b042eab5,considerei a palestra importante para a minha compreensão da situação atual das mulheres na área stem,Area
609ff990-2fc8-4802-9bc3-d805b042eab5,considerei a palestra importante para a minha compreensão da situação atual das mulheres na área stem,Compreensao
609ff990-2fc8-4802-9bc3-d805b042eab5,considerei a palestra importante para a minha compreensão da situação atual das mulheres na área stem,Palestra
f37ffdc2-3f64-4b56-a935-4ddecee92321,amei a camisa dessa edição do wit,Engie
f37ffdc2-3f64-4b56-a935-4ddecee92321,amei a camisa dessa edição do wit,Camisa
adec314d-1120-4e55-985a-8bdbbf48be55,"gurias of code, presente",Organizacao
adec314d-1120-4e55-985a-8bdbbf48be55,(sessão técnica 05),Sessao
adec314d-1120-4e55-985a-8bdbbf48be55,"a programação está excelente, contemplando diversidade",Programacao
adec314d-1120-4e55-985a-8bdbbf48be55,"a programação está excelente, contemplando diversidade",Diversidade
adec314d-1120-4e55-985a-8bdbbf48be55,interseccionalidade,Interseccionalidade
d230aaa6-976f-49bd-bb8a-21d45dec64ab,agradeço o apoio da embraer,Embraer
d230aaa6-976f-49bd-bb8a-21d45dec64ab,agradeço o apoio da embraer,Apoio
d230aaa6-976f-49bd-bb8a-21d45dec64ab,a palestra da marinalva foi emocionante,Palestra
d230aaa6-976f-49bd-bb8a-21d45dec64ab,a palestra da marinalva foi emocionante,Marinalva
8ace69cd-74b9-4738-b109-9ea8d441105c,organização arrasou,Organizacao
5ca22f49-b601-4a36-81af-dba71e05cf97,artigos muito bons,Artigos
325332d3-4d5a-4a5f-9767-efb22cbb4b1c,"palestrantes incríveis, aprendi muito com suas vivências",Experiencia
325332d3-4d5a-4a5f-9767-efb22cbb4b1c,"palestrantes incríveis, aprendi muito com suas vivências",Palestrantes
b787555f-cd18-4a0b-9e20-493282185ddd,trabalhar com estatística,Artigos
b787555f-cd18-4a0b-9e20-493282185ddd,dados demanda muito cuidado para não serem enviesado,Dados
b787555f-cd18-4a0b-9e20-493282185ddd,dados demanda muito cuidado para não serem enviesado,Cuidado
325332d3-4d5a-4a5f-9767-efb22cbb4b1c,experiência maravilhosa de ouvir,Experiencia
325332d3-4d5a-4a5f-9767-efb22cbb4b1c,participar desse debate,Debates
5671ae6e-ba88-4fbb-b2dd-5c0c4e65ce60,vai meninas,Mulheres
00785be0-171f-446a-9069-97212c12e0e3,maravilhosas ❤️,Super
39c3a3e9-ded4-4f91-a9f8-b00e2c644d07,#mulheres,Mulheres
3ecdcc60-1292-4833-9c99-08066e0a6e86,apresentação sobre síndrome do impostor muito interessante,Palestra
3ecdcc60-1292-4833-9c99-08066e0a6e86,apresentação sobre síndrome do impostor muito interessante,Impostor
3ecdcc60-1292-4833-9c99-08066e0a6e86,apresentação sobre síndrome do impostor muito interessante,Sindrome
3ecdcc60-1292-4833-9c99-08066e0a6e86,quero brindes do wit,Sessao
e4d0c31c-1009-4bce-8c78-8d6c2d7dce89,oi maninhas,Mulheres
e4d0c31c-1009-4bce-8c78-8d6c2d7dce89,amo,Organizacao
c90f49e7-30eb-4954-bad6-ff13e4342a57,"parabéns, fernanda",Rafaela
c90f49e7-30eb-4954-bad6-ff13e4342a57,adorei sua palestra sobre a síndrome do impostor,Palestra
c90f49e7-30eb-4954-bad6-ff13e4342a57,adorei sua palestra sobre a síndrome do impostor,Impostor
c90f49e7-30eb-4954-bad6-ff13e4342a57,adorei sua palestra sobre a síndrome do impostor,Sindrome
f429f390-79a1-4e84-9a93-87a43048d3d7,oportunidade de conhecer outras realidades,Fato
f429f390-79a1-4e84-9a93-87a43048d3d7,oportunidade de conhecer outras realidades,Oportunidade
f429f390-79a1-4e84-9a93-87a43048d3d7,ver que as questões que envolve nos mulheres nesta área está sendo debatido,Mulheres
f429f390-79a1-4e84-9a93-87a43048d3d7,ver que as questões que envolve nos mulheres nesta área está sendo debatido,Organizacao
f429f390-79a1-4e84-9a93-87a43048d3d7,ver que as questões que envolve nos mulheres nesta área está sendo debatido,Area
251569e1-42c3-4c32-b8db-d8b8b9741d5b,amando as sessões técnicas,Sessoes
429ddec8-9edb-4757-ab8b-fcdb61defd4e,o artigos estão incríveis,Artigos
f9ff0b83-ae39-447d-b0f0-4714731e87c0,"último dia, ja estou com saudades",Saudades
f9ff0b83-ae39-447d-b0f0-4714731e87c0,"amando os momentos de conversa, troca",Momento
f9ff0b83-ae39-447d-b0f0-4714731e87c0,"amando os momentos de conversa, troca",Conversa
f9ff0b83-ae39-447d-b0f0-4714731e87c0,"amando os momentos de conversa, troca",Troca
f9ff0b83-ae39-447d-b0f0-4714731e87c0,mesa redonda,Mesa
9365cf2e-64e9-49a0-bd3a-0d347b215820,"os artigos estão muito bem feitos, a seleção foi ótima",Organizacao
9365cf2e-64e9-49a0-bd3a-0d347b215820,"os artigos estão muito bem feitos, a seleção foi ótima",Artigos
9365cf2e-64e9-49a0-bd3a-0d347b215820,a cor da farda tá linda por demais ❤️,Organizacao
9365cf2e-64e9-49a0-bd3a-0d347b215820,a cor da farda tá linda por demais ❤️,Cor
fcd08197-e61d-4cc4-8460-7859bc9ee761,momento incrivel,Momento
40fe60dd-8567-464d-ae76-d066077f13a2,palestras interativas,Palestra
a24b5393-ee39-4272-8f84-7f95fa794341,já aguardando a ida a gramado,Organizacao
e9b594f7-6309-4190-9032-4dde803e2d6a,"último dia de wit, ja estou com saudades🥹🙏🩷🌻",Saudades
add7fd57-687a-4470-8299-2c592991f1cb,a ideia de criar um jogo pra ajudar as meninas em segurança digital foi genial,Mulheres
add7fd57-687a-4470-8299-2c592991f1cb,a ideia de criar um jogo pra ajudar as meninas em segurança digital foi genial,Ideia
add7fd57-687a-4470-8299-2c592991f1cb,a ideia de criar um jogo pra ajudar as meninas em segurança digital foi genial,Organizacao
add7fd57-687a-4470-8299-2c592991f1cb,a ideia de criar um jogo pra ajudar as meninas em segurança digital foi genial,Gameficacao
b787555f-cd18-4a0b-9e20-493282185ddd,"aula de conceitos de algoritmos antes de entrar em uma linguagem específica é muito bom para não acostumar os alunos na linguagem ""mais fácil""",Aprendizado
b787555f-cd18-4a0b-9e20-493282185ddd,"aula de conceitos de algoritmos antes de entrar em uma linguagem específica é muito bom para não acostumar os alunos na linguagem ""mais fácil""",Linguagem
b787555f-cd18-4a0b-9e20-493282185ddd,"aula de conceitos de algoritmos antes de entrar em uma linguagem específica é muito bom para não acostumar os alunos na linguagem ""mais fácil""",Ideia
fe69c798-5373-4255-831b-9a1ce468c5d6,o momento de apresentação dos artigos aprovados está sendo bastante inspirador,Momento
fe69c798-5373-4255-831b-9a1ce468c5d6,o momento de apresentação dos artigos aprovados está sendo bastante inspirador,Palestra
fe69c798-5373-4255-831b-9a1ce468c5d6,o momento de apresentação dos artigos aprovados está sendo bastante inspirador,Artigos
fe69c798-5373-4255-831b-9a1ce468c5d6,"ontem finalizei o dia com novas ideias para o projeto em que faço parte, para integrar mais mulheres",Mulheres
fe69c798-5373-4255-831b-9a1ce468c5d6,"ontem finalizei o dia com novas ideias para o projeto em que faço parte, para integrar mais mulheres",Ideia
fe69c798-5373-4255-831b-9a1ce468c5d6,"ontem finalizei o dia com novas ideias para o projeto em que faço parte, para integrar mais mulheres",Projetos
fe69c798-5373-4255-831b-9a1ce468c5d6,"ontem finalizei o dia com novas ideias para o projeto em que faço parte, para integrar mais mulheres",Organizacao
1bfbf56f-28e4-4dee-874f-83823030bda3,sessão técnica 5 está inspiradora,Sessao
1bfbf56f-28e4-4dee-874f-83823030bda3,"muito bom conhecer outras formas de levar a stem para o mundo, buscando diversidade de gênero",Organizacao
1bfbf56f-28e4-4dee-874f-83823030bda3,"muito bom conhecer outras formas de levar a stem para o mundo, buscando diversidade de gênero",Forma
1bfbf56f-28e4-4dee-874f-83823030bda3,"muito bom conhecer outras formas de levar a stem para o mundo, buscando diversidade de gênero",Diversidade
1bfbf56f-28e4-4dee-874f-83823030bda3,"muito bom conhecer outras formas de levar a stem para o mundo, buscando diversidade de gênero",Enriquecedora
0708d7a9-ed61-4c3c-9a29-dd8d999363e3,que trabalhos maravilhosos,Trabalhos
ae4d3fbb-069f-4906-895d-6ff10de1bdb9,"ótima sessão de artigos, os trabalhos",Sessao
ae4d3fbb-069f-4906-895d-6ff10de1bdb9,"ótima sessão de artigos, os trabalhos",Artigos
ae4d3fbb-069f-4906-895d-6ff10de1bdb9,"ótima sessão de artigos, os trabalhos",Trabalhos
ae4d3fbb-069f-4906-895d-6ff10de1bdb9,projetos para ter uma maior inclusão feminina no mundo da ti são muito bons,Projetos
ae4d3fbb-069f-4906-895d-6ff10de1bdb9,projetos para ter uma maior inclusão feminina no mundo da ti são muito bons,Organizacao
ae4d3fbb-069f-4906-895d-6ff10de1bdb9,projetos para ter uma maior inclusão feminina no mundo da ti são muito bons,Inclusao
49506d82-9f58-4b30-828a-de6ce622a116,cheia de ideias para inspirar,Ideia
49506d82-9f58-4b30-828a-de6ce622a116,ajudar outras meninas,Mulheres
49506d82-9f58-4b30-828a-de6ce622a116,mulheres do meu agreste pernambucano a transformarem suas vidas,Mulheres
49506d82-9f58-4b30-828a-de6ce622a116,mulheres do meu agreste pernambucano a transformarem suas vidas,Vida
49506d82-9f58-4b30-828a-de6ce622a116,mulheres do meu agreste pernambucano a transformarem suas vidas,Perseveranca
49506d82-9f58-4b30-828a-de6ce622a116,mulheres do meu agreste pernambucano a transformarem suas vidas,Agreste
429ddec8-9edb-4757-ab8b-fcdb61defd4e,amei os artigos,Artigos
de8d707d-b7b7-43bd-9191-a060a88bb761,amei a iniciativa do gurias na comp de mostrar a trajetória de mulheres “comuns”,Projetos
de8d707d-b7b7-43bd-9191-a060a88bb761,amei a iniciativa do gurias na comp de mostrar a trajetória de mulheres “comuns”,Organizacao
de8d707d-b7b7-43bd-9191-a060a88bb761,amei a iniciativa do gurias na comp de mostrar a trajetória de mulheres “comuns”,Mulheres
de8d707d-b7b7-43bd-9191-a060a88bb761,amei a iniciativa do gurias na comp de mostrar a trajetória de mulheres “comuns”,Trajetoria
de8d707d-b7b7-43bd-9191-a060a88bb761,amei a iniciativa do gurias na comp de mostrar a trajetória de mulheres “comuns”,Comp
de8d707d-b7b7-43bd-9191-a060a88bb761,como é enriquecedor conhecer ideias de outros projetos,Ideia
de8d707d-b7b7-43bd-9191-a060a88bb761,como é enriquecedor conhecer ideias de outros projetos,Projetos
e4d0c31c-1009-4bce-8c78-8d6c2d7dce89,heyyy,Diaaaa
e4d0c31c-1009-4bce-8c78-8d6c2d7dce89,lindaaaasa,Rafaela
266dfd00-4b9e-447c-910d-0deebdb32501,"oi, meninas",Mulheres
3efe71e2-c0d5-4596-b566-0ef34e7ff13d,podia distribuir os brindes por participação,Sessao
3efe71e2-c0d5-4596-b566-0ef34e7ff13d,podia distribuir os brindes por participação,Inclusao
1b4e9684-e087-4145-88d4-125c44975a1c,ansioso para a premiação 👏🏽👏🏽,Organizacao
7afaf882-baa2-47f7-aa69-a15f8ad3452a,tema super necessário,Organizacao
1b4e9684-e087-4145-88d4-125c44975a1c,"nota 10, apresentação pai d'egua",Mensagem
1b4e9684-e087-4145-88d4-125c44975a1c,"nota 10, apresentação pai d'egua",Palestra
1b4e9684-e087-4145-88d4-125c44975a1c,"nota 10, apresentação pai d'egua",Sessoes
c81d774a-5525-4ce1-9bbf-a8b743959e28,"uma apresentação muito boa, gostei bastante",Palestra
93780366-368f-4230-aa79-3ac4dca0bec6,estar com vcs,Vcs
54a3a419-9b19-44e8-8c62-7054a2142eba,temas muito atuais,Organizacao
0550020a-2c79-43e6-b4ad-9d818973b654,os temas abordados foram muito relevantes,Organizacao
342d6dfe-f757-4730-97bc-246b444e6474,os artigos técnicos foram ótimos,Artigos
97bb898c-af32-4429-b56c-5914309a8775,primeiras sessões técnicas foram incríveis,Sessoes
97bb898c-af32-4429-b56c-5914309a8775,super animada em fazer coisas novas na minha região,Organizacao
97bb898c-af32-4429-b56c-5914309a8775,super animada em fazer coisas novas na minha região,Regiao
97bb898c-af32-4429-b56c-5914309a8775,super animada em fazer coisas novas na minha região,Super
575e397c-e7d3-4587-9a09-46e3df1ccdf4,"wit arrasando trazendo essas mulheres de peso, super inspiradoras",Mulheres
575e397c-e7d3-4587-9a09-46e3df1ccdf4,"wit arrasando trazendo essas mulheres de peso, super inspiradoras",Peso
412301d3-9406-4057-b8ca-f6c63f066ec3,otimas palestras bem inspiradoras,Engie
412301d3-9406-4057-b8ca-f6c63f066ec3,otimas palestras bem inspiradoras,Palestra
412301d3-9406-4057-b8ca-f6c63f066ec3,profissionais que inspiram demais,Carreira
412301d3-9406-4057-b8ca-f6c63f066ec3,vamos meninas digitais,Mulheres
00256042-e094-477c-b716-28f2b7e561de,palestras incríveis,Palestra
8b928f09-aedb-4ce1-a365-4d56a0839c50,muito legal a exposição dos trabalhos da seção técnica,Organizacao
8b928f09-aedb-4ce1-a365-4d56a0839c50,muito legal a exposição dos trabalhos da seção técnica,Trabalhos
8b928f09-aedb-4ce1-a365-4d56a0839c50,várias ideias surgindo para o futuro a partir dessas pesquisas 💕,Ideia
8b928f09-aedb-4ce1-a365-4d56a0839c50,várias ideias surgindo para o futuro a partir dessas pesquisas 💕,Futuro
8b928f09-aedb-4ce1-a365-4d56a0839c50,várias ideias surgindo para o futuro a partir dessas pesquisas 💕,Pesquisa
412301d3-9406-4057-b8ca-f6c63f066ec3,me sinto bem representada nas palestras,Palestra
1130f3f4-1e33-482d-a327-745c63f1516b,já estou com saudade,Saudades
8a9fc84a-4a91-46ee-b112-e39d627e2abd,muito bom ver mulheres compartilhando sua experiência profissional,Mulheres
8a9fc84a-4a91-46ee-b112-e39d627e2abd,muito bom ver mulheres compartilhando sua experiência profissional,Experiencia
8a9fc84a-4a91-46ee-b112-e39d627e2abd,é importante buscar mudanças institucionais que acolham as mulheres no mercado de trabalho,Mulheres
8a9fc84a-4a91-46ee-b112-e39d627e2abd,é importante buscar mudanças institucionais que acolham as mulheres no mercado de trabalho,Mercado
8a9fc84a-4a91-46ee-b112-e39d627e2abd,é importante buscar mudanças institucionais que acolham as mulheres no mercado de trabalho,Organizacao
8a9fc84a-4a91-46ee-b112-e39d627e2abd,é importante buscar mudanças institucionais que acolham as mulheres no mercado de trabalho,Trabalhos
412301d3-9406-4057-b8ca-f6c63f066ec3,precisamos de mais mulheres na área de ti,Mulheres
412301d3-9406-4057-b8ca-f6c63f066ec3,precisamos de mais mulheres na área de ti,Area
609ff990-2fc8-4802-9bc3-d805b042eab5,gostaria de saber se haverá outrs palestra com as mulheres da embraer,Mulheres
609ff990-2fc8-4802-9bc3-d805b042eab5,gostaria de saber se haverá outrs palestra com as mulheres da embraer,Embraer
609ff990-2fc8-4802-9bc3-d805b042eab5,gostaria de saber se haverá outrs palestra com as mulheres da embraer,Palestra
d02b6ff0-dcbf-4984-a11b-da3709dfc569,grande experiência,Experiencia
d02b6ff0-dcbf-4984-a11b-da3709dfc569,muitos aprendizados,Aprendizado
5bb974d7-0d42-4ba7-b115-6f2821843ecc,palestras muito inspiradoras,Palestra
5bb974d7-0d42-4ba7-b115-6f2821843ecc,por mais mulheres na ti,Mulheres
cf343695-2367-4236-b0ab-3c72d8222639,precisamos fazer circular os nomes das mulheres,Mulheres
cf343695-2367-4236-b0ab-3c72d8222639,precisamos fazer circular os nomes das mulheres,Nome
cf343695-2367-4236-b0ab-3c72d8222639,"falar bem das nossas colegas (de forma legítima), para que possam ser lembradas nas indicações a cargos",Engie
cf343695-2367-4236-b0ab-3c72d8222639,"falar bem das nossas colegas (de forma legítima), para que possam ser lembradas nas indicações a cargos",Cargos
cf343695-2367-4236-b0ab-3c72d8222639,"falar bem das nossas colegas (de forma legítima), para que possam ser lembradas nas indicações a cargos",Organizacao
cf343695-2367-4236-b0ab-3c72d8222639,"falar bem das nossas colegas (de forma legítima), para que possam ser lembradas nas indicações a cargos",Forma
cf343695-2367-4236-b0ab-3c72d8222639,posições importantes,Posicoes
bc2f024f-816c-4560-b2e7-fe905d1a0478,já estou com saudades do evento,Saudades
ae163e36-169f-44a1-8c73-558123924278,palestras inspiradoras,Palestra
5bb974d7-0d42-4ba7-b115-6f2821843ecc,a sororidade é essencial no mercado de trabalho: mulheres que se apoiam fortalecem toda a comunidade profissional,Mercado
5bb974d7-0d42-4ba7-b115-6f2821843ecc,a sororidade é essencial no mercado de trabalho: mulheres que se apoiam fortalecem toda a comunidade profissional,Comunidade
5bb974d7-0d42-4ba7-b115-6f2821843ecc,a sororidade é essencial no mercado de trabalho: mulheres que se apoiam fortalecem toda a comunidade profissional,Trabalhos
5bb974d7-0d42-4ba7-b115-6f2821843ecc,a sororidade é essencial no mercado de trabalho: mulheres que se apoiam fortalecem toda a comunidade profissional,Mulheres
5bb974d7-0d42-4ba7-b115-6f2821843ecc,a sororidade é essencial no mercado de trabalho: mulheres que se apoiam fortalecem toda a comunidade profissional,Pena
ae163e36-169f-44a1-8c73-558123924278,inspirações,Inspiracao
c23e3c88-36e4-4099-abc5-67195fb50d88,roda de conversa muito emocionante,Conversa
c23e3c88-36e4-4099-abc5-67195fb50d88,roda de conversa muito emocionante,Roda
3e429152-f456-498f-9abb-459b5388f42d,mesa incrível,Mesa
3e429152-f456-498f-9abb-459b5388f42d,muito interesse na embraer,Ideia
3e429152-f456-498f-9abb-459b5388f42d,muito interesse na embraer,Embraer
47ac28d9-6e77-4392-b392-960bd5825559,as palestras estão sendo muito inspiradoras 👏🏻😍,Palestra
e9b594f7-6309-4190-9032-4dde803e2d6a,"o apoio de outras mulheres é essencial, muito legal ter esse suporte",Mulheres
e9b594f7-6309-4190-9032-4dde803e2d6a,"o apoio de outras mulheres é essencial, muito legal ter esse suporte",Apoio
ae163e36-169f-44a1-8c73-558123924278,apoio é essencial,Apoio
ae163e36-169f-44a1-8c73-558123924278,mulheres incríveis,Mulheres
3e429152-f456-498f-9abb-459b5388f42d,mesa esplêndida,Mesa
3e429152-f456-498f-9abb-459b5388f42d,espero um dia ser colega de trabalho dessas mulheres ole ter a oportunidade de fazer parte do time feminino da embraer,Organizacao
3e429152-f456-498f-9abb-459b5388f42d,espero um dia ser colega de trabalho dessas mulheres ole ter a oportunidade de fazer parte do time feminino da embraer,Trabalhos
3e429152-f456-498f-9abb-459b5388f42d,espero um dia ser colega de trabalho dessas mulheres ole ter a oportunidade de fazer parte do time feminino da embraer,Mulheres
3e429152-f456-498f-9abb-459b5388f42d,espero um dia ser colega de trabalho dessas mulheres ole ter a oportunidade de fazer parte do time feminino da embraer,Momento
3e429152-f456-498f-9abb-459b5388f42d,espero um dia ser colega de trabalho dessas mulheres ole ter a oportunidade de fazer parte do time feminino da embraer,Embraer
3e429152-f456-498f-9abb-459b5388f42d,espero um dia ser colega de trabalho dessas mulheres ole ter a oportunidade de fazer parte do time feminino da embraer,Oportunidade
6c3e12ff-eaca-45fd-ab7c-b291f088c86e,ansiosa pra gravar o video com a collab de projetos 💕,Projetos
6c3e12ff-eaca-45fd-ab7c-b291f088c86e,ansiosa pra gravar o video com a collab de projetos 💕,Collab
6c3e12ff-eaca-45fd-ab7c-b291f088c86e,ansiosa pra gravar o video com a collab de projetos 💕,Video
d32d63c1-02f8-4d06-9fdb-6dfed1c37967,"espero poder vir ao wit 2026 🤭 a edição de 2025 foi incrível, espero poder vir mais vezes",Engie
d32d63c1-02f8-4d06-9fdb-6dfed1c37967,"espero poder vir ao wit 2026 🤭 a edição de 2025 foi incrível, espero poder vir mais vezes",Organizacao
6c3e12ff-eaca-45fd-ab7c-b291f088c86e,demos uma fugidinha do congresso para passear hoje,Mulheres
6c3e12ff-eaca-45fd-ab7c-b291f088c86e,demos uma fugidinha do congresso para passear hoje,Congresso
6c3e12ff-eaca-45fd-ab7c-b291f088c86e,maceió é surreal,Surreal
6c3e12ff-eaca-45fd-ab7c-b291f088c86e,maceió é surreal,Organizacao
560003d3-5b59-481c-85d2-838ef984b466,sobre o projeto: fazer parcerias com os municípios também,Parcerias
560003d3-5b59-481c-85d2-838ef984b466,sobre o projeto: fazer parcerias com os municípios também,Projetos
560003d3-5b59-481c-85d2-838ef984b466,sobre o projeto: fazer parcerias com os municípios também,Municipios
560003d3-5b59-481c-85d2-838ef984b466,esse projeto não pode parar,Projetos
268e12fc-6012-41e0-9301-483b58059c69,bora segurar a porta pra mais diversidade,Abertura
268e12fc-6012-41e0-9301-483b58059c69,bora segurar a porta pra mais diversidade,Diversidade
a6584b5b-822e-4c85-be5b-e91db87dc16e,experiência enriquecedora,Experiencia
a6584b5b-822e-4c85-be5b-e91db87dc16e,inspiradora cada instituição levevar,Carreira
a6584b5b-822e-4c85-be5b-e91db87dc16e,inspirar outras meninas,Mulheres
9d149e84-581a-4008-996e-d3680d5bcd88,"gamificação maravilhosa, palestras divinas",Palestra
9d149e84-581a-4008-996e-d3680d5bcd88,"gamificação maravilhosa, palestras divinas",Gamificacao
f9636527-826e-4f58-ad16-a9ca1a36b7ef,apenas parabenizar a organização pelo maravilhoso evento,Organizacao
f9636527-826e-4f58-ad16-a9ca1a36b7ef,desde a concepção até a execução durante o evento,Organizacao
5244efbb-01d2-4f7e-b505-4fd32300baff,essa gamificacap eh muito legal,Organizacao
342d6dfe-f757-4730-97bc-246b444e6474,a primeira mesa redonda do dia foi muito inspiradora,Mesa
df0c5066-4918-4384-bf21-9ba7343bf772,amei meus prêmios,Premios
df0c5066-4918-4384-bf21-9ba7343bf772,essa gamificação foi 1000,Gamificacao
41984732-0ee1-4644-b003-3309c119734d,projeto lindo,Projetos
41984732-0ee1-4644-b003-3309c119734d,extremamente importante esse tipo de trabalho pra fortalecer a confiança das estudantes,Aprendizado
41984732-0ee1-4644-b003-3309c119734d,extremamente importante esse tipo de trabalho pra fortalecer a confiança das estudantes,Organizacao
41984732-0ee1-4644-b003-3309c119734d,extremamente importante esse tipo de trabalho pra fortalecer a confiança das estudantes,Trabalhos
489050ba-f6ce-4f05-a8ce-d6bdee47371a,parabéns aos trabalhos selecionados,Trabalhos
f9636527-826e-4f58-ad16-a9ca1a36b7ef,muito orgulho de todas as meninas,Mulheres
f9636527-826e-4f58-ad16-a9ca1a36b7ef,muito orgulho de todas as meninas,Animada
f9636527-826e-4f58-ad16-a9ca1a36b7ef,mulheres que fazem nossa comunidade,Mulheres
f9636527-826e-4f58-ad16-a9ca1a36b7ef,mulheres que fazem nossa comunidade,Comunidade
e6d477bf-b603-42a7-985e-ac84356103b9,uma pena passar tão rápido,Pena
d9d06ba9-ddc7-49e3-8ff8-cfc02ea63d0f,estou amando conhecer os trabalhos,Trabalhos
8f0f4c0d-f2eb-4b18-8099-25bcd217a483,etarismo é outra forma de preconceito que devemos combater,Etarismo
8f0f4c0d-f2eb-4b18-8099-25bcd217a483,etarismo é outra forma de preconceito que devemos combater,Preconceito
8f0f4c0d-f2eb-4b18-8099-25bcd217a483,etarismo é outra forma de preconceito que devemos combater,Forma
8b928f09-aedb-4ce1-a365-4d56a0839c50,me identifiquei muito com as falas na mesa redonda sobre as mulheres evitarem 'sentar na mesa',Mulheres
8b928f09-aedb-4ce1-a365-4d56a0839c50,me identifiquei muito com as falas na mesa redonda sobre as mulheres evitarem 'sentar na mesa',Compreensao
8b928f09-aedb-4ce1-a365-4d56a0839c50,me identifiquei muito com as falas na mesa redonda sobre as mulheres evitarem 'sentar na mesa',Mesa
8b928f09-aedb-4ce1-a365-4d56a0839c50,me senti desafiada a buscar locais de mais destaque,Organizacao
8b928f09-aedb-4ce1-a365-4d56a0839c50,me senti desafiada a buscar locais de mais destaque,Area
2b305129-cc14-4538-8075-78b26f65f34f,lindo encerramento para um evento excelente,Encerramento
2b305129-cc14-4538-8075-78b26f65f34f,a experiência do wit nessa csbc foi encantadora,Experiencia
2b305129-cc14-4538-8075-78b26f65f34f,ano que vem estarei assistindo a wit de novo,Novo
d6141d77-fd57-499c-8ca3-ae4f364773f7,"otimos temas,",Organizacao
d6141d77-fd57-499c-8ca3-ae4f364773f7,um evento muito importante no cenário da computação,Computacao
d6141d77-fd57-499c-8ca3-ae4f364773f7,um evento muito importante no cenário da computação,Organizacao
1ced77b3-b5de-4d74-8882-f7ffe3d9ec30,ótima palestra,Palestra
4a257948-6c61-4d69-b2bf-45561ca9dc96,ameeeei os brindes,Ameeeei
4a257948-6c61-4d69-b2bf-45561ca9dc96,ameeeei os brindes,Sessao
4a257948-6c61-4d69-b2bf-45561ca9dc96,a camisa,Camisa
4a257948-6c61-4d69-b2bf-45561ca9dc96,muito bom ter representatividade no mercado de trabalho gostei,Representatividade
4a257948-6c61-4d69-b2bf-45561ca9dc96,muito bom ter representatividade no mercado de trabalho gostei,Mercado
4a257948-6c61-4d69-b2bf-45561ca9dc96,muito bom ter representatividade no mercado de trabalho gostei,Trabalhos
a2172412-8829-44fe-a1bb-c21eb82571aa,é incrível ver a representatividade que o wit trás nesse evento,Representatividade
d6141d77-fd57-499c-8ca3-ae4f364773f7,"se hoje a computação é mais humana, mais ética",Computacao
cd5e94b1-51c2-4147-a20b-9e1345a0adad,eu amei a sessão 6 de trabalhos rsrs foi a minha,Sessao
cd5e94b1-51c2-4147-a20b-9e1345a0adad,eu amei a sessão 6 de trabalhos rsrs foi a minha,Trabalhos
cd5e94b1-51c2-4147-a20b-9e1345a0adad,eu amei a sessão 6 de trabalhos rsrs foi a minha,Rsrs
d6141d77-fd57-499c-8ca3-ae4f364773f7,a gameficação foi muito legal,Gameficacao
cd5e94b1-51c2-4147-a20b-9e1345a0adad,também gostei demais da rosa de conversa da engen,Conversa
cd5e94b1-51c2-4147-a20b-9e1345a0adad,também gostei demais da rosa de conversa da engen,Organizacao
cd5e94b1-51c2-4147-a20b-9e1345a0adad,também gostei demais da rosa de conversa da engen,Rosa
1c7000ea-e558-4ef4-93d8-2c018ec84123,muito bons os projetos dessa sessão 💕,Projetos
1c7000ea-e558-4ef4-93d8-2c018ec84123,muito bons os projetos dessa sessão 💕,Sessao
b787555f-cd18-4a0b-9e20-493282185ddd,com certeza utilizarei os conhecimentos aprendidos aqui nos meus projetos,Projetos
b787555f-cd18-4a0b-9e20-493282185ddd,com certeza utilizarei os conhecimentos aprendidos aqui nos meus projetos,Conhecimento
b787555f-cd18-4a0b-9e20-493282185ddd,esperando por mais apresentações como essas,Palestra
fe69c798-5373-4255-831b-9a1ce468c5d6,esta finalizado as apresentações de artigos aprovados na sala ipioca que com certeza todos presentes vão sair inspirados,Organizacao
fe69c798-5373-4255-831b-9a1ce468c5d6,esta finalizado as apresentações de artigos aprovados na sala ipioca que com certeza todos presentes vão sair inspirados,Palestra
fe69c798-5373-4255-831b-9a1ce468c5d6,esta finalizado as apresentações de artigos aprovados na sala ipioca que com certeza todos presentes vão sair inspirados,Encerramento
fe69c798-5373-4255-831b-9a1ce468c5d6,esta finalizado as apresentações de artigos aprovados na sala ipioca que com certeza todos presentes vão sair inspirados,Artigos
89eaea42-ce76-461e-b7cf-fb1de9db9e79,"palestra significativa, parabéns",Palestra
575e397c-e7d3-4587-9a09-46e3df1ccdf4,o evento já está deixando saudades❤️,Saudades
81c3d4c8-2223-4ace-9cda-6620ed75bf1a,queria comprar o lenço das meninas digitais,Mulheres
81c3d4c8-2223-4ace-9cda-6620ed75bf1a,queria comprar o lenço das meninas digitais,Organizacao
8a9fc84a-4a91-46ee-b112-e39d627e2abd,ótimas trabalhos nas sessões técnicas,Trabalhos
8a9fc84a-4a91-46ee-b112-e39d627e2abd,ótimas trabalhos nas sessões técnicas,Sessoes
c8194828-4572-4490-92ca-12b49d139fba,adorei os copos de brinde,Copos
c8194828-4572-4490-92ca-12b49d139fba,adorei os copos de brinde,Sessao
c8194828-4572-4490-92ca-12b49d139fba,palestras muito boas,Palestra
c8194828-4572-4490-92ca-12b49d139fba,"incrivel quantos projetos tem, muito bom ver tanta variedade",Variedade
d32d63c1-02f8-4d06-9fdb-6dfed1c37967,poder conhecer um pouco o que as empresas fazem ou até mesmo o do if mostrando os projetos da escola,Aprendizado
d32d63c1-02f8-4d06-9fdb-6dfed1c37967,poder conhecer um pouco o que as empresas fazem ou até mesmo o do if mostrando os projetos da escola,Empresas
d32d63c1-02f8-4d06-9fdb-6dfed1c37967,poder conhecer um pouco o que as empresas fazem ou até mesmo o do if mostrando os projetos da escola,Projetos
1f1d6f52-3909-49f1-89bc-bc6ef9dbac47,muito bom a organização do evento,Organizacao
1f1d6f52-3909-49f1-89bc-bc6ef9dbac47,o coffe break gratuito,Organizacao
1f1d6f52-3909-49f1-89bc-bc6ef9dbac47,estou gostando bastante do meu primeiro congresso,Congresso
1f1d6f52-3909-49f1-89bc-bc6ef9dbac47,muito bom a organização do evento,Organizacao
1f1d6f52-3909-49f1-89bc-bc6ef9dbac47,estou gostando bastante do evento do congresso,Congresso
1f1d6f52-3909-49f1-89bc-bc6ef9dbac47,muito boa a organização do evento,Organizacao
d6141d77-fd57-499c-8ca3-ae4f364773f7,quero mais games nos eventos,Eventos
c8194828-4572-4490-92ca-12b49d139fba,adorei a mesa redonda,Mesa
d9d06ba9-ddc7-49e3-8ff8-cfc02ea63d0f,animada pra apresentar jaja,Organizacao
fcf388a5-374c-4162-9e8a-44339d70be4a,"amei, todos os dias tiveram uma ótima programação",Programacao
fcf388a5-374c-4162-9e8a-44339d70be4a,"amei, todos os dias tiveram uma ótima programação",Organizacao
8e1a9311-52fe-4567-8c58-70f0e2281925,último dia fechando com chave de ouro,Ouro
8e1a9311-52fe-4567-8c58-70f0e2281925,último dia fechando com chave de ouro,Chave
c5fb57ce-db05-491d-81a2-9fd7ad9cbee3,ótima palestra,Palestra
c5fb57ce-db05-491d-81a2-9fd7ad9cbee3,o wit é uma experiência incrível,Experiencia
34191d68-5e12-4c00-aa49-d5df3fba23d2,que experiência,Experiencia
03a65761-df50-4a1d-b247-f846bd21c48e,mudou minha vida,Vida
934ac1e9-8a9e-4865-977f-b22e4bbce84e,parabéns a organização,Organizacao
81c3d4c8-2223-4ace-9cda-6620ed75bf1a,adorei a inclusão do app este ano,Aplicativo
81c3d4c8-2223-4ace-9cda-6620ed75bf1a,adorei a inclusão do app este ano,Inclusao
81c3d4c8-2223-4ace-9cda-6620ed75bf1a,já quero em todos os eventos,Eventos
fe69c798-5373-4255-831b-9a1ce468c5d6,finalizei minha participação no wit,Inclusao
fe69c798-5373-4255-831b-9a1ce468c5d6,foi uma experiência incrível 🫶🏻,Experiencia
c01cfc13-c80c-4c86-872a-da81361b3339,não vejo a hora do próximo,Momento
c55ff755-bd00-4af8-b6ed-ed43007446b3,daqui a pouco tem a apresentação do nosso artigo 🤞,Palestra
c55ff755-bd00-4af8-b6ed-ed43007446b3,daqui a pouco tem a apresentação do nosso artigo 🤞,Artigos
c55ff755-bd00-4af8-b6ed-ed43007446b3,dia lindo em maceió,Organizacao
3e11fb01-68a6-4df9-99ff-eb6fa17ea8e0,"parabéns, pessoal",Organizacao
0420c57a-0aa8-45b1-9166-f455c0711707,amei ganhar o chocolate,Chocolate
0420c57a-0aa8-45b1-9166-f455c0711707,a melhor gamificação do csbc,Gamificacao
0420c57a-0aa8-45b1-9166-f455c0711707,amei os brindesss,Sessao
81c3d4c8-2223-4ace-9cda-6620ed75bf1a,xonada nos brindes deste ano 😍😍😍,Sessao
81c3d4c8-2223-4ace-9cda-6620ed75bf1a,ansiosa para as proximas edicões,Engie
81c3d4c8-2223-4ace-9cda-6620ed75bf1a,ansiosa para as proximas edicões,Organizacao
81c3d4c8-2223-4ace-9cda-6620ed75bf1a,"lindo o lenço das meninas digitais, pena que não está mais a venda",Mulheres
81c3d4c8-2223-4ace-9cda-6620ed75bf1a,"lindo o lenço das meninas digitais, pena que não está mais a venda",Troca
81c3d4c8-2223-4ace-9cda-6620ed75bf1a,"lindo o lenço das meninas digitais, pena que não está mais a venda",Organizacao
81c3d4c8-2223-4ace-9cda-6620ed75bf1a,"lindo o lenço das meninas digitais, pena que não está mais a venda",Pena
88254066-58d3-4049-ac9d-5b393c178080,incrível a ideia do aplicativo,Ideia
88254066-58d3-4049-ac9d-5b393c178080,incrível a ideia do aplicativo,Aplicativo
88254066-58d3-4049-ac9d-5b393c178080,ajudou muito na minha organização,Organizacao
35243cd2-0a35-403a-8ba7-cb6a6da282d7,"temática relevante, gostei",Organizacao
f9636527-826e-4f58-ad16-a9ca1a36b7ef,o bittom mais lindoooo,Bittom
7ab458bd-970a-40e5-9525-ee10be806901,maravilha de momento,Momento
7ab458bd-970a-40e5-9525-ee10be806901,maravilha de momento,Rafaela
7ab458bd-970a-40e5-9525-ee10be806901,amei a palestra,Palestra
35243cd2-0a35-403a-8ba7-cb6a6da282d7,de boa compreensão,Compreensao
89eaea42-ce76-461e-b7cf-fb1de9db9e79,parabéns pela organização,Organizacao
4d59d2bb-694c-4bf2-b444-3b4b967095f1,palestras incríveis,Palestra
c713c63b-4cef-4df5-8b95-372a1fabe5fa,a cláudia é extremamente fofa,Organizacao
97b78585-66fb-4308-ac17-5dec3ad981db,sessão de artigos hije de manhã foi muito boa,Organizacao
97b78585-66fb-4308-ac17-5dec3ad981db,sessão de artigos hije de manhã foi muito boa,Manha
97b78585-66fb-4308-ac17-5dec3ad981db,sessão de artigos hije de manhã foi muito boa,Sessao
97b78585-66fb-4308-ac17-5dec3ad981db,sessão de artigos hije de manhã foi muito boa,Artigos
97b78585-66fb-4308-ac17-5dec3ad981db,adorei todos os artigos,Artigos
c713c63b-4cef-4df5-8b95-372a1fabe5fa,"amei a sessão técnica da manhã, vários artigos ótimos",Manha
c713c63b-4cef-4df5-8b95-372a1fabe5fa,"amei a sessão técnica da manhã, vários artigos ótimos",Sessao
c713c63b-4cef-4df5-8b95-372a1fabe5fa,"amei a sessão técnica da manhã, vários artigos ótimos",Artigos
c713c63b-4cef-4df5-8b95-372a1fabe5fa,"a organização do wit está de parabéns, está tudo incrível",Organizacao
97b78585-66fb-4308-ac17-5dec3ad981db,"estou adorando conhecer novos projetos de todo o brasil, não sabia da imensidão disso tudo",Brasil
97b78585-66fb-4308-ac17-5dec3ad981db,"estou adorando conhecer novos projetos de todo o brasil, não sabia da imensidão disso tudo",Projetos
97b78585-66fb-4308-ac17-5dec3ad981db,"estou adorando conhecer novos projetos de todo o brasil, não sabia da imensidão disso tudo",Organizacao
97b78585-66fb-4308-ac17-5dec3ad981db,amei a mesa redonda,Mesa
c713c63b-4cef-4df5-8b95-372a1fabe5fa,"ansiosa pelas sessão técnicas da tarde, espero encontrar projetos inspiradores como encontrei de manhã",Momento
c713c63b-4cef-4df5-8b95-372a1fabe5fa,"ansiosa pelas sessão técnicas da tarde, espero encontrar projetos inspiradores como encontrei de manhã",Projetos
c713c63b-4cef-4df5-8b95-372a1fabe5fa,"ansiosa pelas sessão técnicas da tarde, espero encontrar projetos inspiradores como encontrei de manhã",Sessao
c713c63b-4cef-4df5-8b95-372a1fabe5fa,"ansiosa pelas sessão técnicas da tarde, espero encontrar projetos inspiradores como encontrei de manhã",Manha
97b78585-66fb-4308-ac17-5dec3ad981db,amei a gameficação do wit,Gameficacao
97b78585-66fb-4308-ac17-5dec3ad981db,nunca tinha participado antes desse tipo de evento,Organizacao
c713c63b-4cef-4df5-8b95-372a1fabe5fa,"parabéns para a equipe responsável pela arte do wit nesse ano, está maravilhosa",Animacao
c713c63b-4cef-4df5-8b95-372a1fabe5fa,"parabéns para a equipe responsável pela arte do wit nesse ano, está maravilhosa",Equipe
97b78585-66fb-4308-ac17-5dec3ad981db,eu só consigo pensar no quão gratificante é estar aqui,Organizacao
97b78585-66fb-4308-ac17-5dec3ad981db,viemos juntas de brasília para maceió,Brasil
97b78585-66fb-4308-ac17-5dec3ad981db,viemos juntas de brasília para maceió,Organizacao
97b78585-66fb-4308-ac17-5dec3ad981db,essa edição do csbc ficará marcada,Engie
fcf388a5-374c-4162-9e8a-44339d70be4a,parabéns à jbcs,Jbcs
fcf388a5-374c-4162-9e8a-44339d70be4a,mulheres inspiradoras #wit2025,Mulheres
fcf388a5-374c-4162-9e8a-44339d70be4a,amei encontrar os diversos projetos incluindo mulheres em tecnologia por todo o brasil,Mulheres
fcf388a5-374c-4162-9e8a-44339d70be4a,amei encontrar os diversos projetos incluindo mulheres em tecnologia por todo o brasil,Brasil
fcf388a5-374c-4162-9e8a-44339d70be4a,amei encontrar os diversos projetos incluindo mulheres em tecnologia por todo o brasil,Projetos
fcf388a5-374c-4162-9e8a-44339d70be4a,amei encontrar os diversos projetos incluindo mulheres em tecnologia por todo o brasil,Tecnologia
3f3583d6-1037-423a-9a58-0b27ea89d428,os brindes da gamificação são ótimos,Gamificacao
3f3583d6-1037-423a-9a58-0b27ea89d428,os brindes da gamificação são ótimos,Sessao
b11326b5-9d5e-4d41-9e8a-fe4a2bd9bbb4,meninas digitais arrasaram,Mulheres
b787555f-cd18-4a0b-9e20-493282185ddd,que relato impactante,Artigos
b787555f-cd18-4a0b-9e20-493282185ddd,isso sim é perseverança,Perseveranca
b787555f-cd18-4a0b-9e20-493282185ddd,força,Organizacao
b787555f-cd18-4a0b-9e20-493282185ddd,a força de uma mulher,Mulheres
b787555f-cd18-4a0b-9e20-493282185ddd,a força de uma mulher,Organizacao
b787555f-cd18-4a0b-9e20-493282185ddd,"forte, que superação",Superacao
b11326b5-9d5e-4d41-9e8a-fe4a2bd9bbb4,importantíssimo escutar tudo que essas mulheres tem a dizer,Mulheres
b11326b5-9d5e-4d41-9e8a-fe4a2bd9bbb4,assistir as palestras só reforçam o quanto necessitamos de rede de apoio,Apoio
b11326b5-9d5e-4d41-9e8a-fe4a2bd9bbb4,assistir as palestras só reforçam o quanto necessitamos de rede de apoio,Palestra
b11326b5-9d5e-4d41-9e8a-fe4a2bd9bbb4,assistir as palestras só reforçam o quanto necessitamos de rede de apoio,Organizacao
b787555f-cd18-4a0b-9e20-493282185ddd,o estudo sempre abrindo portas para as pessoas,Abertura
b787555f-cd18-4a0b-9e20-493282185ddd,o estudo sempre abrindo portas para as pessoas,Organizacao
b787555f-cd18-4a0b-9e20-493282185ddd,o estudo sempre abrindo portas para as pessoas,Pesquisa
b26c0a2d-f5a9-4708-a4ec-8603756202d8,que pena que está acabando,Pena
b26c0a2d-f5a9-4708-a4ec-8603756202d8,foi tudo feito com excelência,Carreira
537d3fe2-2cd9-4d63-a1cf-6c6d288411ff,em 2027 todas vão virar cunhantã digital,Mulheres
b787555f-cd18-4a0b-9e20-493282185ddd,infelizmente a área de tecnologia ainda não é tão aberta para a diversidade,Diversidade
b787555f-cd18-4a0b-9e20-493282185ddd,infelizmente a área de tecnologia ainda não é tão aberta para a diversidade,Tecnologia
b787555f-cd18-4a0b-9e20-493282185ddd,infelizmente a área de tecnologia ainda não é tão aberta para a diversidade,Area
b787555f-cd18-4a0b-9e20-493282185ddd,mesa redonda com mulheres impressionantes,Mulheres
b787555f-cd18-4a0b-9e20-493282185ddd,mesa redonda com mulheres impressionantes,Mesa
b787555f-cd18-4a0b-9e20-493282185ddd,parabéns de verdade,Fato
b787555f-cd18-4a0b-9e20-493282185ddd,"maternidade, emprego, relacionamento familiar",Engajamento
b787555f-cd18-4a0b-9e20-493282185ddd,"maternidade, emprego, relacionamento familiar",Maternidade
b787555f-cd18-4a0b-9e20-493282185ddd,"maternidade, emprego, relacionamento familiar",Trabalhos
b787555f-cd18-4a0b-9e20-493282185ddd,ainda serem pesquisadoras,Pesquisa
b787555f-cd18-4a0b-9e20-493282185ddd,ser mulher não é fácil,Mulheres
4e2209fc-edba-463c-87a8-cb990ff36067,"foi uma palestra bem legal, só o ar condicionado tava bem frio",Palestra
4e2209fc-edba-463c-87a8-cb990ff36067,"foi uma palestra bem legal, só o ar condicionado tava bem frio",Frio
4e2209fc-edba-463c-87a8-cb990ff36067,muitas pessoas na palestra fez com tivesse mais imersão,Palestra
4e2209fc-edba-463c-87a8-cb990ff36067,muitas pessoas na palestra fez com tivesse mais imersão,Organizacao
9f773bc4-a96d-41fd-a812-4cd40ae76ce4,encerramento com foco total,Encerramento
9f773bc4-a96d-41fd-a812-4cd40ae76ce4,encerramento com foco total,Foco
c04b5ba6-0939-443f-93db-54b15820e804,muito legal a diversidade na mesa redonda,Diversidade
c04b5ba6-0939-443f-93db-54b15820e804,muito legal a diversidade na mesa redonda,Mesa
c04b5ba6-0939-443f-93db-54b15820e804,inspirador ouvir esses relatos de mulheres tão fortes,Mulheres
c04b5ba6-0939-443f-93db-54b15820e804,inspirador ouvir esses relatos de mulheres tão fortes,Artigos
c01cfc13-c80c-4c86-872a-da81361b3339,"mesa redonda trouxe muitos relatos fortes das mulheres, me identifiquei muito",Mulheres
c01cfc13-c80c-4c86-872a-da81361b3339,"mesa redonda trouxe muitos relatos fortes das mulheres, me identifiquei muito",Artigos
c01cfc13-c80c-4c86-872a-da81361b3339,"mesa redonda trouxe muitos relatos fortes das mulheres, me identifiquei muito",Mesa
b787555f-cd18-4a0b-9e20-493282185ddd,que mesa maravilhoso,Mesa
b787555f-cd18-4a0b-9e20-493282185ddd,"""eu precisava ser maior para mim"" levarei muito do que ouvi hoje para vida",Vida
8ac171ff-ae8c-4709-899e-93e23ba84729,"é muito importante ver esse tipo de relato, nós mulheres não estamos sozinhas 🩷",Mulheres
8ac171ff-ae8c-4709-899e-93e23ba84729,"é muito importante ver esse tipo de relato, nós mulheres não estamos sozinhas 🩷",Organizacao
8ac171ff-ae8c-4709-899e-93e23ba84729,"é muito importante ver esse tipo de relato, nós mulheres não estamos sozinhas 🩷",Artigos
8ac171ff-ae8c-4709-899e-93e23ba84729,"é muito importante ver esse tipo de relato, nós mulheres não estamos sozinhas 🩷",Sozinhas
b787555f-cd18-4a0b-9e20-493282185ddd,"""antes de ser um bom profissional, seja um bom ser humano"" 
sem palavras para essas mulheres",Mulheres
b787555f-cd18-4a0b-9e20-493282185ddd,"""antes de ser um bom profissional, seja um bom ser humano"" 
sem palavras para essas mulheres",Carreira
b787555f-cd18-4a0b-9e20-493282185ddd,"""antes de ser um bom profissional, seja um bom ser humano"" 
sem palavras para essas mulheres",Linguagem
b787555f-cd18-4a0b-9e20-493282185ddd,"""antes de ser um bom profissional, seja um bom ser humano"" 
sem palavras para essas mulheres",Organizacao
2dda6d0e-c0bf-4094-9dd0-82540de1cfaa,uhuuuuuu,Diaaaa
a2b933ed-8f43-4354-aa77-459b765af699,mulheres inspiradoras,Mulheres
b787555f-cd18-4a0b-9e20-493282185ddd,"projetos interessantes, do tipo que servem de exemplo para que mais pessoas possam por em prática",Palestra
b787555f-cd18-4a0b-9e20-493282185ddd,"projetos interessantes, do tipo que servem de exemplo para que mais pessoas possam por em prática",Projetos
b787555f-cd18-4a0b-9e20-493282185ddd,"projetos interessantes, do tipo que servem de exemplo para que mais pessoas possam por em prática",Exemplo
b787555f-cd18-4a0b-9e20-493282185ddd,"projetos interessantes, do tipo que servem de exemplo para que mais pessoas possam por em prática",Organizacao
849079b5-58a9-4408-b5d9-528fed2b6ac7,amando os brindes,Sessao
849079b5-58a9-4408-b5d9-528fed2b6ac7,os artigos são incríveis,Artigos
849079b5-58a9-4408-b5d9-528fed2b6ac7,"aiii já quero o wit do ano que vem, ansiosa 🥹💗💗",Ansiosa
849079b5-58a9-4408-b5d9-528fed2b6ac7,"organização incrível, estão de parabens",Organizacao
a2b933ed-8f43-4354-aa77-459b765af699,vou voltar para casa com muito aprendizado na bagagem,Bagagem
a2b933ed-8f43-4354-aa77-459b765af699,vou voltar para casa com muito aprendizado na bagagem,Casa
6e668e80-7eda-405e-814d-d4b1dd4538c3,amo demais,Organizacao
6e668e80-7eda-405e-814d-d4b1dd4538c3,lindas,Super
b787555f-cd18-4a0b-9e20-493282185ddd,as meninas trazendo muito,Mulheres
01e8f053-615c-4bad-adf9-1dad61d8a4f3,excelente palestra,Palestra
01e8f053-615c-4bad-adf9-1dad61d8a4f3,"palestra excelente, muito enriquecedora",Palestra
01e8f053-615c-4bad-adf9-1dad61d8a4f3,"palestra excelente, muito enriquecedora",Enriquecedora
01e8f053-615c-4bad-adf9-1dad61d8a4f3,gostei muito da palestra 🙂,Palestra
01e8f053-615c-4bad-adf9-1dad61d8a4f3,"palestra muito enriquecedora, amei",Enriquecedora
01e8f053-615c-4bad-adf9-1dad61d8a4f3,"gostei muito da palestra, muito boa",Palestra
