usuario,texto,entidade_mencionada
88254066-58d3-4049-ac9d-5b393c178080,mal posso esperar para que a xiii secom comece logo,Xiii
df0c5066-4918-4384-bf21-9ba7343bf772,a ia substituirá os desenvolvedores de software um dia,App
df0c5066-4918-4384-bf21-9ba7343bf772,a ia substituirá os desenvolvedores de software um dia,Desenvolvedor
19f49226-5a60-463b-85d3-ac562e4eddc4,ias contendo preconceitos estão diretamente ligadas aos dados ou os próprios devs podem inserir esse problema,Problema
19f49226-5a60-463b-85d3-ac562e4eddc4,ias contendo preconceitos estão diretamente ligadas aos dados ou os próprios devs podem inserir esse problema,Secom
19f49226-5a60-463b-85d3-ac562e4eddc4,ias contendo preconceitos estão diretamente ligadas aos dados ou os próprios devs podem inserir esse problema,Preconceitos
19f49226-5a60-463b-85d3-ac562e4eddc4,ias contendo preconceitos estão diretamente ligadas aos dados ou os próprios devs podem inserir esse problema,Dados
13c63d6c-e94d-4b8b-829b-3a6f523ac131,palestras muito interessantes sobre o tema de ia,Secom
13c63d6c-e94d-4b8b-829b-3a6f523ac131,palestras muito interessantes sobre o tema de ia,Palestra
4ce79311-38e9-401a-bb36-d1b6ad9ff2d3,"ótima palestra sobre inteligências artificiais, mostrando um panorama geral sobre o assunto",Inteligencia
4ce79311-38e9-401a-bb36-d1b6ad9ff2d3,"ótima palestra sobre inteligências artificiais, mostrando um panorama geral sobre o assunto",Secom
4ce79311-38e9-401a-bb36-d1b6ad9ff2d3,"ótima palestra sobre inteligências artificiais, mostrando um panorama geral sobre o assunto",Palestra
4ce79311-38e9-401a-bb36-d1b6ad9ff2d3,"ótima palestra sobre inteligências artificiais, mostrando um panorama geral sobre o assunto",Fotografo
37ec55d9-b848-47bd-9a33-f64afd2dd867,poderia realizar o torneio de lol,Lol
37ec55d9-b848-47bd-9a33-f64afd2dd867,poderia realizar o torneio de lol,Torneio
37ec55d9-b848-47bd-9a33-f64afd2dd867,vava com mais dias,Secom
9cc1a365-6476-4f22-bf74-2a453e1e8443,o cara dessa palestra da ia é muito carismático,Secom
9cc1a365-6476-4f22-bf74-2a453e1e8443,o cara dessa palestra da ia é muito carismático,Palestra
9cc1a365-6476-4f22-bf74-2a453e1e8443,coffee break podia ter um cafezin ne,Break
9cc1a365-6476-4f22-bf74-2a453e1e8443,coffee break podia ter um cafezin ne,Coffee
092f2a22-65fe-4b1e-a8de-356ce785cea3,ótima palestra sobre ia,Palestra
092f2a22-65fe-4b1e-a8de-356ce785cea3,o coffee break poderia ser à tarde pra não atrapalhar o almoço,Tempo
092f2a22-65fe-4b1e-a8de-356ce785cea3,o coffee break poderia ser à tarde pra não atrapalhar o almoço,Apito
092f2a22-65fe-4b1e-a8de-356ce785cea3,o coffee break poderia ser à tarde pra não atrapalhar o almoço,Break
092f2a22-65fe-4b1e-a8de-356ce785cea3,o coffee break poderia ser à tarde pra não atrapalhar o almoço,Coffee
6694bc9c-4eab-4c6b-a7df-c40f8f42e39c,"tô ansioso pra ver o patrick apresentando no sipeec, ele é bom demais",Secom
6694bc9c-4eab-4c6b-a7df-c40f8f42e39c,"tô ansioso pra ver o patrick apresentando no sipeec, ele é bom demais",Patrick
7833a43c-88df-41ce-9608-368ecac536a1,a palestra está sendo muito boa,Palestra
7833a43c-88df-41ce-9608-368ecac536a1,adorei o meme do fernando kkkkk,Secom
7833a43c-88df-41ce-9608-368ecac536a1,adorei o meme do fernando kkkkk,Meme
7833a43c-88df-41ce-9608-368ecac536a1,"nunca tinha usado o copilot, agr me animei a dar uma chance",Apito
7833a43c-88df-41ce-9608-368ecac536a1,"nunca tinha usado o copilot, agr me animei a dar uma chance",Oportunidade
7833a43c-88df-41ce-9608-368ecac536a1,"nunca tinha usado o copilot, agr me animei a dar uma chance",Copilot
3e72f254-acab-4aec-ad73-bf9dff9c21ad,ansiosa para as próximas palestras,Palestra
37ec55d9-b848-47bd-9a33-f64afd2dd867,está muito boa a secom,Secom
37ec55d9-b848-47bd-9a33-f64afd2dd867,faltou espaço,Secom
3f05e03e-45ce-4e65-b2f3-cf3a76e21fa1,até o momento parece muito promissor,Tempo
08101ce6-e4af-4e12-81d5-87afcafc4b3b,"fiquei sem coffee break, poderia ter uma atenção maior nos próximos",Secom
08101ce6-e4af-4e12-81d5-87afcafc4b3b,"fiquei sem coffee break, poderia ter uma atenção maior nos próximos",Break
08101ce6-e4af-4e12-81d5-87afcafc4b3b,"fiquei sem coffee break, poderia ter uma atenção maior nos próximos",Coffee
3f05e03e-45ce-4e65-b2f3-cf3a76e21fa1,"a única reclamação seria sobre o ar condicionado, que estava muito frio",Secom
3f05e03e-45ce-4e65-b2f3-cf3a76e21fa1,"a única reclamação seria sobre o ar condicionado, que estava muito frio",Frio
a5551753-5cda-4641-bc94-7d92707ef19c,a palestra de abertura foi muito interessante,Apresentacao
a5551753-5cda-4641-bc94-7d92707ef19c,a palestra de abertura foi muito interessante,Palestra
a5551753-5cda-4641-bc94-7d92707ef19c,pertinente dado o contexto do mercado atual,Contexto
a5551753-5cda-4641-bc94-7d92707ef19c,pertinente dado o contexto do mercado atual,Mercado
3f05e03e-45ce-4e65-b2f3-cf3a76e21fa1,"as palestras foram boas,",Palestra
3f05e03e-45ce-4e65-b2f3-cf3a76e21fa1,"o microfone falhou bastante, apesar de com o passar do tempo melhorou",Tempo
3f05e03e-45ce-4e65-b2f3-cf3a76e21fa1,"o microfone falhou bastante, apesar de com o passar do tempo melhorou",Microfone
a5551753-5cda-4641-bc94-7d92707ef19c,é necessário melhor o microfone para os próximos eventos,Eventos
a5551753-5cda-4641-bc94-7d92707ef19c,é necessário melhor o microfone para os próximos eventos,Microfone
3f05e03e-45ce-4e65-b2f3-cf3a76e21fa1,ansioso para o sipeec,Secom
a5551753-5cda-4641-bc94-7d92707ef19c,"seria interessante trazer mais profissionais de empresas significantes da área, assim como o palestrante da github, nos próximos eventos",Empresa
a5551753-5cda-4641-bc94-7d92707ef19c,"seria interessante trazer mais profissionais de empresas significantes da área, assim como o palestrante da github, nos próximos eventos",Github
a5551753-5cda-4641-bc94-7d92707ef19c,"seria interessante trazer mais profissionais de empresas significantes da área, assim como o palestrante da github, nos próximos eventos",Area
a5551753-5cda-4641-bc94-7d92707ef19c,"seria interessante trazer mais profissionais de empresas significantes da área, assim como o palestrante da github, nos próximos eventos",Eventos
a5551753-5cda-4641-bc94-7d92707ef19c,"seria interessante trazer mais profissionais de empresas significantes da área, assim como o palestrante da github, nos próximos eventos",Palestra
a5551753-5cda-4641-bc94-7d92707ef19c,"seria interessante trazer mais profissionais de empresas significantes da área, assim como o palestrante da github, nos próximos eventos",Trabalho
7833a43c-88df-41ce-9608-368ecac536a1,ansioso pelas palestras da sipeec,Secom
7833a43c-88df-41ce-9608-368ecac536a1,ansioso pelas palestras da sipeec,Palestra
47f0857b-7373-4457-b034-4eca2ed5efd9,as palestras foram ótimas,Palestra
34c8353a-bcb4-4553-8c2d-fac1c5311ccd,muitos projetos interessantes no sipeec,Projetos
34c8353a-bcb4-4553-8c2d-fac1c5311ccd,muitos projetos interessantes no sipeec,Secom
47f0857b-7373-4457-b034-4eca2ed5efd9,gostei dos adesivos do github,Apito
47f0857b-7373-4457-b034-4eca2ed5efd9,gostei dos adesivos do github,Github
47f0857b-7373-4457-b034-4eca2ed5efd9,o café estava muito bom,Coffee
13c63d6c-e94d-4b8b-829b-3a6f523ac131,identidade visual do evento ficou muito bacana,Identidade
47f0857b-7373-4457-b034-4eca2ed5efd9,parabenizar a organização do evento,Organizacao
13c63d6c-e94d-4b8b-829b-3a6f523ac131,"excelente programação, tendo atividades que nunca haviam sido feitas",Programacao
13c63d6c-e94d-4b8b-829b-3a6f523ac131,"excelente programação, tendo atividades que nunca haviam sido feitas",Atividades
883f6e71-d69f-4eb4-8791-f3f68ee15315,organização top,Organizacao
883f6e71-d69f-4eb4-8791-f3f68ee15315,favor abaixar um pouco o ar,Labs
47f0857b-7373-4457-b034-4eca2ed5efd9,primeiro vez utilizando o mymobiconf,Mymobiconf
47f0857b-7373-4457-b034-4eca2ed5efd9,o aplicativo,App
883f6e71-d69f-4eb4-8791-f3f68ee15315,o aplicativo está lindo,App
34c8353a-bcb4-4553-8c2d-fac1c5311ccd,sensacional a organização do evento,Organizacao
3e72f254-acab-4aec-ad73-bf9dff9c21ad,as palestras foram muito boas,Palestra
883f6e71-d69f-4eb4-8791-f3f68ee15315,coffe break muito gostoso,Coffe
883f6e71-d69f-4eb4-8791-f3f68ee15315,ansioso para as próximas palestras,Palestra
883f6e71-d69f-4eb4-8791-f3f68ee15315,adorei a palestra o copilot,Palestra
883f6e71-d69f-4eb4-8791-f3f68ee15315,adorei a palestra o copilot,Copilot
34c8353a-bcb4-4553-8c2d-fac1c5311ccd,o mymobiconf evoluiu muito em relação as versões anteriores,Deus
34c8353a-bcb4-4553-8c2d-fac1c5311ccd,o mymobiconf evoluiu muito em relação as versões anteriores,Secom
34c8353a-bcb4-4553-8c2d-fac1c5311ccd,o mymobiconf evoluiu muito em relação as versões anteriores,Mymobiconf
34c8353a-bcb4-4553-8c2d-fac1c5311ccd,parabéns a equipe,Equipe
34c8353a-bcb4-4553-8c2d-fac1c5311ccd,"aprendi muito com o pedro lacerda, palestra sensacional",Pedro
34c8353a-bcb4-4553-8c2d-fac1c5311ccd,"aprendi muito com o pedro lacerda, palestra sensacional",Secom
34c8353a-bcb4-4553-8c2d-fac1c5311ccd,"aprendi muito com o pedro lacerda, palestra sensacional",Palestra
513987ee-1026-4bd4-93aa-9d89d6d5bad4,todas as palestras até então foram bastante interessantes,Palestra
34c8353a-bcb4-4553-8c2d-fac1c5311ccd,o quadro digital vai ser usado,Fotografo
f0158b5a-82ff-410c-81f2-d51f7e345b45,"ansioso para a apresentação do douglas diones, ele é mt bom",Apresentacao
f0158b5a-82ff-410c-81f2-d51f7e345b45,"ansioso para a apresentação do douglas diones, ele é mt bom",Secom
3e72f254-acab-4aec-ad73-bf9dff9c21ad,ansiosa para as apresentações,Apresentacao
c3149f3b-36f2-4fbd-a033-c41f8e9fe534,as palestras foram muito boas,Palestra
88254066-58d3-4049-ac9d-5b393c178080,excelente as palestras de abertura,Apresentacao
88254066-58d3-4049-ac9d-5b393c178080,excelente as palestras de abertura,Palestra
cd9a5b5a-0583-4590-a133-863647e24ed2,amei a palestra sobre desmitificar a inteligência artificial,Inteligencia
cd9a5b5a-0583-4590-a133-863647e24ed2,amei a palestra sobre desmitificar a inteligência artificial,Palestra
88254066-58d3-4049-ac9d-5b393c178080,muito bom o sipeec,Secom
88254066-58d3-4049-ac9d-5b393c178080,gostei da ideia dos apitos,Projetos
88254066-58d3-4049-ac9d-5b393c178080,gostei da ideia dos apitos,Secom
88254066-58d3-4049-ac9d-5b393c178080,o novo mymobiconf está incrível,Mymobiconf
cd9a5b5a-0583-4590-a133-863647e24ed2,"arrasaram com a distribuição de apitos, muito útil",Secom
cd9a5b5a-0583-4590-a133-863647e24ed2,"arrasaram com a distribuição de apitos, muito útil",Distribuicao
f0d8b18c-371e-4a9b-bc88-6efb85341837,"o questionário sobre aceleradores foi vista como grande aliada de redes neurais, aumentando o desempenho",Pergunta
f0d8b18c-371e-4a9b-bc88-6efb85341837,"o questionário sobre aceleradores foi vista como grande aliada de redes neurais, aumentando o desempenho",Aceleradores
f0d8b18c-371e-4a9b-bc88-6efb85341837,"o questionário sobre aceleradores foi vista como grande aliada de redes neurais, aumentando o desempenho",Redes
f0d8b18c-371e-4a9b-bc88-6efb85341837,"o questionário sobre aceleradores foi vista como grande aliada de redes neurais, aumentando o desempenho",Qualidade
f0d8b18c-371e-4a9b-bc88-6efb85341837,otimização gerando maior rapidez dos cálculos envolvendo multiplicação de matrizes,Processo
f0d8b18c-371e-4a9b-bc88-6efb85341837,otimização gerando maior rapidez dos cálculos envolvendo multiplicação de matrizes,Speedrun
f0d8b18c-371e-4a9b-bc88-6efb85341837,otimização gerando maior rapidez dos cálculos envolvendo multiplicação de matrizes,Matrizes
f0d8b18c-371e-4a9b-bc88-6efb85341837,otimização gerando maior rapidez dos cálculos envolvendo multiplicação de matrizes,Multiplicacao
f0d8b18c-371e-4a9b-bc88-6efb85341837,otimização gerando maior rapidez dos cálculos envolvendo multiplicação de matrizes,Calculo
12c8e1ec-c662-415a-b106-b64ccb7ece3f,as palestras se abertura desse ano abordaram tópicos muito interessantes,Apresentacao
12c8e1ec-c662-415a-b106-b64ccb7ece3f,as palestras se abertura desse ano abordaram tópicos muito interessantes,Secom
12c8e1ec-c662-415a-b106-b64ccb7ece3f,as palestras se abertura desse ano abordaram tópicos muito interessantes,Palestra
12c8e1ec-c662-415a-b106-b64ccb7ece3f,a escolha dos palestrantes foi muito boa,Escolha
12c8e1ec-c662-415a-b106-b64ccb7ece3f,a escolha dos palestrantes foi muito boa,Palestra
12c8e1ec-c662-415a-b106-b64ccb7ece3f,trazer alguém de uma empresa tão prestigiada como o git é inspirador,Git
12c8e1ec-c662-415a-b106-b64ccb7ece3f,trazer alguém de uma empresa tão prestigiada como o git é inspirador,Empresa
12c8e1ec-c662-415a-b106-b64ccb7ece3f,as atividades oferecidas esse ano são novas,Atividades
12c8e1ec-c662-415a-b106-b64ccb7ece3f,a primeira palestra foi muito interessante,Palestra
f0d8b18c-371e-4a9b-bc88-6efb85341837,"o seminário sobre vlc fala de comunicação feita totalmente pelo espectro de luz visível, abrindo possibilidade para um meio de comunicação (provavelmente à curta distância) novo",Luz
f0d8b18c-371e-4a9b-bc88-6efb85341837,"o seminário sobre vlc fala de comunicação feita totalmente pelo espectro de luz visível, abrindo possibilidade para um meio de comunicação (provavelmente à curta distância) novo",Comunicacao
f0d8b18c-371e-4a9b-bc88-6efb85341837,"o seminário sobre vlc fala de comunicação feita totalmente pelo espectro de luz visível, abrindo possibilidade para um meio de comunicação (provavelmente à curta distância) novo",Ufv
f0d8b18c-371e-4a9b-bc88-6efb85341837,"o seminário sobre vlc fala de comunicação feita totalmente pelo espectro de luz visível, abrindo possibilidade para um meio de comunicação (provavelmente à curta distância) novo",Secom
f0d8b18c-371e-4a9b-bc88-6efb85341837,"o seminário sobre vlc fala de comunicação feita totalmente pelo espectro de luz visível, abrindo possibilidade para um meio de comunicação (provavelmente à curta distância) novo",Seminarios
f0d8b18c-371e-4a9b-bc88-6efb85341837,"o seminário sobre vlc fala de comunicação feita totalmente pelo espectro de luz visível, abrindo possibilidade para um meio de comunicação (provavelmente à curta distância) novo",Oportunidade
f0d8b18c-371e-4a9b-bc88-6efb85341837,"o seminário sobre vlc fala de comunicação feita totalmente pelo espectro de luz visível, abrindo possibilidade para um meio de comunicação (provavelmente à curta distância) novo",Sol
f0d8b18c-371e-4a9b-bc88-6efb85341837,"o seminário sobre vlc fala de comunicação feita totalmente pelo espectro de luz visível, abrindo possibilidade para um meio de comunicação (provavelmente à curta distância) novo",Distancia
8f4c1ec8-e5ed-4ce2-90f1-84bbab673805,letícia arrasa demais,Leticia
8f4c1ec8-e5ed-4ce2-90f1-84bbab673805,mt diva,Secom
3e72f254-acab-4aec-ad73-bf9dff9c21ad,letícia muito incrível,Leticia
64a69630-bdc5-4e29-9090-492d31a34e0d,palestra do alan ficou muito complexa de entender,Apito
64a69630-bdc5-4e29-9090-492d31a34e0d,palestra do alan ficou muito complexa de entender,Palestra
8f4c1ec8-e5ed-4ce2-90f1-84bbab673805,muito legal saber sobre as abelhas,Abelhas
8f4c1ec8-e5ed-4ce2-90f1-84bbab673805,a secom tá demais esse ano,Secom
64a69630-bdc5-4e29-9090-492d31a34e0d,como q vai colocar a mochila na abelha,Bolsa
64a69630-bdc5-4e29-9090-492d31a34e0d,como q vai colocar a mochila na abelha,Abobora
64a69630-bdc5-4e29-9090-492d31a34e0d,qual shampoo o patrick usa,Patrick
f0158b5a-82ff-410c-81f2-d51f7e345b45,muito triste que o gabriel moisés monteiro bonfim não vai apresentar esse ano,Bonfim
f0158b5a-82ff-410c-81f2-d51f7e345b45,muito triste que o gabriel moisés monteiro bonfim não vai apresentar esse ano,Gabriel
f0158b5a-82ff-410c-81f2-d51f7e345b45,muito triste que o gabriel moisés monteiro bonfim não vai apresentar esse ano,Secom
f0158b5a-82ff-410c-81f2-d51f7e345b45,muito triste que o gabriel moisés monteiro bonfim não vai apresentar esse ano,Salgado
cafe1afc-d59d-4b35-bde1-38d1f5815f74,hmmm coquinha,Coffe
cafe1afc-d59d-4b35-bde1-38d1f5815f74,hmmm coquinha,Lol
cafe1afc-d59d-4b35-bde1-38d1f5815f74,adesivinhos do git tão 🔥,Apito
cafe1afc-d59d-4b35-bde1-38d1f5815f74,adesivinhos do git tão 🔥,Git
cafe1afc-d59d-4b35-bde1-38d1f5815f74,nacif é lenda,Narracao
cafe1afc-d59d-4b35-bde1-38d1f5815f74,f luz,Luz
cafe1afc-d59d-4b35-bde1-38d1f5815f74,muito boa as palestras da manhã 🙏🏻,Manha
cafe1afc-d59d-4b35-bde1-38d1f5815f74,muito boa as palestras da manhã 🙏🏻,Palestra
6694bc9c-4eab-4c6b-a7df-c40f8f42e39c,"orgulhoso demais da apresentação do patrick, esse garoto é gênio",Apresentacao
6694bc9c-4eab-4c6b-a7df-c40f8f42e39c,"orgulhoso demais da apresentação do patrick, esse garoto é gênio",Copilot
6694bc9c-4eab-4c6b-a7df-c40f8f42e39c,"orgulhoso demais da apresentação do patrick, esse garoto é gênio",Patrick
4ce79311-38e9-401a-bb36-d1b6ad9ff2d3,ótima iniciativa do projeto de,Projetos
3e72f254-acab-4aec-ad73-bf9dff9c21ad,muito interessante o projeto astriflores,Projetos
7833a43c-88df-41ce-9608-368ecac536a1,os projetos deste ano estão muito interessantes,Projetos
092f2a22-65fe-4b1e-a8de-356ce785cea3,os projetos das ic's estão muito massa,Projetos
880b38ad-954a-499a-a76a-66fce8a17f66,"palestras ate agora muito boas, parabéns",Palestra
13c63d6c-e94d-4b8b-829b-3a6f523ac131,diversidade muito boa de projetos apresentados na sipeec,Projetos
13c63d6c-e94d-4b8b-829b-3a6f523ac131,diversidade muito boa de projetos apresentados na sipeec,Diversidade
13c63d6c-e94d-4b8b-829b-3a6f523ac131,diversidade muito boa de projetos apresentados na sipeec,Secom
7833a43c-88df-41ce-9608-368ecac536a1,quero ver a linguagem rascunho na disciplina de programação o quanto antes,Programacao
7833a43c-88df-41ce-9608-368ecac536a1,quero ver a linguagem rascunho na disciplina de programação o quanto antes,Linguagem
7833a43c-88df-41ce-9608-368ecac536a1,quero ver a linguagem rascunho na disciplina de programação o quanto antes,Disciplina
880b38ad-954a-499a-a76a-66fce8a17f66,sipeec com muitos trabalhos interessantes,Trabalho
092f2a22-65fe-4b1e-a8de-356ce785cea3,muito interessantes esses projetos que têm impacto social,Projetos
092f2a22-65fe-4b1e-a8de-356ce785cea3,muito interessantes esses projetos que têm impacto social,Impacto
13c63d6c-e94d-4b8b-829b-3a6f523ac131,engraçada a dinâmica de controle de tempo das apresentações,Dinamica
13c63d6c-e94d-4b8b-829b-3a6f523ac131,engraçada a dinâmica de controle de tempo das apresentações,Apresentacao
13c63d6c-e94d-4b8b-829b-3a6f523ac131,engraçada a dinâmica de controle de tempo das apresentações,Tempo
13c63d6c-e94d-4b8b-829b-3a6f523ac131,engraçada a dinâmica de controle de tempo das apresentações,Controle
13c63d6c-e94d-4b8b-829b-3a6f523ac131,projetos do lesc >>>>>>>,Projetos
13c63d6c-e94d-4b8b-829b-3a6f523ac131,projetos do lesc >>>>>>>,Ufv
6694bc9c-4eab-4c6b-a7df-c40f8f42e39c,-sports todo mundo tem q torcer pro mc agenda na sexta-feira 🫡,Semana
6694bc9c-4eab-4c6b-a7df-c40f8f42e39c,-sports todo mundo tem q torcer pro mc agenda na sexta-feira 🫡,Secom
6694bc9c-4eab-4c6b-a7df-c40f8f42e39c,-sports todo mundo tem q torcer pro mc agenda na sexta-feira 🫡,Agenda
092f2a22-65fe-4b1e-a8de-356ce785cea3,dudu antunes s2 é uma máquina,Maquina
092f2a22-65fe-4b1e-a8de-356ce785cea3,dudu antunes s2 é uma máquina,Antunes
02af807d-7123-444e-b61e-89eaf92be60f,muito interessante os projetos apresentados no sipeec,Projetos
02af807d-7123-444e-b61e-89eaf92be60f,muito interessante os projetos apresentados no sipeec,Secom
f0158b5a-82ff-410c-81f2-d51f7e345b45,muito legal a presença dos jogos,Secom
f0158b5a-82ff-410c-81f2-d51f7e345b45,muito legal a presença dos jogos,Jogos
f0158b5a-82ff-410c-81f2-d51f7e345b45,é claro também dos games nessa secom,Jogos
6694bc9c-4eab-4c6b-a7df-c40f8f42e39c,"muito bom ver esses jogos todos na secom,",Secom
6694bc9c-4eab-4c6b-a7df-c40f8f42e39c,"muito bom ver esses jogos todos na secom,",Jogos
6694bc9c-4eab-4c6b-a7df-c40f8f42e39c,senti falta de ver mais games,Falta
64a69630-bdc5-4e29-9090-492d31a34e0d,o mymobiconf vai ter um chat ao vivo para ser acompanhado durante a palestra,Vida
64a69630-bdc5-4e29-9090-492d31a34e0d,o mymobiconf vai ter um chat ao vivo para ser acompanhado durante a palestra,Comunicacao
64a69630-bdc5-4e29-9090-492d31a34e0d,o mymobiconf vai ter um chat ao vivo para ser acompanhado durante a palestra,Palestra
64a69630-bdc5-4e29-9090-492d31a34e0d,o mymobiconf vai ter um chat ao vivo para ser acompanhado durante a palestra,Mymobiconf
02af807d-7123-444e-b61e-89eaf92be60f,os apitos levantando o astral da galera,Secom
02af807d-7123-444e-b61e-89eaf92be60f,os apitos levantando o astral da galera,Astraflores
ae0cbeae-1ff0-406f-a78a-a80a71120100,muito legal as palestras,Palestra
ae0cbeae-1ff0-406f-a78a-a80a71120100,muito gostoso o coffe brake,Coffe
ae0cbeae-1ff0-406f-a78a-a80a71120100,muito gostoso o coffe brake,Brake
ae0cbeae-1ff0-406f-a78a-a80a71120100,muito boa as apresentações do sipeec,Apresentacao
ae0cbeae-1ff0-406f-a78a-a80a71120100,muito boa as apresentações do sipeec,Secom
02af807d-7123-444e-b61e-89eaf92be60f,bonitinhos>>>>>>> okt,Secom
ae0cbeae-1ff0-406f-a78a-a80a71120100,o conteúdo dos slides foram bem importantes,Secom
ae0cbeae-1ff0-406f-a78a-a80a71120100,o conteúdo dos slides foram bem importantes,Slides
ae0cbeae-1ff0-406f-a78a-a80a71120100,conteúdo bom,Secom
f0158b5a-82ff-410c-81f2-d51f7e345b45,qual vai ser o nome do time oficial de lol do curso,Tempo
f0158b5a-82ff-410c-81f2-d51f7e345b45,qual vai ser o nome do time oficial de lol do curso,Lol
f0158b5a-82ff-410c-81f2-d51f7e345b45,qual vai ser o nome do time oficial de lol do curso,Nome
f0158b5a-82ff-410c-81f2-d51f7e345b45,qual vai ser o nome do time oficial de lol do curso,Curso
f0158b5a-82ff-410c-81f2-d51f7e345b45,quem fez esses modelos 3d maravilhosos do virtual labs,Virtual
f0158b5a-82ff-410c-81f2-d51f7e345b45,quem fez esses modelos 3d maravilhosos do virtual labs,Labs
f0158b5a-82ff-410c-81f2-d51f7e345b45,quem fez esses modelos 3d maravilhosos do virtual labs,Modelagem
4a38eef3-4375-45b4-b386-649cb518c20b,queremos mais de um time de esports pro curso,Tempo
4a38eef3-4375-45b4-b386-649cb518c20b,queremos mais de um time de esports pro curso,Fifa
4a38eef3-4375-45b4-b386-649cb518c20b,queremos mais de um time de esports pro curso,Curso
219bdf7f-fa3a-4d8f-9e33-b83980cc7afb,de grande contribuição acadêmica as pesquisas apresentadas,Contribuicao
219bdf7f-fa3a-4d8f-9e33-b83980cc7afb,de grande contribuição acadêmica as pesquisas apresentadas,Secom
4a38eef3-4375-45b4-b386-649cb518c20b,cheio de gabriel no curso,Gabriel
4a38eef3-4375-45b4-b386-649cb518c20b,cheio de gabriel no curso,Curso
64a69630-bdc5-4e29-9090-492d31a34e0d,quando fica pronto o novo lords of florestal,Lords
9cc1a365-6476-4f22-bf74-2a453e1e8443,as ic da computaçao quantica é bem interessante,Processo
9cc1a365-6476-4f22-bf74-2a453e1e8443,as ic da computaçao quantica é bem interessante,Quantica
7833a43c-88df-41ce-9608-368ecac536a1,eu coloco tags no github só por causa do zoéga,Explicacao
7833a43c-88df-41ce-9608-368ecac536a1,eu coloco tags no github só por causa do zoéga,Secom
7833a43c-88df-41ce-9608-368ecac536a1,eu coloco tags no github só por causa do zoéga,Github
5bc436a4-ec67-4216-87a7-d9152877d21f,lanchinho delicioso,Lanche
5bc436a4-ec67-4216-87a7-d9152877d21f,as palestras da sipeec estão super interessantes,Secom
5bc436a4-ec67-4216-87a7-d9152877d21f,as palestras da sipeec estão super interessantes,Palestra
9cc1a365-6476-4f22-bf74-2a453e1e8443,muito bons esses projetos da faculdade,Projetos
9cc1a365-6476-4f22-bf74-2a453e1e8443,muito bons esses projetos da faculdade,Curso
5bc436a4-ec67-4216-87a7-d9152877d21f,pessoal da identidade visual foram maravilhosos,Identidade
5bc436a4-ec67-4216-87a7-d9152877d21f,pessoal da identidade visual foram maravilhosos,Secom
ad08e116-810d-4533-a7c6-9782fcb55f6d,a para detectar emoções vai ser um diferencial do ufv virtuallabs,Emocao
ad08e116-810d-4533-a7c6-9782fcb55f6d,a para detectar emoções vai ser um diferencial do ufv virtuallabs,Virtual
ad08e116-810d-4533-a7c6-9782fcb55f6d,a para detectar emoções vai ser um diferencial do ufv virtuallabs,Diferencial
ad08e116-810d-4533-a7c6-9782fcb55f6d,a promete,Secom
5bc436a4-ec67-4216-87a7-d9152877d21f,os projetos de iot são os melhores,Projetos
5bc436a4-ec67-4216-87a7-d9152877d21f,os projetos de iot são os melhores,Secom
eed4edbe-921c-4f9c-8148-1948d00197eb,a primeira palestra relacionada a inteligência artificial ministrada pelo pedro lacerda foi extremamente satisfatória,Inteligencia
eed4edbe-921c-4f9c-8148-1948d00197eb,a primeira palestra relacionada a inteligência artificial ministrada pelo pedro lacerda foi extremamente satisfatória,Secom
eed4edbe-921c-4f9c-8148-1948d00197eb,a primeira palestra relacionada a inteligência artificial ministrada pelo pedro lacerda foi extremamente satisfatória,Palestra
eed4edbe-921c-4f9c-8148-1948d00197eb,a primeira palestra relacionada a inteligência artificial ministrada pelo pedro lacerda foi extremamente satisfatória,Pedro
f24a3531-506e-487a-84d2-614694703dfc,que horas começa o fifa,Tempo
f24a3531-506e-487a-84d2-614694703dfc,que horas começa o fifa,Fifa
9cc1a365-6476-4f22-bf74-2a453e1e8443,"slc, o virtual labs parece ser um projeto gigante",Ufv
9cc1a365-6476-4f22-bf74-2a453e1e8443,"slc, o virtual labs parece ser um projeto gigante",Labs
9cc1a365-6476-4f22-bf74-2a453e1e8443,"slc, o virtual labs parece ser um projeto gigante",Projetos
34d7ba0b-7b62-4439-b143-d7dd24797376,muito boa a apresentação do pessoal da astraflores,Apresentacao
34d7ba0b-7b62-4439-b143-d7dd24797376,muito boa a apresentação do pessoal da astraflores,Secom
34d7ba0b-7b62-4439-b143-d7dd24797376,muito boa a apresentação do pessoal da astraflores,Astraflores
34d7ba0b-7b62-4439-b143-d7dd24797376,muito boa a apresentação da ic do jogo da astraflores,Apresentacao
34d7ba0b-7b62-4439-b143-d7dd24797376,muito boa a apresentação da ic do jogo da astraflores,Jogos
34d7ba0b-7b62-4439-b143-d7dd24797376,muito boa a apresentação da ic do jogo da astraflores,Astraflores
6694bc9c-4eab-4c6b-a7df-c40f8f42e39c,o virtual labs é realmente o melhor projeto da ufv,Virtual
6694bc9c-4eab-4c6b-a7df-c40f8f42e39c,o virtual labs é realmente o melhor projeto da ufv,Projetos
6694bc9c-4eab-4c6b-a7df-c40f8f42e39c,o virtual labs é realmente o melhor projeto da ufv,Labs
6694bc9c-4eab-4c6b-a7df-c40f8f42e39c,o virtual labs é realmente o melhor projeto da ufv,Ufv
f7781785-ccfa-4120-856f-3781bcf14d45,que horas que é a hora da merenda,Tempo
f7781785-ccfa-4120-856f-3781bcf14d45,que horas que é a hora da merenda,Merenda
023d3c99-a60f-4734-88e2-de4c9944c95a,o negócio do apito eu achei overkill,Apito
023d3c99-a60f-4734-88e2-de4c9944c95a,o negócio do apito eu achei overkill,Empresa
b9ce085c-74f8-412e-8a55-1391f0867ebd,achei muito interessante o projeto de jogo para fomentar a reciclagem,Projetos
b9ce085c-74f8-412e-8a55-1391f0867ebd,achei muito interessante o projeto de jogo para fomentar a reciclagem,Reciclagem
b9ce085c-74f8-412e-8a55-1391f0867ebd,achei muito interessante o projeto de jogo para fomentar a reciclagem,Jogos
b9ce085c-74f8-412e-8a55-1391f0867ebd,para saber diferenciar os tipos de lixos,Secom
023d3c99-a60f-4734-88e2-de4c9944c95a,"teve bastante assunto sobre ia nessa secom, isso mostra como o assunto está em alta",Secom
8c83da8e-1478-4a91-ae10-7347cd55d06f,microfone trollando kkkkk,Microfone
b9ce085c-74f8-412e-8a55-1391f0867ebd,outro que gostei muito foi o virtual labs tentar trazer ambientes de laboratório para que eles sejam mais acessíveis por meio de um computador é muito importante,Secom
b9ce085c-74f8-412e-8a55-1391f0867ebd,outro que gostei muito foi o virtual labs tentar trazer ambientes de laboratório para que eles sejam mais acessíveis por meio de um computador é muito importante,Laboratorios
b9ce085c-74f8-412e-8a55-1391f0867ebd,outro que gostei muito foi o virtual labs tentar trazer ambientes de laboratório para que eles sejam mais acessíveis por meio de um computador é muito importante,Informatica
b9ce085c-74f8-412e-8a55-1391f0867ebd,outro que gostei muito foi o virtual labs tentar trazer ambientes de laboratório para que eles sejam mais acessíveis por meio de um computador é muito importante,Ambiente
c3149f3b-36f2-4fbd-a033-c41f8e9fe534,os apitos para controle de tempo ficaram muito bons,Tempo
c3149f3b-36f2-4fbd-a033-c41f8e9fe534,os apitos para controle de tempo ficaram muito bons,Secom
c3149f3b-36f2-4fbd-a033-c41f8e9fe534,os apitos para controle de tempo ficaram muito bons,Controle
023d3c99-a60f-4734-88e2-de4c9944c95a,podia rolar um coffee-break a tarde tb,Tempo
023d3c99-a60f-4734-88e2-de4c9944c95a,podia rolar um coffee-break a tarde tb,Coffee
b9ce085c-74f8-412e-8a55-1391f0867ebd,"a palestra de desmistificação da iafoi incrível saber que aprender um pouco mais sobre os processos em que ela se encaixa,",Secom
b9ce085c-74f8-412e-8a55-1391f0867ebd,"a palestra de desmistificação da iafoi incrível saber que aprender um pouco mais sobre os processos em que ela se encaixa,",Palestra
b9ce085c-74f8-412e-8a55-1391f0867ebd,"a palestra de desmistificação da iafoi incrível saber que aprender um pouco mais sobre os processos em que ela se encaixa,",Processo
b9ce085c-74f8-412e-8a55-1391f0867ebd,"a palestra de desmistificação da iafoi incrível saber que aprender um pouco mais sobre os processos em que ela se encaixa,",Desmistificacao
b9ce085c-74f8-412e-8a55-1391f0867ebd,suas aplicações,App
b9ce085c-74f8-412e-8a55-1391f0867ebd,um pouco do seu funcionamento foi absurdo,Processo
b9ce085c-74f8-412e-8a55-1391f0867ebd,"a ideia de iot para usar mochilinhas nas abelhas foi muito engraçado kkkkk,",Projetos
b9ce085c-74f8-412e-8a55-1391f0867ebd,"a ideia de iot para usar mochilinhas nas abelhas foi muito engraçado kkkkk,",Secom
b9ce085c-74f8-412e-8a55-1391f0867ebd,"a ideia de iot para usar mochilinhas nas abelhas foi muito engraçado kkkkk,",Abelhas
3f05e03e-45ce-4e65-b2f3-cf3a76e21fa1,"até o momento o sipeec está encrivel, muitos projetos legais",Tempo
3f05e03e-45ce-4e65-b2f3-cf3a76e21fa1,"até o momento o sipeec está encrivel, muitos projetos legais",Secom
3f05e03e-45ce-4e65-b2f3-cf3a76e21fa1,"até o momento o sipeec está encrivel, muitos projetos legais",Projetos
023d3c99-a60f-4734-88e2-de4c9944c95a,"legal esse multi-task learning, parece ser tipo redes neurais interligadas",Secom
023d3c99-a60f-4734-88e2-de4c9944c95a,"legal esse multi-task learning, parece ser tipo redes neurais interligadas",Redes
023d3c99-a60f-4734-88e2-de4c9944c95a,"legal esse multi-task learning, parece ser tipo redes neurais interligadas",Multi-task
b9ce085c-74f8-412e-8a55-1391f0867ebd,eu estou amando a secom tudo até então está absurdamente incrível,Secom
4ce79311-38e9-401a-bb36-d1b6ad9ff2d3,apresentações muito legais,Apresentacao
b9ce085c-74f8-412e-8a55-1391f0867ebd,gostei do tcc sobre ensinar um pouco sobre programação para as pessoas por meio de um jogo,Falta
b9ce085c-74f8-412e-8a55-1391f0867ebd,gostei do tcc sobre ensinar um pouco sobre programação para as pessoas por meio de um jogo,Secom
b9ce085c-74f8-412e-8a55-1391f0867ebd,gostei do tcc sobre ensinar um pouco sobre programação para as pessoas por meio de um jogo,Programacao
b9ce085c-74f8-412e-8a55-1391f0867ebd,gostei do tcc sobre ensinar um pouco sobre programação para as pessoas por meio de um jogo,Tcc
b9ce085c-74f8-412e-8a55-1391f0867ebd,gostei do tcc sobre ensinar um pouco sobre programação para as pessoas por meio de um jogo,Jogos
c3149f3b-36f2-4fbd-a033-c41f8e9fe534,o pessoal está realmente arrasando nas apresentações da sipeec,Apresentacao
c3149f3b-36f2-4fbd-a033-c41f8e9fe534,o pessoal está realmente arrasando nas apresentações da sipeec,Secom
4395eb8b-e6f9-4282-85dc-98453a11cc3e,todas as palestras excelentes,Palestra
4395eb8b-e6f9-4282-85dc-98453a11cc3e,fiz uma apresentação no sipeec,Apresentacao
4395eb8b-e6f9-4282-85dc-98453a11cc3e,fiz uma apresentação no sipeec,Secom
4395eb8b-e6f9-4282-85dc-98453a11cc3e,ambiente muito bonito,Ambiente
4395eb8b-e6f9-4282-85dc-98453a11cc3e,microfone as vezes falhando,Tempo
4395eb8b-e6f9-4282-85dc-98453a11cc3e,microfone as vezes falhando,Microfone
4395eb8b-e6f9-4282-85dc-98453a11cc3e,apresentações do sipeec muito interessantes,Apresentacao
4395eb8b-e6f9-4282-85dc-98453a11cc3e,apresentações do sipeec muito interessantes,Secom
3f05e03e-45ce-4e65-b2f3-cf3a76e21fa1,"muito interessante os projetos, difícil escolher um",Projetos
4395eb8b-e6f9-4282-85dc-98453a11cc3e,cofee break bom,Coffe
4395eb8b-e6f9-4282-85dc-98453a11cc3e,cofee break bom,Break
4395eb8b-e6f9-4282-85dc-98453a11cc3e,poderia ter opção de suco para aqueles que não bebem refrigerante,Apito
4395eb8b-e6f9-4282-85dc-98453a11cc3e,poderia ter opção de suco para aqueles que não bebem refrigerante,Secom
8c83da8e-1478-4a91-ae10-7347cd55d06f,achei meta poggers total skibidi os apito,Poggers
8c83da8e-1478-4a91-ae10-7347cd55d06f,achei meta poggers total skibidi os apito,Apito
c3149f3b-36f2-4fbd-a033-c41f8e9fe534,a segunda palestra do primeiro dia foi enriquecedora,Valorant
c3149f3b-36f2-4fbd-a033-c41f8e9fe534,a segunda palestra do primeiro dia foi enriquecedora,Palestra
c3149f3b-36f2-4fbd-a033-c41f8e9fe534,o palestrante poderia voltar mais vezes,Tempo
c3149f3b-36f2-4fbd-a033-c41f8e9fe534,o palestrante poderia voltar mais vezes,Palestra
4ce79311-38e9-401a-bb36-d1b6ad9ff2d3,auditório esta bem gelado,Auditorio
f0d8b18c-371e-4a9b-bc88-6efb85341837,o seminário next cell prediction pode ser usado para várias aplicações com base na rotina do usuário,Usuario
f0d8b18c-371e-4a9b-bc88-6efb85341837,o seminário next cell prediction pode ser usado para várias aplicações com base na rotina do usuário,Processo
f0d8b18c-371e-4a9b-bc88-6efb85341837,o seminário next cell prediction pode ser usado para várias aplicações com base na rotina do usuário,App
f0d8b18c-371e-4a9b-bc88-6efb85341837,o seminário next cell prediction pode ser usado para várias aplicações com base na rotina do usuário,Base
f0d8b18c-371e-4a9b-bc88-6efb85341837,o seminário next cell prediction pode ser usado para várias aplicações com base na rotina do usuário,Seminarios
f0d8b18c-371e-4a9b-bc88-6efb85341837,o seminário next cell prediction pode ser usado para várias aplicações com base na rotina do usuário,Prediction
f0d8b18c-371e-4a9b-bc88-6efb85341837,o seminário next cell prediction pode ser usado para várias aplicações com base na rotina do usuário,Cell
4ce79311-38e9-401a-bb36-d1b6ad9ff2d3,muito bom os apitos,Secom
9a75dc4c-7a4e-49c6-b73b-62eafd9c8b73,palestras de abertura muito interessantes,Apresentacao
9a75dc4c-7a4e-49c6-b73b-62eafd9c8b73,palestras de abertura muito interessantes,Palestra
f0158b5a-82ff-410c-81f2-d51f7e345b45,mymobiconf tá malado dimai,Secom
f0d8b18c-371e-4a9b-bc88-6efb85341837,mymobiconf tem um potencial grande,Oportunidade
f0d8b18c-371e-4a9b-bc88-6efb85341837,"pode ser usado para outras aplicações além do campus, especialmente com relação à seminários",App
f0d8b18c-371e-4a9b-bc88-6efb85341837,"pode ser usado para outras aplicações além do campus, especialmente com relação à seminários",Secom
f0d8b18c-371e-4a9b-bc88-6efb85341837,"pode ser usado para outras aplicações além do campus, especialmente com relação à seminários",Seminarios
f0d8b18c-371e-4a9b-bc88-6efb85341837,"pode ser usado para outras aplicações além do campus, especialmente com relação à seminários",Curso
f0d8b18c-371e-4a9b-bc88-6efb85341837,organizações,Organizacao
8f243416-db6e-4185-8133-0e0433d6c30a,a camisa desse ano ficoummuito bonita,Pena
8f243416-db6e-4185-8133-0e0433d6c30a,a camisa desse ano ficoummuito bonita,Camisa
8f243416-db6e-4185-8133-0e0433d6c30a,"achei a temperatura um pouco fria, estava embaixo de um dos ar condicionados",Calor
8f243416-db6e-4185-8133-0e0433d6c30a,otimas palestras de abertura,Apito
8f243416-db6e-4185-8133-0e0433d6c30a,otimas palestras de abertura,Palestra
8f243416-db6e-4185-8133-0e0433d6c30a,otimas palestras de abertura,Apresentacao
02af807d-7123-444e-b61e-89eaf92be60f,mymobiconf melhor atualização,Atualizacao
8f243416-db6e-4185-8133-0e0433d6c30a,gostei de ganhar um apito,Apito
02af807d-7123-444e-b61e-89eaf92be60f,arzinho condicionado fazendo milagres,Secom
02af807d-7123-444e-b61e-89eaf92be60f,arzinho condicionado fazendo milagres,Milagres
8f243416-db6e-4185-8133-0e0433d6c30a,os salgados na hora do lanche estavam otimos,Tempo
8f243416-db6e-4185-8133-0e0433d6c30a,os salgados na hora do lanche estavam otimos,Secom
8f243416-db6e-4185-8133-0e0433d6c30a,os salgados na hora do lanche estavam otimos,Lanche
8f243416-db6e-4185-8133-0e0433d6c30a,ansioso pelo torneio de esport,Fifa
8f243416-db6e-4185-8133-0e0433d6c30a,ansioso pelo torneio de esport,Torneio
6694bc9c-4eab-4c6b-a7df-c40f8f42e39c,gosto de refatoração 😳,Refrigeracao
6694bc9c-4eab-4c6b-a7df-c40f8f42e39c,gosto de refatoração 😳,Secom
4ce79311-38e9-401a-bb36-d1b6ad9ff2d3,sipeec sempre muito importante para dar ouvido aos projetos da faculdade,Projetos
4ce79311-38e9-401a-bb36-d1b6ad9ff2d3,sipeec sempre muito importante para dar ouvido aos projetos da faculdade,Musica
4ce79311-38e9-401a-bb36-d1b6ad9ff2d3,sipeec sempre muito importante para dar ouvido aos projetos da faculdade,Curso
99899b5a-eb3d-4d67-a64f-a143f824a709,usando o mymobiconf na palestra sobre mymobiconf 😃,Palestra
99899b5a-eb3d-4d67-a64f-a143f824a709,usando o mymobiconf na palestra sobre mymobiconf 😃,Mymobiconf
b843c3db-fc8f-45a6-8322-19b87391fa20,"adorei a apresentação da letícia cristina, uma apresentação incrível",Apresentacao
b843c3db-fc8f-45a6-8322-19b87391fa20,"adorei a apresentação da letícia cristina, uma apresentação incrível",Leticia
b843c3db-fc8f-45a6-8322-19b87391fa20,"uma ideia brilhante com muito futuro, pelo simples fato de utilizar a luz como principal meio, então parabéns",Luz
b843c3db-fc8f-45a6-8322-19b87391fa20,"uma ideia brilhante com muito futuro, pelo simples fato de utilizar a luz como principal meio, então parabéns",Lol
b843c3db-fc8f-45a6-8322-19b87391fa20,"uma ideia brilhante com muito futuro, pelo simples fato de utilizar a luz como principal meio, então parabéns",Projetos
b843c3db-fc8f-45a6-8322-19b87391fa20,"uma ideia brilhante com muito futuro, pelo simples fato de utilizar a luz como principal meio, então parabéns",Secom
9a75dc4c-7a4e-49c6-b73b-62eafd9c8b73,o app está muito bom,App
99899b5a-eb3d-4d67-a64f-a143f824a709,o design do mymobiconf realmente está muito melhor,Mymobiconf
99899b5a-eb3d-4d67-a64f-a143f824a709,o design do mymobiconf realmente está muito melhor,Design
99899b5a-eb3d-4d67-a64f-a143f824a709,ainda prefiro a logo quando era sans-serif,Secom
99899b5a-eb3d-4d67-a64f-a143f824a709,"fora isso, o app ficou perfeito",App
b843c3db-fc8f-45a6-8322-19b87391fa20,"achei muito importante a apresentação da melissa alanis, devemos nos informar sobre um tema tão importante que é o nosso meio ambiente, vamos jogar",Apresentacao
b843c3db-fc8f-45a6-8322-19b87391fa20,"achei muito importante a apresentação da melissa alanis, devemos nos informar sobre um tema tão importante que é o nosso meio ambiente, vamos jogar",Secom
b843c3db-fc8f-45a6-8322-19b87391fa20,"achei muito importante a apresentação da melissa alanis, devemos nos informar sobre um tema tão importante que é o nosso meio ambiente, vamos jogar",Apito
b843c3db-fc8f-45a6-8322-19b87391fa20,aprender a salvar o nosso mundo,Secom
24c725a4-20aa-4ce4-9d18-b194d3bdd5be,"gostei bastante do assunto das palestras, por serem assuntos atuais me chamam maior a atenção",Secom
24c725a4-20aa-4ce4-9d18-b194d3bdd5be,"gostei bastante do assunto das palestras, por serem assuntos atuais me chamam maior a atenção",Palestra
c3149f3b-36f2-4fbd-a033-c41f8e9fe534,a equipe do mymobiconf está de parabéns,Equipe
c3149f3b-36f2-4fbd-a033-c41f8e9fe534,a equipe do mymobiconf está de parabéns,Mymobiconf
b843c3db-fc8f-45a6-8322-19b87391fa20,"mymobiconf aparecendo em peso, arrasaram demais, parabéns por esse projeto incrível",Projetos
b843c3db-fc8f-45a6-8322-19b87391fa20,"mymobiconf aparecendo em peso, arrasaram demais, parabéns por esse projeto incrível",Peso
47cacf3f-e0f2-421b-a645-5e0efd6cc615,tá frio,Frio
b843c3db-fc8f-45a6-8322-19b87391fa20,cada professor dessa instituição possui trabalhos,Organizacao
b843c3db-fc8f-45a6-8322-19b87391fa20,cada professor dessa instituição possui trabalhos,Professor
b843c3db-fc8f-45a6-8322-19b87391fa20,cada professor dessa instituição possui trabalhos,Trabalho
b843c3db-fc8f-45a6-8322-19b87391fa20,"iniciações científicas incríveis, muita sorte de estar nessa universidade com tantas oportunidades",Apresentacao
b843c3db-fc8f-45a6-8322-19b87391fa20,"iniciações científicas incríveis, muita sorte de estar nessa universidade com tantas oportunidades",Oportunidade
b843c3db-fc8f-45a6-8322-19b87391fa20,"iniciações científicas incríveis, muita sorte de estar nessa universidade com tantas oportunidades",Labs
b843c3db-fc8f-45a6-8322-19b87391fa20,"iniciações científicas incríveis, muita sorte de estar nessa universidade com tantas oportunidades",Curso
47cacf3f-e0f2-421b-a645-5e0efd6cc615,tem alguém com apito de juiz de futebol aqui kkkkk,Apito
47cacf3f-e0f2-421b-a645-5e0efd6cc615,tem alguém com apito de juiz de futebol aqui kkkkk,Secom
47cacf3f-e0f2-421b-a645-5e0efd6cc615,tem alguém com apito de juiz de futebol aqui kkkkk,Fifa
24c725a4-20aa-4ce4-9d18-b194d3bdd5be,o app esta muito bonito,App
24c725a4-20aa-4ce4-9d18-b194d3bdd5be,de fácil uso,Uso
7689c29b-b6e3-42b3-b39d-dc0e1598e652,estão todos de parabéns,Secom
7689c29b-b6e3-42b3-b39d-dc0e1598e652,muitos projetos,Projetos
7689c29b-b6e3-42b3-b39d-dc0e1598e652,parabéns professores,Curso
7689c29b-b6e3-42b3-b39d-dc0e1598e652,palestrante do github muito bom,Github
b843c3db-fc8f-45a6-8322-19b87391fa20,"tivemos uma recepção incrível nessa décima terceira secom, amei as palestras",Palestra
b843c3db-fc8f-45a6-8322-19b87391fa20,"tivemos uma recepção incrível nessa décima terceira secom, amei as palestras",Recepcao
b843c3db-fc8f-45a6-8322-19b87391fa20,os projetos apresentados pelos alunos,Projetos
b843c3db-fc8f-45a6-8322-19b87391fa20,os projetos apresentados pelos alunos,Curso
b843c3db-fc8f-45a6-8322-19b87391fa20,"que evento incrível, que nos próximos anos continuem assim para melhorar",Anos
24c725a4-20aa-4ce4-9d18-b194d3bdd5be,as palestras sobre ias foram bastante interessantes,Secom
24c725a4-20aa-4ce4-9d18-b194d3bdd5be,as palestras sobre ias foram bastante interessantes,Palestra
cd9a5b5a-0583-4590-a133-863647e24ed2,saudades coffee break,Secom
cd9a5b5a-0583-4590-a133-863647e24ed2,saudades coffee break,Break
b843c3db-fc8f-45a6-8322-19b87391fa20,"infelizmente não tinha suco no cofe breack, nós que não bebemos coca precisamos ser representados com um suquinho",Lolzim
b843c3db-fc8f-45a6-8322-19b87391fa20,"infelizmente não tinha suco no cofe breack, nós que não bebemos coca precisamos ser representados com um suquinho",Trabalho
24c725a4-20aa-4ce4-9d18-b194d3bdd5be,bastante interessante ver todos os projetos de pesquisa existentes na área de informática no campus,Projetos
24c725a4-20aa-4ce4-9d18-b194d3bdd5be,bastante interessante ver todos os projetos de pesquisa existentes na área de informática no campus,Secom
24c725a4-20aa-4ce4-9d18-b194d3bdd5be,bastante interessante ver todos os projetos de pesquisa existentes na área de informática no campus,Informatica
24c725a4-20aa-4ce4-9d18-b194d3bdd5be,bastante interessante ver todos os projetos de pesquisa existentes na área de informática no campus,Area
24c725a4-20aa-4ce4-9d18-b194d3bdd5be,bastante interessante ver todos os projetos de pesquisa existentes na área de informática no campus,Curso
24c725a4-20aa-4ce4-9d18-b194d3bdd5be,parabéns aos organizadores,Organizadores
cd9a5b5a-0583-4590-a133-863647e24ed2,a verdade é que o nesped é o melhor grupo da ufv >>>>>,Lol
cd9a5b5a-0583-4590-a133-863647e24ed2,a verdade é que o nesped é o melhor grupo da ufv >>>>>,Grupo
cd9a5b5a-0583-4590-a133-863647e24ed2,a verdade é que o nesped é o melhor grupo da ufv >>>>>,Ufv
cd9a5b5a-0583-4590-a133-863647e24ed2,a verdade é que o nesped é o melhor grupo da ufv >>>>>,Nesped
cd9a5b5a-0583-4590-a133-863647e24ed2,alguém aí tem um hidratante,Hidratante
3e72f254-acab-4aec-ad73-bf9dff9c21ad,muito legal conhecer sobre os projetos realizados,Projetos
78a0dc2a-07a3-41bb-a1a4-3731b2e51917,muito boa a ideia do apito,Apito
78a0dc2a-07a3-41bb-a1a4-3731b2e51917,muito boa a ideia do apito,Projetos
cd9a5b5a-0583-4590-a133-863647e24ed2,amo o sexteto,Secom
cd9a5b5a-0583-4590-a133-863647e24ed2,amo o sexteto,Sexteto
47cacf3f-e0f2-421b-a645-5e0efd6cc615,poderia deixar o tempo para quem tá assistindo também,Tempo
99899b5a-eb3d-4d67-a64f-a143f824a709,"fiquei tão entertido na apresentação do álvaro na sipeec que nem percebi que ele passou do tempo 😅 coitado, não conseguiu terminar",Tempo
99899b5a-eb3d-4d67-a64f-a143f824a709,"fiquei tão entertido na apresentação do álvaro na sipeec que nem percebi que ele passou do tempo 😅 coitado, não conseguiu terminar",Apresentacao
99899b5a-eb3d-4d67-a64f-a143f824a709,"fiquei tão entertido na apresentação do álvaro na sipeec que nem percebi que ele passou do tempo 😅 coitado, não conseguiu terminar",Secom
f569f9d9-9281-4405-a4aa-084b33a9be5a,a palestra sobre o github foi muito boa,Palestra
f569f9d9-9281-4405-a4aa-084b33a9be5a,a palestra sobre o github foi muito boa,Github
f569f9d9-9281-4405-a4aa-084b33a9be5a,é interesse ver como as ia's tem estado cada vez mais presentes,Secom
f569f9d9-9281-4405-a4aa-084b33a9be5a,é interesse ver como as ia's tem estado cada vez mais presentes,Interesse
47cacf3f-e0f2-421b-a645-5e0efd6cc615,"""roubaram o vini"", claramente um crime",Secom
47cacf3f-e0f2-421b-a645-5e0efd6cc615,"""roubaram o vini"", claramente um crime",Crime
47cacf3f-e0f2-421b-a645-5e0efd6cc615,descobrir quem tá com o apito kk,Apito
f569f9d9-9281-4405-a4aa-084b33a9be5a,foi importante o palestrante ter falado sobre como usar o copilot,Palestra
f569f9d9-9281-4405-a4aa-084b33a9be5a,foi importante o palestrante ter falado sobre como usar o copilot,Copilot
880b38ad-954a-499a-a76a-66fce8a17f66,mais gente tinha que estourar o tempo,Tempo
f569f9d9-9281-4405-a4aa-084b33a9be5a,é importante saber das limitações da ia,Limitador
2841ae4b-ef6a-4661-94a3-9777a70ec034,"ótimas palestras, houve alguns problemas técnicos",Palestra
2841ae4b-ef6a-4661-94a3-9777a70ec034,"ótimas palestras, houve alguns problemas técnicos",Problema
2841ae4b-ef6a-4661-94a3-9777a70ec034,não impediu de obter os conhecimentos,Conhecimento
f569f9d9-9281-4405-a4aa-084b33a9be5a,foi interessante saber sobre oportunidades no github como estudante,Oportunidade
f569f9d9-9281-4405-a4aa-084b33a9be5a,foi interessante saber sobre oportunidades no github como estudante,Github
f569f9d9-9281-4405-a4aa-084b33a9be5a,foi interessante saber sobre oportunidades no github como estudante,Curso
cd9a5b5a-0583-4590-a133-863647e24ed2,o campeonato de valorant vai ser transmitido online também,Valorant
cd9a5b5a-0583-4590-a133-863647e24ed2,o campeonato de valorant vai ser transmitido online também,Campeonato
cd9a5b5a-0583-4590-a133-863647e24ed2,o campeonato de valorant vai ser transmitido online também,Internet
99899b5a-eb3d-4d67-a64f-a143f824a709,eu vi o eduardo isadora tropeçando na escada  👀 🤣,Escada
99899b5a-eb3d-4d67-a64f-a143f824a709,eu vi o eduardo isadora tropeçando na escada  👀 🤣,Secom
f569f9d9-9281-4405-a4aa-084b33a9be5a,"foi interessante saber sobre o que é de fato uma ia, sem se limitar a um robo ou algo complexo",Lol
f569f9d9-9281-4405-a4aa-084b33a9be5a,"foi interessante saber sobre o que é de fato uma ia, sem se limitar a um robo ou algo complexo",Cade
d3028b07-211a-405d-9f82-13b8d82aeff8,"palestra incrivel do pedro lacerda, convindem-o outras vezes",Pedro
d3028b07-211a-405d-9f82-13b8d82aeff8,"palestra incrivel do pedro lacerda, convindem-o outras vezes",Tempo
d3028b07-211a-405d-9f82-13b8d82aeff8,"palestra incrivel do pedro lacerda, convindem-o outras vezes",Secom
d3028b07-211a-405d-9f82-13b8d82aeff8,"palestra incrivel do pedro lacerda, convindem-o outras vezes",Palestra
d3028b07-211a-405d-9f82-13b8d82aeff8,ansioso para a final de valorant,Valorant
d3028b07-211a-405d-9f82-13b8d82aeff8,ansioso para a final de valorant,Final
7cf13434-76d6-4046-96fd-1cfd9d429282,minascoders arrasa,Minascoders
08101ce6-e4af-4e12-81d5-87afcafc4b3b,ta frio,Frio
84fb43ff-f2ca-4b32-b090-49467d8ae7a0,minascoders melhor programa 💚,Programacao
84fb43ff-f2ca-4b32-b090-49467d8ae7a0,minascoders melhor programa 💚,Minascoders
880b38ad-954a-499a-a76a-66fce8a17f66,final fo valorant vai ser top,Final
84fb43ff-f2ca-4b32-b090-49467d8ae7a0,lindaa a melissa,Secom
84fb43ff-f2ca-4b32-b090-49467d8ae7a0,muito boa a nova identidade visual,Identidade
cd9a5b5a-0583-4590-a133-863647e24ed2,meu deus a melissa é muito linda 😍,Deus
cd9a5b5a-0583-4590-a133-863647e24ed2,meu deus a melissa é muito linda 😍,Secom
99899b5a-eb3d-4d67-a64f-a143f824a709,breno encerrou a apresentação dele no sipeec com maestria 🤌,Apresentacao
99899b5a-eb3d-4d67-a64f-a143f824a709,breno encerrou a apresentação dele no sipeec com maestria 🤌,Secom
c83d77db-e69b-4b9a-af36-1e80aed4ea42,muito interessante a proposta do minascoders,Projetos
c83d77db-e69b-4b9a-af36-1e80aed4ea42,muito interessante a proposta do minascoders,Minascoders
02af807d-7123-444e-b61e-89eaf92be60f,minas coders é muito bommm,Lol
02af807d-7123-444e-b61e-89eaf92be60f,minas coders é muito bommm,Minascoders
c83d77db-e69b-4b9a-af36-1e80aed4ea42,gostei da prévia do tcc da ana clara sobre a taxa de evasão feminina,Secom
c83d77db-e69b-4b9a-af36-1e80aed4ea42,gostei da prévia do tcc da ana clara sobre a taxa de evasão feminina,Faturamento
c83d77db-e69b-4b9a-af36-1e80aed4ea42,gostei da prévia do tcc da ana clara sobre a taxa de evasão feminina,Anos
c83d77db-e69b-4b9a-af36-1e80aed4ea42,gostei da prévia do tcc da ana clara sobre a taxa de evasão feminina,Tcc
c83d77db-e69b-4b9a-af36-1e80aed4ea42,gostei da prévia do tcc da ana clara sobre a taxa de evasão feminina,Apito
eed4edbe-921c-4f9c-8148-1948d00197eb,"acredito que a sipeec sirva como porta de entrada pra alguns ramos de interesses que alguns alunos possam optar por seguir,",Apresentacao
eed4edbe-921c-4f9c-8148-1948d00197eb,"acredito que a sipeec sirva como porta de entrada pra alguns ramos de interesses que alguns alunos possam optar por seguir,",Curso
eed4edbe-921c-4f9c-8148-1948d00197eb,"acredito que a sipeec sirva como porta de entrada pra alguns ramos de interesses que alguns alunos possam optar por seguir,",Interesse
eed4edbe-921c-4f9c-8148-1948d00197eb,"acredito que a sipeec sirva como porta de entrada pra alguns ramos de interesses que alguns alunos possam optar por seguir,",Florestal
eed4edbe-921c-4f9c-8148-1948d00197eb,"deste prisma, ela funciona perfeitamente",Prisma
64a69630-bdc5-4e29-9090-492d31a34e0d,cinco minutos por apresentação é muito tempo,Tempo
64a69630-bdc5-4e29-9090-492d31a34e0d,cinco minutos por apresentação é muito tempo,Apresentacao
c83d77db-e69b-4b9a-af36-1e80aed4ea42,philipe na área,Philipe
c83d77db-e69b-4b9a-af36-1e80aed4ea42,philipe na área,Area
88254066-58d3-4049-ac9d-5b393c178080,muito bom participar do sipeec,Secom
88254066-58d3-4049-ac9d-5b393c178080,"realmente, o mymobiconf é o melhor projeto de todos",Projetos
88254066-58d3-4049-ac9d-5b393c178080,"realmente, o mymobiconf é o melhor projeto de todos",Mymobiconf
4b3d0b61-ee1b-4468-8785-a9d80b5bb850,minha primeira secom,Secom
4b3d0b61-ee1b-4468-8785-a9d80b5bb850,muito legal os projetos,Projetos
4b3d0b61-ee1b-4468-8785-a9d80b5bb850,podia ter um coffee-break parte 2 em,Coffee
7568d4e3-7c42-4c07-9246-161f8f144017,seria interessante haver um intervalo no sipeec,Secom
7568d4e3-7c42-4c07-9246-161f8f144017,seria interessante haver um intervalo no sipeec,Intervalo
7568d4e3-7c42-4c07-9246-161f8f144017,"colocar o sipeec em 2 dias, ao invés de um",Secom
7568d4e3-7c42-4c07-9246-161f8f144017,"colocar o sipeec em 2 dias, ao invés de um",Inves
4b3d0b61-ee1b-4468-8785-a9d80b5bb850,o app mais brabo,App
4b3d0b61-ee1b-4468-8785-a9d80b5bb850,faltam 2 comentários para completar a missão,Secom
daac9055-17a0-4775-bb21-9c0add9d45ec,o caio do lesc é um gatinho,Ufv
daac9055-17a0-4775-bb21-9c0add9d45ec,o caio do lesc é um gatinho,Xiii
daac9055-17a0-4775-bb21-9c0add9d45ec,o caio do lesc é um gatinho,Gatinho
4b3d0b61-ee1b-4468-8785-a9d80b5bb850,com essa mensagem eu finalizei as missões de hoje,Comunicacao
4b3d0b61-ee1b-4468-8785-a9d80b5bb850,com essa mensagem eu finalizei as missões de hoje,Secom
4b3d0b61-ee1b-4468-8785-a9d80b5bb850,só o progresso,Progresso
daac9055-17a0-4775-bb21-9c0add9d45ec,amei as apresentações do minascoders,Apresentacao
daac9055-17a0-4775-bb21-9c0add9d45ec,amei as apresentações do minascoders,Minascoders
d0881343-b903-4573-aee3-c821f2e201de,palestras muito interessantes,Palestra
daac9055-17a0-4775-bb21-9c0add9d45ec,muito interessante a ideia do jogo da melissa,Projetos
daac9055-17a0-4775-bb21-9c0add9d45ec,muito interessante a ideia do jogo da melissa,Jogos
daac9055-17a0-4775-bb21-9c0add9d45ec,muito interessante a ideia do jogo da melissa,Secom
7568d4e3-7c42-4c07-9246-161f8f144017,muito interessante todas as apresentações,Apresentacao
7568d4e3-7c42-4c07-9246-161f8f144017,sensacional o eduardo estar desenvolvendo uma linguagem de programação,Programacao
7568d4e3-7c42-4c07-9246-161f8f144017,sensacional o eduardo estar desenvolvendo uma linguagem de programação,Linguagem
7568d4e3-7c42-4c07-9246-161f8f144017,sensacional o eduardo estar desenvolvendo uma linguagem de programação,Secom
50ab66a7-9677-44ec-b7d4-be69f3d11d87,muito boa essa sipeec,Secom
7568d4e3-7c42-4c07-9246-161f8f144017,nossa tem muita apresentação kkkkk,Apresentacao
c83d77db-e69b-4b9a-af36-1e80aed4ea42,empresa jr é um diferencial na carreira do aluno,Diferencial
c83d77db-e69b-4b9a-af36-1e80aed4ea42,empresa jr é um diferencial na carreira do aluno,Curso
c83d77db-e69b-4b9a-af36-1e80aed4ea42,empresa jr é um diferencial na carreira do aluno,Empresa
c83d77db-e69b-4b9a-af36-1e80aed4ea42,empresa jr é um diferencial na carreira do aluno,Trabalho
a1b2ff52-f806-4d79-b524-3d3fa3327116,ótimas palestras,Palestra
880b38ad-954a-499a-a76a-66fce8a17f66,sorteio,Secom
a8795f76-f29d-4a4e-ab33-de80f1fa7eaa,da próxima alguém tem que fazer em menos de dois minutos,Tempo
a8795f76-f29d-4a4e-ab33-de80f1fa7eaa,setapp tem que chamar ex-membros pra dar palestra,Palestra
c83d77db-e69b-4b9a-af36-1e80aed4ea42,maratona de palestras/apresentações,Apresentacao
c83d77db-e69b-4b9a-af36-1e80aed4ea42,maratona de palestras/apresentações,Palestra
c83d77db-e69b-4b9a-af36-1e80aed4ea42,maratona de palestras/apresentações,Maratona
a8795f76-f29d-4a4e-ab33-de80f1fa7eaa,apenas temas interessantes,Secom
0016d182-df26-4200-b287-2b9a2086516b,abertura boa demais,Apresentacao
0016d182-df26-4200-b287-2b9a2086516b,palestra sobre o my mobile conf foi boa tbm,Palestra
0016d182-df26-4200-b287-2b9a2086516b,palestra sobre o my mobile conf foi boa tbm,Mobile
0016d182-df26-4200-b287-2b9a2086516b,palestra sobre o my mobile conf foi boa tbm,Tbm
0016d182-df26-4200-b287-2b9a2086516b,a palestra do cara do githubfoi mt boa,Secom
0016d182-df26-4200-b287-2b9a2086516b,a palestra do cara do githubfoi mt boa,Palestra
0016d182-df26-4200-b287-2b9a2086516b,a palestra do cara do githubfoi mt boa,Github
0016d182-df26-4200-b287-2b9a2086516b,a palestra do cara do cefet também foi boa,Comida
0016d182-df26-4200-b287-2b9a2086516b,a palestra do cara do cefet também foi boa,Secom
0016d182-df26-4200-b287-2b9a2086516b,a palestra do cara do cefet também foi boa,Palestra
0016d182-df26-4200-b287-2b9a2086516b,altas expectativas pro time da okt,Tempo
0016d182-df26-4200-b287-2b9a2086516b,altas expectativas pro time da okt,Secom
c3149f3b-36f2-4fbd-a033-c41f8e9fe534,torcendo para os bonitinhos ganharem,Secom
99899b5a-eb3d-4d67-a64f-a143f824a709,começando a secom com duas palestras incríveis,Secom
99899b5a-eb3d-4d67-a64f-a143f824a709,começando a secom com duas palestras incríveis,Palestra
99899b5a-eb3d-4d67-a64f-a143f824a709,uma speedrun de sipeec,Speedrun
daac9055-17a0-4775-bb21-9c0add9d45ec,acho que podia ter um intervalo durante a sipeec,Secom
daac9055-17a0-4775-bb21-9c0add9d45ec,acho que podia ter um intervalo durante a sipeec,Intervalo
cd9a5b5a-0583-4590-a133-863647e24ed2,vamo bonitinhooooosss,Secom
84fb43ff-f2ca-4b32-b090-49467d8ae7a0,#bonitinhos,Secom
84fb43ff-f2ca-4b32-b090-49467d8ae7a0,campeonato de,Campeonato
84fb43ff-f2ca-4b32-b090-49467d8ae7a0,-sports muito bom,Fifa
d3028b07-211a-405d-9f82-13b8d82aeff8,vamooo bonitinhos,Secom
f0d8b18c-371e-4a9b-bc88-6efb85341837,os seminários em geral foram ótimos,Geral
f0d8b18c-371e-4a9b-bc88-6efb85341837,os seminários em geral foram ótimos,Seminarios
f0d8b18c-371e-4a9b-bc88-6efb85341837,"mostraram os projetos de pesquisa de todos os orientadores, o tempo foi um limitador notório",Projetos
f0d8b18c-371e-4a9b-bc88-6efb85341837,"mostraram os projetos de pesquisa de todos os orientadores, o tempo foi um limitador notório",Limitador
f0d8b18c-371e-4a9b-bc88-6efb85341837,"mostraram os projetos de pesquisa de todos os orientadores, o tempo foi um limitador notório",Secom
f0d8b18c-371e-4a9b-bc88-6efb85341837,"mostraram os projetos de pesquisa de todos os orientadores, o tempo foi um limitador notório",Tempo
f0d8b18c-371e-4a9b-bc88-6efb85341837,"mostraram os projetos de pesquisa de todos os orientadores, o tempo foi um limitador notório",Organizadores
f0d8b18c-371e-4a9b-bc88-6efb85341837,o primeiro dia foi bem agradável com as palestras,Palestra
f0d8b18c-371e-4a9b-bc88-6efb85341837,"a sipeec, ambiente confortável",Ambiente
f0d8b18c-371e-4a9b-bc88-6efb85341837,"equipe ótima, providenciando tudo necessário para um bom evento",Equipe
50ab66a7-9677-44ec-b7d4-be69f3d11d87,campeonato de jogos tá bom,Campeonato
50ab66a7-9677-44ec-b7d4-be69f3d11d87,campeonato de jogos tá bom,Jogos
50ab66a7-9677-44ec-b7d4-be69f3d11d87,final de jogos agr,Final
50ab66a7-9677-44ec-b7d4-be69f3d11d87,final de jogos agr,Jogos
8f4c1ec8-e5ed-4ce2-90f1-84bbab673805,"nossa, a letícia falou muito bem sobre o botz",Botton
8f4c1ec8-e5ed-4ce2-90f1-84bbab673805,"nossa, a letícia falou muito bem sobre o botz",Leticia
daac9055-17a0-4775-bb21-9c0add9d45ec,as apresentações da melissa foram perfeitas,Apresentacao
daac9055-17a0-4775-bb21-9c0add9d45ec,as apresentações da melissa foram perfeitas,Secom
daac9055-17a0-4775-bb21-9c0add9d45ec,acho que ano que vem a amanda tinha que apresentar o mymobiconf,Mymobiconf
daac9055-17a0-4775-bb21-9c0add9d45ec,acho que ano que vem a amanda tinha que apresentar o mymobiconf,Amanda
daac9055-17a0-4775-bb21-9c0add9d45ec,as meninas do minascoders arrasaram nas apresentações,Garota
daac9055-17a0-4775-bb21-9c0add9d45ec,as meninas do minascoders arrasaram nas apresentações,Apresentacao
daac9055-17a0-4775-bb21-9c0add9d45ec,as meninas do minascoders arrasaram nas apresentações,Minascoders
8f4c1ec8-e5ed-4ce2-90f1-84bbab673805,ana moreira falou muito bem do caça-doações,Caca-doacoes
8f4c1ec8-e5ed-4ce2-90f1-84bbab673805,ana moreira falou muito bem do caça-doações,Apito
8f4c1ec8-e5ed-4ce2-90f1-84bbab673805,ana moreira falou muito bem do caça-doações,Moreira
8f4c1ec8-e5ed-4ce2-90f1-84bbab673805,duda arrasou na apresentação de iot,Apresentacao
8f4c1ec8-e5ed-4ce2-90f1-84bbab673805,muito interessante o projeto,Projetos
7cf13434-76d6-4046-96fd-1cfd9d429282,uhh eh bonitinho,Lol
7cf13434-76d6-4046-96fd-1cfd9d429282,uhh eh bonitinho,Secom
84fb43ff-f2ca-4b32-b090-49467d8ae7a0,"a ingred arrasou na apresentação, lindaaa",Apresentacao
84fb43ff-f2ca-4b32-b090-49467d8ae7a0,"a ingred arrasou na apresentação, lindaaa",Secom
84fb43ff-f2ca-4b32-b090-49467d8ae7a0,"a ingred arrasou na apresentação, lindaaa",Inves
d3028b07-211a-405d-9f82-13b8d82aeff8,vamo virar bonitinhos,Secom
d3028b07-211a-405d-9f82-13b8d82aeff8,que jogão de valorant,Valorant
d3028b07-211a-405d-9f82-13b8d82aeff8,que jogão de valorant,Secom
43aca24c-d788-497e-8521-06df728eeaf8,essa final foi boa d+ cara,Final
43aca24c-d788-497e-8521-06df728eeaf8,essa final foi boa d+ cara,Secom
43aca24c-d788-497e-8521-06df728eeaf8,essa secom tá insana,Secom
43aca24c-d788-497e-8521-06df728eeaf8,os melhores projetos foram os de iot ein 👀👀,Projetos
43aca24c-d788-497e-8521-06df728eeaf8,os melhores projetos foram os de iot ein 👀👀,Secom
43aca24c-d788-497e-8521-06df728eeaf8,apoio todo dia ter figurinha de manhã,Contribuicao
43aca24c-d788-497e-8521-06df728eeaf8,apoio todo dia ter figurinha de manhã,Manha
43aca24c-d788-497e-8521-06df728eeaf8,apoio todo dia ter figurinha de manhã,Animacao
43aca24c-d788-497e-8521-06df728eeaf8,gostaria de dizer que a linguagem que o dudu tá criando deveria se chamar educa,Linguagem
43aca24c-d788-497e-8521-06df728eeaf8,gostaria de dizer que a linguagem que o dudu tá criando deveria se chamar educa,Duvida
d0b2bc0d-178a-434a-9fc8-134d0ca5a1be,faltou só o evento dar copo pra galera,Secom
d0b2bc0d-178a-434a-9fc8-134d0ca5a1be,podiam tirar mais fotos de momentos aleatórios,Tempo
d0b2bc0d-178a-434a-9fc8-134d0ca5a1be,podiam tirar mais fotos de momentos aleatórios,Fotografo
d0b2bc0d-178a-434a-9fc8-134d0ca5a1be,"ar tava friozão, precisando levar roupa de frio amanhã",Roupa
d0b2bc0d-178a-434a-9fc8-134d0ca5a1be,"ar tava friozão, precisando levar roupa de frio amanhã",Frio
d0b2bc0d-178a-434a-9fc8-134d0ca5a1be,"a ideia dos apitos, chocalhos",Projetos
d0b2bc0d-178a-434a-9fc8-134d0ca5a1be,"a ideia dos apitos, chocalhos",Secom
d0b2bc0d-178a-434a-9fc8-134d0ca5a1be,"a ideia dos apitos, chocalhos",Chocalhos
d0b2bc0d-178a-434a-9fc8-134d0ca5a1be,brinquedos de cachorro foi genial,Animacao
d0b2bc0d-178a-434a-9fc8-134d0ca5a1be,brinquedos de cachorro foi genial,Cachorro
d0b2bc0d-178a-434a-9fc8-134d0ca5a1be,o coffee break foi muito perto do almoço,Apito
d0b2bc0d-178a-434a-9fc8-134d0ca5a1be,o coffee break foi muito perto do almoço,Coffee
d0b2bc0d-178a-434a-9fc8-134d0ca5a1be,"triste o sorteio ser pelo aplicativo, meu número do crachá foi muito ganhável esse ano",Cracha
d0b2bc0d-178a-434a-9fc8-134d0ca5a1be,"triste o sorteio ser pelo aplicativo, meu número do crachá foi muito ganhável esse ano",App
d0b2bc0d-178a-434a-9fc8-134d0ca5a1be,"triste o sorteio ser pelo aplicativo, meu número do crachá foi muito ganhável esse ano",Secom
d0b2bc0d-178a-434a-9fc8-134d0ca5a1be,"triste o sorteio ser pelo aplicativo, meu número do crachá foi muito ganhável esse ano",Numero
d13dce39-51a4-4170-8b39-f06cb1f6adf6,o coffe break podia ter sido mais cedo msmo,Coffe
d13dce39-51a4-4170-8b39-f06cb1f6adf6,gostei das palestras de hoje,Palestra
d13dce39-51a4-4170-8b39-f06cb1f6adf6,o design do mymobiconf ta muito bonitinho,Mymobiconf
d13dce39-51a4-4170-8b39-f06cb1f6adf6,o design do mymobiconf ta muito bonitinho,Secom
d13dce39-51a4-4170-8b39-f06cb1f6adf6,o design do mymobiconf ta muito bonitinho,Design
d13dce39-51a4-4170-8b39-f06cb1f6adf6,"a blusa da secom desse ano ficou linda, adorei a cor",Secom
d13dce39-51a4-4170-8b39-f06cb1f6adf6,"a blusa da secom desse ano ficou linda, adorei a cor",Cor
03164614-b683-45b1-98f0-7179e65cd4ed,muito bom os apito pras apresentações que demoram kjkkjk,Apito
03164614-b683-45b1-98f0-7179e65cd4ed,muito bom os apito pras apresentações que demoram kjkkjk,Secom
03164614-b683-45b1-98f0-7179e65cd4ed,muito bom os apito pras apresentações que demoram kjkkjk,Apresentacao
d13dce39-51a4-4170-8b39-f06cb1f6adf6,acho que na próxima secom ficaria muito legal uma blusa vinho,Secom
d13dce39-51a4-4170-8b39-f06cb1f6adf6,acho que na próxima secom ficaria muito legal uma blusa vinho,Vinho
03164614-b683-45b1-98f0-7179e65cd4ed,achei bem legal as palestras serem voltadas pra essa parte de ia,Secom
03164614-b683-45b1-98f0-7179e65cd4ed,achei bem legal as palestras serem voltadas pra essa parte de ia,Palestra
03164614-b683-45b1-98f0-7179e65cd4ed,o coffebreak foi meio tarde,Secom
03164614-b683-45b1-98f0-7179e65cd4ed,o coffebreak foi meio tarde,Coffebreak
03164614-b683-45b1-98f0-7179e65cd4ed,"muito bom o design do app, parabéns aos envolvidos",App
03164614-b683-45b1-98f0-7179e65cd4ed,"muito bom o design do app, parabéns aos envolvidos",Secom
03164614-b683-45b1-98f0-7179e65cd4ed,"muito bom o design do app, parabéns aos envolvidos",Design
03164614-b683-45b1-98f0-7179e65cd4ed,ainda bem que escolheram azul marinho pra essas camisetas,Secom
03164614-b683-45b1-98f0-7179e65cd4ed,ainda bem que escolheram azul marinho pra essas camisetas,Camisa
e06ffaec-3d0b-45f5-85c5-94027d692f0f,"não gostei da derrota dos bonitinho, acho que foi marmelada",Derrota
e06ffaec-3d0b-45f5-85c5-94027d692f0f,"não gostei da derrota dos bonitinho, acho que foi marmelada",Secom
4a38eef3-4375-45b4-b386-649cb518c20b,no meu coração os bonitinhos ganharam,Coffe
4a38eef3-4375-45b4-b386-649cb518c20b,no meu coração os bonitinhos ganharam,Secom
e06ffaec-3d0b-45f5-85c5-94027d692f0f,principalmente os projetos de game,Projetos
e06ffaec-3d0b-45f5-85c5-94027d692f0f,principalmente os projetos de game,Jogos
4a38eef3-4375-45b4-b386-649cb518c20b,mcagenda ganhando sexta,Semana
4a38eef3-4375-45b4-b386-649cb518c20b,mcagenda ganhando sexta,Agenda
e06ffaec-3d0b-45f5-85c5-94027d692f0f,ano que vem quero mais camp,Camp
4a38eef3-4375-45b4-b386-649cb518c20b,bonitinhos só perdeu pq tinha bet envolvida,Secom
4a38eef3-4375-45b4-b386-649cb518c20b,bonitinhos só perdeu pq tinha bet envolvida,Bet
e06ffaec-3d0b-45f5-85c5-94027d692f0f,só o ar condicionado aue tava frio viu,Apito
e06ffaec-3d0b-45f5-85c5-94027d692f0f,só o ar condicionado aue tava frio viu,Frio
a8795f76-f29d-4a4e-ab33-de80f1fa7eaa,mal posso esperar pelas palestras de amanhã,Palestra
a8795f76-f29d-4a4e-ab33-de80f1fa7eaa,quem será que vai ganhar a maratona de programação,Programacao
a8795f76-f29d-4a4e-ab33-de80f1fa7eaa,quem será que vai ganhar a maratona de programação,Maratona
9b29ec6c-e5af-4b1c-b7f1-49779d06c73a,torneio secom de,Torneio
9b29ec6c-e5af-4b1c-b7f1-49779d06c73a,-sports foi muito bom,Fifa
9b29ec6c-e5af-4b1c-b7f1-49779d06c73a,mehor secom de todas,Meme
9b29ec6c-e5af-4b1c-b7f1-49779d06c73a,tem que ter edição do torneio secom de,Apito
9b29ec6c-e5af-4b1c-b7f1-49779d06c73a,tem que ter edição do torneio secom de,Torneio
eed4edbe-921c-4f9c-8148-1948d00197eb,gostei muito das palestras,Palestra
eed4edbe-921c-4f9c-8148-1948d00197eb,o professor philipe organizou um ótimo evento junto da equipe organizadora,Equipe
eed4edbe-921c-4f9c-8148-1948d00197eb,o professor philipe organizou um ótimo evento junto da equipe organizadora,Professor
50ab66a7-9677-44ec-b7d4-be69f3d11d87,uuu,Secom
34d7ba0b-7b62-4439-b143-d7dd24797376,não seria uma má ideia aumenta a temperatura do ar condicionado,Projetos
34d7ba0b-7b62-4439-b143-d7dd24797376,não seria uma má ideia aumenta a temperatura do ar condicionado,Calor
eed4edbe-921c-4f9c-8148-1948d00197eb,gostei de todas palestras,Palestra
eed4edbe-921c-4f9c-8148-1948d00197eb,a primeira palestra de abertura foi a melhor de todas,Apresentacao
eed4edbe-921c-4f9c-8148-1948d00197eb,a primeira palestra de abertura foi a melhor de todas,Palestra
ad08e116-810d-4533-a7c6-9782fcb55f6d,a ideia do apito foi genial,Apito
ad08e116-810d-4533-a7c6-9782fcb55f6d,a ideia do apito foi genial,Projetos
226440c8-ce0c-42b8-a37b-8435e915955d,as palestras sobre ia trouxeram perspectivas muito interessantes,Palestra
226440c8-ce0c-42b8-a37b-8435e915955d,as palestras sobre ia trouxeram perspectivas muito interessantes,Observacao
ad08e116-810d-4533-a7c6-9782fcb55f6d,ufv virtual labs logo logo vai ser vitrine da ufv,Ufv
ad08e116-810d-4533-a7c6-9782fcb55f6d,ufv virtual labs logo logo vai ser vitrine da ufv,Labs
ad08e116-810d-4533-a7c6-9782fcb55f6d,ufv virtual labs logo logo vai ser vitrine da ufv,Vitrine
ad08e116-810d-4533-a7c6-9782fcb55f6d,set-app,Setapp
03164614-b683-45b1-98f0-7179e65cd4ed,patrick esta com o cabelo extremamente sedoso novamente,Cabelo
4395eb8b-e6f9-4282-85dc-98453a11cc3e,torneio de,Torneio
4395eb8b-e6f9-4282-85dc-98453a11cc3e,-sports foi legal pena que a não conseguimos levar a vitória pra casa,Derrota
4395eb8b-e6f9-4282-85dc-98453a11cc3e,-sports foi legal pena que a não conseguimos levar a vitória pra casa,Casa
4395eb8b-e6f9-4282-85dc-98453a11cc3e,-sports foi legal pena que a não conseguimos levar a vitória pra casa,Pena
4395eb8b-e6f9-4282-85dc-98453a11cc3e,-sports foi legal pena que a não conseguimos levar a vitória pra casa,Fifa
37ec55d9-b848-47bd-9a33-f64afd2dd867,parte fundamental,Secom
4395eb8b-e6f9-4282-85dc-98453a11cc3e,trofeis show de bola,Secom
13c63d6c-e94d-4b8b-829b-3a6f523ac131,final de valorant excepecional,Valorant
13c63d6c-e94d-4b8b-829b-3a6f523ac131,final de valorant excepecional,Final
9a75dc4c-7a4e-49c6-b73b-62eafd9c8b73,final de valorant foi insanaaaaa,Valorant
9a75dc4c-7a4e-49c6-b73b-62eafd9c8b73,final de valorant foi insanaaaaa,Final
9a75dc4c-7a4e-49c6-b73b-62eafd9c8b73,melhoraram o ar condicionado pro segundo dia,Pro
13c63d6c-e94d-4b8b-829b-3a6f523ac131,comentaristas muito brabos,Secom
13c63d6c-e94d-4b8b-829b-3a6f523ac131,comentaristas muito brabos,Feedback
4395eb8b-e6f9-4282-85dc-98453a11cc3e,ideia do apito bacana,Apito
4395eb8b-e6f9-4282-85dc-98453a11cc3e,ideia do apito bacana,Projetos
9a75dc4c-7a4e-49c6-b73b-62eafd9c8b73,o ambiente está incrível,Ambiente
13c63d6c-e94d-4b8b-829b-3a6f523ac131,muito legal trazerem empresas de desenvolvimento de jogos para o evento,Desenvolvimento
13c63d6c-e94d-4b8b-829b-3a6f523ac131,muito legal trazerem empresas de desenvolvimento de jogos para o evento,Empresa
13c63d6c-e94d-4b8b-829b-3a6f523ac131,muito legal trazerem empresas de desenvolvimento de jogos para o evento,Jogos
4395eb8b-e6f9-4282-85dc-98453a11cc3e,pipoquinha god,Deus
4395eb8b-e6f9-4282-85dc-98453a11cc3e,completando a missão,Secom
9a75dc4c-7a4e-49c6-b73b-62eafd9c8b73,ansioso pela palestra da sydle,Palestra
9a75dc4c-7a4e-49c6-b73b-62eafd9c8b73,ansioso pela palestra da sydle,Sydle
3f05e03e-45ce-4e65-b2f3-cf3a76e21fa1,ansioso para as palestras das empresas,Palestra
3f05e03e-45ce-4e65-b2f3-cf3a76e21fa1,ansioso para as palestras das empresas,Empresa
a6ec5f50-aa66-4ad4-8b97-10a6f9eacaad,ansiosa pra maratona de programação de hoje,Programacao
a6ec5f50-aa66-4ad4-8b97-10a6f9eacaad,ansiosa pra maratona de programação de hoje,Maratona
13c63d6c-e94d-4b8b-829b-3a6f523ac131,realmente queria muito saber qual o shampoo do patrick (não ouvi direito ontem),Shampoo
13c63d6c-e94d-4b8b-829b-3a6f523ac131,realmente queria muito saber qual o shampoo do patrick (não ouvi direito ontem),Patrick
13c63d6c-e94d-4b8b-829b-3a6f523ac131,realmente queria muito saber qual o shampoo do patrick (não ouvi direito ontem),Secom
9a75dc4c-7a4e-49c6-b73b-62eafd9c8b73,qual shampoo o patrick usa,Patrick
03164614-b683-45b1-98f0-7179e65cd4ed,qual o condicionador do patrick,Patrick
03164614-b683-45b1-98f0-7179e65cd4ed,qual o condicionador do patrick,Condicionador
d3028b07-211a-405d-9f82-13b8d82aeff8,qual o shampoo do patrick,Shampoo
d3028b07-211a-405d-9f82-13b8d82aeff8,qual o shampoo do patrick,Patrick
9a75dc4c-7a4e-49c6-b73b-62eafd9c8b73,pessoal da comissão de,Secom
9a75dc4c-7a4e-49c6-b73b-62eafd9c8b73,-sports está de parabéns,Fifa
43aca24c-d788-497e-8521-06df728eeaf8,"rapazeada, qual o shampoo do patrick",Shampoo
43aca24c-d788-497e-8521-06df728eeaf8,"rapazeada, qual o shampoo do patrick",Patrick
15ae4086-4952-4aac-a16b-5c2852e5e523,que lore é essa sobre o shampoo que o patrick usa,Shampoo
15ae4086-4952-4aac-a16b-5c2852e5e523,que lore é essa sobre o shampoo que o patrick usa,Patrick
226440c8-ce0c-42b8-a37b-8435e915955d,qual o shampoo do patrick,Shampoo
226440c8-ce0c-42b8-a37b-8435e915955d,qual o shampoo do patrick,Patrick
3f05e03e-45ce-4e65-b2f3-cf3a76e21fa1,qual o shampoo do patrick,Shampoo
3f05e03e-45ce-4e65-b2f3-cf3a76e21fa1,qual o shampoo do patrick,Patrick
9cc1a365-6476-4f22-bf74-2a453e1e8443,animado pra essa palestra,Palestra
ae0cbeae-1ff0-406f-a78a-a80a71120100,"caramba, qual shampoo o patrick usa",Secom
ae0cbeae-1ff0-406f-a78a-a80a71120100,"caramba, qual shampoo o patrick usa",Patrick
15ae4086-4952-4aac-a16b-5c2852e5e523,qual o shampoo do patrick,Shampoo
15ae4086-4952-4aac-a16b-5c2852e5e523,qual o shampoo do patrick,Patrick
780e911b-3537-4deb-8eae-0ce33981b3d2,"entretanto tenho uma dúvida, o aluno patrick estava com o cabelo belo",Duvida
780e911b-3537-4deb-8eae-0ce33981b3d2,"entretanto tenho uma dúvida, o aluno patrick estava com o cabelo belo",Cabelo
780e911b-3537-4deb-8eae-0ce33981b3d2,"entretanto tenho uma dúvida, o aluno patrick estava com o cabelo belo",Curso
15ae4086-4952-4aac-a16b-5c2852e5e523,bem que podia começar mais tarde esse credenciamento né,Credenciamento
a6ec5f50-aa66-4ad4-8b97-10a6f9eacaad,qual o shampoo o patrick usa,Shampoo
a6ec5f50-aa66-4ad4-8b97-10a6f9eacaad,qual o shampoo o patrick usa,Patrick
03164614-b683-45b1-98f0-7179e65cd4ed,gostei muito dos jogos,Jogos
03164614-b683-45b1-98f0-7179e65cd4ed,senti falta dos games,Falta
03164614-b683-45b1-98f0-7179e65cd4ed,senti falta dos games,Jogos
50a1eb8e-50fb-4cc4-b79b-6b4b2a4a8c61,"meus bons, que shampoo o patrick usa",Patrick
f0158b5a-82ff-410c-81f2-d51f7e345b45,eu uso pantene🫡,Secom
780e911b-3537-4deb-8eae-0ce33981b3d2,"a final de valorant foi um dos melhores eventos que já participei no curso, deveriam haver mais",Valorant
780e911b-3537-4deb-8eae-0ce33981b3d2,"a final de valorant foi um dos melhores eventos que já participei no curso, deveriam haver mais",Final
780e911b-3537-4deb-8eae-0ce33981b3d2,"a final de valorant foi um dos melhores eventos que já participei no curso, deveriam haver mais",Eventos
780e911b-3537-4deb-8eae-0ce33981b3d2,"a final de valorant foi um dos melhores eventos que já participei no curso, deveriam haver mais",Curso
8aed64cf-df9c-4421-bff3-6c07fee239b1,qual a preparação capilar do patrick pré-jogo,Secom
8aed64cf-df9c-4421-bff3-6c07fee239b1,qual a preparação capilar do patrick pré-jogo,Patrick
f0158b5a-82ff-410c-81f2-d51f7e345b45,"nós temos a game jam,",Jogos
f0158b5a-82ff-410c-81f2-d51f7e345b45,para aqueles interessados em fazer jogos,Jogos
f0158b5a-82ff-410c-81f2-d51f7e345b45,para aqueles interessados em fazer jogos,Interesse
13c63d6c-e94d-4b8b-829b-3a6f523ac131,ansioso para a maratona de programação,Programacao
13c63d6c-e94d-4b8b-829b-3a6f523ac131,ansioso para a maratona de programação,Maratona
c0f15389-3383-4e94-b413-2fd78bcd0b68,excelente estrutura,Estrutura
c0f15389-3383-4e94-b413-2fd78bcd0b68,ótimas música de intervalo,Intervalo
c0f15389-3383-4e94-b413-2fd78bcd0b68,ótimas música de intervalo,Musica
a5551753-5cda-4641-bc94-7d92707ef19c,qual o xampoo do patrick,Patrick
a5551753-5cda-4641-bc94-7d92707ef19c,qual o xampoo do patrick,Condicionador
15ae4086-4952-4aac-a16b-5c2852e5e523,curioso sobre como vai ser a gamejam,Jogos
a5551753-5cda-4641-bc94-7d92707ef19c,podia ter um cofre break no meio do sipeec,Secom
a5551753-5cda-4641-bc94-7d92707ef19c,podia ter um cofre break no meio do sipeec,Break
15ae4086-4952-4aac-a16b-5c2852e5e523,esperando pela maratona de programação essa tarde,Programacao
15ae4086-4952-4aac-a16b-5c2852e5e523,esperando pela maratona de programação essa tarde,Tempo
15ae4086-4952-4aac-a16b-5c2852e5e523,esperando pela maratona de programação essa tarde,Maratona
c0f15389-3383-4e94-b413-2fd78bcd0b68,final do valorant excepcional,Valorant
c0f15389-3383-4e94-b413-2fd78bcd0b68,final do valorant excepcional,Final
689ae6f3-7314-4e99-96bf-585b2a9cfb77,qual o shampoo so patrick,Shampoo
13c63d6c-e94d-4b8b-829b-3a6f523ac131,fotógrafo do dia 05 muito bom,Fotografo
780e911b-3537-4deb-8eae-0ce33981b3d2,precisamos de um time profissional de,Tempo
d51c3bbb-185b-4a34-848a-607621bd7cc2,qual shampoo o patrick usa,Patrick
a5551753-5cda-4641-bc94-7d92707ef19c,só tava um pouco frio,Frio
f0158b5a-82ff-410c-81f2-d51f7e345b45,alguém tire a câmera daquele fotógrafo,Fotografo
7d582411-e617-4105-8edf-bca7ee066eca,uma dúvida sincera qual o shampoo do patrick,Duvida
7d582411-e617-4105-8edf-bca7ee066eca,uma dúvida sincera qual o shampoo do patrick,Shampoo
7d582411-e617-4105-8edf-bca7ee066eca,uma dúvida sincera qual o shampoo do patrick,Patrick
c0f15389-3383-4e94-b413-2fd78bcd0b68,palestras sobre ia muito boa,Palestra
c0f15389-3383-4e94-b413-2fd78bcd0b68,coffee break necessita de mais salgados,Break
19f49226-5a60-463b-85d3-ac562e4eddc4,"bom dia família, só queria saber qual shampoo o patrick usa, o cabelo do cara é sedoso",Secom
19f49226-5a60-463b-85d3-ac562e4eddc4,"bom dia família, só queria saber qual shampoo o patrick usa, o cabelo do cara é sedoso",Cabelo
19f49226-5a60-463b-85d3-ac562e4eddc4,"bom dia família, só queria saber qual shampoo o patrick usa, o cabelo do cara é sedoso",Shampoo
19f49226-5a60-463b-85d3-ac562e4eddc4,"bom dia família, só queria saber qual shampoo o patrick usa, o cabelo do cara é sedoso",Familia
19f49226-5a60-463b-85d3-ac562e4eddc4,"bom dia família, só queria saber qual shampoo o patrick usa, o cabelo do cara é sedoso",Patrick
15ae4086-4952-4aac-a16b-5c2852e5e523,cofee break foi boa,Coffe
19f49226-5a60-463b-85d3-ac562e4eddc4,tema muito daora do gamejam,Secom
19f49226-5a60-463b-85d3-ac562e4eddc4,tema muito daora do gamejam,Jogos
15ae4086-4952-4aac-a16b-5c2852e5e523,podem tirar a câmera desse fotógrafo mesmo,Fotografo
b63a6449-71ad-4d70-9775-5e3d90f6055a,o destino de todo professor de cdc é ficar calvo,Caso
b63a6449-71ad-4d70-9775-5e3d90f6055a,o destino de todo professor de cdc é ficar calvo,Professor
b63a6449-71ad-4d70-9775-5e3d90f6055a,o destino de todo professor de cdc é ficar calvo,Tcc
19f49226-5a60-463b-85d3-ac562e4eddc4,"as palestras do dia 1 foram muito interessantes, interessantes saber mais sobre as ias",Secom
19f49226-5a60-463b-85d3-ac562e4eddc4,"as palestras do dia 1 foram muito interessantes, interessantes saber mais sobre as ias",Palestra
19f49226-5a60-463b-85d3-ac562e4eddc4,"as palestras do dia 1 foram muito interessantes, interessantes saber mais sobre as ias",Interesse
f7781785-ccfa-4120-856f-3781bcf14d45,muito boa as palestras,Palestra
226440c8-ce0c-42b8-a37b-8435e915955d,"senti saudade dos quibes no coffe break akakakakak
sem ele tava gostoso,",Coffe
226440c8-ce0c-42b8-a37b-8435e915955d,"senti saudade dos quibes no coffe break akakakakak
sem ele tava gostoso,",Secom
226440c8-ce0c-42b8-a37b-8435e915955d,faltou o charme q o quibe traz,Charme
226440c8-ce0c-42b8-a37b-8435e915955d,faltou o charme q o quibe traz,Secom
50a1eb8e-50fb-4cc4-b79b-6b4b2a4a8c61,a secom está muito braba esse ano,Secom
d13dce39-51a4-4170-8b39-f06cb1f6adf6,patrick nos conte qual shampoo vc usa,Shampoo
15ae4086-4952-4aac-a16b-5c2852e5e523,vida de professor é complicada,Vida
15ae4086-4952-4aac-a16b-5c2852e5e523,vida de professor é complicada,Professor
15ae4086-4952-4aac-a16b-5c2852e5e523,todos ficando calvos,Secom
15ae4086-4952-4aac-a16b-5c2852e5e523,ter que mudar meus planos pro futuro,Pro
15ae4086-4952-4aac-a16b-5c2852e5e523,ter que mudar meus planos pro futuro,Projetos
e2b6d403-470e-4752-8767-48575bb10c67,as palestras do dia 1 foram dahoras,Secom
e2b6d403-470e-4752-8767-48575bb10c67,as palestras do dia 1 foram dahoras,Palestra
19f49226-5a60-463b-85d3-ac562e4eddc4,"a linguagem desenvolvida pelo eduardo antunes parece muito interessante, esperamos que no futuro esteja na matéria de lp da thaís",Thais
19f49226-5a60-463b-85d3-ac562e4eddc4,"a linguagem desenvolvida pelo eduardo antunes parece muito interessante, esperamos que no futuro esteja na matéria de lp da thaís",Futuro
19f49226-5a60-463b-85d3-ac562e4eddc4,"a linguagem desenvolvida pelo eduardo antunes parece muito interessante, esperamos que no futuro esteja na matéria de lp da thaís",Secom
19f49226-5a60-463b-85d3-ac562e4eddc4,"a linguagem desenvolvida pelo eduardo antunes parece muito interessante, esperamos que no futuro esteja na matéria de lp da thaís",Antunes
19f49226-5a60-463b-85d3-ac562e4eddc4,"a linguagem desenvolvida pelo eduardo antunes parece muito interessante, esperamos que no futuro esteja na matéria de lp da thaís",Linguagem
19f49226-5a60-463b-85d3-ac562e4eddc4,"a linguagem desenvolvida pelo eduardo antunes parece muito interessante, esperamos que no futuro esteja na matéria de lp da thaís",Teoria
226440c8-ce0c-42b8-a37b-8435e915955d,muito animada com a maratona hoje :),Maratona
8f243416-db6e-4185-8133-0e0433d6c30a,ansioso pelo lol hoje,Lol
15ae4086-4952-4aac-a16b-5c2852e5e523,o troféu do torneio de,Campeonato
15ae4086-4952-4aac-a16b-5c2852e5e523,o troféu do torneio de,Torneio
15ae4086-4952-4aac-a16b-5c2852e5e523,-sports é fofo,Fifa
15ae4086-4952-4aac-a16b-5c2852e5e523,gostei da estética bissexual da secom,Estetica
15ae4086-4952-4aac-a16b-5c2852e5e523,gostei da estética bissexual da secom,Secom
50a1eb8e-50fb-4cc4-b79b-6b4b2a4a8c61,o coffee break estava brabo,Break
50a1eb8e-50fb-4cc4-b79b-6b4b2a4a8c61,o coffee break estava brabo,Coffee
19f49226-5a60-463b-85d3-ac562e4eddc4,"foi muito gratificante apresentar na sipeec, o pessoal tava prestando atenção em todas as palestras",Secom
19f49226-5a60-463b-85d3-ac562e4eddc4,"foi muito gratificante apresentar na sipeec, o pessoal tava prestando atenção em todas as palestras",Palestra
13c63d6c-e94d-4b8b-829b-3a6f523ac131,pode participar da gamejam,Jogos
13c63d6c-e94d-4b8b-829b-3a6f523ac131,da maratona de programação,Programacao
13c63d6c-e94d-4b8b-829b-3a6f523ac131,da maratona de programação,Maratona
8f243416-db6e-4185-8133-0e0433d6c30a,partida do valorant foi emocionante,Valorant
8f243416-db6e-4185-8133-0e0433d6c30a,partida do valorant foi emocionante,Secom
02af807d-7123-444e-b61e-89eaf92be60f,a bolsa cantou,Bolsa
092f2a22-65fe-4b1e-a8de-356ce785cea3,ansiosa pelo coffee break,Break
092f2a22-65fe-4b1e-a8de-356ce785cea3,ansiosa pelo coffee break,Coffee
226440c8-ce0c-42b8-a37b-8435e915955d,qual projeto foi oficialmente declarado o melhor da faculdade,Projetos
226440c8-ce0c-42b8-a37b-8435e915955d,qual projeto foi oficialmente declarado o melhor da faculdade,Curso
226440c8-ce0c-42b8-a37b-8435e915955d,"akakakakak
parece que ficou entre o mymobiconf, o virtual labs",Labs
226440c8-ce0c-42b8-a37b-8435e915955d,"akakakakak
parece que ficou entre o mymobiconf, o virtual labs",Mymobiconf
226440c8-ce0c-42b8-a37b-8435e915955d,a empresa junior,Empresa
219bdf7f-fa3a-4d8f-9e33-b83980cc7afb,cadê o frio de ontem,Frio
50a1eb8e-50fb-4cc4-b79b-6b4b2a4a8c61,os troféus da game jam estão incríveis 😮😮,Campeonato
50a1eb8e-50fb-4cc4-b79b-6b4b2a4a8c61,os troféus da game jam estão incríveis 😮😮,Jogos
15ae4086-4952-4aac-a16b-5c2852e5e523,estou utilizando o aplicativo para expôr minhas opiniões,App
15ae4086-4952-4aac-a16b-5c2852e5e523,estou utilizando o aplicativo para expôr minhas opiniões,Secom
15ae4086-4952-4aac-a16b-5c2852e5e523,dúvidas sobre as palestras,Secom
15ae4086-4952-4aac-a16b-5c2852e5e523,dúvidas sobre as palestras,Palestra
f7781785-ccfa-4120-856f-3781bcf14d45,ansioso pra palestra sobre o mercado de jogos,Mercado
f7781785-ccfa-4120-856f-3781bcf14d45,ansioso pra palestra sobre o mercado de jogos,Palestra
f7781785-ccfa-4120-856f-3781bcf14d45,ansioso pra palestra sobre o mercado de jogos,Jogos
08101ce6-e4af-4e12-81d5-87afcafc4b3b,secom dos jogos 🎮🚀,Jogos
4a38eef3-4375-45b4-b386-649cb518c20b,mercado de jogos mais importante q muitos outras indústrias,Mercado
4a38eef3-4375-45b4-b386-649cb518c20b,mercado de jogos mais importante q muitos outras indústrias,Jogos
4a38eef3-4375-45b4-b386-649cb518c20b,mercado de jogos mais importante q muitos outras indústrias,Empresa
4a38eef3-4375-45b4-b386-649cb518c20b,esports não é esporte no brasil kkkkkkkkkkkkk,Brasil
4a38eef3-4375-45b4-b386-649cb518c20b,esports não é esporte no brasil kkkkkkkkkkkkk,Fifa
4a38eef3-4375-45b4-b386-649cb518c20b,esports não é esporte no brasil kkkkkkkkkkkkk,Secom
219bdf7f-fa3a-4d8f-9e33-b83980cc7afb,ligaaaa o aaaaaarrr,Lol
4a38eef3-4375-45b4-b386-649cb518c20b,dito isso não tem um  jogo aaa que seja bom atualmente,Jogos
226440c8-ce0c-42b8-a37b-8435e915955d,números relacionados ao mercado de jogos me impressionam muito kakakakakaka,Kakakakakaka
226440c8-ce0c-42b8-a37b-8435e915955d,números relacionados ao mercado de jogos me impressionam muito kakakakakaka,Mercado
226440c8-ce0c-42b8-a37b-8435e915955d,números relacionados ao mercado de jogos me impressionam muito kakakakakaka,Jogos
226440c8-ce0c-42b8-a37b-8435e915955d,números relacionados ao mercado de jogos me impressionam muito kakakakakaka,Numero
058b3f94-6774-45aa-bc57-07dacfd0704b,iniciações ciêntificas incriveis,Apresentacao
058b3f94-6774-45aa-bc57-07dacfd0704b,ufv vai levar o campeonato de,Campeonato
058b3f94-6774-45aa-bc57-07dacfd0704b,-esportes,Fifa
092f2a22-65fe-4b1e-a8de-356ce785cea3,não sabia que o mercado de jogos era tão grande assim,Mercado
092f2a22-65fe-4b1e-a8de-356ce785cea3,não sabia que o mercado de jogos era tão grande assim,Jogos
219bdf7f-fa3a-4d8f-9e33-b83980cc7afb,vai todo mundo ser solado hj no beat saber,Secom
219bdf7f-fa3a-4d8f-9e33-b83980cc7afb,vai todo mundo ser solado hj no beat saber,Beat
058b3f94-6774-45aa-bc57-07dacfd0704b,"palestra necessária, muito didática",Palestra
19f49226-5a60-463b-85d3-ac562e4eddc4,interessante saber que a indústria de games é mais rentável que a cinematográfica,Animacao
19f49226-5a60-463b-85d3-ac562e4eddc4,interessante saber que a indústria de games é mais rentável que a cinematográfica,Jogos
19f49226-5a60-463b-85d3-ac562e4eddc4,interessante saber que a indústria de games é mais rentável que a cinematográfica,Empresa
19f49226-5a60-463b-85d3-ac562e4eddc4,"a musical, não fazia ideia",Projetos
19f49226-5a60-463b-85d3-ac562e4eddc4,"a musical, não fazia ideia",Musica
058b3f94-6774-45aa-bc57-07dacfd0704b,muito bom o copilot,Copilot
64a69630-bdc5-4e29-9090-492d31a34e0d,quais os jogos mais populares no brasil,Brasil
64a69630-bdc5-4e29-9090-492d31a34e0d,quais os jogos mais populares no brasil,Jogos
058b3f94-6774-45aa-bc57-07dacfd0704b,aprendizado de máquina é muito doido,Maquina
7833a43c-88df-41ce-9608-368ecac536a1,"sabia que o mercado de jogos era grande,",Mercado
7833a43c-88df-41ce-9608-368ecac536a1,"sabia que o mercado de jogos era grande,",Jogos
64a69630-bdc5-4e29-9090-492d31a34e0d,qual o jogo mais famoso desenvolvido pela umbu,Secom
64a69630-bdc5-4e29-9090-492d31a34e0d,qual o jogo mais famoso desenvolvido pela umbu,Jogos
678d1b14-8c07-44f6-9f14-14fdbf7b4135,"lugar bacana tb, geladinho",Secom
678d1b14-8c07-44f6-9f14-14fdbf7b4135,palestra top,Palestra
7833a43c-88df-41ce-9608-368ecac536a1,nunca imaginei que o faturamento de jogos era maior que o de filmes,Animacao
7833a43c-88df-41ce-9608-368ecac536a1,nunca imaginei que o faturamento de jogos era maior que o de filmes,Jogos
7833a43c-88df-41ce-9608-368ecac536a1,nunca imaginei que o faturamento de jogos era maior que o de filmes,Faturamento
7833a43c-88df-41ce-9608-368ecac536a1,"música, é muito doido isso",Musica
219bdf7f-fa3a-4d8f-9e33-b83980cc7afb,coffebreak🤤,Coffebreak
30a1d1e4-da0d-4f67-9908-6bc16a47ebc4,o lanche poderia ser diferente:(,Lanche
4a38eef3-4375-45b4-b386-649cb518c20b,tô com fome 🤤,Fome
30a1d1e4-da0d-4f67-9908-6bc16a47ebc4,ótima palestra sobre ia,Palestra
30a1d1e4-da0d-4f67-9908-6bc16a47ebc4,gostei da ideia do apito,Apito
30a1d1e4-da0d-4f67-9908-6bc16a47ebc4,gostei da ideia do apito,Projetos
219bdf7f-fa3a-4d8f-9e33-b83980cc7afb,vem aí lol 2,Lol
30a1d1e4-da0d-4f67-9908-6bc16a47ebc4,cadeiras confortáveis,Cadeiras
9cc1a365-6476-4f22-bf74-2a453e1e8443,palestra de jogos muito boa,Palestra
9cc1a365-6476-4f22-bf74-2a453e1e8443,palestra de jogos muito boa,Jogos
c0f15389-3383-4e94-b413-2fd78bcd0b68,ótima palestra sobre um mercado de jogos,Mercado
c0f15389-3383-4e94-b413-2fd78bcd0b68,ótima palestra sobre um mercado de jogos,Palestra
c0f15389-3383-4e94-b413-2fd78bcd0b68,ótima palestra sobre um mercado de jogos,Jogos
12c8e1ec-c662-415a-b106-b64ccb7ece3f,o evento esse ano está com uma estética muito bacana,Estetica
12c8e1ec-c662-415a-b106-b64ccb7ece3f,o tema de jogos é algo muito interessante,Secom
12c8e1ec-c662-415a-b106-b64ccb7ece3f,o tema de jogos é algo muito interessante,Jogos
092f2a22-65fe-4b1e-a8de-356ce785cea3,ótima palestra,Palestra
30a1d1e4-da0d-4f67-9908-6bc16a47ebc4,ótimo conhecer sobre o mercado de jogos,Mercado
30a1d1e4-da0d-4f67-9908-6bc16a47ebc4,ótimo conhecer sobre o mercado de jogos,Jogos
9cc1a365-6476-4f22-bf74-2a453e1e8443,"o que seria ""jogos sérios"" que ele estava falando",Jogos
30a1d1e4-da0d-4f67-9908-6bc16a47ebc4,o fotógrafo sabe oque está fazendo,Fotografo
780e911b-3537-4deb-8eae-0ce33981b3d2,o wifi está horrível 😔,Wi-fi
30a1d1e4-da0d-4f67-9908-6bc16a47ebc4,gostei do campeonato ontem,Campeonato
12c8e1ec-c662-415a-b106-b64ccb7ece3f,é interessante ver a integração do mercado de jogos,Mercado
12c8e1ec-c662-415a-b106-b64ccb7ece3f,é interessante ver a integração do mercado de jogos,Interacao
12c8e1ec-c662-415a-b106-b64ccb7ece3f,é interessante ver a integração do mercado de jogos,Jogos
12c8e1ec-c662-415a-b106-b64ccb7ece3f,o setor acadêmico,Empresa
12c8e1ec-c662-415a-b106-b64ccb7ece3f,muito bacana trazer profissionais dentro do mercado de trabalho para falar um pouco mais,Mercado
12c8e1ec-c662-415a-b106-b64ccb7ece3f,muito bacana trazer profissionais dentro do mercado de trabalho para falar um pouco mais,Trabalho
30a1d1e4-da0d-4f67-9908-6bc16a47ebc4,ansioso pelos games casuais de hoje,Jogos
4ce79311-38e9-401a-bb36-d1b6ad9ff2d3,ótima palestra pra começar o dia,Palestra
12c8e1ec-c662-415a-b106-b64ccb7ece3f,muito bom termos uma melhor refrigeração esse ano do espaço,Refrigeracao
12c8e1ec-c662-415a-b106-b64ccb7ece3f,muito bom termos uma melhor refrigeração esse ano do espaço,Secom
7833a43c-88df-41ce-9608-368ecac536a1,"um feedback pro mymobiconf: os comentários poderiam ficar se atualizando, a gente tem que ficar saindo",Feedback
7833a43c-88df-41ce-9608-368ecac536a1,voltando da aba pra carregar os novos comentários,Apito
780e911b-3537-4deb-8eae-0ce33981b3d2,não sei nada de game development,Jogos
780e911b-3537-4deb-8eae-0ce33981b3d2,vou participar da game jam 😎,Jogos
12c8e1ec-c662-415a-b106-b64ccb7ece3f,"seria bom fechar o evento para o pessoal do curso, para conseguirmos disponibilizar mais vagas pra todos",Secom
12c8e1ec-c662-415a-b106-b64ccb7ece3f,"seria bom fechar o evento para o pessoal do curso, para conseguirmos disponibilizar mais vagas pra todos",Curso
0420c57a-0aa8-45b1-9166-f455c0711707,qual o faturamento médio da umbu,Secom
0420c57a-0aa8-45b1-9166-f455c0711707,qual o faturamento médio da umbu,Faturamento
780e911b-3537-4deb-8eae-0ce33981b3d2,"gente, se tiverem feedbacks sobre o app mandem no questionário do mymobiconf que acho que será melhor para o time visualizar por lá",Pergunta
780e911b-3537-4deb-8eae-0ce33981b3d2,"gente, se tiverem feedbacks sobre o app mandem no questionário do mymobiconf que acho que será melhor para o time visualizar por lá",App
780e911b-3537-4deb-8eae-0ce33981b3d2,"gente, se tiverem feedbacks sobre o app mandem no questionário do mymobiconf que acho que será melhor para o time visualizar por lá",Tempo
780e911b-3537-4deb-8eae-0ce33981b3d2,"gente, se tiverem feedbacks sobre o app mandem no questionário do mymobiconf que acho que será melhor para o time visualizar por lá",Mymobiconf
b99c9940-1ccf-4ec6-963a-9a233fddde70,"foi muito bacana entender como está projeto o futuro do desenvolvimento, com o auxílio das assistente ia",Contribuicao
b99c9940-1ccf-4ec6-963a-9a233fddde70,"foi muito bacana entender como está projeto o futuro do desenvolvimento, com o auxílio das assistente ia",Futuro
b99c9940-1ccf-4ec6-963a-9a233fddde70,"foi muito bacana entender como está projeto o futuro do desenvolvimento, com o auxílio das assistente ia",Desenvolvimento
b99c9940-1ccf-4ec6-963a-9a233fddde70,"foi muito bacana entender como está projeto o futuro do desenvolvimento, com o auxílio das assistente ia",Trabalho
9cc1a365-6476-4f22-bf74-2a453e1e8443,qual shampoo o patrick usa,Patrick
b6692dfb-d9b8-409b-ac8e-4ffe98e5a57b,"qual sua dica de organização de uma equipe iniciante de desenvolvimento de jogos, quanto a quantidade de pessoal forma de trabalho, etc",Organizacao
b6692dfb-d9b8-409b-ac8e-4ffe98e5a57b,"qual sua dica de organização de uma equipe iniciante de desenvolvimento de jogos, quanto a quantidade de pessoal forma de trabalho, etc",Secom
b6692dfb-d9b8-409b-ac8e-4ffe98e5a57b,"qual sua dica de organização de uma equipe iniciante de desenvolvimento de jogos, quanto a quantidade de pessoal forma de trabalho, etc",Forma
b6692dfb-d9b8-409b-ac8e-4ffe98e5a57b,"qual sua dica de organização de uma equipe iniciante de desenvolvimento de jogos, quanto a quantidade de pessoal forma de trabalho, etc",Jogos
b6692dfb-d9b8-409b-ac8e-4ffe98e5a57b,"qual sua dica de organização de uma equipe iniciante de desenvolvimento de jogos, quanto a quantidade de pessoal forma de trabalho, etc",Desenvolvimento
b6692dfb-d9b8-409b-ac8e-4ffe98e5a57b,"qual sua dica de organização de uma equipe iniciante de desenvolvimento de jogos, quanto a quantidade de pessoal forma de trabalho, etc",Numero
b6692dfb-d9b8-409b-ac8e-4ffe98e5a57b,"qual sua dica de organização de uma equipe iniciante de desenvolvimento de jogos, quanto a quantidade de pessoal forma de trabalho, etc",Equipe
b6692dfb-d9b8-409b-ac8e-4ffe98e5a57b,"qual sua dica de organização de uma equipe iniciante de desenvolvimento de jogos, quanto a quantidade de pessoal forma de trabalho, etc",Trabalho
b6692dfb-d9b8-409b-ac8e-4ffe98e5a57b,qual sua experiência com jogos educacionais,Experiencia
b6692dfb-d9b8-409b-ac8e-4ffe98e5a57b,qual sua experiência com jogos educacionais,Jogos
b6692dfb-d9b8-409b-ac8e-4ffe98e5a57b,quais dicas pode dar para equipes que os desenvolvem,Dicas
b6692dfb-d9b8-409b-ac8e-4ffe98e5a57b,quais dicas pode dar para equipes que os desenvolvem,Equipe
9a75dc4c-7a4e-49c6-b73b-62eafd9c8b73,a umbu já usou a  linguagem de programação lua,Programacao
9a75dc4c-7a4e-49c6-b73b-62eafd9c8b73,a umbu já usou a  linguagem de programação lua,Linguagem
9a75dc4c-7a4e-49c6-b73b-62eafd9c8b73,a umbu já usou a  linguagem de programação lua,Secom
9a75dc4c-7a4e-49c6-b73b-62eafd9c8b73,qual a linguagem de programação que a umbu mais usou pra fazer jogos,Programacao
9a75dc4c-7a4e-49c6-b73b-62eafd9c8b73,qual a linguagem de programação que a umbu mais usou pra fazer jogos,Linguagem
9a75dc4c-7a4e-49c6-b73b-62eafd9c8b73,qual a linguagem de programação que a umbu mais usou pra fazer jogos,Secom
9a75dc4c-7a4e-49c6-b73b-62eafd9c8b73,qual a linguagem de programação que a umbu mais usou pra fazer jogos,Jogos
d3028b07-211a-405d-9f82-13b8d82aeff8,parabéns pela palestra,Palestra
780e911b-3537-4deb-8eae-0ce33981b3d2,como vai ser a gamejam se a internet não está funcionando,Internet
780e911b-3537-4deb-8eae-0ce33981b3d2,como vai ser a gamejam se a internet não está funcionando,Jogos
4a38eef3-4375-45b4-b386-649cb518c20b,"o será que ele acha que o mercado de jogos está saturado com jogos aaa, com jogos indie recebendo mais avaliações positivas recentemente",Apito
4a38eef3-4375-45b4-b386-649cb518c20b,"o será que ele acha que o mercado de jogos está saturado com jogos aaa, com jogos indie recebendo mais avaliações positivas recentemente",Mercado
4a38eef3-4375-45b4-b386-649cb518c20b,"o será que ele acha que o mercado de jogos está saturado com jogos aaa, com jogos indie recebendo mais avaliações positivas recentemente",Observacao
4a38eef3-4375-45b4-b386-649cb518c20b,"o será que ele acha que o mercado de jogos está saturado com jogos aaa, com jogos indie recebendo mais avaliações positivas recentemente",Jogos
19f49226-5a60-463b-85d3-ac562e4eddc4,em quais linguagens de programação vocês desenvolvem os jogos,Programacao
19f49226-5a60-463b-85d3-ac562e4eddc4,em quais linguagens de programação vocês desenvolvem os jogos,Linguagem
19f49226-5a60-463b-85d3-ac562e4eddc4,em quais linguagens de programação vocês desenvolvem os jogos,Jogos
023d3c99-a60f-4734-88e2-de4c9944c95a,no brasil existem empresas que desenvolvem jogos do gênero visual novel,Brasil
023d3c99-a60f-4734-88e2-de4c9944c95a,no brasil existem empresas que desenvolvem jogos do gênero visual novel,Jogos
023d3c99-a60f-4734-88e2-de4c9944c95a,no brasil existem empresas que desenvolvem jogos do gênero visual novel,Empresa
023d3c99-a60f-4734-88e2-de4c9944c95a,no brasil existem empresas que desenvolvem jogos do gênero visual novel,Genero
ad08e116-810d-4533-a7c6-9782fcb55f6d,há algum gênero de jogos brasileiros que se destaca em termos de faturamento ou popularidade,Popularidade
ad08e116-810d-4533-a7c6-9782fcb55f6d,há algum gênero de jogos brasileiros que se destaca em termos de faturamento ou popularidade,Genero
ad08e116-810d-4533-a7c6-9782fcb55f6d,há algum gênero de jogos brasileiros que se destaca em termos de faturamento ou popularidade,Secom
ad08e116-810d-4533-a7c6-9782fcb55f6d,há algum gênero de jogos brasileiros que se destaca em termos de faturamento ou popularidade,Faturamento
ad08e116-810d-4533-a7c6-9782fcb55f6d,há algum gênero de jogos brasileiros que se destaca em termos de faturamento ou popularidade,Jogos
84fb43ff-f2ca-4b32-b090-49467d8ae7a0,muito boa a palestra sobre jogos,Palestra
84fb43ff-f2ca-4b32-b090-49467d8ae7a0,muito boa a palestra sobre jogos,Jogos
b6692dfb-d9b8-409b-ac8e-4ffe98e5a57b,"aqui na faculdade temos projetos de desenvolvimento de jogos educionais, seria possível obter algum contato com sua equipe para obter dicas",Comunicacao
b6692dfb-d9b8-409b-ac8e-4ffe98e5a57b,"aqui na faculdade temos projetos de desenvolvimento de jogos educionais, seria possível obter algum contato com sua equipe para obter dicas",Projetos
b6692dfb-d9b8-409b-ac8e-4ffe98e5a57b,"aqui na faculdade temos projetos de desenvolvimento de jogos educionais, seria possível obter algum contato com sua equipe para obter dicas",Dicas
b6692dfb-d9b8-409b-ac8e-4ffe98e5a57b,"aqui na faculdade temos projetos de desenvolvimento de jogos educionais, seria possível obter algum contato com sua equipe para obter dicas",Desenvolvimento
b6692dfb-d9b8-409b-ac8e-4ffe98e5a57b,"aqui na faculdade temos projetos de desenvolvimento de jogos educionais, seria possível obter algum contato com sua equipe para obter dicas",Jogos
b6692dfb-d9b8-409b-ac8e-4ffe98e5a57b,"aqui na faculdade temos projetos de desenvolvimento de jogos educionais, seria possível obter algum contato com sua equipe para obter dicas",Curso
b6692dfb-d9b8-409b-ac8e-4ffe98e5a57b,"aqui na faculdade temos projetos de desenvolvimento de jogos educionais, seria possível obter algum contato com sua equipe para obter dicas",Equipe
b6692dfb-d9b8-409b-ac8e-4ffe98e5a57b,informações,Informacoes
0016d182-df26-4200-b287-2b9a2086516b,boas perguntas,Pergunta
0016d182-df26-4200-b287-2b9a2086516b,boa palestra para abrir o dia,Palestra
5bc436a4-ec67-4216-87a7-d9152877d21f,muito legal a palestra sobre o mercado de jogos,Mercado
5bc436a4-ec67-4216-87a7-d9152877d21f,muito legal a palestra sobre o mercado de jogos,Palestra
5bc436a4-ec67-4216-87a7-d9152877d21f,muito legal a palestra sobre o mercado de jogos,Jogos
5bc436a4-ec67-4216-87a7-d9152877d21f,"vou levar esse ar condicionado pra casa, pode",Casa
0016d182-df26-4200-b287-2b9a2086516b,ele administrou bem o tempo,Tempo
0016d182-df26-4200-b287-2b9a2086516b,só achei o número de perguntas baixo,Pergunta
0016d182-df26-4200-b287-2b9a2086516b,só achei o número de perguntas baixo,Numero
b6692dfb-d9b8-409b-ac8e-4ffe98e5a57b,qual sua opinião sobre as engines de desenvolvimento de jogos,Aceleradores
b6692dfb-d9b8-409b-ac8e-4ffe98e5a57b,qual sua opinião sobre as engines de desenvolvimento de jogos,Desenvolvimento
b6692dfb-d9b8-409b-ac8e-4ffe98e5a57b,qual sua opinião sobre as engines de desenvolvimento de jogos,Jogos
b6692dfb-d9b8-409b-ac8e-4ffe98e5a57b,qual sua opinião sobre as engines de desenvolvimento de jogos,Feedback
b6692dfb-d9b8-409b-ac8e-4ffe98e5a57b,tem alguma dica sobre a unity,Unidade
b6692dfb-d9b8-409b-ac8e-4ffe98e5a57b,tem alguma dica sobre a unity,Secom
023d3c99-a60f-4734-88e2-de4c9944c95a,"legal a palestra, muito interessante mesmo",Palestra
780e911b-3537-4deb-8eae-0ce33981b3d2,parabéns para a equipe do mymobiconf,Equipe
780e911b-3537-4deb-8eae-0ce33981b3d2,parabéns para a equipe do mymobiconf,Mymobiconf
780e911b-3537-4deb-8eae-0ce33981b3d2,"para a equipe da organização do evento, esse ano está muito satisfatório participar da secom",Organizacao
780e911b-3537-4deb-8eae-0ce33981b3d2,"para a equipe da organização do evento, esse ano está muito satisfatório participar da secom",Secom
780e911b-3537-4deb-8eae-0ce33981b3d2,"para a equipe da organização do evento, esse ano está muito satisfatório participar da secom",Equipe
780e911b-3537-4deb-8eae-0ce33981b3d2,parabéns para o matheus peixoto pela ótima apresentação do evento,Apresentacao
780e911b-3537-4deb-8eae-0ce33981b3d2,parabéns para o matheus peixoto pela ótima apresentação do evento,Docker
780e911b-3537-4deb-8eae-0ce33981b3d2,parabéns para o matheus peixoto pela ótima apresentação do evento,Calculo
d3028b07-211a-405d-9f82-13b8d82aeff8,pi marcando presença na secom 2024,Secom
7cf13434-76d6-4046-96fd-1cfd9d429282,muito boa a palestra de jogos,Palestra
7cf13434-76d6-4046-96fd-1cfd9d429282,muito boa a palestra de jogos,Jogos
9cc1a365-6476-4f22-bf74-2a453e1e8443,ótima palestra,Palestra
34c8353a-bcb4-4553-8c2d-fac1c5311ccd,o joão sabe muito,Lol
ad08e116-810d-4533-a7c6-9782fcb55f6d,muito boa a palestra,Palestra
e539ea11-2f5f-48c0-8cd6-f269dd6ed844,"muito interessante, tragam mais palestras sobre o assunto de jogos",Secom
e539ea11-2f5f-48c0-8cd6-f269dd6ed844,"muito interessante, tragam mais palestras sobre o assunto de jogos",Palestra
e539ea11-2f5f-48c0-8cd6-f269dd6ed844,"muito interessante, tragam mais palestras sobre o assunto de jogos",Jogos
4ce79311-38e9-401a-bb36-d1b6ad9ff2d3,coffe break podia ser a tarde ao invés de manhã,Coffe
4ce79311-38e9-401a-bb36-d1b6ad9ff2d3,coffe break podia ser a tarde ao invés de manhã,Manha
4ce79311-38e9-401a-bb36-d1b6ad9ff2d3,coffe break podia ser a tarde ao invés de manhã,Inves
c922b921-1305-4fe3-b76c-649887d97eb4,muito boas as dicas,Dicas
c922b921-1305-4fe3-b76c-649887d97eb4,ar co dicionário frio,Frio
c922b921-1305-4fe3-b76c-649887d97eb4,a parte da tarde era obrigatória,Tempo
c922b921-1305-4fe3-b76c-649887d97eb4,a parte da tarde era obrigatória,Secom
c922b921-1305-4fe3-b76c-649887d97eb4,muito boa a palestra,Palestra
ae0cbeae-1ff0-406f-a78a-a80a71120100,a palestra sobre games foi muito interessante,Palestra
ae0cbeae-1ff0-406f-a78a-a80a71120100,a palestra sobre games foi muito interessante,Jogos
ae0cbeae-1ff0-406f-a78a-a80a71120100,coffe braek bom adorei o salgado de frango,Coffe
ae0cbeae-1ff0-406f-a78a-a80a71120100,coffe braek bom adorei o salgado de frango,Frango
ae0cbeae-1ff0-406f-a78a-a80a71120100,coffe braek bom adorei o salgado de frango,Salgado
c922b921-1305-4fe3-b76c-649887d97eb4,poderia diminuir a quantidade toda de de comentários,Numero
c922b921-1305-4fe3-b76c-649887d97eb4,diminuir o salgadonho de milho,Secom
c922b921-1305-4fe3-b76c-649887d97eb4,diminuir o salgadonho de milho,Milho
c922b921-1305-4fe3-b76c-649887d97eb4,aumentar a salgadinho de salsicha,Secom
c922b921-1305-4fe3-b76c-649887d97eb4,aumentar a salgadinho de salsicha,Salsicha
ae0cbeae-1ff0-406f-a78a-a80a71120100,ansioso para a maratona,Maratona
a5551753-5cda-4641-bc94-7d92707ef19c,"trazer palestras de temas variados para além de inteligência artificial, como foi no caso da umbu games, enriquece ainda mais o evento",Inteligencia
a5551753-5cda-4641-bc94-7d92707ef19c,"trazer palestras de temas variados para além de inteligência artificial, como foi no caso da umbu games, enriquece ainda mais o evento",Caso
a5551753-5cda-4641-bc94-7d92707ef19c,"trazer palestras de temas variados para além de inteligência artificial, como foi no caso da umbu games, enriquece ainda mais o evento",Secom
a5551753-5cda-4641-bc94-7d92707ef19c,"trazer palestras de temas variados para além de inteligência artificial, como foi no caso da umbu games, enriquece ainda mais o evento",Palestra
a5551753-5cda-4641-bc94-7d92707ef19c,"trazer palestras de temas variados para além de inteligência artificial, como foi no caso da umbu games, enriquece ainda mais o evento",Jogos
a8795f76-f29d-4a4e-ab33-de80f1fa7eaa,palestra incrível da umbu games,Secom
a8795f76-f29d-4a4e-ab33-de80f1fa7eaa,palestra incrível da umbu games,Palestra
a8795f76-f29d-4a4e-ab33-de80f1fa7eaa,palestra incrível da umbu games,Jogos
8b532002-32a9-47b8-a068-f68ebed037cd,a palestra sobre o mercado de jogos foi muito interessante,Mercado
8b532002-32a9-47b8-a068-f68ebed037cd,a palestra sobre o mercado de jogos foi muito interessante,Palestra
8b532002-32a9-47b8-a068-f68ebed037cd,a palestra sobre o mercado de jogos foi muito interessante,Jogos
8b532002-32a9-47b8-a068-f68ebed037cd,ter feito tantos trabalhos interessantes,Trabalho
9a75dc4c-7a4e-49c6-b73b-62eafd9c8b73,vai ter ps5 hoje a noite,Luz
84fb43ff-f2ca-4b32-b090-49467d8ae7a0,"ps5 hoje a noite, ansiosa",Luz
4ce79311-38e9-401a-bb36-d1b6ad9ff2d3,como vai funcionar os torneios hoje,Torneio
45025e25-714c-447c-ad00-3f2880882d2b,boa palestra,Palestra
45025e25-714c-447c-ad00-3f2880882d2b,ótima palestra,Palestra
d13dce39-51a4-4170-8b39-f06cb1f6adf6,primeira palestra foi ótima,Palestra
d13dce39-51a4-4170-8b39-f06cb1f6adf6,tenho muito interesse na área de jogos,Jogos
d13dce39-51a4-4170-8b39-f06cb1f6adf6,tenho muito interesse na área de jogos,Interesse
d13dce39-51a4-4170-8b39-f06cb1f6adf6,tenho muito interesse na área de jogos,Area
d13dce39-51a4-4170-8b39-f06cb1f6adf6,qual shampoo patrick usa,Shampoo
03164614-b683-45b1-98f0-7179e65cd4ed,alguém pelo amor de deus fala oque o patrick passa no cabelo,Deus
03164614-b683-45b1-98f0-7179e65cd4ed,alguém pelo amor de deus fala oque o patrick passa no cabelo,Secom
03164614-b683-45b1-98f0-7179e65cd4ed,alguém pelo amor de deus fala oque o patrick passa no cabelo,Patrick
03164614-b683-45b1-98f0-7179e65cd4ed,alguém pelo amor de deus fala oque o patrick passa no cabelo,Cabelo
34c8353a-bcb4-4553-8c2d-fac1c5311ccd,coffee break tá virando um evento a parte,Secom
34c8353a-bcb4-4553-8c2d-fac1c5311ccd,coffee break tá virando um evento a parte,Break
c3149f3b-36f2-4fbd-a033-c41f8e9fe534,o coffee break perfeito,Break
c3149f3b-36f2-4fbd-a033-c41f8e9fe534,o coffee break perfeito,Coffee
03164614-b683-45b1-98f0-7179e65cd4ed,acho que na próxima secom deveria ter uma dinâmica pra disputar as sobras do coffebreak,Dinamica
03164614-b683-45b1-98f0-7179e65cd4ed,acho que na próxima secom deveria ter uma dinâmica pra disputar as sobras do coffebreak,Secom
03164614-b683-45b1-98f0-7179e65cd4ed,acho que na próxima secom deveria ter uma dinâmica pra disputar as sobras do coffebreak,Coffebreak
c3149f3b-36f2-4fbd-a033-c41f8e9fe534,o tempo da sipeec foi mto grande,Tempo
c3149f3b-36f2-4fbd-a033-c41f8e9fe534,o tempo da sipeec foi mto grande,Secom
c3149f3b-36f2-4fbd-a033-c41f8e9fe534,o tempo da sipeec foi mto grande,Mto
c3149f3b-36f2-4fbd-a033-c41f8e9fe534,"quem sabe na próxima vez, poderíamos ter 3 minutos de fala apenas",Tempo
700f7b0c-46a5-4f88-b605-7015d0660e2b,bom dms,Dms
4a38eef3-4375-45b4-b386-649cb518c20b,gente eu só peço isso qual é o shampoo que o patrick usa,Shampoo
4a38eef3-4375-45b4-b386-649cb518c20b,gente eu só peço isso qual é o shampoo que o patrick usa,Patrick
226440c8-ce0c-42b8-a37b-8435e915955d,animada com a palestra da levty,Secom
226440c8-ce0c-42b8-a37b-8435e915955d,animada com a palestra da levty,Palestra
5bc436a4-ec67-4216-87a7-d9152877d21f,ansiosa pela próxima palestra,Palestra
03164614-b683-45b1-98f0-7179e65cd4ed,ansioso pelos jogos de hoje,Jogos
5bc436a4-ec67-4216-87a7-d9152877d21f,"lanchinho delicioso,",Lanche
5bc436a4-ec67-4216-87a7-d9152877d21f,queria um docinho em algum dos dias 😋,Secom
5bc436a4-ec67-4216-87a7-d9152877d21f,queria um docinho em algum dos dias 😋,Falta
5bc436a4-ec67-4216-87a7-d9152877d21f,muito divertidas as palestras,Palestra
02af807d-7123-444e-b61e-89eaf92be60f,ansioso pelas palestras,Palestra
5bc436a4-ec67-4216-87a7-d9152877d21f,ansiosa pela próxima palestra,Palestra
64a69630-bdc5-4e29-9090-492d31a34e0d,cadê o doce no coffee break,Secom
64a69630-bdc5-4e29-9090-492d31a34e0d,cadê o doce no coffee break,Break
64a69630-bdc5-4e29-9090-492d31a34e0d,cadê o doce no coffee break,Coffee
219bdf7f-fa3a-4d8f-9e33-b83980cc7afb,liga o ar daqui de trás nmrllll,Nmr
d13dce39-51a4-4170-8b39-f06cb1f6adf6,ontem a sipeeec demorou mt foi cansativo poderia talvez diminuir o tempo das apresentações ano q vem ou dividir em dois,Tempo
d13dce39-51a4-4170-8b39-f06cb1f6adf6,ontem a sipeeec demorou mt foi cansativo poderia talvez diminuir o tempo das apresentações ano q vem ou dividir em dois,Apresentacao
d13dce39-51a4-4170-8b39-f06cb1f6adf6,ontem a sipeeec demorou mt foi cansativo poderia talvez diminuir o tempo das apresentações ano q vem ou dividir em dois,Secom
7833a43c-88df-41ce-9608-368ecac536a1,"caramba, nem sabia que o cifras era de bh",Secom
7833a43c-88df-41ce-9608-368ecac536a1,"caramba, nem sabia que o cifras era de bh",Fotografo
092f2a22-65fe-4b1e-a8de-356ce785cea3,só por essa apresentação já deu pra perceber que o pessoal do letras é bacana demais,Apresentacao
092f2a22-65fe-4b1e-a8de-356ce785cea3,só por essa apresentação já deu pra perceber que o pessoal do letras é bacana demais,Secom
d13dce39-51a4-4170-8b39-f06cb1f6adf6,nao sabia que letras era de bh,Secom
64a69630-bdc5-4e29-9090-492d31a34e0d,em que o letras academy é focado,Secom
092f2a22-65fe-4b1e-a8de-356ce785cea3,gostaria de saber mais sobre o letras academy,Secom
0420c57a-0aa8-45b1-9166-f455c0711707,como é ter alguns produtos que o faturamento depende de contribuições voluntárias (ex: letras,Contribuicao
0420c57a-0aa8-45b1-9166-f455c0711707,como é ter alguns produtos que o faturamento depende de contribuições voluntárias (ex: letras,Secom
0420c57a-0aa8-45b1-9166-f455c0711707,como é ter alguns produtos que o faturamento depende de contribuições voluntárias (ex: letras,Produtos
0420c57a-0aa8-45b1-9166-f455c0711707,como é ter alguns produtos que o faturamento depende de contribuições voluntárias (ex: letras,Faturamento
226440c8-ce0c-42b8-a37b-8435e915955d,com qual frequência a empresa oferece oportunidade de estágio ou trainees,Secom
226440c8-ce0c-42b8-a37b-8435e915955d,com qual frequência a empresa oferece oportunidade de estágio ou trainees,Oportunidade
226440c8-ce0c-42b8-a37b-8435e915955d,com qual frequência a empresa oferece oportunidade de estágio ou trainees,Frequencia
226440c8-ce0c-42b8-a37b-8435e915955d,com qual frequência a empresa oferece oportunidade de estágio ou trainees,Empresa
226440c8-ce0c-42b8-a37b-8435e915955d,qual é a rotina de trabalho deles,Processo
226440c8-ce0c-42b8-a37b-8435e915955d,qual é a rotina de trabalho deles,Trabalho
ae0cbeae-1ff0-406f-a78a-a80a71120100,o o pessoal do letras é bom hein,Lol
ae0cbeae-1ff0-406f-a78a-a80a71120100,o o pessoal do letras é bom hein,Secom
a5551753-5cda-4641-bc94-7d92707ef19c,a palestra do letras é o melhor evento dessa secom até agora,Secom
a5551753-5cda-4641-bc94-7d92707ef19c,a palestra do letras é o melhor evento dessa secom até agora,Palestra
7568d4e3-7c42-4c07-9246-161f8f144017,imagina o brinde do letras ser um instrumento kkkkk,Instrumento
7568d4e3-7c42-4c07-9246-161f8f144017,imagina o brinde do letras ser um instrumento kkkkk,Secom
3f05e03e-45ce-4e65-b2f3-cf3a76e21fa1,até o momento a melhor palestra da secom,Tempo
3f05e03e-45ce-4e65-b2f3-cf3a76e21fa1,até o momento a melhor palestra da secom,Secom
3f05e03e-45ce-4e65-b2f3-cf3a76e21fa1,até o momento a melhor palestra da secom,Palestra
99899b5a-eb3d-4d67-a64f-a143f824a709,"pergunta para o rods: na sua época de estudante aqui na ufv, você participou de um projeto integrador",Projetos
99899b5a-eb3d-4d67-a64f-a143f824a709,"pergunta para o rods: na sua época de estudante aqui na ufv, você participou de um projeto integrador",Rods
99899b5a-eb3d-4d67-a64f-a143f824a709,"pergunta para o rods: na sua época de estudante aqui na ufv, você participou de um projeto integrador",Ufv
99899b5a-eb3d-4d67-a64f-a143f824a709,"pergunta para o rods: na sua época de estudante aqui na ufv, você participou de um projeto integrador",Tempo
99899b5a-eb3d-4d67-a64f-a143f824a709,"pergunta para o rods: na sua época de estudante aqui na ufv, você participou de um projeto integrador",Curso
99899b5a-eb3d-4d67-a64f-a143f824a709,como foi a experiência,Experiencia
99899b5a-eb3d-4d67-a64f-a143f824a709,como você compararia isso a sua experiência numa equipe de verdade,Experiencia
99899b5a-eb3d-4d67-a64f-a143f824a709,como você compararia isso a sua experiência numa equipe de verdade,Lol
99899b5a-eb3d-4d67-a64f-a143f824a709,como você compararia isso a sua experiência numa equipe de verdade,Equipe
5bc436a4-ec67-4216-87a7-d9152877d21f,muito legal essa palestra do letras,Secom
5bc436a4-ec67-4216-87a7-d9152877d21f,muito legal essa palestra do letras,Palestra
13c63d6c-e94d-4b8b-829b-3a6f523ac131,no uso do front vocês falaram do uso de sockets,Sockets
13c63d6c-e94d-4b8b-829b-3a6f523ac131,no uso do front vocês falaram do uso de sockets,Uso
13c63d6c-e94d-4b8b-829b-3a6f523ac131,no uso do front vocês falaram do uso de sockets,Front
13c63d6c-e94d-4b8b-829b-3a6f523ac131,vocês usam sockets puro ou algum middleware,Middleware
13c63d6c-e94d-4b8b-829b-3a6f523ac131,vocês usam sockets puro ou algum middleware,Sockets
13c63d6c-e94d-4b8b-829b-3a6f523ac131,"(achei interessante, não imaginava que isso era usado nesse contexto)",Contexto
8f243416-db6e-4185-8133-0e0433d6c30a,bom saber que temos mineiros em uma empresa tão grande,Mineiros
8f243416-db6e-4185-8133-0e0433d6c30a,bom saber que temos mineiros em uma empresa tão grande,Empresa
99899b5a-eb3d-4d67-a64f-a143f824a709,"nota na pergunta para o rods: pelo que a gláucia contou, o pi era muito mais caótico antigamente",Pergunta
99899b5a-eb3d-4d67-a64f-a143f824a709,"nota na pergunta para o rods: pelo que a gláucia contou, o pi era muito mais caótico antigamente",Secom
99899b5a-eb3d-4d67-a64f-a143f824a709,"nota na pergunta para o rods: pelo que a gláucia contou, o pi era muito mais caótico antigamente",Glaucia
99899b5a-eb3d-4d67-a64f-a143f824a709,"nota na pergunta para o rods: pelo que a gláucia contou, o pi era muito mais caótico antigamente",Rods
99899b5a-eb3d-4d67-a64f-a143f824a709,"hoje em dia são equipes separadas, de 8 a 10 pessoas",Secom
99899b5a-eb3d-4d67-a64f-a143f824a709,"hoje em dia são equipes separadas, de 8 a 10 pessoas",Equipe
b99c9940-1ccf-4ec6-963a-9a233fddde70,muito bacana esses exemplos para explicar,Exemplos
b99c9940-1ccf-4ec6-963a-9a233fddde70,diferenciar o back-end do front-end,Back-end
b99c9940-1ccf-4ec6-963a-9a233fddde70,diferenciar o back-end do front-end,Front
8f243416-db6e-4185-8133-0e0433d6c30a,"sobre a palestra de mais cedo, nao sabia que era tao desafiador o mercado de jogos",Oportunidade
8f243416-db6e-4185-8133-0e0433d6c30a,"sobre a palestra de mais cedo, nao sabia que era tao desafiador o mercado de jogos",Palestra
8f243416-db6e-4185-8133-0e0433d6c30a,"sobre a palestra de mais cedo, nao sabia que era tao desafiador o mercado de jogos",Jogos
8f243416-db6e-4185-8133-0e0433d6c30a,"sobre a palestra de mais cedo, nao sabia que era tao desafiador o mercado de jogos",Mercado
8f243416-db6e-4185-8133-0e0433d6c30a,hahahahaha gosto de musica muito legal,Lol
8f243416-db6e-4185-8133-0e0433d6c30a,hahahahaha gosto de musica muito legal,Musica
513987ee-1026-4bd4-93aa-9d89d6d5bad4,qual sua música favorita do post malone,Falta
513987ee-1026-4bd4-93aa-9d89d6d5bad4,qual sua música favorita do post malone,Musica
513987ee-1026-4bd4-93aa-9d89d6d5bad4,qual sua música favorita do post malone,Post
ae0cbeae-1ff0-406f-a78a-a80a71120100,o letras possui aplicativo,App
ae0cbeae-1ff0-406f-a78a-a80a71120100,o letras possui aplicativo,Secom
ae0cbeae-1ff0-406f-a78a-a80a71120100,o que tem no app de interessante além do site,Internet
ae0cbeae-1ff0-406f-a78a-a80a71120100,o que tem no app de interessante além do site,App
880b38ad-954a-499a-a76a-66fce8a17f66,"muito boa a palestra, exemplos excelentes",Palestra
880b38ad-954a-499a-a76a-66fce8a17f66,"muito boa a palestra, exemplos excelentes",Exemplos
513987ee-1026-4bd4-93aa-9d89d6d5bad4,qual shampoo o rodes usa,Rodes
ae0cbeae-1ff0-406f-a78a-a80a71120100,o negócio é linkin park,Park
ae0cbeae-1ff0-406f-a78a-a80a71120100,o negócio é linkin park,Empresa
4ce79311-38e9-401a-bb36-d1b6ad9ff2d3,o cara ouve lorde,Deus
4ce79311-38e9-401a-bb36-d1b6ad9ff2d3,o cara ouve lorde,Secom
ae0cbeae-1ff0-406f-a78a-a80a71120100,shampoo do rodes,Shampoo
ae0cbeae-1ff0-406f-a78a-a80a71120100,shampoo do rodes,Rodes
b99c9940-1ccf-4ec6-963a-9a233fddde70,quem não é fã de taylor swift em pleno 2024,Taylor
30a1d1e4-da0d-4f67-9908-6bc16a47ebc4,gostei da dinâmica dos gostos musicais,Dinamica
30a1d1e4-da0d-4f67-9908-6bc16a47ebc4,gostei da dinâmica dos gostos musicais,Secom
513987ee-1026-4bd4-93aa-9d89d6d5bad4,"uso letras todos os dias, tenho prioridade na entrevista de emprego",Prioridade
513987ee-1026-4bd4-93aa-9d89d6d5bad4,"uso letras todos os dias, tenho prioridade na entrevista de emprego",Secom
513987ee-1026-4bd4-93aa-9d89d6d5bad4,"uso letras todos os dias, tenho prioridade na entrevista de emprego",Uso
513987ee-1026-4bd4-93aa-9d89d6d5bad4,"uso letras todos os dias, tenho prioridade na entrevista de emprego",Palestra
513987ee-1026-4bd4-93aa-9d89d6d5bad4,"uso letras todos os dias, tenho prioridade na entrevista de emprego",Trabalho
3e72f254-acab-4aec-ad73-bf9dff9c21ad,muito legal a palestra,Palestra
8f4c1ec8-e5ed-4ce2-90f1-84bbab673805,anao taylor swift nao,Taylor
8f4c1ec8-e5ed-4ce2-90f1-84bbab673805,cade o kanye west,Taylor
8f4c1ec8-e5ed-4ce2-90f1-84bbab673805,cade o kanye west,Cade
513987ee-1026-4bd4-93aa-9d89d6d5bad4,é muito paia usar o letras apenas pra ler a tradução das músicas que a gata te manda,Secom
513987ee-1026-4bd4-93aa-9d89d6d5bad4,é muito paia usar o letras apenas pra ler a tradução das músicas que a gata te manda,Musica
513987ee-1026-4bd4-93aa-9d89d6d5bad4,(taylor swift 🤢),Taylor
3e72f254-acab-4aec-ad73-bf9dff9c21ad,palestrantes bem descontraídos,Palestra
9aa2b218-1ce5-4019-8e59-cefd44bc9866,"o rodrigo teria algum dica de aprendizagem, projetos para portfólio",Secom
9aa2b218-1ce5-4019-8e59-cefd44bc9866,"o rodrigo teria algum dica de aprendizagem, projetos para portfólio",Conhecimento
9aa2b218-1ce5-4019-8e59-cefd44bc9866,"o rodrigo teria algum dica de aprendizagem, projetos para portfólio",Projetos
9aa2b218-1ce5-4019-8e59-cefd44bc9866,"o rodrigo teria algum dica de aprendizagem, projetos para portfólio",Portfolio
9aa2b218-1ce5-4019-8e59-cefd44bc9866,dicas para o começo na área da linguagem golang,Dicas
9aa2b218-1ce5-4019-8e59-cefd44bc9866,dicas para o começo na área da linguagem golang,Linguagem
9aa2b218-1ce5-4019-8e59-cefd44bc9866,dicas para o começo na área da linguagem golang,Secom
9aa2b218-1ce5-4019-8e59-cefd44bc9866,dicas para o começo na área da linguagem golang,Area
30a1d1e4-da0d-4f67-9908-6bc16a47ebc4,interessante ver como funciona o backend,Back-end
30a1d1e4-da0d-4f67-9908-6bc16a47ebc4,frontend em um site,Internet
30a1d1e4-da0d-4f67-9908-6bc16a47ebc4,frontend em um site,Front
7568d4e3-7c42-4c07-9246-161f8f144017,então o cache não necessariamente está executado o código,Codigo
7568d4e3-7c42-4c07-9246-161f8f144017,então o cache não necessariamente está executado o código,Cache
7568d4e3-7c42-4c07-9246-161f8f144017,usa já uma requisição anterior que está em um buffer,Secom
7568d4e3-7c42-4c07-9246-161f8f144017,usa já uma requisição anterior que está em um buffer,Buffer
13c63d6c-e94d-4b8b-829b-3a6f523ac131,no cache,Cache
13c63d6c-e94d-4b8b-829b-3a6f523ac131,"cdn, todo o serviço vem pronto ou vocês precisaram fazer/usar alguma aplicação específica para encontrar as melhores rotas, etc",Cdn
13c63d6c-e94d-4b8b-829b-3a6f523ac131,"cdn, todo o serviço vem pronto ou vocês precisaram fazer/usar alguma aplicação específica para encontrar as melhores rotas, etc",Secom
13c63d6c-e94d-4b8b-829b-3a6f523ac131,"cdn, todo o serviço vem pronto ou vocês precisaram fazer/usar alguma aplicação específica para encontrar as melhores rotas, etc",Rotas
7568d4e3-7c42-4c07-9246-161f8f144017,certeza que foi o rodigo que fez o slide,Secom
7568d4e3-7c42-4c07-9246-161f8f144017,certeza que foi o rodigo que fez o slide,Slides
a8795f76-f29d-4a4e-ab33-de80f1fa7eaa,excelente palestra sobre boas práticas de otimização do pessoal da letras,Secom
a8795f76-f29d-4a4e-ab33-de80f1fa7eaa,excelente palestra sobre boas práticas de otimização do pessoal da letras,Palestra
a8795f76-f29d-4a4e-ab33-de80f1fa7eaa,excelente palestra sobre boas práticas de otimização do pessoal da letras,Processo
eed4edbe-921c-4f9c-8148-1948d00197eb,palestras muito interessantes,Palestra
eed4edbe-921c-4f9c-8148-1948d00197eb,gostei muito da palestra do letras,Secom
eed4edbe-921c-4f9c-8148-1948d00197eb,gostei muito da palestra do letras,Palestra
eed4edbe-921c-4f9c-8148-1948d00197eb,fiquei mais interessado a respeito do mercado de jogos no brasil,Brasil
eed4edbe-921c-4f9c-8148-1948d00197eb,fiquei mais interessado a respeito do mercado de jogos no brasil,Mercado
eed4edbe-921c-4f9c-8148-1948d00197eb,fiquei mais interessado a respeito do mercado de jogos no brasil,Jogos
eed4edbe-921c-4f9c-8148-1948d00197eb,fiquei mais interessado a respeito do mercado de jogos no brasil,Respeito
eed4edbe-921c-4f9c-8148-1948d00197eb,gostaria de trabalhar em um sistema como o do letras,Secom
eed4edbe-921c-4f9c-8148-1948d00197eb,gostaria de trabalhar em um sistema como o do letras,Sistema
b99c9940-1ccf-4ec6-963a-9a233fddde70,muito legal essas maneiras mais eficientes de implementação de imagens no front-end,Secom
b99c9940-1ccf-4ec6-963a-9a233fddde70,muito legal essas maneiras mais eficientes de implementação de imagens no front-end,Processo
b99c9940-1ccf-4ec6-963a-9a233fddde70,muito legal essas maneiras mais eficientes de implementação de imagens no front-end,Fotografo
b99c9940-1ccf-4ec6-963a-9a233fddde70,muito legal essas maneiras mais eficientes de implementação de imagens no front-end,Front
eed4edbe-921c-4f9c-8148-1948d00197eb,requisições de banco de dados,Secom
eed4edbe-921c-4f9c-8148-1948d00197eb,requisições de banco de dados,Banco
eed4edbe-921c-4f9c-8148-1948d00197eb,requisições de banco de dados,Dados
eed4edbe-921c-4f9c-8148-1948d00197eb,áreas que já conhecemos no curso,Curso
eed4edbe-921c-4f9c-8148-1948d00197eb,áreas que já conhecemos no curso,Area
7568d4e3-7c42-4c07-9246-161f8f144017,interessante usar a técnica de sprite nesse contexto,Pro
7568d4e3-7c42-4c07-9246-161f8f144017,interessante usar a técnica de sprite nesse contexto,Processo
7568d4e3-7c42-4c07-9246-161f8f144017,interessante usar a técnica de sprite nesse contexto,Contexto
092f2a22-65fe-4b1e-a8de-356ce785cea3,será que tem a possibilidade desses slides serem disponibilizados pra gente,Oportunidade
092f2a22-65fe-4b1e-a8de-356ce785cea3,será que tem a possibilidade desses slides serem disponibilizados pra gente,Slides
86cc2ad1-6ef4-4b63-8d8f-c512cc96589d,que dupla maravilhosa,Dupla
eed4edbe-921c-4f9c-8148-1948d00197eb,ansioso para as palestras de mais tarde,Palestra
12c8e1ec-c662-415a-b106-b64ccb7ece3f,como funciona o processo seletivo para estágio/trainee do letras,Secom
12c8e1ec-c662-415a-b106-b64ccb7ece3f,como funciona o processo seletivo para estágio/trainee do letras,Processo
a5551753-5cda-4641-bc94-7d92707ef19c,alguém trás a studiosol de novo ano que vem,Studiosol
f24a3531-506e-487a-84d2-614694703dfc,"ótima palestra, também amo taylor swift 
tenho 1,80m sei cozinhar",Taylor
f24a3531-506e-487a-84d2-614694703dfc,"ótima palestra, também amo taylor swift 
tenho 1,80m sei cozinhar",Palestra
f24a3531-506e-487a-84d2-614694703dfc,sou contra a cólica ✊🏽,Pelucia
13c63d6c-e94d-4b8b-829b-3a6f523ac131,como funcionaria para entrar na empresa de vocês,Musica
13c63d6c-e94d-4b8b-829b-3a6f523ac131,como funcionaria para entrar na empresa de vocês,Empresa
13c63d6c-e94d-4b8b-829b-3a6f523ac131,como funcionaria para entrar na empresa de vocês,Funcionaria
13c63d6c-e94d-4b8b-829b-3a6f523ac131,"seja como estagiário, junior, trainee",Secom
a66b96d8-e20d-4946-b233-a3a04992b2ab,podia ter o pdf das apresentações aqui no app pra gente baixar,App
a66b96d8-e20d-4946-b233-a3a04992b2ab,podia ter o pdf das apresentações aqui no app pra gente baixar,Apresentacao
a66b96d8-e20d-4946-b233-a3a04992b2ab,podia ter o pdf das apresentações aqui no app pra gente baixar,Pdf
f569f9d9-9281-4405-a4aa-084b33a9be5a,tenho uma dúvida sobre a palestra da letras,Duvida
f569f9d9-9281-4405-a4aa-084b33a9be5a,tenho uma dúvida sobre a palestra da letras,Secom
f569f9d9-9281-4405-a4aa-084b33a9be5a,tenho uma dúvida sobre a palestra da letras,Palestra
f569f9d9-9281-4405-a4aa-084b33a9be5a,quais tecnologias principais são utilizadas para o frontend,Engenharia
f569f9d9-9281-4405-a4aa-084b33a9be5a,quais tecnologias principais são utilizadas para o frontend,Front
7568d4e3-7c42-4c07-9246-161f8f144017,não sabia que essas apresentações funcionavam por conta dessas meta tags,Apresentacao
7568d4e3-7c42-4c07-9246-161f8f144017,não sabia que essas apresentações funcionavam por conta dessas meta tags,Secom
7568d4e3-7c42-4c07-9246-161f8f144017,não sabia que essas apresentações funcionavam por conta dessas meta tags,Alfa
513987ee-1026-4bd4-93aa-9d89d6d5bad4,quando vai sair a retrospectiva letras 2024,Anos
a5551753-5cda-4641-bc94-7d92707ef19c,tem como disponibilizar esses slides do letras,Secom
a5551753-5cda-4641-bc94-7d92707ef19c,tem como disponibilizar esses slides do letras,Slides
a66b96d8-e20d-4946-b233-a3a04992b2ab,muito legal falarem sobre seo,Secom
a66b96d8-e20d-4946-b233-a3a04992b2ab,primeira palestra que  citou isso,Palestra
df0c5066-4918-4384-bf21-9ba7343bf772,uma pergunta: qual a arquitetura é utilizada no frontend,Pergunta
df0c5066-4918-4384-bf21-9ba7343bf772,uma pergunta: qual a arquitetura é utilizada no frontend,Estrutura
df0c5066-4918-4384-bf21-9ba7343bf772,uma pergunta: qual a arquitetura é utilizada no frontend,Front
34d7ba0b-7b62-4439-b143-d7dd24797376,palestras muito interessantes,Palestra
99899b5a-eb3d-4d67-a64f-a143f824a709,rods dando uma baita aula sobre webdev,Webdev
99899b5a-eb3d-4d67-a64f-a143f824a709,rods dando uma baita aula sobre webdev,Secom
99899b5a-eb3d-4d67-a64f-a143f824a709,rods dando uma baita aula sobre webdev,Rods
99899b5a-eb3d-4d67-a64f-a143f824a709,rods dando uma baita aula sobre webdev,Curso
99899b5a-eb3d-4d67-a64f-a143f824a709,a ufv oscilando o wi-fi como se estivesse mandando um código morse 🤡 ironia dms,Wi-fi
99899b5a-eb3d-4d67-a64f-a143f824a709,a ufv oscilando o wi-fi como se estivesse mandando um código morse 🤡 ironia dms,Ironia
99899b5a-eb3d-4d67-a64f-a143f824a709,a ufv oscilando o wi-fi como se estivesse mandando um código morse 🤡 ironia dms,Dms
99899b5a-eb3d-4d67-a64f-a143f824a709,a ufv oscilando o wi-fi como se estivesse mandando um código morse 🤡 ironia dms,Codigo
34d7ba0b-7b62-4439-b143-d7dd24797376,adorei a ideia de fazer horas de extensão com jogos kkk,Tempo
34d7ba0b-7b62-4439-b143-d7dd24797376,adorei a ideia de fazer horas de extensão com jogos kkk,Projetos
34d7ba0b-7b62-4439-b143-d7dd24797376,adorei a ideia de fazer horas de extensão com jogos kkk,Jogos
34d7ba0b-7b62-4439-b143-d7dd24797376,adorei a ideia de fazer horas de extensão com jogos kkk,Secom
f24a3531-506e-487a-84d2-614694703dfc,o fifa em,Fifa
513987ee-1026-4bd4-93aa-9d89d6d5bad4,palestra chique,Palestra
99899b5a-eb3d-4d67-a64f-a143f824a709,mandei uma pergunta,Pergunta
99899b5a-eb3d-4d67-a64f-a143f824a709,ela não subiu pq o wi-fi cortou na hora exata,Tempo
99899b5a-eb3d-4d67-a64f-a143f824a709,ela não subiu pq o wi-fi cortou na hora exata,Wi-fi
99899b5a-eb3d-4d67-a64f-a143f824a709,"perdi a pergunta,",Pergunta
99899b5a-eb3d-4d67-a64f-a143f824a709,😤bugzinho aí pros devs do app quebrarem a cabeça 👾,Pro
99899b5a-eb3d-4d67-a64f-a143f824a709,😤bugzinho aí pros devs do app quebrarem a cabeça 👾,App
99899b5a-eb3d-4d67-a64f-a143f824a709,😤bugzinho aí pros devs do app quebrarem a cabeça 👾,Gooogle
99899b5a-eb3d-4d67-a64f-a143f824a709,😤bugzinho aí pros devs do app quebrarem a cabeça 👾,Secom
7568d4e3-7c42-4c07-9246-161f8f144017,"me impressionei muito com essa palestra, muito boa",Palestra
99899b5a-eb3d-4d67-a64f-a143f824a709,"pergunta: quando vocês estão alterando o código-fonte, não tem tipo um pré-servidor para fazerem upload",Codigo
99899b5a-eb3d-4d67-a64f-a143f824a709,"pergunta: quando vocês estão alterando o código-fonte, não tem tipo um pré-servidor para fazerem upload",Secom
99899b5a-eb3d-4d67-a64f-a143f824a709,"pergunta: quando vocês estão alterando o código-fonte, não tem tipo um pré-servidor para fazerem upload",Upload
99899b5a-eb3d-4d67-a64f-a143f824a709,"pergunta: quando vocês estão alterando o código-fonte, não tem tipo um pré-servidor para fazerem upload",Premiacoes
99899b5a-eb3d-4d67-a64f-a143f824a709,testar o site,Internet
99899b5a-eb3d-4d67-a64f-a143f824a709,"do jeito que falaram, pareceu que ia direto pro servidor após os testes locais",Pro
99899b5a-eb3d-4d67-a64f-a143f824a709,"do jeito que falaram, pareceu que ia direto pro servidor após os testes locais",Secom
99899b5a-eb3d-4d67-a64f-a143f824a709,"do jeito que falaram, pareceu que ia direto pro servidor após os testes locais",Testes
513987ee-1026-4bd4-93aa-9d89d6d5bad4,criatividade é um fator necessário para ser um desenvolvedor front end ou qualquer pessoa consegue se virar com o tempo,Estetica
513987ee-1026-4bd4-93aa-9d89d6d5bad4,criatividade é um fator necessário para ser um desenvolvedor front end ou qualquer pessoa consegue se virar com o tempo,Secom
513987ee-1026-4bd4-93aa-9d89d6d5bad4,criatividade é um fator necessário para ser um desenvolvedor front end ou qualquer pessoa consegue se virar com o tempo,Desenvolvedor
513987ee-1026-4bd4-93aa-9d89d6d5bad4,criatividade é um fator necessário para ser um desenvolvedor front end ou qualquer pessoa consegue se virar com o tempo,Tempo
513987ee-1026-4bd4-93aa-9d89d6d5bad4,criatividade é um fator necessário para ser um desenvolvedor front end ou qualquer pessoa consegue se virar com o tempo,Pro
a66b96d8-e20d-4946-b233-a3a04992b2ab,palestra excelente,Palestra
b99c9940-1ccf-4ec6-963a-9a233fddde70,"ver a implementação dessas ferramentas na prática é muito interessante, saindo da teoria",Processo
b99c9940-1ccf-4ec6-963a-9a233fddde70,"ver a implementação dessas ferramentas na prática é muito interessante, saindo da teoria",Ferramentas
b99c9940-1ccf-4ec6-963a-9a233fddde70,"ver a implementação dessas ferramentas na prática é muito interessante, saindo da teoria",Teoria
b99c9940-1ccf-4ec6-963a-9a233fddde70,mostrando como realmente são utilizadas no mercado,Mercado
d51c3bbb-185b-4a34-848a-607621bd7cc2,vocês fazem algum tipo de processo seletivo para estagio,Secom
d51c3bbb-185b-4a34-848a-607621bd7cc2,vocês fazem algum tipo de processo seletivo para estagio,Processo
b99c9940-1ccf-4ec6-963a-9a233fddde70,incrível essa palestra,Palestra
8b532002-32a9-47b8-a068-f68ebed037cd,a palestra da letras foi muito mais interessante do que premeditei,Secom
8b532002-32a9-47b8-a068-f68ebed037cd,a palestra da letras foi muito mais interessante do que premeditei,Palestra
8b532002-32a9-47b8-a068-f68ebed037cd,muitos bons conselhos btw,Dicas
c0f15389-3383-4e94-b413-2fd78bcd0b68,muito boa essa dupla,Dupla
883f6e71-d69f-4eb4-8791-f3f68ee15315,qual o salário médio de um desenvolvedor front end hoje em dia,Salario
883f6e71-d69f-4eb4-8791-f3f68ee15315,qual o salário médio de um desenvolvedor front end hoje em dia,Desenvolvedor
02af807d-7123-444e-b61e-89eaf92be60f,a palestra do letras foi incrível,Secom
02af807d-7123-444e-b61e-89eaf92be60f,a palestra do letras foi incrível,Palestra
02af807d-7123-444e-b61e-89eaf92be60f,no letras o front do back é bem separado,Secom
02af807d-7123-444e-b61e-89eaf92be60f,no letras o front do back é bem separado,Back-end
02af807d-7123-444e-b61e-89eaf92be60f,no letras o front do back é bem separado,Front
02af807d-7123-444e-b61e-89eaf92be60f,"definido, um programador full stack se daria bem",Programacao
02af807d-7123-444e-b61e-89eaf92be60f,"definido, um programador full stack se daria bem",Stack
8aed64cf-df9c-4421-bff3-6c07fee239b1,ótima palestra,Palestra
b99c9940-1ccf-4ec6-963a-9a233fddde70,muito legal essa dinâmica de sorteio,Dinamica
b99c9940-1ccf-4ec6-963a-9a233fddde70,muito legal essa dinâmica de sorteio,Secom
b99c9940-1ccf-4ec6-963a-9a233fddde70,sou a favor de um em cada apresentação hoje,Apresentacao
b99c9940-1ccf-4ec6-963a-9a233fddde70,sou a favor de um em cada apresentação hoje,Labs
3f05e03e-45ce-4e65-b2f3-cf3a76e21fa1,palestra da letras magnífica,Secom
3f05e03e-45ce-4e65-b2f3-cf3a76e21fa1,palestra da letras magnífica,Palestra
3f05e03e-45ce-4e65-b2f3-cf3a76e21fa1,ansioso pela palestra da levty,Secom
3f05e03e-45ce-4e65-b2f3-cf3a76e21fa1,ansioso pela palestra da levty,Palestra
3f05e03e-45ce-4e65-b2f3-cf3a76e21fa1,sydle,Sydle
3f05e03e-45ce-4e65-b2f3-cf3a76e21fa1,"coffebreak foi um pouco cedo,",Coffebreak
b843c3db-fc8f-45a6-8322-19b87391fa20,quero trabalhar na studiosol,Studiosol
b843c3db-fc8f-45a6-8322-19b87391fa20,bora para mais uma palestra incrível da levy,Secom
b843c3db-fc8f-45a6-8322-19b87391fa20,bora para mais uma palestra incrível da levy,Palestra
b843c3db-fc8f-45a6-8322-19b87391fa20,front fosse tamanho legal,Tamanho
b843c3db-fc8f-45a6-8322-19b87391fa20,front fosse tamanho legal,Front
50ab66a7-9677-44ec-b7d4-be69f3d11d87,muito bons os adesivos,Apito
50ab66a7-9677-44ec-b7d4-be69f3d11d87,palestra da levty agrr,Secom
50ab66a7-9677-44ec-b7d4-be69f3d11d87,palestra da levty agrr,Palestra
b843c3db-fc8f-45a6-8322-19b87391fa20,palestras muito interessantes,Palestra
8c83da8e-1478-4a91-ae10-7347cd55d06f,palestra de lei,Secom
8c83da8e-1478-4a91-ae10-7347cd55d06f,palestra de lei,Palestra
8c83da8e-1478-4a91-ae10-7347cd55d06f,tema muito interessante,Secom
b843c3db-fc8f-45a6-8322-19b87391fa20,"eu amei as figurinhas da github, peguei o máximo que pude",Animacao
b843c3db-fc8f-45a6-8322-19b87391fa20,"eu amei as figurinhas da github, peguei o máximo que pude",Secom
b843c3db-fc8f-45a6-8322-19b87391fa20,"eu amei as figurinhas da github, peguei o máximo que pude",Github
8c83da8e-1478-4a91-ae10-7347cd55d06f,interessado nessa levity,Levity
b843c3db-fc8f-45a6-8322-19b87391fa20,"que evento incrível, secom melhor do que nunca, por mais anos assim",Anos
a66b96d8-e20d-4946-b233-a3a04992b2ab,como foi sua trajetória de trainee para agile master,Agile
a66b96d8-e20d-4946-b233-a3a04992b2ab,como foi sua trajetória de trainee para agile master,Distancia
a66b96d8-e20d-4946-b233-a3a04992b2ab,como foi sua trajetória de trainee para agile master,Treinamento
883f6e71-d69f-4eb4-8791-f3f68ee15315,qual a principal função que um funcionário da levty desempenha,Funcao
883f6e71-d69f-4eb4-8791-f3f68ee15315,qual a principal função que um funcionário da levty desempenha,Funcionario
883f6e71-d69f-4eb4-8791-f3f68ee15315,qual a principal função que um funcionário da levty desempenha,Secom
883f6e71-d69f-4eb4-8791-f3f68ee15315,quero trabalhar na levty,Secom
34c8353a-bcb4-4553-8c2d-fac1c5311ccd,esse horário de almoço de 13h às 13:30h ficou mal posicionado,13h
34c8353a-bcb4-4553-8c2d-fac1c5311ccd,esse horário de almoço de 13h às 13:30h ficou mal posicionado,Apito
34c8353a-bcb4-4553-8c2d-fac1c5311ccd,esse horário de almoço de 13h às 13:30h ficou mal posicionado,13:30h
34c8353a-bcb4-4553-8c2d-fac1c5311ccd,esse horário de almoço de 13h às 13:30h ficou mal posicionado,Horario
34c8353a-bcb4-4553-8c2d-fac1c5311ccd,com o horário de funcionamento do ru,Processo
34c8353a-bcb4-4553-8c2d-fac1c5311ccd,com o horário de funcionamento do ru,Horario
226440c8-ce0c-42b8-a37b-8435e915955d,"o quão interessante experiências como o projeto integrados, a sydle/levty consideram",Experiencia
226440c8-ce0c-42b8-a37b-8435e915955d,"o quão interessante experiências como o projeto integrados, a sydle/levty consideram",Secom
226440c8-ce0c-42b8-a37b-8435e915955d,"o quão interessante experiências como o projeto integrados, a sydle/levty consideram",Projetos
226440c8-ce0c-42b8-a37b-8435e915955d,"o quão interessante experiências como o projeto integrados, a sydle/levty consideram",Sydle
226440c8-ce0c-42b8-a37b-8435e915955d,é algo q valeria a pena colocar no currículo para a empresa deles,Empresa
226440c8-ce0c-42b8-a37b-8435e915955d,é algo q valeria a pena colocar no currículo para a empresa deles,Pena
226440c8-ce0c-42b8-a37b-8435e915955d,é algo q valeria a pena colocar no currículo para a empresa deles,Curso
226440c8-ce0c-42b8-a37b-8435e915955d,gláucia teria orgulho dessa palestra,Orgulho
226440c8-ce0c-42b8-a37b-8435e915955d,gláucia teria orgulho dessa palestra,Glaucia
226440c8-ce0c-42b8-a37b-8435e915955d,gláucia teria orgulho dessa palestra,Palestra
a66b96d8-e20d-4946-b233-a3a04992b2ab,quando que a alteração do escopo durante o processo pode se tornar um problema,Secom
a66b96d8-e20d-4946-b233-a3a04992b2ab,quando que a alteração do escopo durante o processo pode se tornar um problema,Processo
a66b96d8-e20d-4946-b233-a3a04992b2ab,quando que a alteração do escopo durante o processo pode se tornar um problema,Problema
c83d77db-e69b-4b9a-af36-1e80aed4ea42,quais as diferenças de funções entre o scrum master,Funcao
c83d77db-e69b-4b9a-af36-1e80aed4ea42,quais as diferenças de funções entre o scrum master,Secom
c83d77db-e69b-4b9a-af36-1e80aed4ea42,quais as diferenças de funções entre o scrum master,Scrum
86cc2ad1-6ef4-4b63-8d8f-c512cc96589d,deve ser muito bom trabalhar na levty,Secom
a66b96d8-e20d-4946-b233-a3a04992b2ab,o canal no teams com o cliente não gera cobrança excessiva,Usuario
a66b96d8-e20d-4946-b233-a3a04992b2ab,o canal no teams com o cliente não gera cobrança excessiva,Canal
a66b96d8-e20d-4946-b233-a3a04992b2ab,o canal no teams com o cliente não gera cobrança excessiva,Equipe
a66b96d8-e20d-4946-b233-a3a04992b2ab,o canal no teams com o cliente não gera cobrança excessiva,Cobranca
c83d77db-e69b-4b9a-af36-1e80aed4ea42,vocês usam o scrumban,Scrum
34c8353a-bcb4-4553-8c2d-fac1c5311ccd,já de olho no trainee 2025 da levty 🚀👩🏽‍💻,Secom
34c8353a-bcb4-4553-8c2d-fac1c5311ccd,já de olho no trainee 2025 da levty 🚀👩🏽‍💻,Olho
13c63d6c-e94d-4b8b-829b-3a6f523ac131,na levty vocês usaram/usam algum modelo de metodologia ágil para criar o de vocês,Processo
13c63d6c-e94d-4b8b-829b-3a6f523ac131,na levty vocês usaram/usam algum modelo de metodologia ágil para criar o de vocês,Musica
13c63d6c-e94d-4b8b-829b-3a6f523ac131,na levty vocês usaram/usam algum modelo de metodologia ágil para criar o de vocês,Secom
13c63d6c-e94d-4b8b-829b-3a6f523ac131,na levty vocês usaram/usam algum modelo de metodologia ágil para criar o de vocês,Apito
13c63d6c-e94d-4b8b-829b-3a6f523ac131,na levty vocês usaram/usam algum modelo de metodologia ágil para criar o de vocês,Modelagem
c0f15389-3383-4e94-b413-2fd78bcd0b68,muito interessante o conteúdo apresentado,Secom
a66b96d8-e20d-4946-b233-a3a04992b2ab,você acha que tem um tamanho ideal pra equipe,Equipe
a66b96d8-e20d-4946-b233-a3a04992b2ab,você acha que tem um tamanho ideal pra equipe,Tamanho
02af807d-7123-444e-b61e-89eaf92be60f,ótima palestra,Palestra
4ce79311-38e9-401a-bb36-d1b6ad9ff2d3,processo de trainee parece interessante,Processo
b6692dfb-d9b8-409b-ac8e-4ffe98e5a57b,poderiam dar dicas sobre como se portar num bate papo do processo seletivo,Dicas
b6692dfb-d9b8-409b-ac8e-4ffe98e5a57b,poderiam dar dicas sobre como se portar num bate papo do processo seletivo,Secom
b6692dfb-d9b8-409b-ac8e-4ffe98e5a57b,poderiam dar dicas sobre como se portar num bate papo do processo seletivo,Processo
50ab66a7-9677-44ec-b7d4-be69f3d11d87,muito boa a palestra,Palestra
b6692dfb-d9b8-409b-ac8e-4ffe98e5a57b,"sobre preparação para o ambiente profissional, quais itens vocês consideram fundamentais para um perfil de colaborador",Itens
b6692dfb-d9b8-409b-ac8e-4ffe98e5a57b,"sobre preparação para o ambiente profissional, quais itens vocês consideram fundamentais para um perfil de colaborador",Secom
b6692dfb-d9b8-409b-ac8e-4ffe98e5a57b,"sobre preparação para o ambiente profissional, quais itens vocês consideram fundamentais para um perfil de colaborador",Alfa
b6692dfb-d9b8-409b-ac8e-4ffe98e5a57b,"sobre preparação para o ambiente profissional, quais itens vocês consideram fundamentais para um perfil de colaborador",Ambiente
b6692dfb-d9b8-409b-ac8e-4ffe98e5a57b,"sobre preparação para o ambiente profissional, quais itens vocês consideram fundamentais para um perfil de colaborador",Trabalho
7833a43c-88df-41ce-9608-368ecac536a1,qual é a porcentagem de candidatos que conseguem a entrada para trainee,Candidato
7833a43c-88df-41ce-9608-368ecac536a1,qual é a porcentagem de candidatos que conseguem a entrada para trainee,Apresentacao
7833a43c-88df-41ce-9608-368ecac536a1,qual é a porcentagem de candidatos que conseguem a entrada para trainee,Porcentagem
b99c9940-1ccf-4ec6-963a-9a233fddde70,muito boa palestra,Palestra
c3149f3b-36f2-4fbd-a033-c41f8e9fe534,palestra enriquecedora,Valorant
b6692dfb-d9b8-409b-ac8e-4ffe98e5a57b,qual a importância de um portfólio ou experiência profissional no processo seletivo da levty,Experiencia
b6692dfb-d9b8-409b-ac8e-4ffe98e5a57b,qual a importância de um portfólio ou experiência profissional no processo seletivo da levty,Secom
b6692dfb-d9b8-409b-ac8e-4ffe98e5a57b,qual a importância de um portfólio ou experiência profissional no processo seletivo da levty,Processo
b6692dfb-d9b8-409b-ac8e-4ffe98e5a57b,qual a importância de um portfólio ou experiência profissional no processo seletivo da levty,Portfolio
b99c9940-1ccf-4ec6-963a-9a233fddde70,"o sorteio, nada ainda",Secom
50ab66a7-9677-44ec-b7d4-be69f3d11d87,quero entrar para a levty,Secom
d0881343-b903-4573-aee3-c821f2e201de,ótima palestra,Palestra
d0881343-b903-4573-aee3-c821f2e201de,gostei das palestras studiosol,Palestra
d0881343-b903-4573-aee3-c821f2e201de,gostei das palestras studiosol,Studiosol
d0881343-b903-4573-aee3-c821f2e201de,adesivos do git muito legais,Apito
d0881343-b903-4573-aee3-c821f2e201de,adesivos do git muito legais,Git
d0881343-b903-4573-aee3-c821f2e201de,podia ter duas secom no ano,Secom
b6692dfb-d9b8-409b-ac8e-4ffe98e5a57b,quais dicas você poderia dar para que possamos nos preparar para o mercado de trabalho,Dicas
b6692dfb-d9b8-409b-ac8e-4ffe98e5a57b,quais dicas você poderia dar para que possamos nos preparar para o mercado de trabalho,Mercado
b6692dfb-d9b8-409b-ac8e-4ffe98e5a57b,quais dicas você poderia dar para que possamos nos preparar para o mercado de trabalho,Trabalho
b6692dfb-d9b8-409b-ac8e-4ffe98e5a57b,"em relação ao processo seletivo da sydle, qual seria um item que considera indispensável para um possível candidato",Processo
b6692dfb-d9b8-409b-ac8e-4ffe98e5a57b,"em relação ao processo seletivo da sydle, qual seria um item que considera indispensável para um possível candidato",Candidato
b6692dfb-d9b8-409b-ac8e-4ffe98e5a57b,"em relação ao processo seletivo da sydle, qual seria um item que considera indispensável para um possível candidato",Secom
b6692dfb-d9b8-409b-ac8e-4ffe98e5a57b,"em relação ao processo seletivo da sydle, qual seria um item que considera indispensável para um possível candidato",Sydle
b6692dfb-d9b8-409b-ac8e-4ffe98e5a57b,"em relação ao processo seletivo da sydle, qual seria um item que considera indispensável para um possível candidato",Produtos
b6692dfb-d9b8-409b-ac8e-4ffe98e5a57b,"poderia dar algumas informações sobre os produtos da sydle, como o sydle one",Informacoes
b6692dfb-d9b8-409b-ac8e-4ffe98e5a57b,"poderia dar algumas informações sobre os produtos da sydle, como o sydle one",Produtos
b6692dfb-d9b8-409b-ac8e-4ffe98e5a57b,"poderia dar algumas informações sobre os produtos da sydle, como o sydle one",Sydle
d0881343-b903-4573-aee3-c821f2e201de,a secom esse ano está muito boa,Secom
d0881343-b903-4573-aee3-c821f2e201de,ótimas palestras,Palestra
d0881343-b903-4573-aee3-c821f2e201de,as palestras dos patrocinadores estão muito interessante,Palestra
d0881343-b903-4573-aee3-c821f2e201de,as palestras dos patrocinadores estão muito interessante,Patrocinadores
d0881343-b903-4573-aee3-c821f2e201de,ansioso para a maratonas desse ano,Maratona
a5551753-5cda-4641-bc94-7d92707ef19c,a palestra da levty poderia ter sido mais interativa,Secom
a5551753-5cda-4641-bc94-7d92707ef19c,a palestra da levty poderia ter sido mais interativa,Palestra
a5551753-5cda-4641-bc94-7d92707ef19c,faltou dinamismo em comparação com os palestrantes anteriores,Dinamica
a5551753-5cda-4641-bc94-7d92707ef19c,faltou dinamismo em comparação com os palestrantes anteriores,Secom
a5551753-5cda-4641-bc94-7d92707ef19c,faltou dinamismo em comparação com os palestrantes anteriores,Palestra
a5551753-5cda-4641-bc94-7d92707ef19c,o que esperam de um dev pleno na sydle,Daa
a5551753-5cda-4641-bc94-7d92707ef19c,o que esperam de um dev pleno na sydle,Sydle
3f05e03e-45ce-4e65-b2f3-cf3a76e21fa1,o que mais esperam de um candidato trainee na sydle,Candidato
3f05e03e-45ce-4e65-b2f3-cf3a76e21fa1,o que mais esperam de um candidato trainee na sydle,Sydle
d0881343-b903-4573-aee3-c821f2e201de,o que a sydle busca em um profissional para se contratar,Trabalho
d0881343-b903-4573-aee3-c821f2e201de,o que a sydle busca em um profissional para se contratar,Sydle
b99c9940-1ccf-4ec6-963a-9a233fddde70,"por mais que tenha sido online, essa palestra foi muito bacana",Palestra
513987ee-1026-4bd4-93aa-9d89d6d5bad4,eh possível participar das 2 seletivas ao mesmo tempo,Tempo
513987ee-1026-4bd4-93aa-9d89d6d5bad4,eh possível participar das 2 seletivas ao mesmo tempo,Secom
513987ee-1026-4bd4-93aa-9d89d6d5bad4,sydle,Sydle
513987ee-1026-4bd4-93aa-9d89d6d5bad4,a identidade visual da sydle eh muito foda,Identidade
513987ee-1026-4bd4-93aa-9d89d6d5bad4,a identidade visual da sydle eh muito foda,Lol
513987ee-1026-4bd4-93aa-9d89d6d5bad4,a identidade visual da sydle eh muito foda,Sydle
513987ee-1026-4bd4-93aa-9d89d6d5bad4,ter um bom linkedin influência muito nas seletivas,Linkedin
513987ee-1026-4bd4-93aa-9d89d6d5bad4,ter um bom linkedin influência muito nas seletivas,Secom
513987ee-1026-4bd4-93aa-9d89d6d5bad4,ter um bom linkedin influência muito nas seletivas,Impacto
c0f15389-3383-4e94-b413-2fd78bcd0b68,"organização mau hoje, tempo excedeu demais",Tempo
c0f15389-3383-4e94-b413-2fd78bcd0b68,"organização mau hoje, tempo excedeu demais",Organizacao
45025e25-714c-447c-ad00-3f2880882d2b,primeiramente o horário ficou muito apertado,Horario
45025e25-714c-447c-ad00-3f2880882d2b,ficamos sem brinde sendo que teve uma rapaziada que nem viu nada da palestra,Secom
45025e25-714c-447c-ad00-3f2880882d2b,ficamos sem brinde sendo que teve uma rapaziada que nem viu nada da palestra,Palestra
45025e25-714c-447c-ad00-3f2880882d2b,ficamos sem brinde sendo que teve uma rapaziada que nem viu nada da palestra,Copilot
7833a43c-88df-41ce-9608-368ecac536a1,na próxima secom eu acho que seria melhor fazer a game jam,Jogos
7833a43c-88df-41ce-9608-368ecac536a1,a maratona paralelos aos minicursos,Minicurso
7833a43c-88df-41ce-9608-368ecac536a1,a maratona paralelos aos minicursos,Maratona
ad08e116-810d-4533-a7c6-9782fcb55f6d,quais são as carreiras na área de dados,Dados
ad08e116-810d-4533-a7c6-9782fcb55f6d,quais são as carreiras na área de dados,Torneio
ad08e116-810d-4533-a7c6-9782fcb55f6d,quais são as carreiras na área de dados,Area
ad08e116-810d-4533-a7c6-9782fcb55f6d,quais a diferença entre elas,Secom
ad08e116-810d-4533-a7c6-9782fcb55f6d,quais conhecimentos que vc considera como  diferencial para trabalhar na area de ciencia de dados,Dados
ad08e116-810d-4533-a7c6-9782fcb55f6d,quais conhecimentos que vc considera como  diferencial para trabalhar na area de ciencia de dados,Conhecimento
ad08e116-810d-4533-a7c6-9782fcb55f6d,quais conhecimentos que vc considera como  diferencial para trabalhar na area de ciencia de dados,Laboratorios
ad08e116-810d-4533-a7c6-9782fcb55f6d,quais conhecimentos que vc considera como  diferencial para trabalhar na area de ciencia de dados,Area
023d3c99-a60f-4734-88e2-de4c9944c95a,muito legal essa palestra da dti,Secom
023d3c99-a60f-4734-88e2-de4c9944c95a,muito legal essa palestra da dti,Palestra
99899b5a-eb3d-4d67-a64f-a143f824a709,pergunta: que tipo de dados você extraía quando passou pela formação de engenharia elétrica,Secom
99899b5a-eb3d-4d67-a64f-a143f824a709,pergunta: que tipo de dados você extraía quando passou pela formação de engenharia elétrica,Engenharia
99899b5a-eb3d-4d67-a64f-a143f824a709,pergunta: que tipo de dados você extraía quando passou pela formação de engenharia elétrica,Dados
883f6e71-d69f-4eb4-8791-f3f68ee15315,salve matheus,Calculo
8b532002-32a9-47b8-a068-f68ebed037cd,muito boa a palestra da dti,Secom
8b532002-32a9-47b8-a068-f68ebed037cd,muito boa a palestra da dti,Palestra
66333d64-e1a9-407d-b5ec-e97640fc0bfc,eu vejo que no treinamento de modelos existem vários técnicas,Processo
66333d64-e1a9-407d-b5ec-e97640fc0bfc,eu vejo que no treinamento de modelos existem vários técnicas,Modelagem
66333d64-e1a9-407d-b5ec-e97640fc0bfc,eu vejo que no treinamento de modelos existem vários técnicas,Treinamento
66333d64-e1a9-407d-b5ec-e97640fc0bfc,"metodologias pra ser realizada, como você disse, cada caso é diferente, como é feita essa seleção",Caso
66333d64-e1a9-407d-b5ec-e97640fc0bfc,"metodologias pra ser realizada, como você disse, cada caso é diferente, como é feita essa seleção",Secom
66333d64-e1a9-407d-b5ec-e97640fc0bfc,"metodologias pra ser realizada, como você disse, cada caso é diferente, como é feita essa seleção",Processo
8b532002-32a9-47b8-a068-f68ebed037cd,o quanto de conhecimento da área é necessário pra alguém que tem a função de trabalhar com modelagem de dados,Conhecimento
8b532002-32a9-47b8-a068-f68ebed037cd,o quanto de conhecimento da área é necessário pra alguém que tem a função de trabalhar com modelagem de dados,Funcao
8b532002-32a9-47b8-a068-f68ebed037cd,o quanto de conhecimento da área é necessário pra alguém que tem a função de trabalhar com modelagem de dados,Area
8b532002-32a9-47b8-a068-f68ebed037cd,o quanto de conhecimento da área é necessário pra alguém que tem a função de trabalhar com modelagem de dados,Dados
8b532002-32a9-47b8-a068-f68ebed037cd,o quanto de conhecimento da área é necessário pra alguém que tem a função de trabalhar com modelagem de dados,Modelagem
8b532002-32a9-47b8-a068-f68ebed037cd,"por exemplo, o cientista de dados precisa saber engenharia pra extrair dados dessa área",Exemplos
8b532002-32a9-47b8-a068-f68ebed037cd,"por exemplo, o cientista de dados precisa saber engenharia pra extrair dados dessa área",Engenharia
8b532002-32a9-47b8-a068-f68ebed037cd,"por exemplo, o cientista de dados precisa saber engenharia pra extrair dados dessa área",Laboratorios
8b532002-32a9-47b8-a068-f68ebed037cd,"por exemplo, o cientista de dados precisa saber engenharia pra extrair dados dessa área",Area
8b532002-32a9-47b8-a068-f68ebed037cd,"por exemplo, o cientista de dados precisa saber engenharia pra extrair dados dessa área",Dados
34c8353a-bcb4-4553-8c2d-fac1c5311ccd,tem alguma previsão de quais áreas vão ser as próximas tendência daqui alguns anos,Anos
34c8353a-bcb4-4553-8c2d-fac1c5311ccd,tem alguma previsão de quais áreas vão ser as próximas tendência daqui alguns anos,Secom
34c8353a-bcb4-4553-8c2d-fac1c5311ccd,tem alguma previsão de quais áreas vão ser as próximas tendência daqui alguns anos,Area
8c83da8e-1478-4a91-ae10-7347cd55d06f,"cara, ramo interessante",Secom
8aed64cf-df9c-4421-bff3-6c07fee239b1,ótima apresentação,Apresentacao
78a0dc2a-07a3-41bb-a1a4-3731b2e51917,"boa palestra sobre dados, mostrou aplicações da area",App
78a0dc2a-07a3-41bb-a1a4-3731b2e51917,"boa palestra sobre dados, mostrou aplicações da area",Dados
78a0dc2a-07a3-41bb-a1a4-3731b2e51917,"boa palestra sobre dados, mostrou aplicações da area",Palestra
8c83da8e-1478-4a91-ae10-7347cd55d06f,power bi é requisito sempre,Energia
8c83da8e-1478-4a91-ae10-7347cd55d06f,quais conhecimentos acha um deferencial pra entrar nesse ramo,Secom
8c83da8e-1478-4a91-ae10-7347cd55d06f,quais conhecimentos acha um deferencial pra entrar nesse ramo,Conhecimento
883f6e71-d69f-4eb4-8791-f3f68ee15315,o que é esse dispositivo na blusa do palestrante,Secom
883f6e71-d69f-4eb4-8791-f3f68ee15315,o que é esse dispositivo na blusa do palestrante,Maquina
883f6e71-d69f-4eb4-8791-f3f68ee15315,o que é esse dispositivo na blusa do palestrante,Palestra
ad08e116-810d-4533-a7c6-9782fcb55f6d,brasil tem tudo para decolar,Brasil
78a0dc2a-07a3-41bb-a1a4-3731b2e51917,estou adorando a palestra,Palestra
78a0dc2a-07a3-41bb-a1a4-3731b2e51917,muito legal a visão que o palestrante deu sobre o mercado,Secom
78a0dc2a-07a3-41bb-a1a4-3731b2e51917,muito legal a visão que o palestrante deu sobre o mercado,Palestra
78a0dc2a-07a3-41bb-a1a4-3731b2e51917,muito legal a visão que o palestrante deu sobre o mercado,Mercado
023d3c99-a60f-4734-88e2-de4c9944c95a,palestra inspiradora,Palestra
64a69630-bdc5-4e29-9090-492d31a34e0d,qual a taxa de permanência dos funcionários contratados,Git
64a69630-bdc5-4e29-9090-492d31a34e0d,qual a taxa de permanência dos funcionários contratados,Funcionario
64a69630-bdc5-4e29-9090-492d31a34e0d,qual a taxa de permanência dos funcionários contratados,Faturamento
c83d77db-e69b-4b9a-af36-1e80aed4ea42,muito boa a palestra do natanael,Palestra
8c83da8e-1478-4a91-ae10-7347cd55d06f,gostei da animação do palestrante,Animacao
8c83da8e-1478-4a91-ae10-7347cd55d06f,gostei da animação do palestrante,Palestra
219bdf7f-fa3a-4d8f-9e33-b83980cc7afb,sabe mto nmrl,Mto
e06ffaec-3d0b-45f5-85c5-94027d692f0f,o cara é bom mesmo,Secom
ad08e116-810d-4533-a7c6-9782fcb55f6d,como identificar um problema a ser resolvido,Problema
d51c3bbb-185b-4a34-848a-607621bd7cc2,cara é muito bom,Secom
b99c9940-1ccf-4ec6-963a-9a233fddde70,"palestra incrível, muito bacana a forma de apresentação",Apresentacao
b99c9940-1ccf-4ec6-963a-9a233fddde70,"palestra incrível, muito bacana a forma de apresentação",Palestra
b99c9940-1ccf-4ec6-963a-9a233fddde70,"palestra incrível, muito bacana a forma de apresentação",Forma
b99c9940-1ccf-4ec6-963a-9a233fddde70,interação com nós alunos,Interacao
b99c9940-1ccf-4ec6-963a-9a233fddde70,interação com nós alunos,Curso
b6692dfb-d9b8-409b-ac8e-4ffe98e5a57b,"esse comentário é mais uma observação, no início da palestra foi falado sobre diversidade",Apresentacao
b6692dfb-d9b8-409b-ac8e-4ffe98e5a57b,"esse comentário é mais uma observação, no início da palestra foi falado sobre diversidade",Observacao
b6692dfb-d9b8-409b-ac8e-4ffe98e5a57b,"esse comentário é mais uma observação, no início da palestra foi falado sobre diversidade",Palestra
b6692dfb-d9b8-409b-ac8e-4ffe98e5a57b,"esse comentário é mais uma observação, no início da palestra foi falado sobre diversidade",Diversidade
b6692dfb-d9b8-409b-ac8e-4ffe98e5a57b,"a diversidade é exatamente pessoas de raças, culturas, gêneros diferentes",Genero
b6692dfb-d9b8-409b-ac8e-4ffe98e5a57b,"a diversidade é exatamente pessoas de raças, culturas, gêneros diferentes",Secom
b6692dfb-d9b8-409b-ac8e-4ffe98e5a57b,"a diversidade é exatamente pessoas de raças, culturas, gêneros diferentes",Diversidade
b6692dfb-d9b8-409b-ac8e-4ffe98e5a57b,"a diversidade é exatamente pessoas de raças, culturas, gêneros diferentes",Culturas
b6692dfb-d9b8-409b-ac8e-4ffe98e5a57b,isso não é um problema,Problema
ad08e116-810d-4533-a7c6-9782fcb55f6d,como você extrai o melhor das pessoas ao seu redor,Melhor
ad08e116-810d-4533-a7c6-9782fcb55f6d,como você extrai o melhor das pessoas ao seu redor,Secom
b6692dfb-d9b8-409b-ac8e-4ffe98e5a57b,qual sua dica para a primeira experiência no mercado,Experiencia
b6692dfb-d9b8-409b-ac8e-4ffe98e5a57b,qual sua dica para a primeira experiência no mercado,Secom
b6692dfb-d9b8-409b-ac8e-4ffe98e5a57b,qual sua dica para a primeira experiência no mercado,Mercado
e06ffaec-3d0b-45f5-85c5-94027d692f0f,esse cara me deu motivação,Secom
e06ffaec-3d0b-45f5-85c5-94027d692f0f,esse cara me deu motivação,Motivacao
8aed64cf-df9c-4421-bff3-6c07fee239b1,boa apresentação,Apresentacao
61b2f3d3-4265-4ca1-bf48-f6fb75a5348f,os problemas éticos relacionados as ias se concentram aos modelos de inteligência artificiais generativas,Inteligencia
61b2f3d3-4265-4ca1-bf48-f6fb75a5348f,os problemas éticos relacionados as ias se concentram aos modelos de inteligência artificiais generativas,Secom
61b2f3d3-4265-4ca1-bf48-f6fb75a5348f,os problemas éticos relacionados as ias se concentram aos modelos de inteligência artificiais generativas,Problema
61b2f3d3-4265-4ca1-bf48-f6fb75a5348f,os problemas éticos relacionados as ias se concentram aos modelos de inteligência artificiais generativas,Modelagem
61b2f3d3-4265-4ca1-bf48-f6fb75a5348f,como me tornar um profissional melhor usando a inteligências artificiais sem que as ias tomem maior parte da minha responsabilidade,Inteligencia
61b2f3d3-4265-4ca1-bf48-f6fb75a5348f,como me tornar um profissional melhor usando a inteligências artificiais sem que as ias tomem maior parte da minha responsabilidade,Secom
61b2f3d3-4265-4ca1-bf48-f6fb75a5348f,como me tornar um profissional melhor usando a inteligências artificiais sem que as ias tomem maior parte da minha responsabilidade,Prioridade
61b2f3d3-4265-4ca1-bf48-f6fb75a5348f,como me tornar um profissional melhor usando a inteligências artificiais sem que as ias tomem maior parte da minha responsabilidade,Trabalho
a66b96d8-e20d-4946-b233-a3a04992b2ab,com cursos on-line é possível aprender o suficiente sobre lgpd para aplicar em uma empresa,Suficiente
a66b96d8-e20d-4946-b233-a3a04992b2ab,com cursos on-line é possível aprender o suficiente sobre lgpd para aplicar em uma empresa,Empresa
a66b96d8-e20d-4946-b233-a3a04992b2ab,com cursos on-line é possível aprender o suficiente sobre lgpd para aplicar em uma empresa,Ufv
a66b96d8-e20d-4946-b233-a3a04992b2ab,com cursos on-line é possível aprender o suficiente sobre lgpd para aplicar em uma empresa,Curso
78a0dc2a-07a3-41bb-a1a4-3731b2e51917,que precauções devo tomar ao aceitar os termos de uso,Secom
78a0dc2a-07a3-41bb-a1a4-3731b2e51917,que precauções devo tomar ao aceitar os termos de uso,Precaucoes
78a0dc2a-07a3-41bb-a1a4-3731b2e51917,que precauções devo tomar ao aceitar os termos de uso,Uso
a66b96d8-e20d-4946-b233-a3a04992b2ab,"palestra excelente, muito conhecimento compartilhado",Conhecimento
a66b96d8-e20d-4946-b233-a3a04992b2ab,"palestra excelente, muito conhecimento compartilhado",Palestra
e06ffaec-3d0b-45f5-85c5-94027d692f0f,muito importante a concientizar sobre isso,Processo
78a0dc2a-07a3-41bb-a1a4-3731b2e51917,muito boa palestra,Palestra
ad08e116-810d-4533-a7c6-9782fcb55f6d,"com base na lgpd, posso solicitar a uma empresa que me envia mensagens no whatsapp
 informações sobre onde ela obteve  o meu número",Comunicacao
ad08e116-810d-4533-a7c6-9782fcb55f6d,"com base na lgpd, posso solicitar a uma empresa que me envia mensagens no whatsapp
 informações sobre onde ela obteve  o meu número",Whatsapp
ad08e116-810d-4533-a7c6-9782fcb55f6d,"com base na lgpd, posso solicitar a uma empresa que me envia mensagens no whatsapp
 informações sobre onde ela obteve  o meu número",Base
ad08e116-810d-4533-a7c6-9782fcb55f6d,"com base na lgpd, posso solicitar a uma empresa que me envia mensagens no whatsapp
 informações sobre onde ela obteve  o meu número",Ufv
ad08e116-810d-4533-a7c6-9782fcb55f6d,"com base na lgpd, posso solicitar a uma empresa que me envia mensagens no whatsapp
 informações sobre onde ela obteve  o meu número",Informacoes
ad08e116-810d-4533-a7c6-9782fcb55f6d,"com base na lgpd, posso solicitar a uma empresa que me envia mensagens no whatsapp
 informações sobre onde ela obteve  o meu número",Empresa
ad08e116-810d-4533-a7c6-9782fcb55f6d,"com base na lgpd, posso solicitar a uma empresa que me envia mensagens no whatsapp
 informações sobre onde ela obteve  o meu número",Numero
b99c9940-1ccf-4ec6-963a-9a233fddde70,muito boa palestra,Palestra
47f0857b-7373-4457-b034-4eca2ed5efd9,muito boa a palestra,Palestra
47f0857b-7373-4457-b034-4eca2ed5efd9,já utilizei muito o letras,Secom
47f0857b-7373-4457-b034-4eca2ed5efd9,melhor site de letras que já vi,Internet
47f0857b-7373-4457-b034-4eca2ed5efd9,melhor site de letras que já vi,Secom
47f0857b-7373-4457-b034-4eca2ed5efd9,as palestras hoje estão ótimas,Palestra
47f0857b-7373-4457-b034-4eca2ed5efd9,gostaria muito da área de games,Jogos
47f0857b-7373-4457-b034-4eca2ed5efd9,gostaria muito da área de games,Area
47f0857b-7373-4457-b034-4eca2ed5efd9,a indústria de games está cada vez maior,Secom
47f0857b-7373-4457-b034-4eca2ed5efd9,a indústria de games está cada vez maior,Jogos
47f0857b-7373-4457-b034-4eca2ed5efd9,a indústria de games está cada vez maior,Empresa
7cf13434-76d6-4046-96fd-1cfd9d429282,mt bom essa cabeludo sabe oq fala,Cabeludo
8c83da8e-1478-4a91-ae10-7347cd55d06f,o verdadeiro goty de 2018 é os amigos que fizemos pelo caminho,Secom
8c83da8e-1478-4a91-ae10-7347cd55d06f,o verdadeiro goty de 2018 é os amigos que fizemos pelo caminho,Distancia
8c83da8e-1478-4a91-ae10-7347cd55d06f,o verdadeiro goty de 2018 é os amigos que fizemos pelo caminho,Goty
8b532002-32a9-47b8-a068-f68ebed037cd,as palestras dessa secom estão de parabéns mesmo,Palestra
78a0dc2a-07a3-41bb-a1a4-3731b2e51917,"esse método substitui os passos dos processos de desenvolvimento de software tradicionais (cascata, interativo, etc)",Processo
78a0dc2a-07a3-41bb-a1a4-3731b2e51917,"esse método substitui os passos dos processos de desenvolvimento de software tradicionais (cascata, interativo, etc)",App
78a0dc2a-07a3-41bb-a1a4-3731b2e51917,"esse método substitui os passos dos processos de desenvolvimento de software tradicionais (cascata, interativo, etc)",Escada
78a0dc2a-07a3-41bb-a1a4-3731b2e51917,"esse método substitui os passos dos processos de desenvolvimento de software tradicionais (cascata, interativo, etc)",Cascata
78a0dc2a-07a3-41bb-a1a4-3731b2e51917,"esse método substitui os passos dos processos de desenvolvimento de software tradicionais (cascata, interativo, etc)",Desenvolvimento
78a0dc2a-07a3-41bb-a1a4-3731b2e51917,eles são usados em conjunto,Secom
78a0dc2a-07a3-41bb-a1a4-3731b2e51917,muito boa a didática do palestrante,Palestra
78a0dc2a-07a3-41bb-a1a4-3731b2e51917,muito boa a didática do palestrante,Distribuicao
78a0dc2a-07a3-41bb-a1a4-3731b2e51917,exemplos muito claros,Exemplos
c83d77db-e69b-4b9a-af36-1e80aed4ea42,pq a sede da empresa fica em são josé dos campos,Taylor
c83d77db-e69b-4b9a-af36-1e80aed4ea42,pq a sede da empresa fica em são josé dos campos,Secom
c83d77db-e69b-4b9a-af36-1e80aed4ea42,pq a sede da empresa fica em são josé dos campos,Empresa
c83d77db-e69b-4b9a-af36-1e80aed4ea42,é uma questão de logística,Secom
c83d77db-e69b-4b9a-af36-1e80aed4ea42,é uma questão de logística,Logistica
8aed64cf-df9c-4421-bff3-6c07fee239b1,ótima apresentação de lgpd,Apresentacao
8aed64cf-df9c-4421-bff3-6c07fee239b1,gostei dos memes na apresentação da hubs,Apresentacao
8aed64cf-df9c-4421-bff3-6c07fee239b1,gostei dos memes na apresentação da hubs,Meme
8aed64cf-df9c-4421-bff3-6c07fee239b1,gostei dos memes na apresentação da hubs,Hubs
f0158b5a-82ff-410c-81f2-d51f7e345b45,as palestras dessa secom estão top viu,Palestra
78a0dc2a-07a3-41bb-a1a4-3731b2e51917,quais ferramentas de gerenciamento de processo vocês usam,Processo
78a0dc2a-07a3-41bb-a1a4-3731b2e51917,quais ferramentas de gerenciamento de processo vocês usam,Ferramentas
78a0dc2a-07a3-41bb-a1a4-3731b2e51917,quais ferramentas de gerenciamento de processo vocês usam,Controle
6694bc9c-4eab-4c6b-a7df-c40f8f42e39c,"eesa palestra tá muito interessante, vô melhorar o magic com base nisso ai",Magic
6694bc9c-4eab-4c6b-a7df-c40f8f42e39c,"eesa palestra tá muito interessante, vô melhorar o magic com base nisso ai",Secom
6694bc9c-4eab-4c6b-a7df-c40f8f42e39c,"eesa palestra tá muito interessante, vô melhorar o magic com base nisso ai",Base
6694bc9c-4eab-4c6b-a7df-c40f8f42e39c,game jam ta boa fi,Labs
6694bc9c-4eab-4c6b-a7df-c40f8f42e39c,game jam ta boa fi,Jogos
c83d77db-e69b-4b9a-af36-1e80aed4ea42,tópicos importantes levantados nesse resumo da hub$,Secom
c83d77db-e69b-4b9a-af36-1e80aed4ea42,tópicos importantes levantados nesse resumo da hub$,Hubs
34c8353a-bcb4-4553-8c2d-fac1c5311ccd,"para os krs, em quanto tem é redefinido os objetivos",Objetivos
34c8353a-bcb4-4553-8c2d-fac1c5311ccd,"para os krs, em quanto tem é redefinido os objetivos",Secom
02af807d-7123-444e-b61e-89eaf92be60f,maratona divertidaaaa,Maratona
3e72f254-acab-4aec-ad73-bf9dff9c21ad,muito bom a maratona,Maratona
3e72f254-acab-4aec-ad73-bf9dff9c21ad,ansiosa para o resultado da maratona amanhã,Resultado
3e72f254-acab-4aec-ad73-bf9dff9c21ad,ansiosa para o resultado da maratona amanhã,Maratona
daac9055-17a0-4775-bb21-9c0add9d45ec,a maratona desse ano foi muito legal,Maratona
daac9055-17a0-4775-bb21-9c0add9d45ec,a galera arrasou muito,Secom
daac9055-17a0-4775-bb21-9c0add9d45ec,quero ver o minascoders no pódio,Secom
daac9055-17a0-4775-bb21-9c0add9d45ec,quero ver o minascoders no pódio,Minascoders
3e72f254-acab-4aec-ad73-bf9dff9c21ad,quero ver o minascoders no pódio amanhã,Secom
3e72f254-acab-4aec-ad73-bf9dff9c21ad,quero ver o minascoders no pódio amanhã,Minascoders
3e72f254-acab-4aec-ad73-bf9dff9c21ad,brindes muito legais,Secom
50ab66a7-9677-44ec-b7d4-be69f3d11d87,muito boa a programação,Programacao
50ab66a7-9677-44ec-b7d4-be69f3d11d87,fifa no auditório agora,Auditorio
50ab66a7-9677-44ec-b7d4-be69f3d11d87,kd o just dance nos jogos do auditório,Solo
50ab66a7-9677-44ec-b7d4-be69f3d11d87,kd o just dance nos jogos do auditório,Auditorio
50ab66a7-9677-44ec-b7d4-be69f3d11d87,kd o just dance nos jogos do auditório,Jogos
c0f15389-3383-4e94-b413-2fd78bcd0b68,campeonato de fifa muito bom,Campeonato
c0f15389-3383-4e94-b413-2fd78bcd0b68,campeonato de fifa muito bom,Fifa
c0f15389-3383-4e94-b413-2fd78bcd0b68,jogo de quem não quer ganhar contra quem perder,Jogos
2841ae4b-ef6a-4661-94a3-9777a70ec034,"palestra de letras apresentado de forma excepcional, com muito conhecimento técnico",Secom
2841ae4b-ef6a-4661-94a3-9777a70ec034,"palestra de letras apresentado de forma excepcional, com muito conhecimento técnico",Palestra
2841ae4b-ef6a-4661-94a3-9777a70ec034,"palestra de letras apresentado de forma excepcional, com muito conhecimento técnico",Forma
2841ae4b-ef6a-4661-94a3-9777a70ec034,"palestra de letras apresentado de forma excepcional, com muito conhecimento técnico",Conhecimento
2841ae4b-ef6a-4661-94a3-9777a70ec034,prático vividos no mercado de trabalho,Mercado
2841ae4b-ef6a-4661-94a3-9777a70ec034,prático vividos no mercado de trabalho,Trabalho
2841ae4b-ef6a-4661-94a3-9777a70ec034,"metodologias ágeis pela levty foi muito boa, uma pena que o tempo impossibilitou de vê-la por completo",Tempo
2841ae4b-ef6a-4661-94a3-9777a70ec034,"metodologias ágeis pela levty foi muito boa, uma pena que o tempo impossibilitou de vê-la por completo",Secom
2841ae4b-ef6a-4661-94a3-9777a70ec034,"metodologias ágeis pela levty foi muito boa, uma pena que o tempo impossibilitou de vê-la por completo",Processo
2841ae4b-ef6a-4661-94a3-9777a70ec034,"metodologias ágeis pela levty foi muito boa, uma pena que o tempo impossibilitou de vê-la por completo",Pena
2841ae4b-ef6a-4661-94a3-9777a70ec034,"palestra da sydle faltou mais tempo, visto que preencheu todo o intervalo de almoço,",Intervalo
2841ae4b-ef6a-4661-94a3-9777a70ec034,"palestra da sydle faltou mais tempo, visto que preencheu todo o intervalo de almoço,",Tempo
2841ae4b-ef6a-4661-94a3-9777a70ec034,"palestra da sydle faltou mais tempo, visto que preencheu todo o intervalo de almoço,",Palestra
2841ae4b-ef6a-4661-94a3-9777a70ec034,"palestra da sydle faltou mais tempo, visto que preencheu todo o intervalo de almoço,",Sydle
2841ae4b-ef6a-4661-94a3-9777a70ec034,"palestra da sydle faltou mais tempo, visto que preencheu todo o intervalo de almoço,",Apito
2841ae4b-ef6a-4661-94a3-9777a70ec034,é de uma temática fundamental,Secom
2841ae4b-ef6a-4661-94a3-9777a70ec034,abertura super bem apresentada,Apresentacao
2841ae4b-ef6a-4661-94a3-9777a70ec034,"maratona de programação foi muito legal de participar, mesmo com as dores de cabeça",Programacao
2841ae4b-ef6a-4661-94a3-9777a70ec034,"maratona de programação foi muito legal de participar, mesmo com as dores de cabeça",Secom
2841ae4b-ef6a-4661-94a3-9777a70ec034,"maratona de programação foi muito legal de participar, mesmo com as dores de cabeça",Dores
2841ae4b-ef6a-4661-94a3-9777a70ec034,"maratona de programação foi muito legal de participar, mesmo com as dores de cabeça",Maratona
2841ae4b-ef6a-4661-94a3-9777a70ec034,"sipec fundamental para apresentar os projetos de iniciação científica presentes no campus,",Apresentacao
2841ae4b-ef6a-4661-94a3-9777a70ec034,"sipec fundamental para apresentar os projetos de iniciação científica presentes no campus,",Secom
2841ae4b-ef6a-4661-94a3-9777a70ec034,"sipec fundamental para apresentar os projetos de iniciação científica presentes no campus,",Projetos
2841ae4b-ef6a-4661-94a3-9777a70ec034,"sipec fundamental para apresentar os projetos de iniciação científica presentes no campus,",Curso
8f4c1ec8-e5ed-4ce2-90f1-84bbab673805,maratona da secom foi tudoo,Secom
8f4c1ec8-e5ed-4ce2-90f1-84bbab673805,maratona da secom foi tudoo,Maratona
8f4c1ec8-e5ed-4ce2-90f1-84bbab673805,philipe divando mt na organização da secom,Secom
8f4c1ec8-e5ed-4ce2-90f1-84bbab673805,philipe divando mt na organização da secom,Organizacao
daac9055-17a0-4775-bb21-9c0add9d45ec,melhor secom de todas,Secom
8f4c1ec8-e5ed-4ce2-90f1-84bbab673805,coffe break surpresa da maratona tava bom dms,Coffe
8f4c1ec8-e5ed-4ce2-90f1-84bbab673805,coffe break surpresa da maratona tava bom dms,Dms
8f4c1ec8-e5ed-4ce2-90f1-84bbab673805,coffe break surpresa da maratona tava bom dms,Maratona
daac9055-17a0-4775-bb21-9c0add9d45ec,philipe arrasou na organização,Philipe
daac9055-17a0-4775-bb21-9c0add9d45ec,philipe arrasou na organização,Organizacao
8f4c1ec8-e5ed-4ce2-90f1-84bbab673805,sydle arrasaram nos brindes,Secom
8f4c1ec8-e5ed-4ce2-90f1-84bbab673805,sydle arrasaram nos brindes,Sydle
a6ec5f50-aa66-4ad4-8b97-10a6f9eacaad,a organização da secom ficou 10,Secom
a6ec5f50-aa66-4ad4-8b97-10a6f9eacaad,a organização da secom ficou 10,Organizacao
eed4edbe-921c-4f9c-8148-1948d00197eb,prestes a começar o minicurso de inteligência artificial,Inteligencia
eed4edbe-921c-4f9c-8148-1948d00197eb,prestes a começar o minicurso de inteligência artificial,Minicurso
eed4edbe-921c-4f9c-8148-1948d00197eb,agora que as palestras passaram já é safe dizer que essa parte da secom foi muito legal,Secom
eed4edbe-921c-4f9c-8148-1948d00197eb,agora que as palestras passaram já é safe dizer que essa parte da secom foi muito legal,Palestra
eed4edbe-921c-4f9c-8148-1948d00197eb,gostei demais de todos os palestrantes,Palestra
eed4edbe-921c-4f9c-8148-1948d00197eb,essa é a minha primeira secom,Secom
eed4edbe-921c-4f9c-8148-1948d00197eb,espero estar nas próximas também pois gostei muito,Secom
eed4edbe-921c-4f9c-8148-1948d00197eb,professor philipe conseguiu organizar um ótimo evento mesmo sendo novo na faculdade,Professor
eed4edbe-921c-4f9c-8148-1948d00197eb,professor philipe conseguiu organizar um ótimo evento mesmo sendo novo na faculdade,Curso
eed4edbe-921c-4f9c-8148-1948d00197eb,sempre tive curiosidade a respeito do mercado de trabalho após o término do curso,Pergunta
eed4edbe-921c-4f9c-8148-1948d00197eb,sempre tive curiosidade a respeito do mercado de trabalho após o término do curso,Final
eed4edbe-921c-4f9c-8148-1948d00197eb,sempre tive curiosidade a respeito do mercado de trabalho após o término do curso,Mercado
eed4edbe-921c-4f9c-8148-1948d00197eb,sempre tive curiosidade a respeito do mercado de trabalho após o término do curso,Respeito
eed4edbe-921c-4f9c-8148-1948d00197eb,sempre tive curiosidade a respeito do mercado de trabalho após o término do curso,Curso
eed4edbe-921c-4f9c-8148-1948d00197eb,sempre tive curiosidade a respeito do mercado de trabalho após o término do curso,Trabalho
eed4edbe-921c-4f9c-8148-1948d00197eb,a secom serve pra dar uma certa iluminada nisso,Luz
eed4edbe-921c-4f9c-8148-1948d00197eb,a secom serve pra dar uma certa iluminada nisso,Secom
43aca24c-d788-497e-8521-06df728eeaf8,"essa maratona foi incrível, parabéns aos organizadores 🙏",Organizadores
43aca24c-d788-497e-8521-06df728eeaf8,"essa maratona foi incrível, parabéns aos organizadores 🙏",Maratona
43aca24c-d788-497e-8521-06df728eeaf8,queria poder ter participado da maratona,Maratona
43aca24c-d788-497e-8521-06df728eeaf8,da gamejam ao mesmo tempo (não ia funcionar),Tempo
43aca24c-d788-497e-8521-06df728eeaf8,da gamejam ao mesmo tempo (não ia funcionar),Jogos
43aca24c-d788-497e-8521-06df728eeaf8,"ansioso pelo minicurso de docker, vai ser brabão",Minicurso
43aca24c-d788-497e-8521-06df728eeaf8,"ansioso pelo minicurso de docker, vai ser brabão",Docker
15ae4086-4952-4aac-a16b-5c2852e5e523,vamos ver como será esse minicurso de web,Minicurso
15ae4086-4952-4aac-a16b-5c2852e5e523,o credenciamento não deveria já ter começado,Credenciamento
9cc1a365-6476-4f22-bf74-2a453e1e8443,ontem foi engraçado a luz caindo na game jam kkk,Luz
9cc1a365-6476-4f22-bf74-2a453e1e8443,ontem foi engraçado a luz caindo na game jam kkk,Secom
9cc1a365-6476-4f22-bf74-2a453e1e8443,ontem foi engraçado a luz caindo na game jam kkk,Jogos
15ae4086-4952-4aac-a16b-5c2852e5e523,"sem internet no primeiro dia, energia caindo ontem",Internet
15ae4086-4952-4aac-a16b-5c2852e5e523,"sem internet no primeiro dia, energia caindo ontem",Energia
15ae4086-4952-4aac-a16b-5c2852e5e523,pelo menos não afetou negativamente o evento como um todo,Falta
15ae4086-4952-4aac-a16b-5c2852e5e523,"huh, não sabia que dava pra editar ou excluir comentários",Lol
15ae4086-4952-4aac-a16b-5c2852e5e523,"será que se excluir um ele para de contar pra missão, ou não altera",Secom
5c812191-4a89-40c2-ad20-11d17bed69a1,"adorei o aplicativo, está sendo super útil",App
5c812191-4a89-40c2-ad20-11d17bed69a1,"adorei o aplicativo, está sendo super útil",Labs
5c812191-4a89-40c2-ad20-11d17bed69a1,"ganhar brindes torna o evento muito mais atrativo, muito obrigado a todos os patrocinadores por proporcionar isso",Secom
5c812191-4a89-40c2-ad20-11d17bed69a1,"ganhar brindes torna o evento muito mais atrativo, muito obrigado a todos os patrocinadores por proporcionar isso",Patrocinadores
5c812191-4a89-40c2-ad20-11d17bed69a1,maiores agradecimentos ao philipe por ter feito esse evento perfeito,Labs
5c812191-4a89-40c2-ad20-11d17bed69a1,maiores agradecimentos ao philipe por ter feito esse evento perfeito,Philipe
e2b6d403-470e-4752-8767-48575bb10c67,a primeira palestra ontem sobre a indústria dos jogos me mostrou uma indústria que eu acreditava não ser muito grande em solo nacional,Solo
e2b6d403-470e-4752-8767-48575bb10c67,a primeira palestra ontem sobre a indústria dos jogos me mostrou uma indústria que eu acreditava não ser muito grande em solo nacional,Palestra
e2b6d403-470e-4752-8767-48575bb10c67,a primeira palestra ontem sobre a indústria dos jogos me mostrou uma indústria que eu acreditava não ser muito grande em solo nacional,Jogos
e2b6d403-470e-4752-8767-48575bb10c67,a primeira palestra ontem sobre a indústria dos jogos me mostrou uma indústria que eu acreditava não ser muito grande em solo nacional,Empresa
5c812191-4a89-40c2-ad20-11d17bed69a1,"agora não sei mais qual empresa virou um sonho, todas parecem muito boas kkkk",Secom
5c812191-4a89-40c2-ad20-11d17bed69a1,"agora não sei mais qual empresa virou um sonho, todas parecem muito boas kkkk",Sonho
5c812191-4a89-40c2-ad20-11d17bed69a1,"agora não sei mais qual empresa virou um sonho, todas parecem muito boas kkkk",Empresa
5c812191-4a89-40c2-ad20-11d17bed69a1,é muito legal conhecer empresas,Empresa
e2b6d403-470e-4752-8767-48575bb10c67,"já na segunda palestra de ontem, foi bem interessante ver",Palestra
e2b6d403-470e-4752-8767-48575bb10c67,saber mais sobre as pessoas que trabalham em grandes empresas como a letras,Secom
e2b6d403-470e-4752-8767-48575bb10c67,saber mais sobre as pessoas que trabalham em grandes empresas como a letras,Empresa
5c812191-4a89-40c2-ad20-11d17bed69a1,"adorei a apresentação do estúdio sol, aprendi muita coisa só de ver uma explicação superficial, imagina quando eu estiver trabalhando com eles, vai ser muito bom",Apresentacao
5c812191-4a89-40c2-ad20-11d17bed69a1,"adorei a apresentação do estúdio sol, aprendi muita coisa só de ver uma explicação superficial, imagina quando eu estiver trabalhando com eles, vai ser muito bom",Secom
5c812191-4a89-40c2-ad20-11d17bed69a1,"adorei a apresentação do estúdio sol, aprendi muita coisa só de ver uma explicação superficial, imagina quando eu estiver trabalhando com eles, vai ser muito bom",Sol
5c812191-4a89-40c2-ad20-11d17bed69a1,"adorei a apresentação do estúdio sol, aprendi muita coisa só de ver uma explicação superficial, imagina quando eu estiver trabalhando com eles, vai ser muito bom",Explicacao
e2b6d403-470e-4752-8767-48575bb10c67,"na terceira palestra, a demonstração dos métodos ágeis revelou algo bem importante para o desenvolvimento de um projeto",Projetos
e2b6d403-470e-4752-8767-48575bb10c67,"na terceira palestra, a demonstração dos métodos ágeis revelou algo bem importante para o desenvolvimento de um projeto",Processo
e2b6d403-470e-4752-8767-48575bb10c67,"na terceira palestra, a demonstração dos métodos ágeis revelou algo bem importante para o desenvolvimento de um projeto",Apresentacao
e2b6d403-470e-4752-8767-48575bb10c67,"na terceira palestra, a demonstração dos métodos ágeis revelou algo bem importante para o desenvolvimento de um projeto",Palestra
e2b6d403-470e-4752-8767-48575bb10c67,"na terceira palestra, a demonstração dos métodos ágeis revelou algo bem importante para o desenvolvimento de um projeto",Desenvolvimento
e2b6d403-470e-4752-8767-48575bb10c67,bem que podia ter um prêmio pro 3° lugar do campeonato de,Pro
e2b6d403-470e-4752-8767-48575bb10c67,bem que podia ter um prêmio pro 3° lugar do campeonato de,Campeonato
e2b6d403-470e-4752-8767-48575bb10c67,bem que podia ter um prêmio pro 3° lugar do campeonato de,Secom
a6ec5f50-aa66-4ad4-8b97-10a6f9eacaad,a maratona ontem foi boa dms slc,Dms
a6ec5f50-aa66-4ad4-8b97-10a6f9eacaad,a maratona ontem foi boa dms slc,Maratona
a6ec5f50-aa66-4ad4-8b97-10a6f9eacaad,os brindes tão muito bons,Secom
a6ec5f50-aa66-4ad4-8b97-10a6f9eacaad,a palestra do letras,Secom
a6ec5f50-aa66-4ad4-8b97-10a6f9eacaad,a palestra do letras,Palestra
a6ec5f50-aa66-4ad4-8b97-10a6f9eacaad,studio sol foi muito boa,Sol
a6ec5f50-aa66-4ad4-8b97-10a6f9eacaad,inspiradora em relação a conseguir trabalho em uma empresa legal,Secom
a6ec5f50-aa66-4ad4-8b97-10a6f9eacaad,inspiradora em relação a conseguir trabalho em uma empresa legal,Empresa
a6ec5f50-aa66-4ad4-8b97-10a6f9eacaad,inspiradora em relação a conseguir trabalho em uma empresa legal,Trabalho
a6ec5f50-aa66-4ad4-8b97-10a6f9eacaad,animada para o minicurso,Minicurso
a6ec5f50-aa66-4ad4-8b97-10a6f9eacaad,a secom podia acabar nunca mais para não ter que ter aula de calculo,Calculo
a6ec5f50-aa66-4ad4-8b97-10a6f9eacaad,a secom podia acabar nunca mais para não ter que ter aula de calculo,Curso
4b3d0b61-ee1b-4468-8785-a9d80b5bb850,a maratona foi muito divertida,Maratona
4b3d0b61-ee1b-4468-8785-a9d80b5bb850,adorei ganhar baloes,Baloes
4b3d0b61-ee1b-4468-8785-a9d80b5bb850,teve salgadinho,Secom
4b3d0b61-ee1b-4468-8785-a9d80b5bb850,altas expectativas para o dia 3,Secom
4b3d0b61-ee1b-4468-8785-a9d80b5bb850,animado para o ultimo diaa,Final
4b3d0b61-ee1b-4468-8785-a9d80b5bb850,animado para o ultimo diaa,Daa
a6ec5f50-aa66-4ad4-8b97-10a6f9eacaad,time aseta merece ganhar prêmio também,Tempo
a6ec5f50-aa66-4ad4-8b97-10a6f9eacaad,time aseta merece ganhar prêmio também,Campeonato
a6ec5f50-aa66-4ad4-8b97-10a6f9eacaad,espero q o cofee break seja diferente hoje,Coffe
a6ec5f50-aa66-4ad4-8b97-10a6f9eacaad,queria andar de skate,Skate
4b3d0b61-ee1b-4468-8785-a9d80b5bb850,docker docker docker,Docker
4b3d0b61-ee1b-4468-8785-a9d80b5bb850,tomara que hoje a luz nao acabe,Luz
4b3d0b61-ee1b-4468-8785-a9d80b5bb850,"ultimo dia da secom, ja estou com saudade",Secom
9cc1a365-6476-4f22-bf74-2a453e1e8443,animado pra modelagem 3d,Modelagem
4b3d0b61-ee1b-4468-8785-a9d80b5bb850,aumento para amanda,Amanda
4b3d0b61-ee1b-4468-8785-a9d80b5bb850,aumento para amanda,Aumento
9cc1a365-6476-4f22-bf74-2a453e1e8443,gostando demais da minha primeira secom,Secom
9cc1a365-6476-4f22-bf74-2a453e1e8443,gostei demais do app,App
9cc1a365-6476-4f22-bf74-2a453e1e8443,"to gostando muito ate agr, falta só o curso",Apito
9cc1a365-6476-4f22-bf74-2a453e1e8443,"to gostando muito ate agr, falta só o curso",Falta
9cc1a365-6476-4f22-bf74-2a453e1e8443,"to gostando muito ate agr, falta só o curso",Curso
02af807d-7123-444e-b61e-89eaf92be60f,ansioso pros minicurso,Pro
34d7ba0b-7b62-4439-b143-d7dd24797376,adorei a maratona,Maratona
34d7ba0b-7b62-4439-b143-d7dd24797376,a energia caiu no final foi um ótimo encerramento kkk,Final
34d7ba0b-7b62-4439-b143-d7dd24797376,a energia caiu no final foi um ótimo encerramento kkk,Energia
34d7ba0b-7b62-4439-b143-d7dd24797376,os jogos de ontem estavam muito bons,Jogos
08101ce6-e4af-4e12-81d5-87afcafc4b3b,gamejam deixou sequelas,Secom
08101ce6-e4af-4e12-81d5-87afcafc4b3b,as palestras estão muito boas,Palestra
50ab66a7-9677-44ec-b7d4-be69f3d11d87,descomplicando o docker agr,Docker
08101ce6-e4af-4e12-81d5-87afcafc4b3b,só tem mini curso foda,Minicurso
08101ce6-e4af-4e12-81d5-87afcafc4b3b,só tem mini curso foda,Curso
84fb43ff-f2ca-4b32-b090-49467d8ae7a0,último dia de secom :(,Secom
84fb43ff-f2ca-4b32-b090-49467d8ae7a0,"minicurso de modelagem 3d, bom demais",Minicurso
84fb43ff-f2ca-4b32-b090-49467d8ae7a0,"minicurso de modelagem 3d, bom demais",Modelagem
02af807d-7123-444e-b61e-89eaf92be60f,curso de modelagem 3d tá bem legal,Modelagem
02af807d-7123-444e-b61e-89eaf92be60f,curso de modelagem 3d tá bem legal,Curso
d13dce39-51a4-4170-8b39-f06cb1f6adf6,curso de modelagem 3d mtt legal,Mto
d13dce39-51a4-4170-8b39-f06cb1f6adf6,curso de modelagem 3d mtt legal,Modelagem
d13dce39-51a4-4170-8b39-f06cb1f6adf6,curso de modelagem 3d mtt legal,Curso
d13dce39-51a4-4170-8b39-f06cb1f6adf6,coffe break so de tarde 😭😭,Coffe
d13dce39-51a4-4170-8b39-f06cb1f6adf6,quero mais brindes,Secom
9b29ec6c-e5af-4b1c-b7f1-49779d06c73a,curso de modelagem 3d muito legal,Modelagem
9b29ec6c-e5af-4b1c-b7f1-49779d06c73a,curso de modelagem 3d muito legal,Curso
5c812191-4a89-40c2-ad20-11d17bed69a1,daora,Secom
d13dce39-51a4-4170-8b39-f06cb1f6adf6,quero brindes,Secom
3e72f254-acab-4aec-ad73-bf9dff9c21ad,ansiosa para o encerramento,Final
3e72f254-acab-4aec-ad73-bf9dff9c21ad,quem será que vai estar no pódio das competições,Secom
3e72f254-acab-4aec-ad73-bf9dff9c21ad,quem será que vai estar no pódio das competições,Torneio
d13dce39-51a4-4170-8b39-f06cb1f6adf6,to ansiosa pros sorteios,Pro
61b2f3d3-4265-4ca1-bf48-f6fb75a5348f,o minicurso gasta muito de seu tempo com uma contextualização que poderia ser mais breve,Tempo
61b2f3d3-4265-4ca1-bf48-f6fb75a5348f,o minicurso gasta muito de seu tempo com uma contextualização que poderia ser mais breve,Minicurso
61b2f3d3-4265-4ca1-bf48-f6fb75a5348f,o minicurso gasta muito de seu tempo com uma contextualização que poderia ser mais breve,Contexto
daac9055-17a0-4775-bb21-9c0add9d45ec,o minicurso de ia está incrível,Minicurso
8b532002-32a9-47b8-a068-f68ebed037cd,"o minicurso está sendo muito produtivo, já",Minicurso
8b532002-32a9-47b8-a068-f68ebed037cd,aprendi que eu não sei usar um terminal,Terminal
4ce79311-38e9-401a-bb36-d1b6ad9ff2d3,maratona foi uma ótima experiência,Experiencia
4ce79311-38e9-401a-bb36-d1b6ad9ff2d3,maratona foi uma ótima experiência,Maratona
4ce79311-38e9-401a-bb36-d1b6ad9ff2d3,"muito bom o torneio de fifa, infelizmente a luz acabou",Luz
4ce79311-38e9-401a-bb36-d1b6ad9ff2d3,"muito bom o torneio de fifa, infelizmente a luz acabou",Fifa
4ce79311-38e9-401a-bb36-d1b6ad9ff2d3,"muito bom o torneio de fifa, infelizmente a luz acabou",Torneio
4395eb8b-e6f9-4282-85dc-98453a11cc3e,bons brindes,Secom
4395eb8b-e6f9-4282-85dc-98453a11cc3e,campeonato de fifa bacana,Campeonato
4395eb8b-e6f9-4282-85dc-98453a11cc3e,campeonato de fifa bacana,Fifa
4395eb8b-e6f9-4282-85dc-98453a11cc3e,evento show de bola,Secom
c0f15389-3383-4e94-b413-2fd78bcd0b68,precisamos coffee break de manhã,Manha
c0f15389-3383-4e94-b413-2fd78bcd0b68,precisamos coffee break de manhã,Break
f7781785-ccfa-4120-856f-3781bcf14d45,incrível a palestra da alfa engenharia,Palestra
f7781785-ccfa-4120-856f-3781bcf14d45,incrível a palestra da alfa engenharia,Alfa
4395eb8b-e6f9-4282-85dc-98453a11cc3e,secom 2024 god,Deus
c922b921-1305-4fe3-b76c-649887d97eb4,torcendo para ganhar o sorteio,Secom
c922b921-1305-4fe3-b76c-649887d97eb4,evitar colocar conflito de horários das palestras,Palestra
c922b921-1305-4fe3-b76c-649887d97eb4,evitar colocar conflito de horários das palestras,Batalha
c922b921-1305-4fe3-b76c-649887d97eb4,evitar colocar conflito de horários das palestras,Horario
c922b921-1305-4fe3-b76c-649887d97eb4,atividades,Atividades
c922b921-1305-4fe3-b76c-649887d97eb4,gerenciar melhor a pausa parar almoço,Apito
c922b921-1305-4fe3-b76c-649887d97eb4,gerenciar melhor a pausa parar almoço,Git
c922b921-1305-4fe3-b76c-649887d97eb4,mandar o que será necessário instalar nos pcs para as palestras,Palestra
c922b921-1305-4fe3-b76c-649887d97eb4,mandar o que será necessário instalar nos pcs para as palestras,Informatica
61b2f3d3-4265-4ca1-bf48-f6fb75a5348f,sem redundância,Redundancia
19f49226-5a60-463b-85d3-ac562e4eddc4,"a game jam foi incrível, experiência muito maneira participar",Experiencia
19f49226-5a60-463b-85d3-ac562e4eddc4,"a game jam foi incrível, experiência muito maneira participar",Secom
19f49226-5a60-463b-85d3-ac562e4eddc4,"a game jam foi incrível, experiência muito maneira participar",Jogos
19f49226-5a60-463b-85d3-ac562e4eddc4,a luz de florestal atrapalhou a game jam,Luz
19f49226-5a60-463b-85d3-ac562e4eddc4,a luz de florestal atrapalhou a game jam,Jogos
19f49226-5a60-463b-85d3-ac562e4eddc4,a luz de florestal atrapalhou a game jam,Florestal
19f49226-5a60-463b-85d3-ac562e4eddc4,foi daora o encerramento,Final
19f49226-5a60-463b-85d3-ac562e4eddc4,"muito maneira a iniciativa do torneio casual de games, ter uma competição mais leve é daora",Secom
19f49226-5a60-463b-85d3-ac562e4eddc4,"muito maneira a iniciativa do torneio casual de games, ter uma competição mais leve é daora",Projetos
19f49226-5a60-463b-85d3-ac562e4eddc4,"muito maneira a iniciativa do torneio casual de games, ter uma competição mais leve é daora",Jogos
19f49226-5a60-463b-85d3-ac562e4eddc4,"muito maneira a iniciativa do torneio casual de games, ter uma competição mais leve é daora",Torneio
19f49226-5a60-463b-85d3-ac562e4eddc4,"a palestra do gustavo viegas foi maneira, interessante ver o que a gente aprende em esof na indústria de fato",Gustavo
19f49226-5a60-463b-85d3-ac562e4eddc4,"a palestra do gustavo viegas foi maneira, interessante ver o que a gente aprende em esof na indústria de fato",Secom
19f49226-5a60-463b-85d3-ac562e4eddc4,"a palestra do gustavo viegas foi maneira, interessante ver o que a gente aprende em esof na indústria de fato",Lol
19f49226-5a60-463b-85d3-ac562e4eddc4,"a palestra do gustavo viegas foi maneira, interessante ver o que a gente aprende em esof na indústria de fato",Empresa
19f49226-5a60-463b-85d3-ac562e4eddc4,"a palestra do gustavo viegas foi maneira, interessante ver o que a gente aprende em esof na indústria de fato",Palestra
19f49226-5a60-463b-85d3-ac562e4eddc4,"a palestra do gustavo viegas foi maneira, interessante ver o que a gente aprende em esof na indústria de fato",Apito
19f49226-5a60-463b-85d3-ac562e4eddc4,"minicurso de docker está sendo muito interessante, é uma ferramenta que facilita demais",Minicurso
19f49226-5a60-463b-85d3-ac562e4eddc4,"minicurso de docker está sendo muito interessante, é uma ferramenta que facilita demais",Docker
19f49226-5a60-463b-85d3-ac562e4eddc4,"minicurso de docker está sendo muito interessante, é uma ferramenta que facilita demais",Ferramentas
61b2f3d3-4265-4ca1-bf48-f6fb75a5348f,"tema muito bom para conversa, gera ótimas discussões sobre o tema",Secom
61b2f3d3-4265-4ca1-bf48-f6fb75a5348f,"tema muito bom para conversa, gera ótimas discussões sobre o tema",Palestra
50ab66a7-9677-44ec-b7d4-be69f3d11d87,queria coffe break agr na manhã também,Coffe
50ab66a7-9677-44ec-b7d4-be69f3d11d87,queria coffe break agr na manhã também,Manha
61b2f3d3-4265-4ca1-bf48-f6fb75a5348f,explicação atende bem a todos os níveis de conhecimento sobre o tema,Explicacao
61b2f3d3-4265-4ca1-bf48-f6fb75a5348f,explicação atende bem a todos os níveis de conhecimento sobre o tema,Secom
61b2f3d3-4265-4ca1-bf48-f6fb75a5348f,explicação atende bem a todos os níveis de conhecimento sobre o tema,Conhecimento
61b2f3d3-4265-4ca1-bf48-f6fb75a5348f,estou ansioso para a segunda parte do minicurso,Minicurso
61b2f3d3-4265-4ca1-bf48-f6fb75a5348f,estou ansioso para a segunda parte do minicurso,Secom
7833a43c-88df-41ce-9608-368ecac536a1,podia ter um coffe break de manhã tbm hein,Coffe
7833a43c-88df-41ce-9608-368ecac536a1,podia ter um coffe break de manhã tbm hein,Manha
8aed64cf-df9c-4421-bff3-6c07fee239b1,ótimo minicurso,Minicurso
02af807d-7123-444e-b61e-89eaf92be60f,intervalo,Intervalo
4ce79311-38e9-401a-bb36-d1b6ad9ff2d3,minicurso de docker sendo muito produtivo,Minicurso
4ce79311-38e9-401a-bb36-d1b6ad9ff2d3,minicurso de docker sendo muito produtivo,Docker
02af807d-7123-444e-b61e-89eaf92be60f,muito difícil modelar boneco,Boneco
02af807d-7123-444e-b61e-89eaf92be60f,minicurso mt bom,Minicurso
a1b2ff52-f806-4d79-b524-3d3fa3327116,boa palestra,Palestra
a1b2ff52-f806-4d79-b524-3d3fa3327116,nice,Labs
0016d182-df26-4200-b287-2b9a2086516b,nice,Labs
2841ae4b-ef6a-4661-94a3-9777a70ec034,mini curso sendo apresentado de forma muito acelerada,Forma
2841ae4b-ef6a-4661-94a3-9777a70ec034,mini curso sendo apresentado de forma muito acelerada,Curso
2841ae4b-ef6a-4661-94a3-9777a70ec034,docker parece ser essencial para o mercado de trabalho,Docker
2841ae4b-ef6a-4661-94a3-9777a70ec034,docker parece ser essencial para o mercado de trabalho,Mercado
2841ae4b-ef6a-4661-94a3-9777a70ec034,docker parece ser essencial para o mercado de trabalho,Trabalho
2841ae4b-ef6a-4661-94a3-9777a70ec034,não houve a divulgação da hora,Tempo
2841ae4b-ef6a-4661-94a3-9777a70ec034,não houve a divulgação da hora,Secom
2841ae4b-ef6a-4661-94a3-9777a70ec034,dia da disputa do terceiro lugar do campeonato de lol,Campeonato
2841ae4b-ef6a-4661-94a3-9777a70ec034,dia da disputa do terceiro lugar do campeonato de lol,Secom
2841ae4b-ef6a-4661-94a3-9777a70ec034,dia da disputa do terceiro lugar do campeonato de lol,Lol
2841ae4b-ef6a-4661-94a3-9777a70ec034,dia da disputa do terceiro lugar do campeonato de lol,Batalha
2841ae4b-ef6a-4661-94a3-9777a70ec034,"o momento das partidas de fifa foi muito interessante, poderia haver mais nas próximas",Tempo
2841ae4b-ef6a-4661-94a3-9777a70ec034,"o momento das partidas de fifa foi muito interessante, poderia haver mais nas próximas",Jogos
2841ae4b-ef6a-4661-94a3-9777a70ec034,"o momento das partidas de fifa foi muito interessante, poderia haver mais nas próximas",Fifa
2841ae4b-ef6a-4661-94a3-9777a70ec034,poderia haver um manejo melhor nos horários das palestras,Palestra
2841ae4b-ef6a-4661-94a3-9777a70ec034,poderia haver um manejo melhor nos horários das palestras,Controle
2841ae4b-ef6a-4661-94a3-9777a70ec034,poderia haver um manejo melhor nos horários das palestras,Horario
2841ae4b-ef6a-4661-94a3-9777a70ec034,auditório obviamente não consegue suprir com a demanda de pessoas,Mercado
2841ae4b-ef6a-4661-94a3-9777a70ec034,auditório obviamente não consegue suprir com a demanda de pessoas,Auditorio
2841ae4b-ef6a-4661-94a3-9777a70ec034,auditório obviamente não consegue suprir com a demanda de pessoas,Secom
2841ae4b-ef6a-4661-94a3-9777a70ec034,coffee break poderia ter mais saldados,Break
2841ae4b-ef6a-4661-94a3-9777a70ec034,coffee break poderia ter café,Break
2841ae4b-ef6a-4661-94a3-9777a70ec034,coffee break poderia ter café,Coffee
2841ae4b-ef6a-4661-94a3-9777a70ec034,os times convidados para os torneios de,Tempo
2841ae4b-ef6a-4661-94a3-9777a70ec034,os times convidados para os torneios de,Torneio
2841ae4b-ef6a-4661-94a3-9777a70ec034,-sports deveriam seguir as regras do campeonato,Campeonato
2841ae4b-ef6a-4661-94a3-9777a70ec034,-sports deveriam seguir as regras do campeonato,Limitador
2841ae4b-ef6a-4661-94a3-9777a70ec034,-sports deveriam seguir as regras do campeonato,Fifa
45025e25-714c-447c-ad00-3f2880882d2b,ótimo minicurso,Minicurso
45025e25-714c-447c-ad00-3f2880882d2b,podia ter pão no coffe break,Coffe
45025e25-714c-447c-ad00-3f2880882d2b,podia ter pão no coffe break,Patrick
45025e25-714c-447c-ad00-3f2880882d2b,podia ter mortadela no coffe break,Coffe
45025e25-714c-447c-ad00-3f2880882d2b,podia ter mortadela no coffe break,Secom
37ec55d9-b848-47bd-9a33-f64afd2dd867,acabou a luz ontem,Luz
37ec55d9-b848-47bd-9a33-f64afd2dd867,podia ter mais lanchinhos,Secom
37ec55d9-b848-47bd-9a33-f64afd2dd867,era bom um pão com salame,Salame
37ec55d9-b848-47bd-9a33-f64afd2dd867,era bom um pão com salame,Patrick
2841ae4b-ef6a-4661-94a3-9777a70ec034,como me colocam jogo de valorant no mesmo período que a final da libertadores,Final
2841ae4b-ef6a-4661-94a3-9777a70ec034,como me colocam jogo de valorant no mesmo período que a final da libertadores,Intervalo
2841ae4b-ef6a-4661-94a3-9777a70ec034,como me colocam jogo de valorant no mesmo período que a final da libertadores,Valorant
2841ae4b-ef6a-4661-94a3-9777a70ec034,como me colocam jogo de valorant no mesmo período que a final da libertadores,Jogos
2841ae4b-ef6a-4661-94a3-9777a70ec034,como me colocam jogo de valorant no mesmo período que a final da libertadores,Libertadores
37ec55d9-b848-47bd-9a33-f64afd2dd867,podia ter comida japonesa,Comida
8aed64cf-df9c-4421-bff3-6c07fee239b1,seria bom ter tido coffee break na manhã,Manha
8aed64cf-df9c-4421-bff3-6c07fee239b1,seria bom ter tido coffee break na manhã,Break
37ec55d9-b848-47bd-9a33-f64afd2dd867,último pra completar missão,Secom
45025e25-714c-447c-ad00-3f2880882d2b,só quero o brinde,Secom
45025e25-714c-447c-ad00-3f2880882d2b,próxima secom tem que diminuir esse número de comentários,Secom
45025e25-714c-447c-ad00-3f2880882d2b,próxima secom tem que diminuir esse número de comentários,Numero
4ce79311-38e9-401a-bb36-d1b6ad9ff2d3,coffe break podia ter outras opções de comida,Coffe
4ce79311-38e9-401a-bb36-d1b6ad9ff2d3,coffe break podia ter outras opções de comida,Comida
4ce79311-38e9-401a-bb36-d1b6ad9ff2d3,coffe break podia ter outras opções de comida,Opcoes
45025e25-714c-447c-ad00-3f2880882d2b,mais coffe break,Coffe
4ce79311-38e9-401a-bb36-d1b6ad9ff2d3,quais são os brindes,Secom
8aed64cf-df9c-4421-bff3-6c07fee239b1,foi bem divertido acompanhar o campeonato de fifa de ontem,Campeonato
8aed64cf-df9c-4421-bff3-6c07fee239b1,foi bem divertido acompanhar o campeonato de fifa de ontem,Fifa
8aed64cf-df9c-4421-bff3-6c07fee239b1,pena que a luz caiu,Luz
8aed64cf-df9c-4421-bff3-6c07fee239b1,pena que a luz caiu,Pena
7cf13434-76d6-4046-96fd-1cfd9d429282,mt bom o relatorio,Relatorio
7cf13434-76d6-4046-96fd-1cfd9d429282,bao,Secom
7cf13434-76d6-4046-96fd-1cfd9d429282,aoba,Apito
5c812191-4a89-40c2-ad20-11d17bed69a1,bao dms,Secom
24c725a4-20aa-4ce4-9d18-b194d3bdd5be,segunda dia também foi repleto de muitas palestras legais,Palestra
5c812191-4a89-40c2-ad20-11d17bed69a1,like like like,Secom
24c725a4-20aa-4ce4-9d18-b194d3bdd5be,o evento da gamejam foi muito legal,Jogos
86cc2ad1-6ef4-4b63-8d8f-c512cc96589d,essa secom tá insanaaaaa,Secom
86cc2ad1-6ef4-4b63-8d8f-c512cc96589d,a maratona foi tão divertida,Maratona
15ae4086-4952-4aac-a16b-5c2852e5e523,"sem spam, né gente",Spam
34d7ba0b-7b62-4439-b143-d7dd24797376,os minicursos estão muito legais,Minicurso
34d7ba0b-7b62-4439-b143-d7dd24797376,adorei essa dinâmica dos minicursos serem na prática,Dinamica
34d7ba0b-7b62-4439-b143-d7dd24797376,adorei essa dinâmica dos minicursos serem na prática,Minicurso
34d7ba0b-7b62-4439-b143-d7dd24797376,adorei essa dinâmica dos minicursos serem na prática,Processo
43aca24c-d788-497e-8521-06df728eeaf8,o minicurso de docker é o melhor de todos,Minicurso
43aca24c-d788-497e-8521-06df728eeaf8,o minicurso de docker é o melhor de todos,Docker
cafe1afc-d59d-4b35-bde1-38d1f5815f74,f de fifa,Fifa
43aca24c-d788-497e-8521-06df728eeaf8,"o lab 1 não tem ar condicionado, isso foi triste",Laboratorios
cafe1afc-d59d-4b35-bde1-38d1f5815f74,minicurso de modelagem tá incrivel,Minicurso
cafe1afc-d59d-4b35-bde1-38d1f5815f74,minicurso de modelagem tá incrivel,Modelagem
cafe1afc-d59d-4b35-bde1-38d1f5815f74,beat saber,Beat
cafe1afc-d59d-4b35-bde1-38d1f5815f74,sabre de luz,Luz
cafe1afc-d59d-4b35-bde1-38d1f5815f74,sabre de luz,Secom
cafe1afc-d59d-4b35-bde1-38d1f5815f74,valeuuuuu cemig,Lol
43aca24c-d788-497e-8521-06df728eeaf8,ansioso pelo resultado da maratona,Resultado
43aca24c-d788-497e-8521-06df728eeaf8,ansioso pelo resultado da maratona,Maratona
cafe1afc-d59d-4b35-bde1-38d1f5815f74,palestras incriveis do segundo dia,Palestra
cafe1afc-d59d-4b35-bde1-38d1f5815f74,coffe break a tarde vou morrer de fome,Coffe
cafe1afc-d59d-4b35-bde1-38d1f5815f74,coffe break a tarde vou morrer de fome,Tempo
cafe1afc-d59d-4b35-bde1-38d1f5815f74,coffe break a tarde vou morrer de fome,Fome
cafe1afc-d59d-4b35-bde1-38d1f5815f74,franguinho no almoço,Apito
43aca24c-d788-497e-8521-06df728eeaf8,os jogos da gamejam tão poggers,Poggers
43aca24c-d788-497e-8521-06df728eeaf8,os jogos da gamejam tão poggers,Jogos
cafe1afc-d59d-4b35-bde1-38d1f5815f74,meu boneco tá parecendo uma abobora,Abobora
cafe1afc-d59d-4b35-bde1-38d1f5815f74,meu boneco tá parecendo uma abobora,Boneco
cafe1afc-d59d-4b35-bde1-38d1f5815f74,se eu não ganhar o sorteio hoje é absurdo,Secom
19f49226-5a60-463b-85d3-ac562e4eddc4,ansioso pro encerramento,Final
19f49226-5a60-463b-85d3-ac562e4eddc4,o resultado da gamejam,Resultado
19f49226-5a60-463b-85d3-ac562e4eddc4,o resultado da gamejam,Jogos
cafe1afc-d59d-4b35-bde1-38d1f5815f74,mc agenda vamoooo,Agenda
43aca24c-d788-497e-8521-06df728eeaf8,"faltou botton da levity ontem, falaram q iriam deixar separado",Botton
43aca24c-d788-497e-8521-06df728eeaf8,"faltou botton da levity ontem, falaram q iriam deixar separado",Levity
19f49226-5a60-463b-85d3-ac562e4eddc4,"acho que o coffe brake de tarde é muito melhor, não ocupa o espaço do almoço kkkkkkk",Coffe
19f49226-5a60-463b-85d3-ac562e4eddc4,"acho que o coffe brake de tarde é muito melhor, não ocupa o espaço do almoço kkkkkkk",Brake
19f49226-5a60-463b-85d3-ac562e4eddc4,"acho que o coffe brake de tarde é muito melhor, não ocupa o espaço do almoço kkkkkkk",Secom
19f49226-5a60-463b-85d3-ac562e4eddc4,"acho que o coffe brake de tarde é muito melhor, não ocupa o espaço do almoço kkkkkkk",Tempo
19f49226-5a60-463b-85d3-ac562e4eddc4,"acho que o coffe brake de tarde é muito melhor, não ocupa o espaço do almoço kkkkkkk",Apito
50a1eb8e-50fb-4cc4-b79b-6b4b2a4a8c61,a gamejam foi simplesmente incrível,Jogos
50a1eb8e-50fb-4cc4-b79b-6b4b2a4a8c61,os jogos da galera estavam muito bacanas,Secom
50a1eb8e-50fb-4cc4-b79b-6b4b2a4a8c61,os jogos da galera estavam muito bacanas,Jogos
50a1eb8e-50fb-4cc4-b79b-6b4b2a4a8c61,a queda de luz ontem de noite foi sinistra,Luz
50a1eb8e-50fb-4cc4-b79b-6b4b2a4a8c61,a queda de luz ontem de noite foi sinistra,Secom
50a1eb8e-50fb-4cc4-b79b-6b4b2a4a8c61,"se não tivesse tido a queda de luz, o jogo da gamejam estaria pronto pra liberar no mercado",Luz
50a1eb8e-50fb-4cc4-b79b-6b4b2a4a8c61,"se não tivesse tido a queda de luz, o jogo da gamejam estaria pronto pra liberar no mercado",Secom
50a1eb8e-50fb-4cc4-b79b-6b4b2a4a8c61,"se não tivesse tido a queda de luz, o jogo da gamejam estaria pronto pra liberar no mercado",Jogos
50a1eb8e-50fb-4cc4-b79b-6b4b2a4a8c61,"se não tivesse tido a queda de luz, o jogo da gamejam estaria pronto pra liberar no mercado",Mercado
50a1eb8e-50fb-4cc4-b79b-6b4b2a4a8c61,os salgadinhos de ontem também estavam ótimos,Secom
43aca24c-d788-497e-8521-06df728eeaf8,faltou uma coquinha ontem na maratona ein,Coffe
43aca24c-d788-497e-8521-06df728eeaf8,faltou uma coquinha ontem na maratona ein,Secom
43aca24c-d788-497e-8521-06df728eeaf8,faltou uma coquinha ontem na maratona ein,Maratona
50a1eb8e-50fb-4cc4-b79b-6b4b2a4a8c61,o quadro da secom ficou ótimo,Fotografo
b99c9940-1ccf-4ec6-963a-9a233fddde70,torneio ontem de fifa tava daora,Secom
b99c9940-1ccf-4ec6-963a-9a233fddde70,torneio ontem de fifa tava daora,Fifa
b99c9940-1ccf-4ec6-963a-9a233fddde70,torneio ontem de fifa tava daora,Torneio
b99c9940-1ccf-4ec6-963a-9a233fddde70,"esse cronograma da secom ficou perfeito, muitas coisas",Secom
b99c9940-1ccf-4ec6-963a-9a233fddde70,"esse cronograma da secom ficou perfeito, muitas coisas",Horario
b99c9940-1ccf-4ec6-963a-9a233fddde70,bem distribuídos no curto espaço de tempo,Tempo
b99c9940-1ccf-4ec6-963a-9a233fddde70,bem distribuídos no curto espaço de tempo,Secom
b99c9940-1ccf-4ec6-963a-9a233fddde70,hoje a ufv tem q amassar na final de lol,Final
b99c9940-1ccf-4ec6-963a-9a233fddde70,hoje a ufv tem q amassar na final de lol,Ufv
b99c9940-1ccf-4ec6-963a-9a233fddde70,hoje a ufv tem q amassar na final de lol,Lol
226440c8-ce0c-42b8-a37b-8435e915955d,animada com a cerimônia de encerramento,Final
226440c8-ce0c-42b8-a37b-8435e915955d,animada com a cerimônia de encerramento,Cerimonia
12c8e1ec-c662-415a-b106-b64ccb7ece3f,nos coffee-break poderia ter outra opção de bebida além de coca-cola,Apito
12c8e1ec-c662-415a-b106-b64ccb7ece3f,nos coffee-break poderia ter outra opção de bebida além de coca-cola,Cocas
12c8e1ec-c662-415a-b106-b64ccb7ece3f,nos coffee-break poderia ter outra opção de bebida além de coca-cola,Coffee
50a1eb8e-50fb-4cc4-b79b-6b4b2a4a8c61,extremamente ansioso para os resultados da gamejam,Resultado
50a1eb8e-50fb-4cc4-b79b-6b4b2a4a8c61,extremamente ansioso para os resultados da gamejam,Jogos
12c8e1ec-c662-415a-b106-b64ccb7ece3f,essa edição vem se destacando muito pelos palestrantes escolhidos,Apito
12c8e1ec-c662-415a-b106-b64ccb7ece3f,essa edição vem se destacando muito pelos palestrantes escolhidos,Palestra
96a82185-2b89-4f00-9bf9-ab5b2fa5c8ce,melhor evento de florestal,Florestal
50a1eb8e-50fb-4cc4-b79b-6b4b2a4a8c61,extremamente ansioso para os resultados da maratona,Resultado
50a1eb8e-50fb-4cc4-b79b-6b4b2a4a8c61,extremamente ansioso para os resultados da maratona,Maratona
34d7ba0b-7b62-4439-b143-d7dd24797376,gostei muito dessa temática de jogos,Secom
34d7ba0b-7b62-4439-b143-d7dd24797376,gostei muito dessa temática de jogos,Jogos
34d7ba0b-7b62-4439-b143-d7dd24797376,competição,Torneio
12c8e1ec-c662-415a-b106-b64ccb7ece3f,a qualidade das palestras estão muito boas,Qualidade
12c8e1ec-c662-415a-b106-b64ccb7ece3f,a qualidade das palestras estão muito boas,Palestra
96a82185-2b89-4f00-9bf9-ab5b2fa5c8ce,os lanches do coffebrek são os melhores,Coffebrek
96a82185-2b89-4f00-9bf9-ab5b2fa5c8ce,os lanches do coffebrek são os melhores,Lanche
12c8e1ec-c662-415a-b106-b64ccb7ece3f,o gamejam foi uma ótima adição ao evento,Secom
12c8e1ec-c662-415a-b106-b64ccb7ece3f,o gamejam foi uma ótima adição ao evento,Jogos
12c8e1ec-c662-415a-b106-b64ccb7ece3f,poderia ter tido uma apresentação presencial dos projetos desenvolvidos pelas equipes no gamejam,Apresentacao
12c8e1ec-c662-415a-b106-b64ccb7ece3f,poderia ter tido uma apresentação presencial dos projetos desenvolvidos pelas equipes no gamejam,Projetos
12c8e1ec-c662-415a-b106-b64ccb7ece3f,poderia ter tido uma apresentação presencial dos projetos desenvolvidos pelas equipes no gamejam,Equipe
12c8e1ec-c662-415a-b106-b64ccb7ece3f,poderia ter tido uma apresentação presencial dos projetos desenvolvidos pelas equipes no gamejam,Jogos
96a82185-2b89-4f00-9bf9-ab5b2fa5c8ce,"a palestra do fábio freitas foi a melhor, muito explicativa",Apito
96a82185-2b89-4f00-9bf9-ab5b2fa5c8ce,"a palestra do fábio freitas foi a melhor, muito explicativa",Palestra
96a82185-2b89-4f00-9bf9-ab5b2fa5c8ce,senti o auditório no segundo dia bem vazio,Auditorio
12c8e1ec-c662-415a-b106-b64ccb7ece3f,trazer pessoas do mercado para palestrar foi muito cativante,Secom
12c8e1ec-c662-415a-b106-b64ccb7ece3f,trazer pessoas do mercado para palestrar foi muito cativante,Mercado
b843c3db-fc8f-45a6-8322-19b87391fa20,achei muito legal os campeonatos amistoso do segundo dia,Campeonato
34d7ba0b-7b62-4439-b143-d7dd24797376,seria muito bom se próximo ano dividissem q sipeec em duas partes,Secom
311c27a8-5c81-4b58-a7b6-27f29c34ac6f,palestras muito interessantes,Palestra
311c27a8-5c81-4b58-a7b6-27f29c34ac6f,enriquecedoras para aqueles que se interessam por i,Valorant
96a82185-2b89-4f00-9bf9-ab5b2fa5c8ce,ano que vem o campeonato de esports poderia ser maior,Campeonato
96a82185-2b89-4f00-9bf9-ab5b2fa5c8ce,ano que vem o campeonato de esports poderia ser maior,Fifa
b843c3db-fc8f-45a6-8322-19b87391fa20,parabéns para o philipe pela organização,Philipe
b843c3db-fc8f-45a6-8322-19b87391fa20,parabéns para o philipe pela organização,Organizacao
50a1eb8e-50fb-4cc4-b79b-6b4b2a4a8c61,os temas dos minicursos estão sensacionais,Minicurso
50a1eb8e-50fb-4cc4-b79b-6b4b2a4a8c61,os temas dos minicursos estão sensacionais,Secom
34d7ba0b-7b62-4439-b143-d7dd24797376,"eu amei as figurinhas do git, peguei várias",Animacao
34d7ba0b-7b62-4439-b143-d7dd24797376,"eu amei as figurinhas do git, peguei várias",Git
96a82185-2b89-4f00-9bf9-ab5b2fa5c8ce,ano que vem seria bom ter um microfone melhor,Microfone
311c27a8-5c81-4b58-a7b6-27f29c34ac6f,"lanche do coffe break estava muito bom, faltou apenas uma alternativa de bebida para aqueles que não tomam refri",Coffe
311c27a8-5c81-4b58-a7b6-27f29c34ac6f,"lanche do coffe break estava muito bom, faltou apenas uma alternativa de bebida para aqueles que não tomam refri",Secom
311c27a8-5c81-4b58-a7b6-27f29c34ac6f,"lanche do coffe break estava muito bom, faltou apenas uma alternativa de bebida para aqueles que não tomam refri",Dicas
50a1eb8e-50fb-4cc4-b79b-6b4b2a4a8c61,"vou chegar morto em casa,",Casa
311c27a8-5c81-4b58-a7b6-27f29c34ac6f,"adorei a dinâmica dos apitos na sipec, deixou a apresentação mais interativa",Dinamica
311c27a8-5c81-4b58-a7b6-27f29c34ac6f,"adorei a dinâmica dos apitos na sipec, deixou a apresentação mais interativa",Apresentacao
311c27a8-5c81-4b58-a7b6-27f29c34ac6f,"adorei a dinâmica dos apitos na sipec, deixou a apresentação mais interativa",Secom
b843c3db-fc8f-45a6-8322-19b87391fa20,"cada mini curso um melhor que o outro, muito obrigado por todo esse conhecimento",Minicurso
b843c3db-fc8f-45a6-8322-19b87391fa20,"cada mini curso um melhor que o outro, muito obrigado por todo esse conhecimento",Conhecimento
b843c3db-fc8f-45a6-8322-19b87391fa20,"cada mini curso um melhor que o outro, muito obrigado por todo esse conhecimento",Curso
b843c3db-fc8f-45a6-8322-19b87391fa20,experiência,Experiencia
b843c3db-fc8f-45a6-8322-19b87391fa20,"estela seu mini curso é o melhor de todos disparado, front end é vida",Final
b843c3db-fc8f-45a6-8322-19b87391fa20,"estela seu mini curso é o melhor de todos disparado, front end é vida",Minicurso
b843c3db-fc8f-45a6-8322-19b87391fa20,"estela seu mini curso é o melhor de todos disparado, front end é vida",Vida
b843c3db-fc8f-45a6-8322-19b87391fa20,"estela seu mini curso é o melhor de todos disparado, front end é vida",Curso
b843c3db-fc8f-45a6-8322-19b87391fa20,"estela seu mini curso é o melhor de todos disparado, front end é vida",Front
50a1eb8e-50fb-4cc4-b79b-6b4b2a4a8c61,o coffee break a tarde ficou melhor porque não atrapalha o almoço,Tempo
50a1eb8e-50fb-4cc4-b79b-6b4b2a4a8c61,o coffee break a tarde ficou melhor porque não atrapalha o almoço,Apito
50a1eb8e-50fb-4cc4-b79b-6b4b2a4a8c61,o coffee break a tarde ficou melhor porque não atrapalha o almoço,Break
50a1eb8e-50fb-4cc4-b79b-6b4b2a4a8c61,o coffee break a tarde ficou melhor porque não atrapalha o almoço,Coffee
34d7ba0b-7b62-4439-b143-d7dd24797376,uma dica para próxima secom por favor n coloquem palestras na hora do almoço,Secom
34d7ba0b-7b62-4439-b143-d7dd24797376,uma dica para próxima secom por favor n coloquem palestras na hora do almoço,Tempo
34d7ba0b-7b62-4439-b143-d7dd24797376,uma dica para próxima secom por favor n coloquem palestras na hora do almoço,Palestra
34d7ba0b-7b62-4439-b143-d7dd24797376,uma dica para próxima secom por favor n coloquem palestras na hora do almoço,Apito
34d7ba0b-7b62-4439-b143-d7dd24797376,uma dica para próxima secom por favor n coloquem palestras na hora do almoço,Labs
96a82185-2b89-4f00-9bf9-ab5b2fa5c8ce,o jogo de lol hj vai ser o melhor,Lol
96a82185-2b89-4f00-9bf9-ab5b2fa5c8ce,o jogo de lol hj vai ser o melhor,Jogos
96a82185-2b89-4f00-9bf9-ab5b2fa5c8ce,"valor mc agenda, coloquem a okt no lugar deles",Valorant
96a82185-2b89-4f00-9bf9-ab5b2fa5c8ce,"valor mc agenda, coloquem a okt no lugar deles",Secom
96a82185-2b89-4f00-9bf9-ab5b2fa5c8ce,"valor mc agenda, coloquem a okt no lugar deles",Agenda
b99c9940-1ccf-4ec6-963a-9a233fddde70,já tá cedo pra pedir o coffee-break,Coffee
96a82185-2b89-4f00-9bf9-ab5b2fa5c8ce,o site do shrek é o melhor já criado,Internet
96a82185-2b89-4f00-9bf9-ab5b2fa5c8ce,o site do shrek é o melhor já criado,Cabeludo
b843c3db-fc8f-45a6-8322-19b87391fa20,"edição da secom excelente,  muitos eventos",Apito
b843c3db-fc8f-45a6-8322-19b87391fa20,"edição da secom excelente,  muitos eventos",Secom
b843c3db-fc8f-45a6-8322-19b87391fa20,"edição da secom excelente,  muitos eventos",Eventos
b843c3db-fc8f-45a6-8322-19b87391fa20,atividades interessantes,Atividades
96a82185-2b89-4f00-9bf9-ab5b2fa5c8ce,"ano que vem a final do valorant tem que ser presencial, teria muito mais emoção",Valorant
96a82185-2b89-4f00-9bf9-ab5b2fa5c8ce,"ano que vem a final do valorant tem que ser presencial, teria muito mais emoção",Final
96a82185-2b89-4f00-9bf9-ab5b2fa5c8ce,"ano que vem a final do valorant tem que ser presencial, teria muito mais emoção",Emocao
96a82185-2b89-4f00-9bf9-ab5b2fa5c8ce,os salgados do coffebreak estavam maravilhosos,Secom
96a82185-2b89-4f00-9bf9-ab5b2fa5c8ce,os salgados do coffebreak estavam maravilhosos,Coffebreak
b843c3db-fc8f-45a6-8322-19b87391fa20,"estou doido para ver as premiações do final da secom, veremos os vencedores",Campeonato
b843c3db-fc8f-45a6-8322-19b87391fa20,"estou doido para ver as premiações do final da secom, veremos os vencedores",Final
b843c3db-fc8f-45a6-8322-19b87391fa20,"estou doido para ver as premiações do final da secom, veremos os vencedores",Secom
b843c3db-fc8f-45a6-8322-19b87391fa20,"estou doido para ver as premiações do final da secom, veremos os vencedores",Premiacoes
b843c3db-fc8f-45a6-8322-19b87391fa20,pra quem será os brindes,Secom
96a82185-2b89-4f00-9bf9-ab5b2fa5c8ce,ano que vem poderia ter uma interação maior com os outros cursos,Interacao
96a82185-2b89-4f00-9bf9-ab5b2fa5c8ce,ano que vem poderia ter uma interação maior com os outros cursos,Curso
b99c9940-1ccf-4ec6-963a-9a233fddde70,curso de web hoje tá sendo muito daora,Internet
b99c9940-1ccf-4ec6-963a-9a233fddde70,curso de web hoje tá sendo muito daora,Secom
b99c9940-1ccf-4ec6-963a-9a233fddde70,curso de web hoje tá sendo muito daora,Curso
311c27a8-5c81-4b58-a7b6-27f29c34ac6f,tempo limite de cada apresentação poderia ser um pouco menor,Tempo
311c27a8-5c81-4b58-a7b6-27f29c34ac6f,tempo limite de cada apresentação poderia ser um pouco menor,Apresentacao
311c27a8-5c81-4b58-a7b6-27f29c34ac6f,tempo limite de cada apresentação poderia ser um pouco menor,Limitador
311c27a8-5c81-4b58-a7b6-27f29c34ac6f,a palestra sobre desmistificação de i,Palestra
311c27a8-5c81-4b58-a7b6-27f29c34ac6f,a palestra sobre desmistificação de i,Desmistificacao
96a82185-2b89-4f00-9bf9-ab5b2fa5c8ce,"a palestra do time do letras foi muito boa, com muita informação",Tempo
96a82185-2b89-4f00-9bf9-ab5b2fa5c8ce,"a palestra do time do letras foi muito boa, com muita informação",Secom
96a82185-2b89-4f00-9bf9-ab5b2fa5c8ce,"a palestra do time do letras foi muito boa, com muita informação",Palestra
96a82185-2b89-4f00-9bf9-ab5b2fa5c8ce,conceitos,Secom
311c27a8-5c81-4b58-a7b6-27f29c34ac6f,talvez dividir o sipec em dois dias seria uma opção interessante,Apito
311c27a8-5c81-4b58-a7b6-27f29c34ac6f,talvez dividir o sipec em dois dias seria uma opção interessante,Secom
96a82185-2b89-4f00-9bf9-ab5b2fa5c8ce,"a palestra da alfa engenharia foi muito boa, porque o palestrante tinha muito conhecimento",Conhecimento
96a82185-2b89-4f00-9bf9-ab5b2fa5c8ce,"a palestra da alfa engenharia foi muito boa, porque o palestrante tinha muito conhecimento",Palestra
96a82185-2b89-4f00-9bf9-ab5b2fa5c8ce,"a palestra da alfa engenharia foi muito boa, porque o palestrante tinha muito conhecimento",Engenharia
96a82185-2b89-4f00-9bf9-ab5b2fa5c8ce,"a palestra da alfa engenharia foi muito boa, porque o palestrante tinha muito conhecimento",Alfa
96a82185-2b89-4f00-9bf9-ab5b2fa5c8ce,muito domínio da fala,Palestra
96a82185-2b89-4f00-9bf9-ab5b2fa5c8ce,muito domínio da fala,Dominio
96a82185-2b89-4f00-9bf9-ab5b2fa5c8ce,os alunos estão muito engajados na secom desse ano,Secom
96a82185-2b89-4f00-9bf9-ab5b2fa5c8ce,os alunos estão muito engajados na secom desse ano,Curso
311c27a8-5c81-4b58-a7b6-27f29c34ac6f,palestra do studio sol foi muito boa,Palestra
311c27a8-5c81-4b58-a7b6-27f29c34ac6f,palestra do studio sol foi muito boa,Sol
311c27a8-5c81-4b58-a7b6-27f29c34ac6f,palestra do studio sol foi muito boa,Studiosol
311c27a8-5c81-4b58-a7b6-27f29c34ac6f,material muito enriquecedor,Material
311c27a8-5c81-4b58-a7b6-27f29c34ac6f,palestrantes extremamente carismáticos,Palestra
96a82185-2b89-4f00-9bf9-ab5b2fa5c8ce,"podiam melhorar a quantidade de intervalos, tem momentos que é necessário sair no meio de uma palestra para ir no banheiro ou beber água",Intervalo
96a82185-2b89-4f00-9bf9-ab5b2fa5c8ce,"podiam melhorar a quantidade de intervalos, tem momentos que é necessário sair no meio de uma palestra para ir no banheiro ou beber água",Banheiro
96a82185-2b89-4f00-9bf9-ab5b2fa5c8ce,"podiam melhorar a quantidade de intervalos, tem momentos que é necessário sair no meio de uma palestra para ir no banheiro ou beber água",Secom
96a82185-2b89-4f00-9bf9-ab5b2fa5c8ce,"podiam melhorar a quantidade de intervalos, tem momentos que é necessário sair no meio de uma palestra para ir no banheiro ou beber água",Tempo
96a82185-2b89-4f00-9bf9-ab5b2fa5c8ce,"podiam melhorar a quantidade de intervalos, tem momentos que é necessário sair no meio de uma palestra para ir no banheiro ou beber água",Palestra
96a82185-2b89-4f00-9bf9-ab5b2fa5c8ce,"podiam melhorar a quantidade de intervalos, tem momentos que é necessário sair no meio de uma palestra para ir no banheiro ou beber água",Agua
96a82185-2b89-4f00-9bf9-ab5b2fa5c8ce,"podiam melhorar a quantidade de intervalos, tem momentos que é necessário sair no meio de uma palestra para ir no banheiro ou beber água",Numero
311c27a8-5c81-4b58-a7b6-27f29c34ac6f,"a maratona foi muito divertida, talvez poderiam disponibilizar mais tempo",Tempo
311c27a8-5c81-4b58-a7b6-27f29c34ac6f,"a maratona foi muito divertida, talvez poderiam disponibilizar mais tempo",Maratona
96a82185-2b89-4f00-9bf9-ab5b2fa5c8ce,time a seta melhor do campeonato de esports,Tempo
96a82185-2b89-4f00-9bf9-ab5b2fa5c8ce,time a seta melhor do campeonato de esports,Campeonato
96a82185-2b89-4f00-9bf9-ab5b2fa5c8ce,time a seta melhor do campeonato de esports,Secom
96a82185-2b89-4f00-9bf9-ab5b2fa5c8ce,time a seta melhor do campeonato de esports,Fifa
96a82185-2b89-4f00-9bf9-ab5b2fa5c8ce,kloiuros injustiçados pela comição,Secom
96a82185-2b89-4f00-9bf9-ab5b2fa5c8ce,kloiuros injustiçados pela comição,Kloiuros
b99c9940-1ccf-4ec6-963a-9a233fddde70,hoje eu ganho um sorteio,Secom
311c27a8-5c81-4b58-a7b6-27f29c34ac6f,queria ter assistido mais palestras do dia da indústria porém o horário conflitou com outros eventos,Palestra
311c27a8-5c81-4b58-a7b6-27f29c34ac6f,queria ter assistido mais palestras do dia da indústria porém o horário conflitou com outros eventos,Empresa
311c27a8-5c81-4b58-a7b6-27f29c34ac6f,queria ter assistido mais palestras do dia da indústria porém o horário conflitou com outros eventos,Eventos
311c27a8-5c81-4b58-a7b6-27f29c34ac6f,queria ter assistido mais palestras do dia da indústria porém o horário conflitou com outros eventos,Horario
8f4c1ec8-e5ed-4ce2-90f1-84bbab673805,minicurso de ia tá muito bom,Minicurso
311c27a8-5c81-4b58-a7b6-27f29c34ac6f,adorei os brindes,Secom
3f05e03e-45ce-4e65-b2f3-cf3a76e21fa1,até o momento o mini curso está muito interessante,Tempo
3f05e03e-45ce-4e65-b2f3-cf3a76e21fa1,até o momento o mini curso está muito interessante,Minicurso
3f05e03e-45ce-4e65-b2f3-cf3a76e21fa1,até o momento o mini curso está muito interessante,Curso
3f05e03e-45ce-4e65-b2f3-cf3a76e21fa1,gostaria de um coffe break hoje,Coffe
311c27a8-5c81-4b58-a7b6-27f29c34ac6f,"a palestra sobre o mercado de jogos foi muito interessante,",Mercado
311c27a8-5c81-4b58-a7b6-27f29c34ac6f,"a palestra sobre o mercado de jogos foi muito interessante,",Palestra
311c27a8-5c81-4b58-a7b6-27f29c34ac6f,"a palestra sobre o mercado de jogos foi muito interessante,",Jogos
311c27a8-5c81-4b58-a7b6-27f29c34ac6f,foi muito legal reconhecer alguns dos jogos desenvolvidos pela umbu games,Secom
311c27a8-5c81-4b58-a7b6-27f29c34ac6f,foi muito legal reconhecer alguns dos jogos desenvolvidos pela umbu games,Jogos
311c27a8-5c81-4b58-a7b6-27f29c34ac6f,temas das palestras foram muito legais,Secom
311c27a8-5c81-4b58-a7b6-27f29c34ac6f,temas das palestras foram muito legais,Palestra
c0f15389-3383-4e94-b413-2fd78bcd0b68,só agradeço a essa organização maravilhosa,Organizacao
3f05e03e-45ce-4e65-b2f3-cf3a76e21fa1,hoje eu quero um prêmio :(,Campeonato
311c27a8-5c81-4b58-a7b6-27f29c34ac6f,minicurso da estela está muito legall,Minicurso
311c27a8-5c81-4b58-a7b6-27f29c34ac6f,minicurso da estela está muito legall,Secom
3f05e03e-45ce-4e65-b2f3-cf3a76e21fa1,podiam separar o minicurso em dois dias,Minicurso
3f05e03e-45ce-4e65-b2f3-cf3a76e21fa1,podiam separar o minicurso em dois dias,Secom
3f05e03e-45ce-4e65-b2f3-cf3a76e21fa1,ansioso para a cerimônia de encerramento,Final
3f05e03e-45ce-4e65-b2f3-cf3a76e21fa1,ansioso para a cerimônia de encerramento,Cerimonia
3f05e03e-45ce-4e65-b2f3-cf3a76e21fa1,ainda não fui respondido sobre qual o shampoo do  patrick,Shampoo
3f05e03e-45ce-4e65-b2f3-cf3a76e21fa1,ainda não fui respondido sobre qual o shampoo do  patrick,Patrick
64a69630-bdc5-4e29-9090-492d31a34e0d,blender é muito daora,Secom
64a69630-bdc5-4e29-9090-492d31a34e0d,devia ter sido 7hr de mini curso,Minicurso
64a69630-bdc5-4e29-9090-492d31a34e0d,devia ter sido 7hr de mini curso,Curso
64a69630-bdc5-4e29-9090-492d31a34e0d,oq vai ter de premio na mymobiconf,Campeonato
64a69630-bdc5-4e29-9090-492d31a34e0d,oq vai ter de premio na mymobiconf,Mymobiconf
f7781785-ccfa-4120-856f-3781bcf14d45,muito inspirador esse dia da indústria,Empresa
f7781785-ccfa-4120-856f-3781bcf14d45,começando o curso de ia generativa,Curso
f7781785-ccfa-4120-856f-3781bcf14d45,a hora não passa…,Tempo
f7781785-ccfa-4120-856f-3781bcf14d45,interessante demais a introdução ao minicurso,Apresentacao
f7781785-ccfa-4120-856f-3781bcf14d45,interessante demais a introdução ao minicurso,Minicurso
64a69630-bdc5-4e29-9090-492d31a34e0d,minicurso de animação 3d é o melhor,Minicurso
64a69630-bdc5-4e29-9090-492d31a34e0d,minicurso de animação 3d é o melhor,Animacao
f7781785-ccfa-4120-856f-3781bcf14d45,a hora da merenda,Tempo
f7781785-ccfa-4120-856f-3781bcf14d45,a hora da merenda,Merenda
f7781785-ccfa-4120-856f-3781bcf14d45,ansioso para premiação,Secom
84fb43ff-f2ca-4b32-b090-49467d8ae7a0,ótimo minicurso de modelagem 3d,Minicurso
84fb43ff-f2ca-4b32-b090-49467d8ae7a0,ótimo minicurso de modelagem 3d,Modelagem
84fb43ff-f2ca-4b32-b090-49467d8ae7a0,pena que tá acabando a secom,Pena
84fb43ff-f2ca-4b32-b090-49467d8ae7a0,ansiosa pro coffee break,Break
84fb43ff-f2ca-4b32-b090-49467d8ae7a0,"os brindes, é que hr",Secom
7568d4e3-7c42-4c07-9246-161f8f144017,muito bom aprender sobre a história das ia's generativas,Anos
7568d4e3-7c42-4c07-9246-161f8f144017,me surpreendi com o mini-curso,Minicurso
7568d4e3-7c42-4c07-9246-161f8f144017,pena que a internet não está funcionando mais,Internet
7568d4e3-7c42-4c07-9246-161f8f144017,pena que a internet não está funcionando mais,Pena
880b38ad-954a-499a-a76a-66fce8a17f66,minicurso de docker ta top demais,Minicurso
880b38ad-954a-499a-a76a-66fce8a17f66,minicurso de docker ta top demais,Docker
ad08e116-810d-4533-a7c6-9782fcb55f6d,internet da ufv tá razoável hoje,Internet
ad08e116-810d-4533-a7c6-9782fcb55f6d,internet da ufv tá razoável hoje,Ufv
ad08e116-810d-4533-a7c6-9782fcb55f6d,até agr o curso de i,Curso
f0d8b18c-371e-4a9b-bc88-6efb85341837,espero a cerimônia de encerramento para completar esse excelente evento,Final
f0d8b18c-371e-4a9b-bc88-6efb85341837,espero a cerimônia de encerramento para completar esse excelente evento,Cerimonia
6694bc9c-4eab-4c6b-a7df-c40f8f42e39c,o minicurso de blender ta muito divertido,Minicurso
30a1d1e4-da0d-4f67-9908-6bc16a47ebc4,kkkk gostaria de trabalhar na levty em,Secom
6694bc9c-4eab-4c6b-a7df-c40f8f42e39c,"esse adiamento da game jam prejudicou o sono do patrick coitado, ta mortinho",Secom
6694bc9c-4eab-4c6b-a7df-c40f8f42e39c,"esse adiamento da game jam prejudicou o sono do patrick coitado, ta mortinho",Jogos
6694bc9c-4eab-4c6b-a7df-c40f8f42e39c,"esse adiamento da game jam prejudicou o sono do patrick coitado, ta mortinho",Patrick
6694bc9c-4eab-4c6b-a7df-c40f8f42e39c,"esse adiamento da game jam prejudicou o sono do patrick coitado, ta mortinho",Horario
30a1d1e4-da0d-4f67-9908-6bc16a47ebc4,o ângelo realmente entende bastante sobre docker,Docker
30a1d1e4-da0d-4f67-9908-6bc16a47ebc4,o ângelo realmente entende bastante sobre docker,Angelo
6694bc9c-4eab-4c6b-a7df-c40f8f42e39c,ansioso pra final de lol em breve 🫡,Final
6694bc9c-4eab-4c6b-a7df-c40f8f42e39c,ansioso pra final de lol em breve 🫡,Lol
6694bc9c-4eab-4c6b-a7df-c40f8f42e39c,ansioso pra final de lol em breve 🫡,Secom
c0f15389-3383-4e94-b413-2fd78bcd0b68,parabéns ao professor phelipe pela organização este ano,Organizacao
c0f15389-3383-4e94-b413-2fd78bcd0b68,parabéns ao professor phelipe pela organização este ano,Professor
03164614-b683-45b1-98f0-7179e65cd4ed,o curso de ia ta bem legal,Curso
03164614-b683-45b1-98f0-7179e65cd4ed,ta faltando ar condicionado pra essas salas em,Secom
03164614-b683-45b1-98f0-7179e65cd4ed,ansioso pela final de lol,Final
03164614-b683-45b1-98f0-7179e65cd4ed,ansioso pela final de lol,Lol
03164614-b683-45b1-98f0-7179e65cd4ed,"mc agenda, avante",Agenda
03164614-b683-45b1-98f0-7179e65cd4ed,oque será que o patrick fez ontem quando não tinha luz,Luz
03164614-b683-45b1-98f0-7179e65cd4ed,oque será que o patrick fez ontem quando não tinha luz,Patrick
30a1d1e4-da0d-4f67-9908-6bc16a47ebc4,"pelo que vi dos meus amigos, a produção 3d está bem legal",Secom
03164614-b683-45b1-98f0-7179e65cd4ed,philipe mandou muito nessa secom em,Secom
03164614-b683-45b1-98f0-7179e65cd4ed,philipe mandou muito nessa secom em,Philipe
03164614-b683-45b1-98f0-7179e65cd4ed,cadê o coffebreak da manhã,Manha
03164614-b683-45b1-98f0-7179e65cd4ed,cadê o coffebreak da manhã,Coffebreak
6694bc9c-4eab-4c6b-a7df-c40f8f42e39c,"ansioso pra ver os jogos da game jam, espero que o patrick esteja bem depois dessa noite corrida",Luz
6694bc9c-4eab-4c6b-a7df-c40f8f42e39c,"ansioso pra ver os jogos da game jam, espero que o patrick esteja bem depois dessa noite corrida",Jogos
6694bc9c-4eab-4c6b-a7df-c40f8f42e39c,"ansioso pra ver os jogos da game jam, espero que o patrick esteja bem depois dessa noite corrida",Patrick
6694bc9c-4eab-4c6b-a7df-c40f8f42e39c,"ansioso pra ver os jogos da game jam, espero que o patrick esteja bem depois dessa noite corrida",Torneio
6694bc9c-4eab-4c6b-a7df-c40f8f42e39c,se eu não ganhar nenhum sorteio vô achar paia em,Secom
30a1d1e4-da0d-4f67-9908-6bc16a47ebc4,ansioso pelos resultados da maratona de programação,Resultado
30a1d1e4-da0d-4f67-9908-6bc16a47ebc4,ansioso pelos resultados da maratona de programação,Programacao
30a1d1e4-da0d-4f67-9908-6bc16a47ebc4,ansioso pelos resultados da maratona de programação,Maratona
30a1d1e4-da0d-4f67-9908-6bc16a47ebc4,da game jam,Jogos
6694bc9c-4eab-4c6b-a7df-c40f8f42e39c,alguem me arruma uma mochila da sydle 😔,Bolsa
6694bc9c-4eab-4c6b-a7df-c40f8f42e39c,alguem me arruma uma mochila da sydle 😔,Sydle
7568d4e3-7c42-4c07-9246-161f8f144017,não voltou o curso de ia ainda,Curso
6694bc9c-4eab-4c6b-a7df-c40f8f42e39c,"esse almocinho pesou em, que bom que os minicursos voltam 13:30, deu pra descansar",Apito
6694bc9c-4eab-4c6b-a7df-c40f8f42e39c,"esse almocinho pesou em, que bom que os minicursos voltam 13:30, deu pra descansar",Minicurso
6694bc9c-4eab-4c6b-a7df-c40f8f42e39c,vambora mc agenda,Vambora
6694bc9c-4eab-4c6b-a7df-c40f8f42e39c,vambora mc agenda,Agenda
19f49226-5a60-463b-85d3-ac562e4eddc4,"o material dos minicursos poderia ser disponibilizado depois, a gente só pode escolher um então seria interessante saber mais sobre os outros assuntos",Interacao
19f49226-5a60-463b-85d3-ac562e4eddc4,"o material dos minicursos poderia ser disponibilizado depois, a gente só pode escolher um então seria interessante saber mais sobre os outros assuntos",Material
19f49226-5a60-463b-85d3-ac562e4eddc4,"o material dos minicursos poderia ser disponibilizado depois, a gente só pode escolher um então seria interessante saber mais sobre os outros assuntos",Secom
19f49226-5a60-463b-85d3-ac562e4eddc4,"o material dos minicursos poderia ser disponibilizado depois, a gente só pode escolher um então seria interessante saber mais sobre os outros assuntos",Minicurso
99899b5a-eb3d-4d67-a64f-a143f824a709,cheguei atrasado no minicurso 🤡 maravilha,Minicurso
99899b5a-eb3d-4d67-a64f-a143f824a709,pelo menos a internet está mais estável agora à tarde,Internet
99899b5a-eb3d-4d67-a64f-a143f824a709,pelo menos a internet está mais estável agora à tarde,Tempo
99899b5a-eb3d-4d67-a64f-a143f824a709,pelo menos a internet está mais estável agora à tarde,Falta
43aca24c-d788-497e-8521-06df728eeaf8,poderia ter uma garrafinha de café nos minicursos,Minicurso
43aca24c-d788-497e-8521-06df728eeaf8,poderia ter uma garrafinha de café nos minicursos,Secom
43aca24c-d788-497e-8521-06df728eeaf8,poderia ter uma garrafinha de café nos minicursos,Coffee
43aca24c-d788-497e-8521-06df728eeaf8,os materiais dos minicursos poderiam ser liberados para todos no final,Final
43aca24c-d788-497e-8521-06df728eeaf8,os materiais dos minicursos poderiam ser liberados para todos no final,Material
43aca24c-d788-497e-8521-06df728eeaf8,os materiais dos minicursos poderiam ser liberados para todos no final,Minicurso
99899b5a-eb3d-4d67-a64f-a143f824a709,"aí, organizadores da secom, acho há alguns questionários duplicados por aqui",Pergunta
99899b5a-eb3d-4d67-a64f-a143f824a709,"aí, organizadores da secom, acho há alguns questionários duplicados por aqui",Secom
99899b5a-eb3d-4d67-a64f-a143f824a709,"aí, organizadores da secom, acho há alguns questionários duplicados por aqui",Organizadores
99899b5a-eb3d-4d67-a64f-a143f824a709,acabei de preencher os formulários da palestra do letras,Secom
99899b5a-eb3d-4d67-a64f-a143f824a709,acabei de preencher os formulários da palestra do letras,Palestra
99899b5a-eb3d-4d67-a64f-a143f824a709,acabei de preencher os formulários da palestra do letras,Forma
99899b5a-eb3d-4d67-a64f-a143f824a709,"da do hubs,",Hubs
99899b5a-eb3d-4d67-a64f-a143f824a709,tenho certeza de que já os preenchi antes 🤔,Premiacoes
50a1eb8e-50fb-4cc4-b79b-6b4b2a4a8c61,secom foi maneira,Secom
5bc436a4-ec67-4216-87a7-d9152877d21f,o mini curso de web é o melhor,Internet
5bc436a4-ec67-4216-87a7-d9152877d21f,o mini curso de web é o melhor,Minicurso
5bc436a4-ec67-4216-87a7-d9152877d21f,o mini curso de web é o melhor,Curso
5bc436a4-ec67-4216-87a7-d9152877d21f,estela arrasou no curso de web,Curso
5bc436a4-ec67-4216-87a7-d9152877d21f,hj o tempo de almoço foi bom,Tempo
5bc436a4-ec67-4216-87a7-d9152877d21f,hj o tempo de almoço foi bom,Apito
5bc436a4-ec67-4216-87a7-d9152877d21f,pena q nem todos os labs tem ar condicionado,Labs
5bc436a4-ec67-4216-87a7-d9152877d21f,pena q nem todos os labs tem ar condicionado,Pena
7568d4e3-7c42-4c07-9246-161f8f144017,seria interessante liberar as apresentações das palestras,Apresentacao
7568d4e3-7c42-4c07-9246-161f8f144017,seria interessante liberar as apresentações das palestras,Palestra
7568d4e3-7c42-4c07-9246-161f8f144017,mini cursos,Minicurso
5bc436a4-ec67-4216-87a7-d9152877d21f,a secom desse ano foi a melhor,Secom
5bc436a4-ec67-4216-87a7-d9152877d21f,philipe,Philipe
5bc436a4-ec67-4216-87a7-d9152877d21f,"os alunos ralaram mt pra fazer,",Curso
5bc436a4-ec67-4216-87a7-d9152877d21f,a secom desse ano foi incrível,Secom
5bc436a4-ec67-4216-87a7-d9152877d21f,espero q os brindes sejam bons igual a secom hahah,Lol
5bc436a4-ec67-4216-87a7-d9152877d21f,espero q os brindes sejam bons igual a secom hahah,Secom
913cf695-2ce7-40c2-a996-ce8bff7ee32c,"arrasaram nessa secom, top",Secom
d51c3bbb-185b-4a34-848a-607621bd7cc2,minicurso de 3d foda dms,Minicurso
d51c3bbb-185b-4a34-848a-607621bd7cc2,minicurso de 3d foda dms,Lol
d51c3bbb-185b-4a34-848a-607621bd7cc2,melhor minicurso é o de modelagem,Minicurso
d51c3bbb-185b-4a34-848a-607621bd7cc2,melhor minicurso é o de modelagem,Modelagem
d51c3bbb-185b-4a34-848a-607621bd7cc2,tomara que a okt perca de noite,Luz
d51c3bbb-185b-4a34-848a-607621bd7cc2,tomara que a okt perca de noite,Secom
19f49226-5a60-463b-85d3-ac562e4eddc4,os jogos desenvolvidos na game jam serão mostrados,Jogos
f0d8b18c-371e-4a9b-bc88-6efb85341837,ótimos seminários,Seminarios
f0d8b18c-371e-4a9b-bc88-6efb85341837,evento da gamejam,Jogos
f0d8b18c-371e-4a9b-bc88-6efb85341837,"gamejam com um tema bem interessante, que dá espaço para muitas ideias criativas",Secom
f0d8b18c-371e-4a9b-bc88-6efb85341837,"gamejam com um tema bem interessante, que dá espaço para muitas ideias criativas",Projetos
f0d8b18c-371e-4a9b-bc88-6efb85341837,"o único problema foi o tempo, porém realmente não há nada que possa ser feito nesse quesito",Tempo
f0d8b18c-371e-4a9b-bc88-6efb85341837,"o único problema foi o tempo, porém realmente não há nada que possa ser feito nesse quesito",Secom
f0d8b18c-371e-4a9b-bc88-6efb85341837,"o único problema foi o tempo, porém realmente não há nada que possa ser feito nesse quesito",Problema
f0d8b18c-371e-4a9b-bc88-6efb85341837,esperando os resultados da gamejam para saber quais jogos foram produzidos,Resultado
f0d8b18c-371e-4a9b-bc88-6efb85341837,esperando os resultados da gamejam para saber quais jogos foram produzidos,Jogos
19f49226-5a60-463b-85d3-ac562e4eddc4,"a secom desse ano foi perfeita, o philipe fez um ótimo trabalho",Secom
19f49226-5a60-463b-85d3-ac562e4eddc4,"a secom desse ano foi perfeita, o philipe fez um ótimo trabalho",Philipe
19f49226-5a60-463b-85d3-ac562e4eddc4,"a secom desse ano foi perfeita, o philipe fez um ótimo trabalho",Trabalho
f24a3531-506e-487a-84d2-614694703dfc,o lanche,Lanche
f24a3531-506e-487a-84d2-614694703dfc,curso muito bom,Curso
092f2a22-65fe-4b1e-a8de-356ce785cea3,muito bacana o minicurso,Minicurso
092f2a22-65fe-4b1e-a8de-356ce785cea3,não vejo a hora de começar o coffee-break,Tempo
092f2a22-65fe-4b1e-a8de-356ce785cea3,não vejo a hora de começar o coffee-break,Coffee
092f2a22-65fe-4b1e-a8de-356ce785cea3,mó fome,Fome
7833a43c-88df-41ce-9608-368ecac536a1,pro minicurso ficar 100% só falta um ar condicionado no lab 1,Minicurso
7833a43c-88df-41ce-9608-368ecac536a1,pro minicurso ficar 100% só falta um ar condicionado no lab 1,Laboratorios
daac9055-17a0-4775-bb21-9c0add9d45ec,o curso de ia está muito interessante,Curso
a8795f76-f29d-4a4e-ab33-de80f1fa7eaa,a maratona ontem foi uma verdadeira batalha,Batalha
a8795f76-f29d-4a4e-ab33-de80f1fa7eaa,a maratona ontem foi uma verdadeira batalha,Maratona
daac9055-17a0-4775-bb21-9c0add9d45ec,ansiosa para ver o resultado da game jam,Resultado
daac9055-17a0-4775-bb21-9c0add9d45ec,ansiosa para ver o resultado da game jam,Jogos
092f2a22-65fe-4b1e-a8de-356ce785cea3,quem será que vai ganhar a maratona,Maratona
a8795f76-f29d-4a4e-ab33-de80f1fa7eaa,os times da maratona deram tudo de si,Tempo
a8795f76-f29d-4a4e-ab33-de80f1fa7eaa,os times da maratona deram tudo de si,Maratona
daac9055-17a0-4775-bb21-9c0add9d45ec,será que o minascoders vai tá no pódio da maratona,Secom
daac9055-17a0-4775-bb21-9c0add9d45ec,será que o minascoders vai tá no pódio da maratona,Minascoders
daac9055-17a0-4775-bb21-9c0add9d45ec,será que o minascoders vai tá no pódio da maratona,Maratona
a8795f76-f29d-4a4e-ab33-de80f1fa7eaa,o lanche da maratona foi ótimo,Maratona
a8795f76-f29d-4a4e-ab33-de80f1fa7eaa,o lanche da maratona foi ótimo,Lanche
daac9055-17a0-4775-bb21-9c0add9d45ec,vamos ter melissa garota propaganda da claro de novo em 2025,Garota
daac9055-17a0-4775-bb21-9c0add9d45ec,vamos ter melissa garota propaganda da claro de novo em 2025,Lol
daac9055-17a0-4775-bb21-9c0add9d45ec,vamos ter melissa garota propaganda da claro de novo em 2025,Novo
a8795f76-f29d-4a4e-ab33-de80f1fa7eaa,os minicursos estão sendo incríveis,Minicurso
092f2a22-65fe-4b1e-a8de-356ce785cea3,quem será que vai ganhar a game jam,Jogos
3e72f254-acab-4aec-ad73-bf9dff9c21ad,minicurso muito legal,Minicurso
a8795f76-f29d-4a4e-ab33-de80f1fa7eaa,o minicurso de modelagem 3d é muito desafiador,Minicurso
a8795f76-f29d-4a4e-ab33-de80f1fa7eaa,o minicurso de modelagem 3d é muito desafiador,Oportunidade
a8795f76-f29d-4a4e-ab33-de80f1fa7eaa,o minicurso de modelagem 3d é muito desafiador,Modelagem
a8795f76-f29d-4a4e-ab33-de80f1fa7eaa,as tecnologias abordadas nos minicursos são incríveis,Minicurso
a8795f76-f29d-4a4e-ab33-de80f1fa7eaa,as tecnologias abordadas nos minicursos são incríveis,Engenharia
7833a43c-88df-41ce-9608-368ecac536a1,resultado da maratona vai ser no encerramento,Resultado
7833a43c-88df-41ce-9608-368ecac536a1,resultado da maratona vai ser no encerramento,Final
7833a43c-88df-41ce-9608-368ecac536a1,resultado da maratona vai ser no encerramento,Maratona
8f4c1ec8-e5ed-4ce2-90f1-84bbab673805,secom ficando mil vezes melhor com o anuncio da campus mobile hein,Tempo
8f4c1ec8-e5ed-4ce2-90f1-84bbab673805,secom ficando mil vezes melhor com o anuncio da campus mobile hein,Secom
8f4c1ec8-e5ed-4ce2-90f1-84bbab673805,secom ficando mil vezes melhor com o anuncio da campus mobile hein,Mobile
8f4c1ec8-e5ed-4ce2-90f1-84bbab673805,secom ficando mil vezes melhor com o anuncio da campus mobile hein,Curso
8f4c1ec8-e5ed-4ce2-90f1-84bbab673805,ansiosa pro encerramento,Final
3e72f254-acab-4aec-ad73-bf9dff9c21ad,"a secom está sendo muito boa, parabéns para comissão organizadora",Secom
219bdf7f-fa3a-4d8f-9e33-b83980cc7afb,vai ter continuação do camp de fifinha hj,Camp
219bdf7f-fa3a-4d8f-9e33-b83980cc7afb,vai ter continuação do camp de fifinha hj,Git
219bdf7f-fa3a-4d8f-9e33-b83980cc7afb,beat saber foi bom dms nmrl,Dms
219bdf7f-fa3a-4d8f-9e33-b83980cc7afb,beat saber foi bom dms nmrl,Beat
a8795f76-f29d-4a4e-ab33-de80f1fa7eaa,um café durante os minicursos era uma boa,Minicurso
a8795f76-f29d-4a4e-ab33-de80f1fa7eaa,um café durante os minicursos era uma boa,Coffee
8f4c1ec8-e5ed-4ce2-90f1-84bbab673805,quero só ver se vai ter a narração da final da maratona,Narracao
8f4c1ec8-e5ed-4ce2-90f1-84bbab673805,quero só ver se vai ter a narração da final da maratona,Final
8f4c1ec8-e5ed-4ce2-90f1-84bbab673805,quero só ver se vai ter a narração da final da maratona,Maratona
219bdf7f-fa3a-4d8f-9e33-b83980cc7afb,felipão mandou mto nessa secom👏👏👏👏👏,Secom
219bdf7f-fa3a-4d8f-9e33-b83980cc7afb,felipão mandou mto nessa secom👏👏👏👏👏,Mto
3e72f254-acab-4aec-ad73-bf9dff9c21ad,ansiosa para ver o resultado da maratona,Resultado
3e72f254-acab-4aec-ad73-bf9dff9c21ad,ansiosa para ver o resultado da maratona,Maratona
219bdf7f-fa3a-4d8f-9e33-b83980cc7afb,cancelaram aula de cálculo 🙏,Calculo
219bdf7f-fa3a-4d8f-9e33-b83980cc7afb,cancelaram aula de cálculo 🙏,Curso
219bdf7f-fa3a-4d8f-9e33-b83980cc7afb,hj lolzim vai ter narração,Narracao
219bdf7f-fa3a-4d8f-9e33-b83980cc7afb,hj lolzim vai ter narração,Lolzim
219bdf7f-fa3a-4d8f-9e33-b83980cc7afb,esse nmr do sorteio n tá bugado n,Secom
219bdf7f-fa3a-4d8f-9e33-b83980cc7afb,esse nmr do sorteio n tá bugado n,Nmr
7833a43c-88df-41ce-9608-368ecac536a1,"essa parte da gameficação adicionou muito pro mymobiconf, eu fico abrindo o app o tempo todo pra ver se tem missão kkkkk",Tempo
7833a43c-88df-41ce-9608-368ecac536a1,"essa parte da gameficação adicionou muito pro mymobiconf, eu fico abrindo o app o tempo todo pra ver se tem missão kkkkk",App
7833a43c-88df-41ce-9608-368ecac536a1,"essa parte da gameficação adicionou muito pro mymobiconf, eu fico abrindo o app o tempo todo pra ver se tem missão kkkkk",Secom
7833a43c-88df-41ce-9608-368ecac536a1,"essa parte da gameficação adicionou muito pro mymobiconf, eu fico abrindo o app o tempo todo pra ver se tem missão kkkkk",Jogos
3e72f254-acab-4aec-ad73-bf9dff9c21ad,muito legal o minicurso,Minicurso
99899b5a-eb3d-4d67-a64f-a143f824a709,aquela quedinha de energia só pra assustar no minicurso 👀,Minicurso
99899b5a-eb3d-4d67-a64f-a143f824a709,aquela quedinha de energia só pra assustar no minicurso 👀,Secom
99899b5a-eb3d-4d67-a64f-a143f824a709,aquela quedinha de energia só pra assustar no minicurso 👀,Energia
99899b5a-eb3d-4d67-a64f-a143f824a709,"a energia caiu nos três dias do evento, pelo menos uma vez 😅 philipe tá azarado, coitado",Secom
99899b5a-eb3d-4d67-a64f-a143f824a709,"a energia caiu nos três dias do evento, pelo menos uma vez 😅 philipe tá azarado, coitado",Energia
99899b5a-eb3d-4d67-a64f-a143f824a709,"a energia caiu nos três dias do evento, pelo menos uma vez 😅 philipe tá azarado, coitado",Falta
99899b5a-eb3d-4d67-a64f-a143f824a709,"a energia caiu nos três dias do evento, pelo menos uma vez 😅 philipe tá azarado, coitado",Philipe
d3028b07-211a-405d-9f82-13b8d82aeff8,torneio de fifa ontem foi muito bom,Fifa
d3028b07-211a-405d-9f82-13b8d82aeff8,torneio de fifa ontem foi muito bom,Torneio
d3028b07-211a-405d-9f82-13b8d82aeff8,pena que a queda de luz não deixou ter o mk1,Luz
d3028b07-211a-405d-9f82-13b8d82aeff8,pena que a queda de luz não deixou ter o mk1,Secom
d3028b07-211a-405d-9f82-13b8d82aeff8,pena que a queda de luz não deixou ter o mk1,Pena
d3028b07-211a-405d-9f82-13b8d82aeff8,pena que a queda de luz não deixou ter o mk1,Mk1
d3028b07-211a-405d-9f82-13b8d82aeff8,"maratona de programação super disputada, mal posso saber quem vai ganhar",Programacao
d3028b07-211a-405d-9f82-13b8d82aeff8,"maratona de programação super disputada, mal posso saber quem vai ganhar",Maratona
d3028b07-211a-405d-9f82-13b8d82aeff8,"minicurso de ia generativa, sensacional",Minicurso
78a0dc2a-07a3-41bb-a1a4-3731b2e51917,muito bom o minicurso,Minicurso
78a0dc2a-07a3-41bb-a1a4-3731b2e51917,muito bom o conteúdo do minicurso,Minicurso
78a0dc2a-07a3-41bb-a1a4-3731b2e51917,muito bom o conteúdo do minicurso,Secom
78a0dc2a-07a3-41bb-a1a4-3731b2e51917,pena que caiu a luz,Luz
78a0dc2a-07a3-41bb-a1a4-3731b2e51917,pena que caiu a luz,Pena
78a0dc2a-07a3-41bb-a1a4-3731b2e51917,internet doa laboratórios estava ruim,Internet
78a0dc2a-07a3-41bb-a1a4-3731b2e51917,internet doa laboratórios estava ruim,Laboratorios
78a0dc2a-07a3-41bb-a1a4-3731b2e51917,quero brinde hojeeee,Secom
78a0dc2a-07a3-41bb-a1a4-3731b2e51917,ansioso pelo coffe break,Coffe
61b2f3d3-4265-4ca1-bf48-f6fb75a5348f,"prática muito boa, divertida",Processo
78a0dc2a-07a3-41bb-a1a4-3731b2e51917,hj da mc agenda,Agenda
64a69630-bdc5-4e29-9090-492d31a34e0d,meu boneco 3d ficou top,Boneco
d3028b07-211a-405d-9f82-13b8d82aeff8,faltou um ar nos laboratórios ein,Secom
d3028b07-211a-405d-9f82-13b8d82aeff8,faltou um ar nos laboratórios ein,Laboratorios
d3028b07-211a-405d-9f82-13b8d82aeff8,que calor absurdo 🥵,Calor
d3028b07-211a-405d-9f82-13b8d82aeff8,"a internet no campus ja foi ruim antes, hoje parece pior",Internet
d3028b07-211a-405d-9f82-13b8d82aeff8,"a internet no campus ja foi ruim antes, hoje parece pior",Curso
f24a3531-506e-487a-84d2-614694703dfc,minicursos muito bons,Minicurso
f24a3531-506e-487a-84d2-614694703dfc,internet ruim,Internet
f24a3531-506e-487a-84d2-614694703dfc,o lanche em,Lanche
f24a3531-506e-487a-84d2-614694703dfc,vou ganhar o sorteio,Secom
61b2f3d3-4265-4ca1-bf48-f6fb75a5348f,"sobre o evento como um todo, os brindes foram muito bons",Secom
d3028b07-211a-405d-9f82-13b8d82aeff8,essas quests do app estão um pouco repetitivas,App
d3028b07-211a-405d-9f82-13b8d82aeff8,essas quests do app estão um pouco repetitivas,Quests
d3028b07-211a-405d-9f82-13b8d82aeff8,essas quests do app estão um pouco repetitivas,Repetitivas
61b2f3d3-4265-4ca1-bf48-f6fb75a5348f,"achei pouca a quantidade de coffe breaks no evento, apesar de entender que o orçamento possivelmente está apertado",Coffe
61b2f3d3-4265-4ca1-bf48-f6fb75a5348f,"achei pouca a quantidade de coffe breaks no evento, apesar de entender que o orçamento possivelmente está apertado",Orcamento
61b2f3d3-4265-4ca1-bf48-f6fb75a5348f,"achei pouca a quantidade de coffe breaks no evento, apesar de entender que o orçamento possivelmente está apertado",Numero
61b2f3d3-4265-4ca1-bf48-f6fb75a5348f,ótima oportunidade para interagir com pessoas de fora do campus,Secom
61b2f3d3-4265-4ca1-bf48-f6fb75a5348f,ótima oportunidade para interagir com pessoas de fora do campus,Oportunidade
61b2f3d3-4265-4ca1-bf48-f6fb75a5348f,ótima oportunidade para interagir com pessoas de fora do campus,Curso
d3028b07-211a-405d-9f82-13b8d82aeff8,meu ssd chora com esses modelos de ia para gerar imagens,Ssd
d3028b07-211a-405d-9f82-13b8d82aeff8,meu ssd chora com esses modelos de ia para gerar imagens,Fotografo
d3028b07-211a-405d-9f82-13b8d82aeff8,meu ssd chora com esses modelos de ia para gerar imagens,Modelagem
d3028b07-211a-405d-9f82-13b8d82aeff8,ainda quero saber qual o shampoo do patrick,Shampoo
d3028b07-211a-405d-9f82-13b8d82aeff8,ainda quero saber qual o shampoo do patrick,Patrick
61b2f3d3-4265-4ca1-bf48-f6fb75a5348f,incrível as imensas possibilidades no uso dos modelos de ia generativa com comfyui,Oportunidade
61b2f3d3-4265-4ca1-bf48-f6fb75a5348f,incrível as imensas possibilidades no uso dos modelos de ia generativa com comfyui,Uso
61b2f3d3-4265-4ca1-bf48-f6fb75a5348f,incrível as imensas possibilidades no uso dos modelos de ia generativa com comfyui,Modelagem
4a38eef3-4375-45b4-b386-649cb518c20b,po blender eh maneirinho slk,Secom
61b2f3d3-4265-4ca1-bf48-f6fb75a5348f,imaginei ter uma visão mais voltada pra desenvolvimento de ias generativas com esse minicurso,Minicurso
61b2f3d3-4265-4ca1-bf48-f6fb75a5348f,imaginei ter uma visão mais voltada pra desenvolvimento de ias generativas com esse minicurso,Secom
61b2f3d3-4265-4ca1-bf48-f6fb75a5348f,imaginei ter uma visão mais voltada pra desenvolvimento de ias generativas com esse minicurso,Desenvolvimento
61b2f3d3-4265-4ca1-bf48-f6fb75a5348f,"entretanto, apesar da proposta não ser a que eu esperava, o curso foi bem proveitoso",Projetos
61b2f3d3-4265-4ca1-bf48-f6fb75a5348f,"entretanto, apesar da proposta não ser a que eu esperava, o curso foi bem proveitoso",Curso
61b2f3d3-4265-4ca1-bf48-f6fb75a5348f,"contextualizados, uma pena que só posso fazer comentários de 200 caracteres",Caracteres
61b2f3d3-4265-4ca1-bf48-f6fb75a5348f,"contextualizados, uma pena que só posso fazer comentários de 200 caracteres",Pena
8f243416-db6e-4185-8133-0e0433d6c30a,otimo minicurso de modelagem 3d,Minicurso
8f243416-db6e-4185-8133-0e0433d6c30a,otimo minicurso de modelagem 3d,Modelagem
226440c8-ce0c-42b8-a37b-8435e915955d,a secom está sendo incrível,Secom
61b2f3d3-4265-4ca1-bf48-f6fb75a5348f,doido demais o treinamento de ia a partir de um ruido aleatório,Git
61b2f3d3-4265-4ca1-bf48-f6fb75a5348f,doido demais o treinamento de ia a partir de um ruido aleatório,Aleatorio
61b2f3d3-4265-4ca1-bf48-f6fb75a5348f,doido demais o treinamento de ia a partir de um ruido aleatório,Treinamento
226440c8-ce0c-42b8-a37b-8435e915955d,"triste que esta acabando, poderia durar mais dias akkaakka",Secom
226440c8-ce0c-42b8-a37b-8435e915955d,queria ver os trabalhos dos participantes da gamejan,Jogos
226440c8-ce0c-42b8-a37b-8435e915955d,queria ver os trabalhos dos participantes da gamejan,Participantes
226440c8-ce0c-42b8-a37b-8435e915955d,queria ver os trabalhos dos participantes da gamejan,Trabalho
092f2a22-65fe-4b1e-a8de-356ce785cea3,atrasar o final,Final
092f2a22-65fe-4b1e-a8de-356ce785cea3,o coffee-break foi triste demais 😢,Coffee
226440c8-ce0c-42b8-a37b-8435e915955d,ansiosa pelo coffe break,Coffe
61b2f3d3-4265-4ca1-bf48-f6fb75a5348f,"as palestras foram inspiradoras, especialmente sobre ia,",Palestra
61b2f3d3-4265-4ca1-bf48-f6fb75a5348f,"poderiam ter aprofundado em uma parte mais útil para a nossa formação, sem generalizar muito",Secom
a8795f76-f29d-4a4e-ab33-de80f1fa7eaa,um energético seria excelente agora,Energia
61b2f3d3-4265-4ca1-bf48-f6fb75a5348f,o torneio de,Torneio
61b2f3d3-4265-4ca1-bf48-f6fb75a5348f,"-sports foi uma ótima ideia para integração, trazer alunos de fora do campus trouxe uma ótima oportunidade de se conectar com outras pessoas",Projetos
61b2f3d3-4265-4ca1-bf48-f6fb75a5348f,"-sports foi uma ótima ideia para integração, trazer alunos de fora do campus trouxe uma ótima oportunidade de se conectar com outras pessoas",Secom
61b2f3d3-4265-4ca1-bf48-f6fb75a5348f,"-sports foi uma ótima ideia para integração, trazer alunos de fora do campus trouxe uma ótima oportunidade de se conectar com outras pessoas",Oportunidade
61b2f3d3-4265-4ca1-bf48-f6fb75a5348f,"-sports foi uma ótima ideia para integração, trazer alunos de fora do campus trouxe uma ótima oportunidade de se conectar com outras pessoas",Curso
61b2f3d3-4265-4ca1-bf48-f6fb75a5348f,"-sports foi uma ótima ideia para integração, trazer alunos de fora do campus trouxe uma ótima oportunidade de se conectar com outras pessoas",Interacao
61b2f3d3-4265-4ca1-bf48-f6fb75a5348f,"-sports foi uma ótima ideia para integração, trazer alunos de fora do campus trouxe uma ótima oportunidade de se conectar com outras pessoas",Fifa
a8795f76-f29d-4a4e-ab33-de80f1fa7eaa,ansioso para o resultado da maratona,Resultado
a8795f76-f29d-4a4e-ab33-de80f1fa7eaa,ansioso para o resultado da maratona,Maratona
a8795f76-f29d-4a4e-ab33-de80f1fa7eaa,a final do lol vai ser incrível,Final
a8795f76-f29d-4a4e-ab33-de80f1fa7eaa,a final do lol vai ser incrível,Lol
61b2f3d3-4265-4ca1-bf48-f6fb75a5348f,a qualidade dos lanches servidos nos coffe breaks está excepcional,Coffe
61b2f3d3-4265-4ca1-bf48-f6fb75a5348f,a qualidade dos lanches servidos nos coffe breaks está excepcional,Qualidade
61b2f3d3-4265-4ca1-bf48-f6fb75a5348f,a qualidade dos lanches servidos nos coffe breaks está excepcional,Lanche
8f243416-db6e-4185-8133-0e0433d6c30a,hoje a internet contribuiu,Internet
61b2f3d3-4265-4ca1-bf48-f6fb75a5348f,hoje a oktopus gaming vai aprender por que a premiação do segundo lugar existe,Secom
61b2f3d3-4265-4ca1-bf48-f6fb75a5348f,hoje a oktopus gaming vai aprender por que a premiação do segundo lugar existe,Oktopus
61b2f3d3-4265-4ca1-bf48-f6fb75a5348f,hoje a oktopus gaming vai aprender por que a premiação do segundo lugar existe,Jogos
8f243416-db6e-4185-8133-0e0433d6c30a,tomara que tenha sorte no sorteio,Secom
8f243416-db6e-4185-8133-0e0433d6c30a,tomara que tenha sorte no sorteio,Labs
7568d4e3-7c42-4c07-9246-161f8f144017,nossa que droga a energia ficar caindo sempre,Droga
7568d4e3-7c42-4c07-9246-161f8f144017,nossa que droga a energia ficar caindo sempre,Energia
4a38eef3-4375-45b4-b386-649cb518c20b,a luz ta como,Luz
4a38eef3-4375-45b4-b386-649cb518c20b,quero sorteio,Secom
8f4c1ec8-e5ed-4ce2-90f1-84bbab673805,cade o coffe break,Coffe
8f4c1ec8-e5ed-4ce2-90f1-84bbab673805,cade o coffe break,Cade
8f4c1ec8-e5ed-4ce2-90f1-84bbab673805,essa luz que nao para de cair,Luz
8f4c1ec8-e5ed-4ce2-90f1-84bbab673805,ngm merece essa energia de florestal,Energia
8f4c1ec8-e5ed-4ce2-90f1-84bbab673805,ngm merece essa energia de florestal,Nmr
8f4c1ec8-e5ed-4ce2-90f1-84bbab673805,ngm merece essa energia de florestal,Florestal
b9ce085c-74f8-412e-8a55-1391f0867ebd,foi muito legal essa edição da secom,Apito
b9ce085c-74f8-412e-8a55-1391f0867ebd,foi muito legal essa edição da secom,Secom
db3fa0bb-880f-4501-90a0-33595a9c9087,calor d+,Calor
b6692dfb-d9b8-409b-ac8e-4ffe98e5a57b,minicurso muito bom,Minicurso
883f6e71-d69f-4eb4-8791-f3f68ee15315,só pra parabenizar a stela pelo mini curso,Minicurso
883f6e71-d69f-4eb4-8791-f3f68ee15315,só pra parabenizar a stela pelo mini curso,Stela
883f6e71-d69f-4eb4-8791-f3f68ee15315,só pra parabenizar a stela pelo mini curso,Curso
b6692dfb-d9b8-409b-ac8e-4ffe98e5a57b,tive alguns problemas com o espaço disponível do meu hd para o minicurso de ia,Minicurso
b6692dfb-d9b8-409b-ac8e-4ffe98e5a57b,tive alguns problemas com o espaço disponível do meu hd para o minicurso de ia,Secom
b6692dfb-d9b8-409b-ac8e-4ffe98e5a57b,tive alguns problemas com o espaço disponível do meu hd para o minicurso de ia,Problema
883f6e71-d69f-4eb4-8791-f3f68ee15315,equipe mmc de parabéns,Ufv
883f6e71-d69f-4eb4-8791-f3f68ee15315,equipe mmc de parabéns,Equipe
f0158b5a-82ff-410c-81f2-d51f7e345b45,"a gamejam foi muito legal, tem que ter todo ano",Jogos
b6692dfb-d9b8-409b-ac8e-4ffe98e5a57b,coffe break é sensacional,Coffe
883f6e71-d69f-4eb4-8791-f3f68ee15315,coment,Material
b6692dfb-d9b8-409b-ac8e-4ffe98e5a57b,esse pessoal do lanche tem que vir todo ano,Secom
b6692dfb-d9b8-409b-ac8e-4ffe98e5a57b,esse pessoal do lanche tem que vir todo ano,Lanche
092f2a22-65fe-4b1e-a8de-356ce785cea3,"tô com fome, quero merendar 🎶",Fome
b6692dfb-d9b8-409b-ac8e-4ffe98e5a57b,ansioso pelo sorteio,Secom
47f0857b-7373-4457-b034-4eca2ed5efd9,botafogo,Secom
b6692dfb-d9b8-409b-ac8e-4ffe98e5a57b,a secom desse ano está sensacional,Secom
47f0857b-7373-4457-b034-4eca2ed5efd9,ansioso pelos prêmios,Campeonato
d0881343-b903-4573-aee3-c821f2e201de,a maratona foi muito boa,Maratona
47f0857b-7373-4457-b034-4eca2ed5efd9,palestras muitos produtivas,Palestra
47f0857b-7373-4457-b034-4eca2ed5efd9,palestras muitos produtivas,Desenvolvimento
d0881343-b903-4573-aee3-c821f2e201de,gostei muito dos mini cursos,Minicurso
4a38eef3-4375-45b4-b386-649cb518c20b,to cao fome 🤤🤤,Secom
1b9ccae9-78fb-402b-9460-40ccad1af251,a energia ontem na game jam acabou com tudo,Secom
1b9ccae9-78fb-402b-9460-40ccad1af251,a energia ontem na game jam acabou com tudo,Energia
1b9ccae9-78fb-402b-9460-40ccad1af251,a energia ontem na game jam acabou com tudo,Jogos
d0881343-b903-4573-aee3-c821f2e201de,a secom esse ano esta muito boa,Secom
30a1d1e4-da0d-4f67-9908-6bc16a47ebc4,estou ansioso para o coffee break :d,Break
30a1d1e4-da0d-4f67-9908-6bc16a47ebc4,estou ansioso para o coffee break :d,Coffee
1b9ccae9-78fb-402b-9460-40ccad1af251,ansioso para saber o resultado da gamejam,Resultado
1b9ccae9-78fb-402b-9460-40ccad1af251,ansioso para saber o resultado da gamejam,Jogos
1b9ccae9-78fb-402b-9460-40ccad1af251,a barriga ja esta roncando esperando peo coffe break,Coffe
1b9ccae9-78fb-402b-9460-40ccad1af251,a barriga ja esta roncando esperando peo coffe break,Secom
1b9ccae9-78fb-402b-9460-40ccad1af251,a barriga ja esta roncando esperando peo coffe break,Pena
13c63d6c-e94d-4b8b-829b-3a6f523ac131,minicurso de blender sensacional,Minicurso
8aed64cf-df9c-4421-bff3-6c07fee239b1,"ainda com as quedas de luz, o minicurso continuou firme",Luz
8aed64cf-df9c-4421-bff3-6c07fee239b1,"ainda com as quedas de luz, o minicurso continuou firme",Minicurso
8aed64cf-df9c-4421-bff3-6c07fee239b1,"ainda com as quedas de luz, o minicurso continuou firme",Secom
30a1d1e4-da0d-4f67-9908-6bc16a47ebc4,adorei o curso sobre docker,Docker
30a1d1e4-da0d-4f67-9908-6bc16a47ebc4,adorei o curso sobre docker,Curso
4a38eef3-4375-45b4-b386-649cb518c20b,docker tava bao tbm,Docker
4a38eef3-4375-45b4-b386-649cb518c20b,docker tava bao tbm,Secom
4a38eef3-4375-45b4-b386-649cb518c20b,docker tava bao tbm,Tbm
13c63d6c-e94d-4b8b-829b-3a6f523ac131,ansioso para os sorteios,Secom
8aa87b6a-2c98-49aa-a2bf-45a61166e7e7,time a seta representou,Tempo
8aa87b6a-2c98-49aa-a2bf-45a61166e7e7,time a seta representou,Secom
311c27a8-5c81-4b58-a7b6-27f29c34ac6f,espero ganhar brindes no sorteio,Secom
1b9ccae9-78fb-402b-9460-40ccad1af251,n'ao de pra baixar as coisas do curso de ia antes /-/) triste dms,/-/
1b9ccae9-78fb-402b-9460-40ccad1af251,n'ao de pra baixar as coisas do curso de ia antes /-/) triste dms,Secom
1b9ccae9-78fb-402b-9460-40ccad1af251,n'ao de pra baixar as coisas do curso de ia antes /-/) triste dms,Dms
1b9ccae9-78fb-402b-9460-40ccad1af251,n'ao de pra baixar as coisas do curso de ia antes /-/) triste dms,Curso
13c63d6c-e94d-4b8b-829b-3a6f523ac131,qual o shampoo que o patrick usa,Shampoo
13c63d6c-e94d-4b8b-829b-3a6f523ac131,qual o shampoo que o patrick usa,Patrick
8aed64cf-df9c-4421-bff3-6c07fee239b1,um pouco triste que ninguém escolheu aang: o último dominador de ar como animação favorita no minicurso de interface web,Minicurso
8aed64cf-df9c-4421-bff3-6c07fee239b1,um pouco triste que ninguém escolheu aang: o último dominador de ar como animação favorita no minicurso de interface web,Animacao
8aed64cf-df9c-4421-bff3-6c07fee239b1,um pouco triste que ninguém escolheu aang: o último dominador de ar como animação favorita no minicurso de interface web,Interface
8aed64cf-df9c-4421-bff3-6c07fee239b1,um pouco triste que ninguém escolheu aang: o último dominador de ar como animação favorita no minicurso de interface web,Secom
8aed64cf-df9c-4421-bff3-6c07fee239b1,um pouco triste que ninguém escolheu aang: o último dominador de ar como animação favorita no minicurso de interface web,Pena
8aed64cf-df9c-4421-bff3-6c07fee239b1,um pouco triste que ninguém escolheu aang: o último dominador de ar como animação favorita no minicurso de interface web,Apito
8aa87b6a-2c98-49aa-a2bf-45a61166e7e7,campeonato de cs que ficou faltando,Campeonato
1b9ccae9-78fb-402b-9460-40ccad1af251,cade a ic de geração de imagens com ia,Secom
1b9ccae9-78fb-402b-9460-40ccad1af251,cade a ic de geração de imagens com ia,Fotografo
1b9ccae9-78fb-402b-9460-40ccad1af251,cade a ic de geração de imagens com ia,Cade
8aed64cf-df9c-4421-bff3-6c07fee239b1,ansioso pelo coffee break,Break
8aed64cf-df9c-4421-bff3-6c07fee239b1,ansioso pelo coffee break,Coffee
8aa87b6a-2c98-49aa-a2bf-45a61166e7e7,campeonato de valorant foi muito top,Valorant
8aa87b6a-2c98-49aa-a2bf-45a61166e7e7,campeonato de valorant foi muito top,Campeonato
8aa87b6a-2c98-49aa-a2bf-45a61166e7e7,curti demais a palestra do letras,Secom
8aa87b6a-2c98-49aa-a2bf-45a61166e7e7,curti demais a palestra do letras,Palestra
13c63d6c-e94d-4b8b-829b-3a6f523ac131,coffe breaks sensacionais,Coffe
d0881343-b903-4573-aee3-c821f2e201de,aa figurinhas do git estavam fodas,Animacao
d0881343-b903-4573-aee3-c821f2e201de,aa figurinhas do git estavam fodas,Git
8aa87b6a-2c98-49aa-a2bf-45a61166e7e7,lanche tava top dms,Dms
1b9ccae9-78fb-402b-9460-40ccad1af251,coffe break,Coffe
f0158b5a-82ff-410c-81f2-d51f7e345b45,o minicurso de blender foi muito daora,Minicurso
f0158b5a-82ff-410c-81f2-d51f7e345b45,o minicurso de blender foi muito daora,Secom
13c63d6c-e94d-4b8b-829b-3a6f523ac131,bora para essa final de lol,Final
13c63d6c-e94d-4b8b-829b-3a6f523ac131,bora para essa final de lol,Lol
311c27a8-5c81-4b58-a7b6-27f29c34ac6f,foi muito legal acompanhar o campeonato o esports,Campeonato
311c27a8-5c81-4b58-a7b6-27f29c34ac6f,foi muito legal acompanhar o campeonato o esports,Fifa
1b9ccae9-78fb-402b-9460-40ccad1af251,adorei o sandro,Secom
1b9ccae9-78fb-402b-9460-40ccad1af251,otimo mini curso,Minicurso
1b9ccae9-78fb-402b-9460-40ccad1af251,otimo mini curso,Curso
47f0857b-7373-4457-b034-4eca2ed5efd9,coffee brake melhor hora,Tempo
47f0857b-7373-4457-b034-4eca2ed5efd9,coffee brake melhor hora,Brake
13c63d6c-e94d-4b8b-829b-3a6f523ac131,qual patrick o shampoo usa,Shampoo
88254066-58d3-4049-ac9d-5b393c178080,melhor edição da secom,Apito
88254066-58d3-4049-ac9d-5b393c178080,melhor edição da secom,Secom
47f0857b-7373-4457-b034-4eca2ed5efd9,o atlético vai cair,Fifa
f0158b5a-82ff-410c-81f2-d51f7e345b45,se a luz cair durante a final é wo na okt né,Luz
f0158b5a-82ff-410c-81f2-d51f7e345b45,se a luz cair durante a final é wo na okt né,Final
f0158b5a-82ff-410c-81f2-d51f7e345b45,se a luz cair durante a final é wo na okt né,Secom
311c27a8-5c81-4b58-a7b6-27f29c34ac6f,a camisa sa secom ficou muito boa,Camisa
88254066-58d3-4049-ac9d-5b393c178080,mymobiconf salvou demais,Mymobiconf
8aed64cf-df9c-4421-bff3-6c07fee239b1,qual o preparo capilar do patrick para a final de lol da secom,Final
8aed64cf-df9c-4421-bff3-6c07fee239b1,qual o preparo capilar do patrick para a final de lol da secom,Secom
8aed64cf-df9c-4421-bff3-6c07fee239b1,qual o preparo capilar do patrick para a final de lol da secom,Lol
8aed64cf-df9c-4421-bff3-6c07fee239b1,qual o preparo capilar do patrick para a final de lol da secom,Patrick
88254066-58d3-4049-ac9d-5b393c178080,a troca dos horários no último dia foi meio paia,Troca
88254066-58d3-4049-ac9d-5b393c178080,a troca dos horários no último dia foi meio paia,Horario
f0158b5a-82ff-410c-81f2-d51f7e345b45,programação dessa secom foi bala demais,Programacao
f0158b5a-82ff-410c-81f2-d51f7e345b45,programação dessa secom foi bala demais,Secom
1b9ccae9-78fb-402b-9460-40ccad1af251,pena que o curso do sandro acabou ;-; adorei as artes dele,Estetica
1b9ccae9-78fb-402b-9460-40ccad1af251,pena que o curso do sandro acabou ;-; adorei as artes dele,Secom
1b9ccae9-78fb-402b-9460-40ccad1af251,pena que o curso do sandro acabou ;-; adorei as artes dele,Pena
1b9ccae9-78fb-402b-9460-40ccad1af251,pena que o curso do sandro acabou ;-; adorei as artes dele,Curso
88254066-58d3-4049-ac9d-5b393c178080,palestras muito boas no dia da indústria,Palestra
88254066-58d3-4049-ac9d-5b393c178080,palestras muito boas no dia da indústria,Empresa
f0158b5a-82ff-410c-81f2-d51f7e345b45,cadê o coffee break,Break
f0158b5a-82ff-410c-81f2-d51f7e345b45,cadê o coffee break,Coffee
226440c8-ce0c-42b8-a37b-8435e915955d,a melhor parte é o encerramento,Final
226440c8-ce0c-42b8-a37b-8435e915955d,a melhor parte é o encerramento,Secom
226440c8-ce0c-42b8-a37b-8435e915955d,triste pelo último coffe break :(,Coffe
88254066-58d3-4049-ac9d-5b393c178080,palestras muito importantes,Palestra
88254066-58d3-4049-ac9d-5b393c178080,coffee break foi muito bom,Break
88254066-58d3-4049-ac9d-5b393c178080,ansioso pelo sorteio,Secom
1b9ccae9-78fb-402b-9460-40ccad1af251,gooogle deep dream nem lembrava,Gooogle
1b9ccae9-78fb-402b-9460-40ccad1af251,gooogle deep dream nem lembrava,Deep
88254066-58d3-4049-ac9d-5b393c178080,espero q o servidor funcione,Servidor
1b9ccae9-78fb-402b-9460-40ccad1af251,"mostrei o poc pro sandro, aprovado 🤝",Pro
1b9ccae9-78fb-402b-9460-40ccad1af251,"mostrei o poc pro sandro, aprovado 🤝",Falta
1b9ccae9-78fb-402b-9460-40ccad1af251,"mostrei o poc pro sandro, aprovado 🤝",Secom
7cf13434-76d6-4046-96fd-1cfd9d429282,partiu sampa,Milho
88254066-58d3-4049-ac9d-5b393c178080,o número de comentarios foi meio demais,Numero
513987ee-1026-4bd4-93aa-9d89d6d5bad4,maratona foi zika,Maratona
1b9ccae9-78fb-402b-9460-40ccad1af251,ansioso pelos premios do my mob conf em 😳,Campeonato
1b9ccae9-78fb-402b-9460-40ccad1af251,ansioso pelos premios do my mob conf em 😳,Mob
f0158b5a-82ff-410c-81f2-d51f7e345b45,qual o shampoo do douglas,Shampoo
f0158b5a-82ff-410c-81f2-d51f7e345b45,qual o shampoo do douglas,Secom
513987ee-1026-4bd4-93aa-9d89d6d5bad4,esse dulol tá sem limites,Falta
513987ee-1026-4bd4-93aa-9d89d6d5bad4,esse dulol tá sem limites,Limitador
88254066-58d3-4049-ac9d-5b393c178080,acho q o servidor não tá aguentando o número de usuários de uma vez,Usuario
88254066-58d3-4049-ac9d-5b393c178080,acho q o servidor não tá aguentando o número de usuários de uma vez,Servidor
88254066-58d3-4049-ac9d-5b393c178080,acho q o servidor não tá aguentando o número de usuários de uma vez,Numero
1b9ccae9-78fb-402b-9460-40ccad1af251,quem tava na game jam vai ganhar bolsa copo,Secom
1b9ccae9-78fb-402b-9460-40ccad1af251,quem tava na game jam vai ganhar bolsa copo,Bolsa
1b9ccae9-78fb-402b-9460-40ccad1af251,quem tava na game jam vai ganhar bolsa copo,Jogos
1b9ccae9-78fb-402b-9460-40ccad1af251,pin da sydle,Sydle
513987ee-1026-4bd4-93aa-9d89d6d5bad4,minicurso de blender foi foda,Minicurso
513987ee-1026-4bd4-93aa-9d89d6d5bad4,minicurso de blender foi foda,Lol
513987ee-1026-4bd4-93aa-9d89d6d5bad4,camiseta maravilhosa,Camisa
1b9ccae9-78fb-402b-9460-40ccad1af251,se a jam fosse em outro dia podia ter ido na palestra do studio sol ;-;,Secom
1b9ccae9-78fb-402b-9460-40ccad1af251,se a jam fosse em outro dia podia ter ido na palestra do studio sol ;-;,Palestra
1b9ccae9-78fb-402b-9460-40ccad1af251,se a jam fosse em outro dia podia ter ido na palestra do studio sol ;-;,Sol
1b9ccae9-78fb-402b-9460-40ccad1af251,se a jam fosse em outro dia podia ter ido na palestra do studio sol ;-;,Studiosol
f0158b5a-82ff-410c-81f2-d51f7e345b45,adorei a secom,Secom
513987ee-1026-4bd4-93aa-9d89d6d5bad4,isadora tá solteira,Secom
513987ee-1026-4bd4-93aa-9d89d6d5bad4,me contrata sydle,Sydle
8aa87b6a-2c98-49aa-a2bf-45a61166e7e7,time a seta mandou demais,Tempo
8aa87b6a-2c98-49aa-a2bf-45a61166e7e7,time a seta mandou demais,Secom
513987ee-1026-4bd4-93aa-9d89d6d5bad4,quero entrar na levty,Secom
8aa87b6a-2c98-49aa-a2bf-45a61166e7e7,infelizmente a luz acabou durante o fifa,Luz
8aa87b6a-2c98-49aa-a2bf-45a61166e7e7,infelizmente a luz acabou durante o fifa,Fifa
1b9ccae9-78fb-402b-9460-40ccad1af251,coquinha gelada :p,Coffe
513987ee-1026-4bd4-93aa-9d89d6d5bad4,fanta no coffe break pfvr,Coffe
513987ee-1026-4bd4-93aa-9d89d6d5bad4,fanta no coffe break pfvr,Ufv
513987ee-1026-4bd4-93aa-9d89d6d5bad4,thais pra presidente já,Thais
513987ee-1026-4bd4-93aa-9d89d6d5bad4,thais pra presidente já,Presidente
e539ea11-2f5f-48c0-8cd6-f269dd6ed844,tragam mais conteúdo de modelagem 3d,Modelagem
780e911b-3537-4deb-8eae-0ce33981b3d2,qual shampoo o patrick usa,Patrick
88254066-58d3-4049-ac9d-5b393c178080,excelente minicurso de 3d,Minicurso
8aa87b6a-2c98-49aa-a2bf-45a61166e7e7,faltou apenas o campeonato de cs,Campeonato
513987ee-1026-4bd4-93aa-9d89d6d5bad4,califórnia girls solou,California
780e911b-3537-4deb-8eae-0ce33981b3d2,qual patrick o shampoo usa,Shampoo
780e911b-3537-4deb-8eae-0ce33981b3d2,entrei na levty,Secom
e539ea11-2f5f-48c0-8cd6-f269dd6ed844,os minicursos deveriam ter mais tempo,Tempo
e539ea11-2f5f-48c0-8cd6-f269dd6ed844,os minicursos deveriam ter mais tempo,Minicurso
513987ee-1026-4bd4-93aa-9d89d6d5bad4,game jam cansou tá,Secom
513987ee-1026-4bd4-93aa-9d89d6d5bad4,game jam cansou tá,Jogos
780e911b-3537-4deb-8eae-0ce33981b3d2,"venham para o lesc, a ic de hardware trojan é bala",Ufv
780e911b-3537-4deb-8eae-0ce33981b3d2,"venham para o lesc, a ic de hardware trojan é bala",Informatica
780e911b-3537-4deb-8eae-0ce33981b3d2,"venham para o lesc, a ic de hardware trojan é bala",Secom
780e911b-3537-4deb-8eae-0ce33981b3d2,"venham para o lesc, a ic de hardware trojan é bala",Trojan
e539ea11-2f5f-48c0-8cd6-f269dd6ed844,a secom poderia durar uma semana inteira,Semana
e539ea11-2f5f-48c0-8cd6-f269dd6ed844,a secom poderia durar uma semana inteira,Falta
e539ea11-2f5f-48c0-8cd6-f269dd6ed844,ótima secom,Secom
513987ee-1026-4bd4-93aa-9d89d6d5bad4,letras me contrata,Secom
513987ee-1026-4bd4-93aa-9d89d6d5bad4,campeonato de fifa foi zika,Campeonato
513987ee-1026-4bd4-93aa-9d89d6d5bad4,campeonato de fifa foi zika,Fifa
8aed64cf-df9c-4421-bff3-6c07fee239b1,esperando muito pela final de lol,Final
8aed64cf-df9c-4421-bff3-6c07fee239b1,esperando muito pela final de lol,Lol
8aa87b6a-2c98-49aa-a2bf-45a61166e7e7,muito legal a secom,Secom
1b9ccae9-78fb-402b-9460-40ccad1af251,fazer o poc ;-;,Falta
8aa87b6a-2c98-49aa-a2bf-45a61166e7e7,a secom do ano que bem vai ser bacana demais,Secom
780e911b-3537-4deb-8eae-0ce33981b3d2,a ufv precisa melhorar essa internet,Internet
780e911b-3537-4deb-8eae-0ce33981b3d2,a ufv precisa melhorar essa internet,Ufv
8cc85085-4ed1-41f9-8428-601245633664,o minicurso foi super divertido,Minicurso
8aed64cf-df9c-4421-bff3-6c07fee239b1,andar pelo campus de noite,Luz
8aed64cf-df9c-4421-bff3-6c07fee239b1,andar pelo campus de noite,Curso
8aed64cf-df9c-4421-bff3-6c07fee239b1,sem luz foi uma experiência,Luz
8aed64cf-df9c-4421-bff3-6c07fee239b1,sem luz foi uma experiência,Experiencia
8aed64cf-df9c-4421-bff3-6c07fee239b1,task finalizada,Atividades
e539ea11-2f5f-48c0-8cd6-f269dd6ed844,ótima palestra,Palestra
8aa87b6a-2c98-49aa-a2bf-45a61166e7e7,muito boa a programação da secom,Programacao
8aa87b6a-2c98-49aa-a2bf-45a61166e7e7,muito boa a programação da secom,Secom
8cc85085-4ed1-41f9-8428-601245633664,as palestras do primeiro dia foram super importante para  o meu aprendizado,Conhecimento
8cc85085-4ed1-41f9-8428-601245633664,as palestras do primeiro dia foram super importante para  o meu aprendizado,Palestra
e539ea11-2f5f-48c0-8cd6-f269dd6ed844,brinds legais,Labs
8aa87b6a-2c98-49aa-a2bf-45a61166e7e7,a palestra da letras foi boa demais,Secom
8aa87b6a-2c98-49aa-a2bf-45a61166e7e7,a palestra da letras foi boa demais,Palestra
e539ea11-2f5f-48c0-8cd6-f269dd6ed844,queda de luz foi um problema,Luz
e539ea11-2f5f-48c0-8cd6-f269dd6ed844,queda de luz foi um problema,Secom
e539ea11-2f5f-48c0-8cd6-f269dd6ed844,queda de luz foi um problema,Problema
ad08e116-810d-4533-a7c6-9782fcb55f6d,final de secom,Final
ad08e116-810d-4533-a7c6-9782fcb55f6d,final de secom,Secom
e539ea11-2f5f-48c0-8cd6-f269dd6ed844,um coffee break por dia é pouco,Break
e539ea11-2f5f-48c0-8cd6-f269dd6ed844,um coffee break por dia é pouco,Coffee
e539ea11-2f5f-48c0-8cd6-f269dd6ed844,coloquem café no coffe break,Coffe
e539ea11-2f5f-48c0-8cd6-f269dd6ed844,coloquem café no coffe break,Coffee
780e911b-3537-4deb-8eae-0ce33981b3d2,coffee break está ótimo estava com mt fome,Fome
780e911b-3537-4deb-8eae-0ce33981b3d2,coffee break está ótimo estava com mt fome,Break
47cacf3f-e0f2-421b-a645-5e0efd6cc615,que venha o sorteio kk,Secom
780e911b-3537-4deb-8eae-0ce33981b3d2,deveriam haver mais coffe breaks,Coffe
d0b2bc0d-178a-434a-9fc8-134d0ca5a1be,achei a quantidade de comentários ser 6 por dia muita sacanagem,Bolsa
d0b2bc0d-178a-434a-9fc8-134d0ca5a1be,achei a quantidade de comentários ser 6 por dia muita sacanagem,Numero
47cacf3f-e0f2-421b-a645-5e0efd6cc615,sacagem o último coffe break,Coffe
47cacf3f-e0f2-421b-a645-5e0efd6cc615,ansioso para a próxima secom,Secom
47cacf3f-e0f2-421b-a645-5e0efd6cc615,muito boa a palestra,Palestra
d0b2bc0d-178a-434a-9fc8-134d0ca5a1be,exageraram na demanda pelo uso do mymobiconf,Mercado
d0b2bc0d-178a-434a-9fc8-134d0ca5a1be,exageraram na demanda pelo uso do mymobiconf,Uso
d0b2bc0d-178a-434a-9fc8-134d0ca5a1be,exageraram na demanda pelo uso do mymobiconf,Mymobiconf
08101ce6-e4af-4e12-81d5-87afcafc4b3b,kd a premiação da gamejam,Secom
08101ce6-e4af-4e12-81d5-87afcafc4b3b,kd a premiação da gamejam,Jogos
47cacf3f-e0f2-421b-a645-5e0efd6cc615,natanael muito foda,Lol
8cc85085-4ed1-41f9-8428-601245633664,ansioso pelo sorteio,Secom
08101ce6-e4af-4e12-81d5-87afcafc4b3b,adorei os mini cursos,Minicurso
47cacf3f-e0f2-421b-a645-5e0efd6cc615,virei muito fã da alfa engenharia,Alfa
d0b2bc0d-178a-434a-9fc8-134d0ca5a1be,"o aplicativo tá muito bom,",App
d0b2bc0d-178a-434a-9fc8-134d0ca5a1be,sinto que 10 missões é bastante,Secom
8cc85085-4ed1-41f9-8428-601245633664,adorei palestra da sydle,Palestra
8cc85085-4ed1-41f9-8428-601245633664,adorei palestra da sydle,Sydle
08101ce6-e4af-4e12-81d5-87afcafc4b3b,luz caiu durante o mini curso,Luz
08101ce6-e4af-4e12-81d5-87afcafc4b3b,luz caiu durante o mini curso,Minicurso
08101ce6-e4af-4e12-81d5-87afcafc4b3b,luz caiu durante o mini curso,Curso
47cacf3f-e0f2-421b-a645-5e0efd6cc615,letras é foda demais,Lol
47cacf3f-e0f2-421b-a645-5e0efd6cc615,letras é foda demais,Secom
d0b2bc0d-178a-434a-9fc8-134d0ca5a1be,por mais palestras sobre jogos,Palestra
d0b2bc0d-178a-434a-9fc8-134d0ca5a1be,por mais palestras sobre jogos,Jogos
47cacf3f-e0f2-421b-a645-5e0efd6cc615,queria conhecer um pouco mais da levty,Secom
08101ce6-e4af-4e12-81d5-87afcafc4b3b,quando é a premiação da gamejam,Secom
08101ce6-e4af-4e12-81d5-87afcafc4b3b,quando é a premiação da gamejam,Jogos
47cacf3f-e0f2-421b-a645-5e0efd6cc615,ótimas apresentações,Apresentacao
50ab66a7-9677-44ec-b7d4-be69f3d11d87,muito boa os mini cursos,Minicurso
d0b2bc0d-178a-434a-9fc8-134d0ca5a1be,fiquei com a impressão de que teve muita palestra sobre ia,Palestra
d0b2bc0d-178a-434a-9fc8-134d0ca5a1be,fiquei com a impressão de que teve muita palestra sobre ia,Impressao
08101ce6-e4af-4e12-81d5-87afcafc4b3b,essa luz ta quebrada so pode,Luz
08101ce6-e4af-4e12-81d5-87afcafc4b3b,cade o quibe nos salgadinhos,Secom
08101ce6-e4af-4e12-81d5-87afcafc4b3b,cade o quibe nos salgadinhos,Cade
d0b2bc0d-178a-434a-9fc8-134d0ca5a1be,pra quem reclama pela energia ter acabado sem motivo nenhum,Explicacao
d0b2bc0d-178a-434a-9fc8-134d0ca5a1be,pra quem reclama pela energia ter acabado sem motivo nenhum,Energia
d0b2bc0d-178a-434a-9fc8-134d0ca5a1be,faltou o kibe nos salgados desse ano,Kibe
d0b2bc0d-178a-434a-9fc8-134d0ca5a1be,faltou o kibe nos salgados desse ano,Secom
e539ea11-2f5f-48c0-8cd6-f269dd6ed844,palestra do letras foi muito boa,Secom
e539ea11-2f5f-48c0-8cd6-f269dd6ed844,palestra do letras foi muito boa,Palestra
d0b2bc0d-178a-434a-9fc8-134d0ca5a1be,todo mundo gostaria de um acréscimo nos salgados de enroladinho de salsicha,Contribuicao
d0b2bc0d-178a-434a-9fc8-134d0ca5a1be,todo mundo gostaria de um acréscimo nos salgados de enroladinho de salsicha,Secom
d0b2bc0d-178a-434a-9fc8-134d0ca5a1be,todo mundo gostaria de um acréscimo nos salgados de enroladinho de salsicha,Salsicha
50ab66a7-9677-44ec-b7d4-be69f3d11d87,coffe break,Coffe
8c83da8e-1478-4a91-ae10-7347cd55d06f,gg casca de bala,Secom
50ab66a7-9677-44ec-b7d4-be69f3d11d87,muito boa a secom,Secom
e539ea11-2f5f-48c0-8cd6-f269dd6ed844,as semifinais do campeonato poderiam ter sido presenciais também,Campeonato
e539ea11-2f5f-48c0-8cd6-f269dd6ed844,as semifinais do campeonato poderiam ter sido presenciais também,Semifinais
50ab66a7-9677-44ec-b7d4-be69f3d11d87,dq a pouco tem encerramento,Final
08101ce6-e4af-4e12-81d5-87afcafc4b3b,podia ter um suco no lugar de algumas cocas,Secom
08101ce6-e4af-4e12-81d5-87afcafc4b3b,podia ter um suco no lugar de algumas cocas,Cocas
e539ea11-2f5f-48c0-8cd6-f269dd6ed844,a gamejam poderia ser 2 dias,Secom
e539ea11-2f5f-48c0-8cd6-f269dd6ed844,a gamejam poderia ser 2 dias,Jogos
08101ce6-e4af-4e12-81d5-87afcafc4b3b,o encerramento vai ser antes do jogo,Final
08101ce6-e4af-4e12-81d5-87afcafc4b3b,o encerramento vai ser antes do jogo,Jogos
e539ea11-2f5f-48c0-8cd6-f269dd6ed844,ótimas palestras,Palestra
e539ea11-2f5f-48c0-8cd6-f269dd6ed844,o público ficou dividido,Auditorio
e11be943-a86d-4ae5-9d07-c0caafcde712,a primeira palestra foi muito boa,Palestra
08101ce6-e4af-4e12-81d5-87afcafc4b3b,quem é oizadora,Apito
ff1bbfdb-856b-4aa2-8987-fc056e4c1b9d,quero ver a serimonia,Secom
e11be943-a86d-4ae5-9d07-c0caafcde712,a segunda palestra foi boa,Palestra
08101ce6-e4af-4e12-81d5-87afcafc4b3b,gamejam podia ter mais tempo,Tempo
e539ea11-2f5f-48c0-8cd6-f269dd6ed844,seus perguntas por dia é muito,Pergunta
f0d8b18c-371e-4a9b-bc88-6efb85341837,"excelente, esperando o encerramento com os prêmios",Campeonato
f0d8b18c-371e-4a9b-bc88-6efb85341837,"excelente, esperando o encerramento com os prêmios",Final
d0b2bc0d-178a-434a-9fc8-134d0ca5a1be,senti que faltou fotos durante os minicursos,Minicurso
d0b2bc0d-178a-434a-9fc8-134d0ca5a1be,senti que faltou fotos durante os minicursos,Fotografo
f0d8b18c-371e-4a9b-bc88-6efb85341837,com temas interessantes,Secom
e539ea11-2f5f-48c0-8cd6-f269dd6ed844,aparentemente a aba de comentários não aceita números,Apito
e539ea11-2f5f-48c0-8cd6-f269dd6ed844,aparentemente a aba de comentários não aceita números,Numero
ff1bbfdb-856b-4aa2-8987-fc056e4c1b9d,comida japonesa na próxima secom,Comida
ff1bbfdb-856b-4aa2-8987-fc056e4c1b9d,comida japonesa na próxima secom,Secom
8cc85085-4ed1-41f9-8428-601245633664,muito boa a coxinha,Secom
e11be943-a86d-4ae5-9d07-c0caafcde712,o coffe break tava bom,Coffe
fa24bb59-6052-4876-861f-d817a99fd16e,gamejam foi uma ideia muito boa,Projetos
fa24bb59-6052-4876-861f-d817a99fd16e,prazo da gamejam foi muito curto,Jogos
fa24bb59-6052-4876-861f-d817a99fd16e,prazo da gamejam foi muito curto,Horario
f0d8b18c-371e-4a9b-bc88-6efb85341837,climatização muito boa,Condicionador
ff1bbfdb-856b-4aa2-8987-fc056e4c1b9d,misto quente era bom no coffee break,Misto
ff1bbfdb-856b-4aa2-8987-fc056e4c1b9d,misto quente era bom no coffee break,Break
ff1bbfdb-856b-4aa2-8987-fc056e4c1b9d,misto quente era bom no coffee break,Coffee
fa24bb59-6052-4876-861f-d817a99fd16e,maratona foi legal demais,Maratona
fa24bb59-6052-4876-861f-d817a99fd16e,maratona podia ter tido pizza hehe,Lol
fa24bb59-6052-4876-861f-d817a99fd16e,maratona podia ter tido pizza hehe,Maratona
08101ce6-e4af-4e12-81d5-87afcafc4b3b,devia poder participar da gamejam,Jogos
08101ce6-e4af-4e12-81d5-87afcafc4b3b,maratona de prog juntos,Pro
08101ce6-e4af-4e12-81d5-87afcafc4b3b,maratona de prog juntos,Maratona
ff1bbfdb-856b-4aa2-8987-fc056e4c1b9d,nice,Labs
ff1bbfdb-856b-4aa2-8987-fc056e4c1b9d,super legal,Labs
d0b2bc0d-178a-434a-9fc8-134d0ca5a1be,"se não tiver uma unidade de bombom na premiação desse ano, fizeram errado",Unidade
d0b2bc0d-178a-434a-9fc8-134d0ca5a1be,"se não tiver uma unidade de bombom na premiação desse ano, fizeram errado",Secom
d0b2bc0d-178a-434a-9fc8-134d0ca5a1be,"se não tiver uma unidade de bombom na premiação desse ano, fizeram errado",Bombom
e11be943-a86d-4ae5-9d07-c0caafcde712,teve algumas apresentações legais,Apresentacao
ae0cbeae-1ff0-406f-a78a-a80a71120100,minicurso de docker muito bom,Minicurso
ae0cbeae-1ff0-406f-a78a-a80a71120100,minicurso de docker muito bom,Docker
ae0cbeae-1ff0-406f-a78a-a80a71120100,o ângelo é muito bom,Angelo
ae0cbeae-1ff0-406f-a78a-a80a71120100,salgado gostosinho hein,Secom
fa24bb59-6052-4876-861f-d817a99fd16e,ideia: bolinho de chocolate de coffee break,Projetos
fa24bb59-6052-4876-861f-d817a99fd16e,ideia: bolinho de chocolate de coffee break,Secom
fa24bb59-6052-4876-861f-d817a99fd16e,ideia: bolinho de chocolate de coffee break,Coffee
fa24bb59-6052-4876-861f-d817a99fd16e,ideia: bolinho de chocolate de coffee break,Chocolate
fa24bb59-6052-4876-861f-d817a99fd16e,ideia: bolinho de chocolate de coffee break,Break
ae0cbeae-1ff0-406f-a78a-a80a71120100,matheus peixoto o ceonda secom,Secom
e11be943-a86d-4ae5-9d07-c0caafcde712,-sport é o melhor,Fifa
fa24bb59-6052-4876-861f-d817a99fd16e,ideia: picole antes da maratona igual na maratona mineira,Projetos
fa24bb59-6052-4876-861f-d817a99fd16e,ideia: picole antes da maratona igual na maratona mineira,Maratona
ae0cbeae-1ff0-406f-a78a-a80a71120100,minicursos bem plaestrandos,Minicurso
d0b2bc0d-178a-434a-9fc8-134d0ca5a1be,deixando meu voto para os mcagenda,Voto
d0b2bc0d-178a-434a-9fc8-134d0ca5a1be,deixando meu voto para os mcagenda,Agenda
e11be943-a86d-4ae5-9d07-c0caafcde712,a palestra do umbu foi legal,Secom
e11be943-a86d-4ae5-9d07-c0caafcde712,a palestra do umbu foi legal,Palestra
db3fa0bb-880f-4501-90a0-33595a9c9087,top essa edição da secom,Apito
db3fa0bb-880f-4501-90a0-33595a9c9087,top essa edição da secom,Secom
ae0cbeae-1ff0-406f-a78a-a80a71120100,a liz acabou naoooooo,Secom
fa24bb59-6052-4876-861f-d817a99fd16e,curso de docker o melhor,Docker
fa24bb59-6052-4876-861f-d817a99fd16e,curso de docker o melhor,Curso
db3fa0bb-880f-4501-90a0-33595a9c9087,coffe break muito bom,Coffe
420a6284-4a52-4d2d-82f1-f422cc31986b,muito legal a secom,Secom
e11be943-a86d-4ae5-9d07-c0caafcde712,a palestra da levty tava legal,Secom
e11be943-a86d-4ae5-9d07-c0caafcde712,a palestra da levty tava legal,Palestra
fa24bb59-6052-4876-861f-d817a99fd16e,o ministrante do curso de docker deu bombom para quem interagia,Secom
fa24bb59-6052-4876-861f-d817a99fd16e,o ministrante do curso de docker deu bombom para quem interagia,Docker
fa24bb59-6052-4876-861f-d817a99fd16e,o ministrante do curso de docker deu bombom para quem interagia,Bombom
fa24bb59-6052-4876-861f-d817a99fd16e,o ministrante do curso de docker deu bombom para quem interagia,Curso
fa24bb59-6052-4876-861f-d817a99fd16e,"acertava, achei muito boa a ideia para participar",Projetos
d0b2bc0d-178a-434a-9fc8-134d0ca5a1be,tá liberado cantar parabéns no encerramento,Final
fa24bb59-6052-4876-861f-d817a99fd16e,ter prêmio para desafio prático no final do minicurso (ex: docker teve um curso como prêmio) foi uma ideia ótima,Final
fa24bb59-6052-4876-861f-d817a99fd16e,ter prêmio para desafio prático no final do minicurso (ex: docker teve um curso como prêmio) foi uma ideia ótima,Campeonato
fa24bb59-6052-4876-861f-d817a99fd16e,ter prêmio para desafio prático no final do minicurso (ex: docker teve um curso como prêmio) foi uma ideia ótima,Minicurso
fa24bb59-6052-4876-861f-d817a99fd16e,ter prêmio para desafio prático no final do minicurso (ex: docker teve um curso como prêmio) foi uma ideia ótima,Projetos
fa24bb59-6052-4876-861f-d817a99fd16e,ter prêmio para desafio prático no final do minicurso (ex: docker teve um curso como prêmio) foi uma ideia ótima,Oportunidade
fa24bb59-6052-4876-861f-d817a99fd16e,ter prêmio para desafio prático no final do minicurso (ex: docker teve um curso como prêmio) foi uma ideia ótima,Curso
fa24bb59-6052-4876-861f-d817a99fd16e,ter prêmio para desafio prático no final do minicurso (ex: docker teve um curso como prêmio) foi uma ideia ótima,Docker
420a6284-4a52-4d2d-82f1-f422cc31986b,"bonitinhos no topo, aproveitar",Secom
420a6284-4a52-4d2d-82f1-f422cc31986b,"bonitinhos no topo, aproveitar",Topo
420a6284-4a52-4d2d-82f1-f422cc31986b,parabenizar o professor phillipe pelo evento,Professor
e11be943-a86d-4ae5-9d07-c0caafcde712,a palestra da dti sobre dados tava muito boa,Secom
e11be943-a86d-4ae5-9d07-c0caafcde712,a palestra da dti sobre dados tava muito boa,Palestra
e11be943-a86d-4ae5-9d07-c0caafcde712,a palestra da dti sobre dados tava muito boa,Dados
fa24bb59-6052-4876-861f-d817a99fd16e,arte linda do cracha,Estetica
fa24bb59-6052-4876-861f-d817a99fd16e,arte linda do cracha,Cracha
fa24bb59-6052-4876-861f-d817a99fd16e,decoração com baloes numa paleta ótima,Decoracao
fa24bb59-6052-4876-861f-d817a99fd16e,decoração com baloes numa paleta ótima,Cor
fa24bb59-6052-4876-861f-d817a99fd16e,decoração com baloes numa paleta ótima,Baloes
fa24bb59-6052-4876-861f-d817a99fd16e,camisa do prêmio do,Campeonato
fa24bb59-6052-4876-861f-d817a99fd16e,camisa do prêmio do,Camisa
fa24bb59-6052-4876-861f-d817a99fd16e,sports perfeitw,Fifa
fa24bb59-6052-4876-861f-d817a99fd16e,no meu coração os bonitinhos ganharam o torneio de vava,Coffe
fa24bb59-6052-4876-861f-d817a99fd16e,no meu coração os bonitinhos ganharam o torneio de vava,Secom
fa24bb59-6052-4876-861f-d817a99fd16e,no meu coração os bonitinhos ganharam o torneio de vava,Torneio
e11be943-a86d-4ae5-9d07-c0caafcde712,a palestra sobre lgpd foi muito interessante,Ufv
e11be943-a86d-4ae5-9d07-c0caafcde712,a palestra sobre lgpd foi muito interessante,Palestra
db3fa0bb-880f-4501-90a0-33595a9c9087,curso de ia generativa muito bom,Curso
ad08e116-810d-4533-a7c6-9782fcb55f6d,sem ideia do que comentar,Projetos
fa24bb59-6052-4876-861f-d817a99fd16e,distribuição de salgado rápida,Distribuicao
e11be943-a86d-4ae5-9d07-c0caafcde712,o coffee tava bom,Coffee
fa24bb59-6052-4876-861f-d817a99fd16e,gostei de opções vegetarianas,Opcoes
ad08e116-810d-4533-a7c6-9782fcb55f6d,curso de i,Curso
ad08e116-810d-4533-a7c6-9782fcb55f6d,a generativa foi excelente,Desenvolvimento
99899b5a-eb3d-4d67-a64f-a143f824a709,hora do lanche 😋 secom que vem precisava ter coffee break de manhã,Tempo
99899b5a-eb3d-4d67-a64f-a143f824a709,hora do lanche 😋 secom que vem precisava ter coffee break de manhã,Manha
99899b5a-eb3d-4d67-a64f-a143f824a709,hora do lanche 😋 secom que vem precisava ter coffee break de manhã,Break
99899b5a-eb3d-4d67-a64f-a143f824a709,hora do lanche 😋 secom que vem precisava ter coffee break de manhã,Lanche
99899b5a-eb3d-4d67-a64f-a143f824a709,"de tarde, que nem nas outras edições",Tempo
99899b5a-eb3d-4d67-a64f-a143f824a709,"de tarde, que nem nas outras edições",Apito
e11be943-a86d-4ae5-9d07-c0caafcde712,os brindes foram os melhores,Secom
fa24bb59-6052-4876-861f-d817a99fd16e,gostei muito da cor da camisa,Camisa
fa24bb59-6052-4876-861f-d817a99fd16e,gostei muito da cor da camisa,Cor
a5551753-5cda-4641-bc94-7d92707ef19c,o curso de ia foi muito interessante,Curso
fa24bb59-6052-4876-861f-d817a99fd16e,podia ter outras variedades de refri,Secom
fa24bb59-6052-4876-861f-d817a99fd16e,podia ter outras variedades de refri,Variedades
a5551753-5cda-4641-bc94-7d92707ef19c,talvez possa ter mais minicursos durante os 3 dias na próxima edição,Apito
a5551753-5cda-4641-bc94-7d92707ef19c,talvez possa ter mais minicursos durante os 3 dias na próxima edição,Secom
e11be943-a86d-4ae5-9d07-c0caafcde712,o minicurso de docker tava muito boa,Minicurso
e11be943-a86d-4ae5-9d07-c0caafcde712,o minicurso de docker tava muito boa,Docker
a5551753-5cda-4641-bc94-7d92707ef19c,o coffee break estava ótimo mais poderia ser numa pausa no meio do minicurso,Minicurso
a5551753-5cda-4641-bc94-7d92707ef19c,o coffee break estava ótimo mais poderia ser numa pausa no meio do minicurso,Git
a5551753-5cda-4641-bc94-7d92707ef19c,o coffee break estava ótimo mais poderia ser numa pausa no meio do minicurso,Secom
a5551753-5cda-4641-bc94-7d92707ef19c,o coffee break estava ótimo mais poderia ser numa pausa no meio do minicurso,Coffee
a5551753-5cda-4641-bc94-7d92707ef19c,o coffee break estava ótimo mais poderia ser numa pausa no meio do minicurso,Break
e11be943-a86d-4ae5-9d07-c0caafcde712,espero ganhar um sorteio,Secom
a5551753-5cda-4641-bc94-7d92707ef19c,tem como trazer a studiosol ano que vem,Studiosol
6694bc9c-4eab-4c6b-a7df-c40f8f42e39c,o minicurso de blender foi incrível,Minicurso
6694bc9c-4eab-4c6b-a7df-c40f8f42e39c,gostei do gato do patrick,Gatinho
6694bc9c-4eab-4c6b-a7df-c40f8f42e39c,gostei do gato do patrick,Patrick
e11be943-a86d-4ae5-9d07-c0caafcde712,a final vai ser a melhor,Final
a5551753-5cda-4641-bc94-7d92707ef19c,my mobi conf ajudou muito durante a secom,Secom
a5551753-5cda-4641-bc94-7d92707ef19c,my mobi conf ajudou muito durante a secom,Mobile
e11be943-a86d-4ae5-9d07-c0caafcde712,tá muito boa a secom,Secom
fa24bb59-6052-4876-861f-d817a99fd16e,torneio de,Torneio
fa24bb59-6052-4876-861f-d817a99fd16e,sports foi legal demais,Fifa
e11be943-a86d-4ae5-9d07-c0caafcde712,que horas acaba,Tempo
fa24bb59-6052-4876-861f-d817a99fd16e,os troféus ficaram muito bonitos,Campeonato
e11be943-a86d-4ae5-9d07-c0caafcde712,tem muitos  prêmios,Campeonato
b9ce085c-74f8-412e-8a55-1391f0867ebd,estava esperando mini pizzza,Minicurso
1a2cfcd0-081c-413f-b184-3104f229f33d,oiii,Apito
1a2cfcd0-081c-413f-b184-3104f229f33d,oisisisijs,Apito
db3fa0bb-880f-4501-90a0-33595a9c9087,palestra da hub muito boa,Palestra
db3fa0bb-880f-4501-90a0-33595a9c9087,palestra da hub muito boa,Hubs
db3fa0bb-880f-4501-90a0-33595a9c9087,muito bom ver ex alunos,Curso
34c8353a-bcb4-4553-8c2d-fac1c5311ccd,auditório climatizado,Auditorio
b9ce085c-74f8-412e-8a55-1391f0867ebd,táva muito frio na sala,Secom
b9ce085c-74f8-412e-8a55-1391f0867ebd,táva muito frio na sala,Frio
8b532002-32a9-47b8-a068-f68ebed037cd,"gostei do minicurso, no fim",Final
8b532002-32a9-47b8-a068-f68ebed037cd,"gostei do minicurso, no fim",Minicurso
1a2cfcd0-081c-413f-b184-3104f229f33d,timeaseta,Tempo
1a2cfcd0-081c-413f-b184-3104f229f33d,mior timeaseta,Tempo
db3fa0bb-880f-4501-90a0-33595a9c9087,sempre internet >>> outras,Internet
34c8353a-bcb4-4553-8c2d-fac1c5311ccd,cadê os brindes,Secom
db3fa0bb-880f-4501-90a0-33595a9c9087,gamejam quase foi de arrasta,Apito
8b532002-32a9-47b8-a068-f68ebed037cd,quanto troféu,Campeonato
b9ce085c-74f8-412e-8a55-1391f0867ebd,queria que tivesse distribuídos melhor durante uma semana inteira,Semana
b9ce085c-74f8-412e-8a55-1391f0867ebd,queria que tivesse distribuídos melhor durante uma semana inteira,Falta
b9ce085c-74f8-412e-8a55-1391f0867ebd,prêmios incríveis,Campeonato
880b38ad-954a-499a-a76a-66fce8a17f66,minicurso de docker o melhor,Minicurso
880b38ad-954a-499a-a76a-66fce8a17f66,minicurso de docker o melhor,Docker
8b532002-32a9-47b8-a068-f68ebed037cd,queria ganhar aqueles prêmios alí,Campeonato
880b38ad-954a-499a-a76a-66fce8a17f66,pedro lindo,Pedro
b9ce085c-74f8-412e-8a55-1391f0867ebd,lindas as cores desse ano,Cores
8b532002-32a9-47b8-a068-f68ebed037cd,eu queria a pelúcia,Pelucia
880b38ad-954a-499a-a76a-66fce8a17f66,organização muito boa,Organizacao
34c8353a-bcb4-4553-8c2d-fac1c5311ccd,mais uma secom concluída,Final
880b38ad-954a-499a-a76a-66fce8a17f66,torneio de,Torneio
880b38ad-954a-499a-a76a-66fce8a17f66,-sports muito foda,Lol
880b38ad-954a-499a-a76a-66fce8a17f66,-sports muito foda,Fifa
880b38ad-954a-499a-a76a-66fce8a17f66,hoje tem mcagenda,Agenda
db3fa0bb-880f-4501-90a0-33595a9c9087,ansioso pros vencedores,Pro
8b532002-32a9-47b8-a068-f68ebed037cd,o cara tá ali destinado a arrumar ali os troféus,Campeonato
8b532002-32a9-47b8-a068-f68ebed037cd,o cara tá ali destinado a arrumar ali os troféus,Secom
db3fa0bb-880f-4501-90a0-33595a9c9087,muitos premios bons,Campeonato
db3fa0bb-880f-4501-90a0-33595a9c9087,ar condicionado no talo,Casa
689ae6f3-7314-4e99-96bf-585b2a9cfb77,oii,Apito
db3fa0bb-880f-4501-90a0-33595a9c9087,"quente no minicurso, frio no auditório",Minicurso
db3fa0bb-880f-4501-90a0-33595a9c9087,"quente no minicurso, frio no auditório",Auditorio
db3fa0bb-880f-4501-90a0-33595a9c9087,"quente no minicurso, frio no auditório",Frio
689ae6f3-7314-4e99-96bf-585b2a9cfb77,amo a emily,Secom
689ae6f3-7314-4e99-96bf-585b2a9cfb77,amo a emily,Amanda
8b532002-32a9-47b8-a068-f68ebed037cd,achei uma pena o auditório não estar cheio para as palestras de ontem :v,Auditorio
8b532002-32a9-47b8-a068-f68ebed037cd,achei uma pena o auditório não estar cheio para as palestras de ontem :v,Palestra
8b532002-32a9-47b8-a068-f68ebed037cd,achei uma pena o auditório não estar cheio para as palestras de ontem :v,Pena
db3fa0bb-880f-4501-90a0-33595a9c9087,quero um alicate de crimpar,Secom
b9ce085c-74f8-412e-8a55-1391f0867ebd,frio,Frio
b9ce085c-74f8-412e-8a55-1391f0867ebd,excelentes fotógrafos,Fotografo
b9ce085c-74f8-412e-8a55-1391f0867ebd,felipe está de parabéns pela organização,Secom
b9ce085c-74f8-412e-8a55-1391f0867ebd,felipe está de parabéns pela organização,Organizacao
db3fa0bb-880f-4501-90a0-33595a9c9087,palestra da dti tava muito boa,Secom
db3fa0bb-880f-4501-90a0-33595a9c9087,palestra da dti tava muito boa,Palestra
b9ce085c-74f8-412e-8a55-1391f0867ebd,-sports foi bem divertido de ver,Fifa
db3fa0bb-880f-4501-90a0-33595a9c9087,muitos premios,Campeonato
db3fa0bb-880f-4501-90a0-33595a9c9087,frio d++🥶🥶,D++
db3fa0bb-880f-4501-90a0-33595a9c9087,frio d++🥶🥶,Frio
db3fa0bb-880f-4501-90a0-33595a9c9087,philipe ta combinando com os balões,Philipe
db3fa0bb-880f-4501-90a0-33595a9c9087,philipe ta combinando com os balões,Baloes
db3fa0bb-880f-4501-90a0-33595a9c9087,qual o shampoo que o patrick usa,Shampoo
db3fa0bb-880f-4501-90a0-33595a9c9087,qual o shampoo que o patrick usa,Patrick
db3fa0bb-880f-4501-90a0-33595a9c9087,patrick compartilha sua rotina capilar conosco,Compartilha
db3fa0bb-880f-4501-90a0-33595a9c9087,patrick compartilha sua rotina capilar conosco,Processo
b9ce085c-74f8-412e-8a55-1391f0867ebd,campeonato de fifa foi divertidinho,Campeonato
b9ce085c-74f8-412e-8a55-1391f0867ebd,campeonato de fifa foi divertidinho,Fifa
689ae6f3-7314-4e99-96bf-585b2a9cfb77,germano,Germano
b9ce085c-74f8-412e-8a55-1391f0867ebd,"queria que o mortal kombat tivesse rolado, pena que a luz não colaborou",Luz
b9ce085c-74f8-412e-8a55-1391f0867ebd,"queria que o mortal kombat tivesse rolado, pena que a luz não colaborou",Secom
b9ce085c-74f8-412e-8a55-1391f0867ebd,"queria que o mortal kombat tivesse rolado, pena que a luz não colaborou",Pena
689ae6f3-7314-4e99-96bf-585b2a9cfb77,amo second,Secom
689ae6f3-7314-4e99-96bf-585b2a9cfb77,brindes,Secom
689ae6f3-7314-4e99-96bf-585b2a9cfb77,philipe legal,Philipe
d51c3bbb-185b-4a34-848a-607621bd7cc2,joao lobo,Lol
c83d77db-e69b-4b9a-af36-1e80aed4ea42,infelizmente não consegui participar dos minicursos,Minicurso
8b532002-32a9-47b8-a068-f68ebed037cd,o presidente da setapp não perdeu tempo lá na palestra né,Tempo
8b532002-32a9-47b8-a068-f68ebed037cd,o presidente da setapp não perdeu tempo lá na palestra né,Setapp
8b532002-32a9-47b8-a068-f68ebed037cd,o presidente da setapp não perdeu tempo lá na palestra né,Palestra
8b532002-32a9-47b8-a068-f68ebed037cd,o presidente da setapp não perdeu tempo lá na palestra né,Presidente
689ae6f3-7314-4e99-96bf-585b2a9cfb77,amo a thaís,Secom
689ae6f3-7314-4e99-96bf-585b2a9cfb77,amo a thaís,Thais
689ae6f3-7314-4e99-96bf-585b2a9cfb77,amo a glaucia,Secom
689ae6f3-7314-4e99-96bf-585b2a9cfb77,amo a glaucia,Glaucia
c83d77db-e69b-4b9a-af36-1e80aed4ea42,"poxa, trocaram o horário do coffee-break",Secom
c83d77db-e69b-4b9a-af36-1e80aed4ea42,"poxa, trocaram o horário do coffee-break",Coffee
c83d77db-e69b-4b9a-af36-1e80aed4ea42,"poxa, trocaram o horário do coffee-break",Horario
c83d77db-e69b-4b9a-af36-1e80aed4ea42,acabaram as coisas assim que cheguei,Secom
689ae6f3-7314-4e99-96bf-585b2a9cfb77,amo o daniel,Secom
689ae6f3-7314-4e99-96bf-585b2a9cfb77,amo o daniel,Daniel
023d3c99-a60f-4734-88e2-de4c9944c95a,muito bom o minicurso,Minicurso
d51c3bbb-185b-4a34-848a-607621bd7cc2,aroldo,Aroldo
689ae6f3-7314-4e99-96bf-585b2a9cfb77,amo o fabri,Secom
fa22c635-07b6-4718-9309-2665ad2d1a12,essa primeira palestra foi incrível,Palestra
d51c3bbb-185b-4a34-848a-607621bd7cc2,cade a tesoura aroldo,Secom
d51c3bbb-185b-4a34-848a-607621bd7cc2,cade a tesoura aroldo,Cade
689ae6f3-7314-4e99-96bf-585b2a9cfb77,amo a maria amélia,Secom
689ae6f3-7314-4e99-96bf-585b2a9cfb77,amo a maria amélia,Maria
c83d77db-e69b-4b9a-af36-1e80aed4ea42,hoje tem okt de novo,Secom
c83d77db-e69b-4b9a-af36-1e80aed4ea42,hoje tem okt de novo,Novo
689ae6f3-7314-4e99-96bf-585b2a9cfb77,amo a estela,Secom
c83d77db-e69b-4b9a-af36-1e80aed4ea42,bora meu time okt,Tempo
d51c3bbb-185b-4a34-848a-607621bd7cc2,cade a tesoura aroldo,Secom
d51c3bbb-185b-4a34-848a-607621bd7cc2,cade a tesoura aroldo,Cade
c83d77db-e69b-4b9a-af36-1e80aed4ea42,lol já é da okt,Lol
c83d77db-e69b-4b9a-af36-1e80aed4ea42,lol já é da okt,Secom
fc6149e6-413e-458a-b1ed-ddd85a34c5a1,estou ansioso pela final de lol,Final
fc6149e6-413e-458a-b1ed-ddd85a34c5a1,estou ansioso pela final de lol,Lol
8b532002-32a9-47b8-a068-f68ebed037cd,o philipe mandou muito bem nesse evento,Philipe
fc6149e6-413e-458a-b1ed-ddd85a34c5a1,obrigado a todos que assinaram meu crachá,Cracha
fc6149e6-413e-458a-b1ed-ddd85a34c5a1,espero que tenhamos ano que vem pra eu os ver de novo kekekk,Secom
8b532002-32a9-47b8-a068-f68ebed037cd,"o professor organizador só se complicou um pouco marcando game jam, maratona",Professor
8b532002-32a9-47b8-a068-f68ebed037cd,"o professor organizador só se complicou um pouco marcando game jam, maratona",Jogos
8b532002-32a9-47b8-a068-f68ebed037cd,"o professor organizador só se complicou um pouco marcando game jam, maratona",Maratona
8b532002-32a9-47b8-a068-f68ebed037cd,as palestras dos patrocinadores ao mesmo tempo,Tempo
8b532002-32a9-47b8-a068-f68ebed037cd,as palestras dos patrocinadores ao mesmo tempo,Palestra
8b532002-32a9-47b8-a068-f68ebed037cd,as palestras dos patrocinadores ao mesmo tempo,Patrocinadores
cd9a5b5a-0583-4590-a133-863647e24ed2,amei os torneiros,Secom
cd9a5b5a-0583-4590-a133-863647e24ed2,-sport,Fifa
cd9a5b5a-0583-4590-a133-863647e24ed2,mc agenda já é campeão,Agenda
fc6149e6-413e-458a-b1ed-ddd85a34c5a1,a palestra da sydle online foi muito em cima do almoço,Internet
fc6149e6-413e-458a-b1ed-ddd85a34c5a1,a palestra da sydle online foi muito em cima do almoço,Apito
fc6149e6-413e-458a-b1ed-ddd85a34c5a1,a palestra da sydle online foi muito em cima do almoço,Palestra
fc6149e6-413e-458a-b1ed-ddd85a34c5a1,a palestra da sydle online foi muito em cima do almoço,Sydle
cd9a5b5a-0583-4590-a133-863647e24ed2,semana que vem vou sentir falta dessa coquinha,Coffe
cd9a5b5a-0583-4590-a133-863647e24ed2,semana que vem vou sentir falta dessa coquinha,Semana
cd9a5b5a-0583-4590-a133-863647e24ed2,semana que vem vou sentir falta dessa coquinha,Falta
fc6149e6-413e-458a-b1ed-ddd85a34c5a1,a daa levity foi otima do começo ao fim,Final
fc6149e6-413e-458a-b1ed-ddd85a34c5a1,a daa levity foi otima do começo ao fim,Secom
fc6149e6-413e-458a-b1ed-ddd85a34c5a1,a daa levity foi otima do começo ao fim,Daa
fc6149e6-413e-458a-b1ed-ddd85a34c5a1,a daa levity foi otima do começo ao fim,Levity
8b532002-32a9-47b8-a068-f68ebed037cd,a introdução de um torneio de,Apresentacao
8b532002-32a9-47b8-a068-f68ebed037cd,a introdução de um torneio de,Torneio
8b532002-32a9-47b8-a068-f68ebed037cd,-esports foi muito foda,Lol
8b532002-32a9-47b8-a068-f68ebed037cd,-esports foi muito foda,Fifa
cd9a5b5a-0583-4590-a133-863647e24ed2,amo demais a thaís,Thais
cd9a5b5a-0583-4590-a133-863647e24ed2,"a glaucia, divas lindas",Glaucia
cd9a5b5a-0583-4590-a133-863647e24ed2,"a glaucia, divas lindas",Dupla
fc6149e6-413e-458a-b1ed-ddd85a34c5a1,seria legal se tivesse uma palestra sobre porg comp tmb da levity,Porg
fc6149e6-413e-458a-b1ed-ddd85a34c5a1,seria legal se tivesse uma palestra sobre porg comp tmb da levity,Palestra
fc6149e6-413e-458a-b1ed-ddd85a34c5a1,gostaria que nas palestras tivesse algo mais próximo de explos praticos,Explos
fc6149e6-413e-458a-b1ed-ddd85a34c5a1,gostaria que nas palestras tivesse algo mais próximo de explos praticos,Palestra
8b532002-32a9-47b8-a068-f68ebed037cd,"muito top, vey",Vey
fa24bb59-6052-4876-861f-d817a99fd16e,amo meu namorado (guto),Secom
fa24bb59-6052-4876-861f-d817a99fd16e,amo meu namorado (guto),Labs
fa24bb59-6052-4876-861f-d817a99fd16e,amo meu namorado (guto),Copilot
023d3c99-a60f-4734-88e2-de4c9944c95a,interessante ter tido coffee break a tarde,Tempo
023d3c99-a60f-4734-88e2-de4c9944c95a,interessante ter tido coffee break a tarde,Break
780e911b-3537-4deb-8eae-0ce33981b3d2,amo minha namorada (ana luísa moreira),Secom
780e911b-3537-4deb-8eae-0ce33981b3d2,amo minha namorada (ana luísa moreira),Moreira
8b532002-32a9-47b8-a068-f68ebed037cd,já ansioso pra próxima secom,Secom
023d3c99-a60f-4734-88e2-de4c9944c95a,podia ter café no coffee break,Break
023d3c99-a60f-4734-88e2-de4c9944c95a,podia ter café no coffee break,Coffee
7833a43c-88df-41ce-9608-368ecac536a1,esses prêmios aí em cima tão massa pra caramba,Campeonato
7833a43c-88df-41ce-9608-368ecac536a1,esses prêmios aí em cima tão massa pra caramba,Secom
9a75dc4c-7a4e-49c6-b73b-62eafd9c8b73,minicurso do blender foi mt dahoraaaaa,Minicurso
9a75dc4c-7a4e-49c6-b73b-62eafd9c8b73,minicurso do blender foi mt dahoraaaaa,Blender
9a75dc4c-7a4e-49c6-b73b-62eafd9c8b73,ansioso pro encerramento,Final
9a75dc4c-7a4e-49c6-b73b-62eafd9c8b73,vamos ver se esse ano eu ganho um sorteio,Secom
9a75dc4c-7a4e-49c6-b73b-62eafd9c8b73,essa final de league of legends promete,Final
9a75dc4c-7a4e-49c6-b73b-62eafd9c8b73,essa final de league of legends promete,Legends
9a75dc4c-7a4e-49c6-b73b-62eafd9c8b73,essa final de league of legends promete,League
9a75dc4c-7a4e-49c6-b73b-62eafd9c8b73,xiii secom,Xiii
9a75dc4c-7a4e-49c6-b73b-62eafd9c8b73,daniel abençoa nois,Abobora
9a75dc4c-7a4e-49c6-b73b-62eafd9c8b73,daniel abençoa nois,Daniel
023d3c99-a60f-4734-88e2-de4c9944c95a,ano que vem não pode ter apito não,Apito
023d3c99-a60f-4734-88e2-de4c9944c95a,maior algazarra esses apitos,Secom
023d3c99-a60f-4734-88e2-de4c9944c95a,só o alarme já ta de bom tamanho na sipeec,Alarme
023d3c99-a60f-4734-88e2-de4c9944c95a,só o alarme já ta de bom tamanho na sipeec,Tamanho
023d3c99-a60f-4734-88e2-de4c9944c95a,só o alarme já ta de bom tamanho na sipeec,Secom
fa22c635-07b6-4718-9309-2665ad2d1a12,minascoders é o melhor projeto sim,Projetos
fa22c635-07b6-4718-9309-2665ad2d1a12,minascoders é o melhor projeto sim,Minascoders
fa22c635-07b6-4718-9309-2665ad2d1a12,philipe arrasou na organização,Philipe
fa22c635-07b6-4718-9309-2665ad2d1a12,philipe arrasou na organização,Organizacao
fa22c635-07b6-4718-9309-2665ad2d1a12,vou sentir saudades da secom,Secom
fa22c635-07b6-4718-9309-2665ad2d1a12,cheia de novidades essa secom,Secom
fa22c635-07b6-4718-9309-2665ad2d1a12,que problemas legais esses da maratona,Problema
fa22c635-07b6-4718-9309-2665ad2d1a12,que problemas legais esses da maratona,Maratona
fa22c635-07b6-4718-9309-2665ad2d1a12,melhor evento da ufv,Ufv
fa22c635-07b6-4718-9309-2665ad2d1a12,a secom já vai acabar,Secom
fa22c635-07b6-4718-9309-2665ad2d1a12,amei as palestras desse ano,Palestra
fa22c635-07b6-4718-9309-2665ad2d1a12,o sipeec foi bom dms,Secom
fa22c635-07b6-4718-9309-2665ad2d1a12,o sipeec foi bom dms,Dms
fa22c635-07b6-4718-9309-2665ad2d1a12,que tanto de brindes,Secom
fa22c635-07b6-4718-9309-2665ad2d1a12,esses apitos kkkk,Secom
fa22c635-07b6-4718-9309-2665ad2d1a12,o vídeo ficou muito fofo <3,Video
fa22c635-07b6-4718-9309-2665ad2d1a12,que gracinha os troféus,Campeonato
fa22c635-07b6-4718-9309-2665ad2d1a12,quero uma pelúcia do github,Pelucia
fa22c635-07b6-4718-9309-2665ad2d1a12,quero uma pelúcia do github,Github
fa22c635-07b6-4718-9309-2665ad2d1a12,quero brindes,Secom
fc6149e6-413e-458a-b1ed-ddd85a34c5a1,trago um cara pra prog competitiva ano q vem,Secom
fc6149e6-413e-458a-b1ed-ddd85a34c5a1,trago um cara pra prog competitiva ano q vem,Torneio
fc6149e6-413e-458a-b1ed-ddd85a34c5a1,viemos pra jogar lol,Lol
fc6149e6-413e-458a-b1ed-ddd85a34c5a1,"vocês são muito bons, que animação",Animacao
fc6149e6-413e-458a-b1ed-ddd85a34c5a1,abraços ao batata do time de vava,Tempo
fc6149e6-413e-458a-b1ed-ddd85a34c5a1,abraços ao batata do time de vava,Apito
fc6149e6-413e-458a-b1ed-ddd85a34c5a1,abraços ao batata do time de vava,Batata
fc6149e6-413e-458a-b1ed-ddd85a34c5a1,muito legal a premiação,Secom
fc6149e6-413e-458a-b1ed-ddd85a34c5a1,agradecimento ao philip,Labs
fc6149e6-413e-458a-b1ed-ddd85a34c5a1,agradecimento ao philip,Philipe
fc6149e6-413e-458a-b1ed-ddd85a34c5a1,matto,Matto
fc6149e6-413e-458a-b1ed-ddd85a34c5a1,abraços,Apito
e539ea11-2f5f-48c0-8cd6-f269dd6ed844,narração muito imparcial graças a deus,Narracao
e539ea11-2f5f-48c0-8cd6-f269dd6ed844,narração muito imparcial graças a deus,Deus
e2b6d403-470e-4752-8767-48575bb10c67,quando a okt começa a jogar,Secom
86cc2ad1-6ef4-4b63-8d8f-c512cc96589d,quando o outro time entra no jogo,Tempo
86cc2ad1-6ef4-4b63-8d8f-c512cc96589d,quando o outro time entra no jogo,Jogos
5c812191-4a89-40c2-ad20-11d17bed69a1,quando que a okt entra no jogo,Secom
5c812191-4a89-40c2-ad20-11d17bed69a1,quando que a okt entra no jogo,Jogos
e2b6d403-470e-4752-8767-48575bb10c67,"esperando começar o jogo, só um time tá jogando",Tempo
e2b6d403-470e-4752-8767-48575bb10c67,"esperando começar o jogo, só um time tá jogando",Jogos
5c812191-4a89-40c2-ad20-11d17bed69a1,quando que a okt entra pra jogo,Secom
5c812191-4a89-40c2-ad20-11d17bed69a1,quando que a okt entra pra jogo,Jogos
86cc2ad1-6ef4-4b63-8d8f-c512cc96589d,mc agenda quer saber quando acaba o tutorial,Ferramentas
86cc2ad1-6ef4-4b63-8d8f-c512cc96589d,mc agenda quer saber quando acaba o tutorial,Agenda
e539ea11-2f5f-48c0-8cd6-f269dd6ed844,jonathan calado é um poeta,Jonathan
e539ea11-2f5f-48c0-8cd6-f269dd6ed844,jonathan calado é um poeta,Poeta
e539ea11-2f5f-48c0-8cd6-f269dd6ed844,narração imparcial graças a deus,Narracao
e539ea11-2f5f-48c0-8cd6-f269dd6ed844,narração imparcial graças a deus,Deus
e2b6d403-470e-4752-8767-48575bb10c67,quando acaba o treino,Treinamento
219bdf7f-fa3a-4d8f-9e33-b83980cc7afb,salve pro time da marotona spam caixota,Tempo
219bdf7f-fa3a-4d8f-9e33-b83980cc7afb,salve pro time da marotona spam caixota,Secom
219bdf7f-fa3a-4d8f-9e33-b83980cc7afb,salve pro time da marotona spam caixota,Marotona
5c812191-4a89-40c2-ad20-11d17bed69a1,manda salve para centro de florestal,Secom
1b9ccae9-78fb-402b-9460-40ccad1af251,(jogar contra bots),Botton
ae0cbeae-1ff0-406f-a78a-a80a71120100,não ligaram o monitor,Monitor
219bdf7f-fa3a-4d8f-9e33-b83980cc7afb,salve pro time aseta,Tempo
219bdf7f-fa3a-4d8f-9e33-b83980cc7afb,roda uma caixinha no lol,Lol
219bdf7f-fa3a-4d8f-9e33-b83980cc7afb,roda uma caixinha no lol,Secom
4a38eef3-4375-45b4-b386-649cb518c20b,faz o salve do vasco,Secom
8aed64cf-df9c-4421-bff3-6c07fee239b1,qual o condicionador do douglas,Secom
8aed64cf-df9c-4421-bff3-6c07fee239b1,qual o condicionador do douglas,Condicionador
78a0dc2a-07a3-41bb-a1a4-3731b2e51917,"salve pro bragantino, paranaense",Pro
78a0dc2a-07a3-41bb-a1a4-3731b2e51917,"salve pro bragantino, paranaense",Secom
219bdf7f-fa3a-4d8f-9e33-b83980cc7afb,caixinhaa,Xiii
513987ee-1026-4bd4-93aa-9d89d6d5bad4,cadê o time da okt,Tempo
513987ee-1026-4bd4-93aa-9d89d6d5bad4,cadê o time da okt,Secom
513987ee-1026-4bd4-93aa-9d89d6d5bad4,engarrafamento na br,Secom
4a38eef3-4375-45b4-b386-649cb518c20b,manda salve pro meu tio arabe jalam bipal,Secom
4a38eef3-4375-45b4-b386-649cb518c20b,manda salve pro meu tio arabe jalam bipal,Tio
08101ce6-e4af-4e12-81d5-87afcafc4b3b,o jogo é jogado,Jogos
08101ce6-e4af-4e12-81d5-87afcafc4b3b,dulo rebenta,Secom
e2b6d403-470e-4752-8767-48575bb10c67,"se a rapaziada da agenda se candidatar pro correios eles passam crtz, só entrega rápida",Secom
e2b6d403-470e-4752-8767-48575bb10c67,"se a rapaziada da agenda se candidatar pro correios eles passam crtz, só entrega rápida",Copilot
e2b6d403-470e-4752-8767-48575bb10c67,"se a rapaziada da agenda se candidatar pro correios eles passam crtz, só entrega rápida",Agenda
e2b6d403-470e-4752-8767-48575bb10c67,"se a rapaziada da agenda se candidatar pro correios eles passam crtz, só entrega rápida",Cracha
ae0cbeae-1ff0-406f-a78a-a80a71120100,mais tenso que final de libertadores,Final
ae0cbeae-1ff0-406f-a78a-a80a71120100,mais tenso que final de libertadores,Libertadores
ae0cbeae-1ff0-406f-a78a-a80a71120100,slave pra pará de minas,Minascoders
ae0cbeae-1ff0-406f-a78a-a80a71120100,esse é o tal jogo que é melhor que dota 2 de usuário para ter uma ideia de como fazer um orçamento para limpar o nome da empresa para que eu possa fazer um novo anúncio,Usuario
ae0cbeae-1ff0-406f-a78a-a80a71120100,esse é o tal jogo que é melhor que dota 2 de usuário para ter uma ideia de como fazer um orçamento para limpar o nome da empresa para que eu possa fazer um novo anúncio,Nome
ae0cbeae-1ff0-406f-a78a-a80a71120100,esse é o tal jogo que é melhor que dota 2 de usuário para ter uma ideia de como fazer um orçamento para limpar o nome da empresa para que eu possa fazer um novo anúncio,Projetos
ae0cbeae-1ff0-406f-a78a-a80a71120100,esse é o tal jogo que é melhor que dota 2 de usuário para ter uma ideia de como fazer um orçamento para limpar o nome da empresa para que eu possa fazer um novo anúncio,Secom
ae0cbeae-1ff0-406f-a78a-a80a71120100,esse é o tal jogo que é melhor que dota 2 de usuário para ter uma ideia de como fazer um orçamento para limpar o nome da empresa para que eu possa fazer um novo anúncio,Empresa
ae0cbeae-1ff0-406f-a78a-a80a71120100,esse é o tal jogo que é melhor que dota 2 de usuário para ter uma ideia de como fazer um orçamento para limpar o nome da empresa para que eu possa fazer um novo anúncio,Jogos
ae0cbeae-1ff0-406f-a78a-a80a71120100,esse é o tal jogo que é melhor que dota 2 de usuário para ter uma ideia de como fazer um orçamento para limpar o nome da empresa para que eu possa fazer um novo anúncio,Orcamento
219bdf7f-fa3a-4d8f-9e33-b83980cc7afb,manda um salve pra bahia,Merenda
