usuario,texto,entidade_mencionada,score_sentimento
489050ba-f6ce-4f05-a8ce-d6bdee47371a,ansiosa para o início do evento,Abertura,-0.1531
0075ff65-ea4f-498d-992f-ada2464aa615,ansiosa para o início do wit,Abertura,-0.1531
0075ff65-ea4f-498d-992f-ada2464aa615,maceió é massa,Organizacao,0.5423
df0c5066-4918-4384-bf21-9ba7343bf772,kkkkkkk,Organizacao,0.0
1e411a8b-4d32-4425-945d-09887c5071b8,mais uma edição do wit preparada com muito carinho,Engie,0.4588
1e411a8b-4d32-4425-945d-09887c5071b8,mais uma edição do wit preparada com muito carinho,Saudades,0.4588
1e411a8b-4d32-4425-945d-09887c5071b8,missões disponibilizadas,Organizacao,0.0
1e411a8b-4d32-4425-945d-09887c5071b8,partiu gamificação,Gamificacao,0.34
59ab6fbb-3356-44e7-a74e-e5bdbc89fab7,storygirl presente no wit2025,Storygirl,0.4404
59ab6fbb-3356-44e7-a74e-e5bdbc89fab7,storygirl presente no wit2025,Witcsbc2025,0.4404
f3eed192-b8ab-4094-942f-54e234fbb70b,coletivo lovelace presente no wit 🫶🏻,Lovelace,0.4404
0b4761ba-7672-4bde-89c3-74f013f2b163,vamos que vamos meninas,Mulheres,0.0
9d149e84-581a-4008-996e-d3680d5bcd88,o aplicativo está ótimo,Aplicativo,0.3612
9d149e84-581a-4008-996e-d3680d5bcd88,"fiquei com dificuldade de colocar itens na agenda pra missão, pois já tinha colocado antes",Desafios,-0.3182
9d149e84-581a-4008-996e-d3680d5bcd88,"fiquei com dificuldade de colocar itens na agenda pra missão, pois já tinha colocado antes",Organizacao,-0.3182
9d149e84-581a-4008-996e-d3680d5bcd88,"fiquei com dificuldade de colocar itens na agenda pra missão, pois já tinha colocado antes",Itens,-0.3182
9d149e84-581a-4008-996e-d3680d5bcd88,"fiquei com dificuldade de colocar itens na agenda pra missão, pois já tinha colocado antes",Agenda,-0.3182
9d149e84-581a-4008-996e-d3680d5bcd88,"marcar de novo, não deu certo",Novo,-0.0258
a24b5393-ee39-4272-8f84-7f95fa794341,ansiosa pelas novidades do wit,Novo,0.0
599e5dc6-fa67-4845-a44e-539c244937fc,as meninas da gamificação são incríveis,Mulheres,0.0
599e5dc6-fa67-4845-a44e-539c244937fc,as meninas da gamificação são incríveis,Gamificacao,0.0
8ac171ff-ae8c-4709-899e-93e23ba84729,só felicidades,Saudades,0.5106
06f1249e-61d1-4916-a745-f29b8095822b,"organização, animação",Animacao,0.0
06f1249e-61d1-4916-a745-f29b8095822b,"organização, animação",Organizacao,0.0
06f1249e-61d1-4916-a745-f29b8095822b,"energia das meninas, tudo impecável",Mulheres,0.296
06f1249e-61d1-4916-a745-f29b8095822b,"energia das meninas, tudo impecável",Energia,0.296
06f1249e-61d1-4916-a745-f29b8095822b,maravilhoso ❤️❤️ tou amando fazer parte disso,Organizacao,0.8591
06f1249e-61d1-4916-a745-f29b8095822b,animada pra aproveitar cada coisinha desse evento maravilhoso,Organizacao,0.6705
b0bd5290-3dd4-4593-99b9-c1055814408b,super animada para aproveitar cada momento desse evento❤️,Momento,0.5106
b0bd5290-3dd4-4593-99b9-c1055814408b,super animada para aproveitar cada momento desse evento❤️,Super,0.5106
ed496342-5088-4e03-9bf6-270dbfd06758,abertura do wit tá com clima descontraído,Abertura,0.4404
ed496342-5088-4e03-9bf6-270dbfd06758,abertura do wit tá com clima descontraído,Ambiente,0.4404
ed496342-5088-4e03-9bf6-270dbfd06758,muito bonita decoração do palco <3,Decoracao,0.7269
ed496342-5088-4e03-9bf6-270dbfd06758,muito bonita decoração do palco <3,Palestra,0.7269
b8b92070-a5ba-4bca-ab6c-1976294cf8da,que felicidade estar junto a tantas mulheres potentes,Mulheres,0.5106
17a6d940-56ba-4d72-8c6b-3f765a91e6ac,"a palestra do wit está sensacional, que seja uma experiência proveitosa para conhecer mulheres em todo o brasil",Experiencia,-0.2263
17a6d940-56ba-4d72-8c6b-3f765a91e6ac,"a palestra do wit está sensacional, que seja uma experiência proveitosa para conhecer mulheres em todo o brasil",Brasil,-0.2263
17a6d940-56ba-4d72-8c6b-3f765a91e6ac,"a palestra do wit está sensacional, que seja uma experiência proveitosa para conhecer mulheres em todo o brasil",Palestra,-0.2263
17a6d940-56ba-4d72-8c6b-3f765a91e6ac,"a palestra do wit está sensacional, que seja uma experiência proveitosa para conhecer mulheres em todo o brasil",Mulheres,-0.2263
268e12fc-6012-41e0-9301-483b58059c69,podemos chegar a todos os lugares,Area,0.0
94e79e36-97e0-4aa4-b033-298dd22658d1,parabéns à organização do wit por cuidarem com tanto carinho do evento,Saudades,0.7845
94e79e36-97e0-4aa4-b033-298dd22658d1,parabéns à organização do wit por cuidarem com tanto carinho do evento,Organizacao,0.7845
01bdf958-26a8-4cbb-9001-f8323dd02301,que mulheres maravilhosas,Mulheres,0.0
5bb974d7-0d42-4ba7-b115-6f2821843ecc,ansiosa por esses três dias,Organizacao,0.0
17a6d940-56ba-4d72-8c6b-3f765a91e6ac,espero sair desse evento bem representada por ser mulher na área de tecnologia,Mulheres,0.2263
17a6d940-56ba-4d72-8c6b-3f765a91e6ac,espero sair desse evento bem representada por ser mulher na área de tecnologia,Tecnologia,0.2263
17a6d940-56ba-4d72-8c6b-3f765a91e6ac,espero sair desse evento bem representada por ser mulher na área de tecnologia,Area,0.2263
17a6d940-56ba-4d72-8c6b-3f765a91e6ac,que tenha mais visibilidade em relação aos debates,Debates,0.0
17a6d940-56ba-4d72-8c6b-3f765a91e6ac,que tenha mais visibilidade em relação aos debates,Organizacao,0.0
17a6d940-56ba-4d72-8c6b-3f765a91e6ac,que tenha mais visibilidade em relação aos debates,Visibilidade,0.0
9a0b6f46-36e7-4cce-81e7-87d8c0dec201,a palestra do wit no congresso foi extremamente inspiradora,Palestra,0.0
9a0b6f46-36e7-4cce-81e7-87d8c0dec201,a palestra do wit no congresso foi extremamente inspiradora,Congresso,0.0
9a0b6f46-36e7-4cce-81e7-87d8c0dec201,ver mulheres compartilhando seus desafios na tecnologia reforça a importância de promover mais equidade,Organizacao,0.802
9a0b6f46-36e7-4cce-81e7-87d8c0dec201,ver mulheres compartilhando seus desafios na tecnologia reforça a importância de promover mais equidade,Mulheres,0.802
9a0b6f46-36e7-4cce-81e7-87d8c0dec201,ver mulheres compartilhando seus desafios na tecnologia reforça a importância de promover mais equidade,Equidade,0.802
9a0b6f46-36e7-4cce-81e7-87d8c0dec201,ver mulheres compartilhando seus desafios na tecnologia reforça a importância de promover mais equidade,Desafios,0.802
9a0b6f46-36e7-4cce-81e7-87d8c0dec201,ver mulheres compartilhando seus desafios na tecnologia reforça a importância de promover mais equidade,Tecnologia,0.802
9a0b6f46-36e7-4cce-81e7-87d8c0dec201,representatividade na área,Representatividade,0.0
9a0b6f46-36e7-4cce-81e7-87d8c0dec201,representatividade na área,Area,0.0
9a0b6f46-36e7-4cce-81e7-87d8c0dec201,que energia maravilhosa na palestra do wit,Energia,0.7717
9a0b6f46-36e7-4cce-81e7-87d8c0dec201,que energia maravilhosa na palestra do wit,Palestra,0.7717
9a0b6f46-36e7-4cce-81e7-87d8c0dec201,sair desse espaço me fez lembrar por que escolhi estar na tecnologia,Organizacao,-0.0516
9a0b6f46-36e7-4cce-81e7-87d8c0dec201,sair desse espaço me fez lembrar por que escolhi estar na tecnologia,Tecnologia,-0.0516
adec314d-1120-4e55-985a-8bdbbf48be55,"gurias na computação, presente",Computacao,0.4404
adec314d-1120-4e55-985a-8bdbbf48be55,"gurias na computação, presente",Organizacao,0.4404
1b58aa1e-e0c5-485a-8317-7bbe5c074e42,participar do wit é uma experiência enriquecedora,Experiencia,0.0
1b58aa1e-e0c5-485a-8317-7bbe5c074e42,"estar ao lado de tantas mulheres incríveis, conhecendo suas trajetórias, desafios",Mulheres,0.0772
1b58aa1e-e0c5-485a-8317-7bbe5c074e42,"estar ao lado de tantas mulheres incríveis, conhecendo suas trajetórias, desafios",Desafios,0.0772
1b58aa1e-e0c5-485a-8317-7bbe5c074e42,"estar ao lado de tantas mulheres incríveis, conhecendo suas trajetórias, desafios",Trajetoria,0.0772
1b58aa1e-e0c5-485a-8317-7bbe5c074e42,"estar ao lado de tantas mulheres incríveis, conhecendo suas trajetórias, desafios",Organizacao,0.0772
1b58aa1e-e0c5-485a-8317-7bbe5c074e42,conquistas na área da tecnologia,Area,0.0
1b58aa1e-e0c5-485a-8317-7bbe5c074e42,conquistas na área da tecnologia,Tecnologia,0.0
1b58aa1e-e0c5-485a-8317-7bbe5c074e42,conquistas na área da tecnologia,Sucessos,0.0
1bfbf56f-28e4-4dee-874f-83823030bda3,"segunda edição que participo do wit,",Engie,0.0
1bfbf56f-28e4-4dee-874f-83823030bda3,"segunda edição que participo do wit,",Inclusao,0.0
1bfbf56f-28e4-4dee-874f-83823030bda3,"como na edição passada, o evento está lindo",Engie,0.5423
1bfbf56f-28e4-4dee-874f-83823030bda3,as mulheres que fazem isso acontecer são uma grande inspiração para mim,Mulheres,0.6486
1bfbf56f-28e4-4dee-874f-83823030bda3,as mulheres que fazem isso acontecer são uma grande inspiração para mim,Inspiracao,0.6486
6e490da9-d604-49fa-b782-7cc09c1615d3,esse evento é extremamente importante para que mulheres de tecnologias se vejam representadas,Mulheres,0.1815
6e490da9-d604-49fa-b782-7cc09c1615d3,esse evento é extremamente importante para que mulheres de tecnologias se vejam representadas,Tecnologia,0.1815
6e490da9-d604-49fa-b782-7cc09c1615d3,espero em breve fazer parte do grupo de projetos associados às meninas digitais,Mulheres,0.0
6e490da9-d604-49fa-b782-7cc09c1615d3,espero em breve fazer parte do grupo de projetos associados às meninas digitais,Projetos,0.0
6e490da9-d604-49fa-b782-7cc09c1615d3,espero em breve fazer parte do grupo de projetos associados às meninas digitais,Organizacao,0.0
6e490da9-d604-49fa-b782-7cc09c1615d3,espero em breve fazer parte do grupo de projetos associados às meninas digitais,Grupo,0.0
6e490da9-d604-49fa-b782-7cc09c1615d3,muito significado estar num evento que valoriza mulheres na tecnologia,Fato,0.2732
6e490da9-d604-49fa-b782-7cc09c1615d3,muito significado estar num evento que valoriza mulheres na tecnologia,Mulheres,0.2732
6e490da9-d604-49fa-b782-7cc09c1615d3,muito significado estar num evento que valoriza mulheres na tecnologia,Tecnologia,0.2732
ae163e36-169f-44a1-8c73-558123924278,incrível ouvir de uma mulher na área de cibersegurança,Mulheres,0.6705
ae163e36-169f-44a1-8c73-558123924278,incrível ouvir de uma mulher na área de cibersegurança,Ciberseguranca🩷,0.6705
ae163e36-169f-44a1-8c73-558123924278,incrível ouvir de uma mulher na área de cibersegurança,Area,0.6705
ae163e36-169f-44a1-8c73-558123924278,inspiração,Inspiracao,0.4404
ae163e36-169f-44a1-8c73-558123924278,boa ideia de gamificação,Ideia,0.0
ae163e36-169f-44a1-8c73-558123924278,boa ideia de gamificação,Gamificacao,0.0
ae163e36-169f-44a1-8c73-558123924278,dinâmica atraente,Dinamica,0.1027
934ac1e9-8a9e-4865-977f-b22e4bbce84e,uhuuul ansiosa por toda a programação,Programacao,0.0
0075ff65-ea4f-498d-992f-ada2464aa615,muito show a abertura,Abertura,0.7096
c2b6bd29-c4b7-4ad9-ab56-0ec11fd42341,muita emoção neste inicio do wit,Abertura,0.3612
c2b6bd29-c4b7-4ad9-ab56-0ec11fd42341,muita emoção neste inicio do wit,Pena,0.3612
c90f49e7-30eb-4954-bad6-ff13e4342a57,ansiosa para todos esses dias,Organizacao,-0.1531
ed496342-5088-4e03-9bf6-270dbfd06758,abertura está cheia de momentos especiais 🤩,Abertura,0.34
ed496342-5088-4e03-9bf6-270dbfd06758,abertura está cheia de momentos especiais 🤩,Momento,0.34
97bb898c-af32-4429-b56c-5914309a8775,muito feliz de conhecer mulheres tão incríveis,Mulheres,0.6249
ae4d3fbb-069f-4906-895d-6ff10de1bdb9,"ótima palestra de abertura, tudo muito bem explicado",Abertura,0.5423
ae4d3fbb-069f-4906-895d-6ff10de1bdb9,"ótima palestra de abertura, tudo muito bem explicado",Palestra,0.5423
ae4d3fbb-069f-4906-895d-6ff10de1bdb9,a equipe é super divertida,Equipe,0.765
412301d3-9406-4057-b8ca-f6c63f066ec3,adorei com certeza venho nas próximas edições,Engie,0.25
ec75f459-7b9d-4c5e-a6c6-7e8f15491c4b,"palestras muito interessantes, parabens",Palestra,0.5994
b276ced5-ff2f-4c66-821d-f7751ca3e6d8,amando a vibe boa do wit,Organizacao,0.7845
c8ddbe59-a031-4194-add3-db3071ddcbef,amando a abertura do wit,Abertura,0.7506
c8ddbe59-a031-4194-add3-db3071ddcbef,meninas na computação,Mulheres,0.0
c8ddbe59-a031-4194-add3-db3071ddcbef,meninas na computação,Computacao,0.0
1b58aa1e-e0c5-485a-8317-7bbe5c074e42,"estar no wit foi mais do que participar de um evento — foi se reconhecer em histórias, se inspirar em trajetórias",Trajetoria,0.5719
1b58aa1e-e0c5-485a-8317-7bbe5c074e42,"estar no wit foi mais do que participar de um evento — foi se reconhecer em histórias, se inspirar em trajetórias",Artigos,0.5719
1b58aa1e-e0c5-485a-8317-7bbe5c074e42,renovar o compromisso com a transformação que queremos ver na tecnologia,Transformacao,0.0
1b58aa1e-e0c5-485a-8317-7bbe5c074e42,renovar o compromisso com a transformação que queremos ver na tecnologia,Apoio,0.0
1b58aa1e-e0c5-485a-8317-7bbe5c074e42,renovar o compromisso com a transformação que queremos ver na tecnologia,Tecnologia,0.0
412301d3-9406-4057-b8ca-f6c63f066ec3,amei a ideia de sorteios,Ideia,0.3818
412301d3-9406-4057-b8ca-f6c63f066ec3,amei a ideia de sorteios,Organizacao,0.3818
412301d3-9406-4057-b8ca-f6c63f066ec3,brindes,Sessao,0.4215
de8d707d-b7b7-43bd-9191-a060a88bb761,"que evento incrível, animada para as próximas atividades 🤩",Eventos,0.6908
d9d06ba9-ddc7-49e3-8ff8-cfc02ea63d0f,tô animada demaaais pra conhecer os projetos,Animada,0.0
d9d06ba9-ddc7-49e3-8ff8-cfc02ea63d0f,tô animada demaaais pra conhecer os projetos,Projetos,0.0
d9d06ba9-ddc7-49e3-8ff8-cfc02ea63d0f,ver os artigos,Artigos,0.0
16d2d16a-6864-4d0c-afe3-d87991308ec5,"eu acho que pelo menos no último ano, além de ouvir comentários, o número de meninas na área da computação tem diminuido, ou seja, é muito bom a presença do wit para continuar ajudando as mulheres",Numeros,0.5719
16d2d16a-6864-4d0c-afe3-d87991308ec5,"eu acho que pelo menos no último ano, além de ouvir comentários, o número de meninas na área da computação tem diminuido, ou seja, é muito bom a presença do wit para continuar ajudando as mulheres",Organizacao,0.5719
16d2d16a-6864-4d0c-afe3-d87991308ec5,"eu acho que pelo menos no último ano, além de ouvir comentários, o número de meninas na área da computação tem diminuido, ou seja, é muito bom a presença do wit para continuar ajudando as mulheres",Mulheres,0.5719
16d2d16a-6864-4d0c-afe3-d87991308ec5,"eu acho que pelo menos no último ano, além de ouvir comentários, o número de meninas na área da computação tem diminuido, ou seja, é muito bom a presença do wit para continuar ajudando as mulheres",Pouquinho,0.5719
16d2d16a-6864-4d0c-afe3-d87991308ec5,"eu acho que pelo menos no último ano, além de ouvir comentários, o número de meninas na área da computação tem diminuido, ou seja, é muito bom a presença do wit para continuar ajudando as mulheres",Area,0.5719
16d2d16a-6864-4d0c-afe3-d87991308ec5,"eu acho que pelo menos no último ano, além de ouvir comentários, o número de meninas na área da computação tem diminuido, ou seja, é muito bom a presença do wit para continuar ajudando as mulheres",Computacao,0.5719
4270590b-ac53-434d-88eb-f948b87a7247,muito massa a inclusão que o wit,Inclusao,0.5423
4270590b-ac53-434d-88eb-f948b87a7247,"o meninas digitais proporciona, por mais movimentos assim",Mulheres,0.0
4270590b-ac53-434d-88eb-f948b87a7247,"o meninas digitais proporciona, por mais movimentos assim",Movimentos,0.0
537d3fe2-2cd9-4d63-a1cf-6c6d288411ff,espero vcs no wit 2027 que será em manaus,Organizacao,0.0
537d3fe2-2cd9-4d63-a1cf-6c6d288411ff,espero vcs no wit 2027 que será em manaus,Vcs,0.0
537d3fe2-2cd9-4d63-a1cf-6c6d288411ff,fabiola somos as coordenadoras do csbc,Simposio,0.0
16d2d16a-6864-4d0c-afe3-d87991308ec5,acho essa palestra super necessária,Palestra,0.5994
cd5e94b1-51c2-4147-a20b-9e1345a0adad,eu ameiii a abertura foi muito legal,Abertura,0.4404
cd5e94b1-51c2-4147-a20b-9e1345a0adad,eu amo estar nesses ambientes,Ambiente,0.6705
cd5e94b1-51c2-4147-a20b-9e1345a0adad,entusiasmo em continuar na área,Animada,0.4404
cd5e94b1-51c2-4147-a20b-9e1345a0adad,entusiasmo em continuar na área,Area,0.4404
4270590b-ac53-434d-88eb-f948b87a7247,"muito bom ver tantas garotas entrando nesse mercado, que esse número continue crescendo",Mulheres,0.5859
4270590b-ac53-434d-88eb-f948b87a7247,"muito bom ver tantas garotas entrando nesse mercado, que esse número continue crescendo",Numeros,0.5859
4270590b-ac53-434d-88eb-f948b87a7247,"muito bom ver tantas garotas entrando nesse mercado, que esse número continue crescendo",Mercado,0.5859
d230aaa6-976f-49bd-bb8a-21d45dec64ab,parabéns sobre a iniciativa,Projetos,0.5994
cd5e94b1-51c2-4147-a20b-9e1345a0adad,"a pesquisa sobre cyber segurança eu amooo 
é a área que pretendo seguir com toda certeza",Organizacao,0.6124
cd5e94b1-51c2-4147-a20b-9e1345a0adad,"a pesquisa sobre cyber segurança eu amooo 
é a área que pretendo seguir com toda certeza",Area,0.6124
cd5e94b1-51c2-4147-a20b-9e1345a0adad,"a pesquisa sobre cyber segurança eu amooo 
é a área que pretendo seguir com toda certeza",Pesquisa,0.6124
d230aaa6-976f-49bd-bb8a-21d45dec64ab,gostei da escolha da michelle para a palestra de abertura,Abertura,0.5574
d230aaa6-976f-49bd-bb8a-21d45dec64ab,gostei da escolha da michelle para a palestra de abertura,Escolha,0.5574
d230aaa6-976f-49bd-bb8a-21d45dec64ab,gostei da escolha da michelle para a palestra de abertura,Palestra,0.5574
d230aaa6-976f-49bd-bb8a-21d45dec64ab,gostei da escolha da michelle para a palestra de abertura,Organizacao,0.5574
1bfbf56f-28e4-4dee-874f-83823030bda3,"amei a ideia do app da gamificação, é legal visualizar as missões que precisamos completar",Gamificacao,0.4767
1bfbf56f-28e4-4dee-874f-83823030bda3,"amei a ideia do app da gamificação, é legal visualizar as missões que precisamos completar",Ideia,0.4767
1bfbf56f-28e4-4dee-874f-83823030bda3,"amei a ideia do app da gamificação, é legal visualizar as missões que precisamos completar",Aplicativo,0.4767
1bfbf56f-28e4-4dee-874f-83823030bda3,"amei a ideia do app da gamificação, é legal visualizar as missões que precisamos completar",Organizacao,0.4767
6c3e12ff-eaca-45fd-ab7c-b291f088c86e,quantas mulheres incríveis em um só lugar,Mulheres,0.0
6c3e12ff-eaca-45fd-ab7c-b291f088c86e,quantas mulheres incríveis em um só lugar,Area,0.0
6c3e12ff-eaca-45fd-ab7c-b291f088c86e,muito animada com a gamificação,Gamificacao,0.0
d32d63c1-02f8-4d06-9fdb-6dfed1c37967,acho legal a ideia de mostrar por quem está por trás do evento,Ideia,-0.34
d32d63c1-02f8-4d06-9fdb-6dfed1c37967,é muito bom ver como várias mulheres se esforçaram para fazer esse evento acontecer com a melhor qualidade,Mulheres,0.6249
d32d63c1-02f8-4d06-9fdb-6dfed1c37967,é muito bom ver como várias mulheres se esforçaram para fazer esse evento acontecer com a melhor qualidade,Qualidade,0.6249
908bb7b4-88ca-4d4c-83d1-513a4e11c569,estou amandooo,Organizacao,0.0
908bb7b4-88ca-4d4c-83d1-513a4e11c569,que experiência incrível,Experiencia,0.6705
5ca22f49-b601-4a36-81af-dba71e05cf97,mulheres maravilhosas,Mulheres,0.0
c5f537b2-2d25-4784-88c0-7d434cd447d9,o mermãs digitais já chegou por aqui,Organizacao,0.0
908bb7b4-88ca-4d4c-83d1-513a4e11c569,csbc arrasou nos brindes,Sessao,0.7783
fa22c635-07b6-4718-9309-2665ad2d1a12,minascoders no wit,Minascoders,0.0
c5f537b2-2d25-4784-88c0-7d434cd447d9,o @mermasdigitais quer conhecer cada um de vocês,Palestrantes,0.0772
c5f537b2-2d25-4784-88c0-7d434cd447d9,o @mermasdigitais quer conhecer cada um de vocês,@mermasdigitais,0.0772
c5f537b2-2d25-4784-88c0-7d434cd447d9,"então já corre lá no instagram da um oi pra gente, mermã",Merma,0.0
7afaf882-baa2-47f7-aa69-a15f8ad3452a,"minha primeira vez no csbc, estou super animada com a programação do wit",Programacao,0.5994
4a257948-6c61-4d69-b2bf-45561ca9dc96,"parabéns a todas as mulheres que fizeram a evento acontecer, vocês são fundamental na representatividade",Mulheres,0.5994
4a257948-6c61-4d69-b2bf-45561ca9dc96,"parabéns a todas as mulheres que fizeram a evento acontecer, vocês são fundamental na representatividade",Representatividade,0.5994
4a257948-6c61-4d69-b2bf-45561ca9dc96,no senso de pertencimento da área da computação,Fato,0.0
4a257948-6c61-4d69-b2bf-45561ca9dc96,no senso de pertencimento da área da computação,Computacao,0.0
4a257948-6c61-4d69-b2bf-45561ca9dc96,no senso de pertencimento da área da computação,Organizacao,0.0
4a257948-6c61-4d69-b2bf-45561ca9dc96,no senso de pertencimento da área da computação,Area,0.0
d9d06ba9-ddc7-49e3-8ff8-cfc02ea63d0f,muito feliz em ver o meninas,Mulheres,0.6249
d9d06ba9-ddc7-49e3-8ff8-cfc02ea63d0f,comp em peso aqui,Peso,-0.4404
4a257948-6c61-4d69-b2bf-45561ca9dc96,"fico muito feliz de estar presente aqui, gostei bastante da organização de vocês, o aplicativo foi fundamental para isso",Aplicativo,0.8481
4a257948-6c61-4d69-b2bf-45561ca9dc96,"fico muito feliz de estar presente aqui, gostei bastante da organização de vocês, o aplicativo foi fundamental para isso",Organizacao,0.8481
a5c89d02-dd46-4fb9-880f-0b2d4cb3fa2c,super interessante o tema da palestra,Organizacao,0.765
a5c89d02-dd46-4fb9-880f-0b2d4cb3fa2c,super interessante o tema da palestra,Palestra,0.765
a5c89d02-dd46-4fb9-880f-0b2d4cb3fa2c,super interessante o tema da palestra,Super,0.765
a5c89d02-dd46-4fb9-880f-0b2d4cb3fa2c,o protagonismo das mulheres em ti,Mulheres,0.0
a5c89d02-dd46-4fb9-880f-0b2d4cb3fa2c,o protagonismo das mulheres em ti,Organizacao,0.0
e9b594f7-6309-4190-9032-4dde803e2d6a,muito bom conhecer a história de outras mulheres na área👏👏👏,Mulheres,0.4215
e9b594f7-6309-4190-9032-4dde803e2d6a,muito bom conhecer a história de outras mulheres na área👏👏👏,Artigos,0.4215
e9b594f7-6309-4190-9032-4dde803e2d6a,muito bom conhecer a história de outras mulheres na área👏👏👏,Area,0.4215
262af184-23c3-4cb4-8231-04a142217d69,mostra que nós mulheres podemos encontrar nosso lugar na tecnologia,Mulheres,0.0
262af184-23c3-4cb4-8231-04a142217d69,mostra que nós mulheres podemos encontrar nosso lugar na tecnologia,Tecnologia,0.0
262af184-23c3-4cb4-8231-04a142217d69,mostra que nós mulheres podemos encontrar nosso lugar na tecnologia,Area,0.0
4c4af487-81e9-4e3a-8efc-b2d0f1b0b394,as palestras estão incríveis,Palestra,0.0
f37ffdc2-3f64-4b56-a935-4ddecee92321,muito bom poder participar do evento,Energia,0.4215
6a932bef-bc47-4979-8361-01f0ca51d5bd,"palestra sensacional, uma visão pessoal de uma pesquisadora já consolidada",Palestra,0.2023
6a932bef-bc47-4979-8361-01f0ca51d5bd,"palestra sensacional, uma visão pessoal de uma pesquisadora já consolidada",Organizacao,0.2023
6a932bef-bc47-4979-8361-01f0ca51d5bd,"palestra sensacional, uma visão pessoal de uma pesquisadora já consolidada",Pesquisa,0.2023
170840c4-5893-454a-8433-5854baffd2cc,"quão gratificante é ver a diferença que o wit está fazendo, promovendo uma maior presença de mulheres nas áreas de tecnologia",Organizacao,0.7845
170840c4-5893-454a-8433-5854baffd2cc,"quão gratificante é ver a diferença que o wit está fazendo, promovendo uma maior presença de mulheres nas áreas de tecnologia",Mulheres,0.7845
170840c4-5893-454a-8433-5854baffd2cc,"quão gratificante é ver a diferença que o wit está fazendo, promovendo uma maior presença de mulheres nas áreas de tecnologia",Area,0.7845
170840c4-5893-454a-8433-5854baffd2cc,"quão gratificante é ver a diferença que o wit está fazendo, promovendo uma maior presença de mulheres nas áreas de tecnologia",Diferenca,0.7845
170840c4-5893-454a-8433-5854baffd2cc,"quão gratificante é ver a diferença que o wit está fazendo, promovendo uma maior presença de mulheres nas áreas de tecnologia",Tecnologia,0.7845
d90a7533-8a3c-4a1e-9221-2185fdeaec90,energia maravilhosa,Energia,0.7717
d90a7533-8a3c-4a1e-9221-2185fdeaec90,muito bom ver mulheres na área de ti,Mulheres,0.4215
d90a7533-8a3c-4a1e-9221-2185fdeaec90,muito bom ver mulheres na área de ti,Area,0.4215
4c4af487-81e9-4e3a-8efc-b2d0f1b0b394,"estou amando cada momento, tudo perfeito",Momento,0.8591
dbfa6a71-9259-4730-8103-7b846417ee6c,"evento muito interessante, ouvir mulher numa área ainda muito masculina é sempre bom",Mulheres,0.6705
dbfa6a71-9259-4730-8103-7b846417ee6c,"evento muito interessante, ouvir mulher numa área ainda muito masculina é sempre bom",Area,0.6705
d90a7533-8a3c-4a1e-9221-2185fdeaec90,inspirador ouvir todas as histórias dessas mulheres maravilhosas,Mulheres,0.4215
d90a7533-8a3c-4a1e-9221-2185fdeaec90,inspirador ouvir todas as histórias dessas mulheres maravilhosas,Artigos,0.4215
b11326b5-9d5e-4d41-9e8a-fe4a2bd9bbb4,"evento inspirador, sensação incrível ver tantas mulheres maravilhosas",Mulheres,0.8074
b11326b5-9d5e-4d41-9e8a-fe4a2bd9bbb4,"evento inspirador, sensação incrível ver tantas mulheres maravilhosas",Organizacao,0.8074
170840c4-5893-454a-8433-5854baffd2cc,ansiosa pelo fórum meninas digitais,Mulheres,0.0
170840c4-5893-454a-8433-5854baffd2cc,ansiosa pelo fórum meninas digitais,Forum,0.0
9365cf2e-64e9-49a0-bd3a-0d347b215820,o que ti motivo a seguir a carreira bastante domininada pelo o público masculino,Fato,0.0
9365cf2e-64e9-49a0-bd3a-0d347b215820,o que ti motivo a seguir a carreira bastante domininada pelo o público masculino,Carreira,0.0
9365cf2e-64e9-49a0-bd3a-0d347b215820,o que ti motivo a seguir a carreira bastante domininada pelo o público masculino,Publico,0.0
9365cf2e-64e9-49a0-bd3a-0d347b215820,o que ti motivo a seguir a carreira bastante domininada pelo o público masculino,Sessoes,0.0
9365cf2e-64e9-49a0-bd3a-0d347b215820,palestra está incrível ❤️❤️,Palestra,0.6705
e895817d-40ea-4597-a1bb-4bc2cf6cbe8d,é inspirador ver mulheres ocupando cargos tão importantes dentro da tecnologia 🥰✨,Mulheres,0.4215
e895817d-40ea-4597-a1bb-4bc2cf6cbe8d,é inspirador ver mulheres ocupando cargos tão importantes dentro da tecnologia 🥰✨,Cargos,0.4215
e895817d-40ea-4597-a1bb-4bc2cf6cbe8d,é inspirador ver mulheres ocupando cargos tão importantes dentro da tecnologia 🥰✨,Tecnologia,0.4215
68e4ebcd-71fa-44a0-bd6b-1baa21fbb915,"abertura linda, evento maravilhoso",Abertura,0.886
936c9115-1651-46b3-8773-bdd88526fc2f,"amei a abertura, gamificaçao é tudo",Abertura,0.7845
e9b594f7-6309-4190-9032-4dde803e2d6a,a palestra da professora michelle wangham está maravilhosa,Palestra,0.6705
e9b594f7-6309-4190-9032-4dde803e2d6a,a palestra da professora michelle wangham está maravilhosa,Organizacao,0.6705
e9b594f7-6309-4190-9032-4dde803e2d6a,a palestra da professora michelle wangham está maravilhosa,Professora,0.6705
e9b594f7-6309-4190-9032-4dde803e2d6a,estou começando a ter interesse,Ideia,0.4588
e9b594f7-6309-4190-9032-4dde803e2d6a,olhar com mais carinho para a área de cibersegurança🩷,Saudades,0.34
e9b594f7-6309-4190-9032-4dde803e2d6a,olhar com mais carinho para a área de cibersegurança🩷,Ciberseguranca🩷,0.34
e9b594f7-6309-4190-9032-4dde803e2d6a,olhar com mais carinho para a área de cibersegurança🩷,Area,0.34
2c016692-1092-46cc-876c-ed6be5556315,palestra da michele tá massa,Palestra,0.5423
2c016692-1092-46cc-876c-ed6be5556315,palestra da michele tá massa,Organizacao,0.5423
8e1a9311-52fe-4567-8c58-70f0e2281925,ameiiii esse livro,Artigos,0.0
53e90d93-f0bd-4877-9279-97a086ab6bc5,abertura muito linda,Abertura,0.7096
53e90d93-f0bd-4877-9279-97a086ab6bc5,sempre bom ver mulheres dominando espaços na educação,Mulheres,0.1531
53e90d93-f0bd-4877-9279-97a086ab6bc5,sempre bom ver mulheres dominando espaços na educação,Aprendizado,0.1531
53e90d93-f0bd-4877-9279-97a086ab6bc5,sempre bom ver mulheres dominando espaços na educação,Organizacao,0.1531
53e90d93-f0bd-4877-9279-97a086ab6bc5,tecnologia 💞,Tecnologia,0.0
3406c3d7-f8f1-4db4-9d3f-06b9d53fa541,uma experiência incrível 👏👏👏,Experiencia,0.6705
262af184-23c3-4cb4-8231-04a142217d69,importância de aprender a conciliar as tarefas do trabalho com a maternidade,Maternidade,0.5423
262af184-23c3-4cb4-8231-04a142217d69,importância de aprender a conciliar as tarefas do trabalho com a maternidade,Organizacao,0.5423
262af184-23c3-4cb4-8231-04a142217d69,importância de aprender a conciliar as tarefas do trabalho com a maternidade,Trabalhos,0.5423
262af184-23c3-4cb4-8231-04a142217d69,ambos de fato valem a pena,Fato,-0.296
262af184-23c3-4cb4-8231-04a142217d69,ambos de fato valem a pena,Pena,-0.296
a57c1135-2ebb-4824-9625-c0bce163dddf,a gamificação esse ano está incrível,Gamificacao,0.6705
da7abf85-cae5-4a1a-83ef-e23b350da886,iniciei agora dentro do evento,Organizacao,0.0
f37ffdc2-3f64-4b56-a935-4ddecee92321,muito ver jornadas,Trajetoria,0.0
f37ffdc2-3f64-4b56-a935-4ddecee92321,desafios das mulheres no meio acadêmico,Mulheres,0.0772
f37ffdc2-3f64-4b56-a935-4ddecee92321,desafios das mulheres no meio acadêmico,Desafios,0.0772
f37ffdc2-3f64-4b56-a935-4ddecee92321,desafios das mulheres no meio acadêmico,Organizacao,0.0772
f37ffdc2-3f64-4b56-a935-4ddecee92321,exemplos de superação,Exemplo,0.0
f37ffdc2-3f64-4b56-a935-4ddecee92321,exemplos de superação,Superacao,0.0
f37ffdc2-3f64-4b56-a935-4ddecee92321,persistência,Continuidade,0.0
67959b7b-0a25-4354-a35e-f5974a549323,é incrível estar rodeada de mulheres inspiradoras 🤩,Mulheres,0.6705
67959b7b-0a25-4354-a35e-f5974a549323,é incrível estar rodeada de mulheres inspiradoras 🤩,Rodeada,0.6705
4b19c21f-0936-4c69-ae25-18f84c9119a3,"é incrível conhecer a história de tantas mulheres na area, é inspirador",Mulheres,0.8074
4b19c21f-0936-4c69-ae25-18f84c9119a3,"é incrível conhecer a história de tantas mulheres na area, é inspirador",Artigos,0.8074
4b19c21f-0936-4c69-ae25-18f84c9119a3,"é incrível conhecer a história de tantas mulheres na area, é inspirador",Area,0.8074
00da94da-eaf9-4790-a6fe-fe7b33931c70,"é tão importante esse compartilhamento da michelle, mostrando que não é fácil construir uma carreira de sucesso,",Organizacao,0.7902
00da94da-eaf9-4790-a6fe-fe7b33931c70,"é tão importante esse compartilhamento da michelle, mostrando que não é fácil construir uma carreira de sucesso,",Carreira,0.7902
00da94da-eaf9-4790-a6fe-fe7b33931c70,"é tão importante esse compartilhamento da michelle, mostrando que não é fácil construir uma carreira de sucesso,",Compartilhamento,0.7902
00da94da-eaf9-4790-a6fe-fe7b33931c70,uma realidade próxima de nós,Fato,0.0
5ca22f49-b601-4a36-81af-dba71e05cf97,michelle você é uma inspiração,Inspiracao,0.6124
5ca22f49-b601-4a36-81af-dba71e05cf97,michelle você é uma inspiração,Organizacao,0.6124
ae4d3fbb-069f-4906-895d-6ff10de1bdb9,"a palestra da michelle wangham foi muito boa, a oratória dela prende a atenção",Palestra,0.128
ae4d3fbb-069f-4906-895d-6ff10de1bdb9,"a palestra da michelle wangham foi muito boa, a oratória dela prende a atenção",Organizacao,0.128
ae4d3fbb-069f-4906-895d-6ff10de1bdb9,"a palestra da michelle wangham foi muito boa, a oratória dela prende a atenção",Oratoria,0.128
ae4d3fbb-069f-4906-895d-6ff10de1bdb9,sua experiência de vida conseguiu me inspirar a crescer muito mais,Experiencia,0.7579
ae4d3fbb-069f-4906-895d-6ff10de1bdb9,sua experiência de vida conseguiu me inspirar a crescer muito mais,Vida,0.7579
adec314d-1120-4e55-985a-8bdbbf48be55,"a trajetória de michelle é, de fato, inspiradora",Fato,0.0
adec314d-1120-4e55-985a-8bdbbf48be55,"a trajetória de michelle é, de fato, inspiradora",Trajetoria,0.0
adec314d-1120-4e55-985a-8bdbbf48be55,"a trajetória de michelle é, de fato, inspiradora",Organizacao,0.0
6e668e80-7eda-405e-814d-d4b1dd4538c3,uma palestra realmente muito inspiradora,Palestra,0.0
d045f926-cf41-4757-ae96-89594f6e4870,conheça o mermãs digitais 💜 @mermasdigitais,Organizacao,0.0
934ac1e9-8a9e-4865-977f-b22e4bbce84e,excelente palestra,Palestra,0.6249
934ac1e9-8a9e-4865-977f-b22e4bbce84e,muito interessante entender a vida da professora,Vida,0.4019
934ac1e9-8a9e-4865-977f-b22e4bbce84e,muito interessante entender a vida da professora,Professora,0.4019
934ac1e9-8a9e-4865-977f-b22e4bbce84e,como toda a sua carreira foi construída,Carreira,0.0
b787555f-cd18-4a0b-9e20-493282185ddd,relatos de experiência por mulheres são sempre mais tocantes,Experiencia,0.0
b787555f-cd18-4a0b-9e20-493282185ddd,relatos de experiência por mulheres são sempre mais tocantes,Organizacao,0.0
b787555f-cd18-4a0b-9e20-493282185ddd,relatos de experiência por mulheres são sempre mais tocantes,Mulheres,0.0
b787555f-cd18-4a0b-9e20-493282185ddd,relatos de experiência por mulheres são sempre mais tocantes,Artigos,0.0
560003d3-5b59-481c-85d2-838ef984b466,muito importante para incentivar as mulheres na área da tecnologia,Mulheres,0.1779
560003d3-5b59-481c-85d2-838ef984b466,muito importante para incentivar as mulheres na área da tecnologia,Tecnologia,0.1779
560003d3-5b59-481c-85d2-838ef984b466,muito importante para incentivar as mulheres na área da tecnologia,Area,0.1779
e6d477bf-b603-42a7-985e-ac84356103b9,que grande mulher a michelle é,Mulheres,0.4588
e6d477bf-b603-42a7-985e-ac84356103b9,que grande mulher a michelle é,Organizacao,0.4588
e6d477bf-b603-42a7-985e-ac84356103b9,me sinto inspirada em ver como outras mulheres tiveram/têm o mesmo sentimento que eu,Mulheres,0.0
e6d477bf-b603-42a7-985e-ac84356103b9,me sinto inspirada em ver como outras mulheres tiveram/têm o mesmo sentimento que eu,Pena,0.0
c01cfc13-c80c-4c86-872a-da81361b3339,amei a palestra de abertura,Abertura,0.7845
c01cfc13-c80c-4c86-872a-da81361b3339,amei a palestra de abertura,Palestra,0.7845
c01cfc13-c80c-4c86-872a-da81361b3339,muito inspirador ver de perto a história da doutora,Doutora,0.4215
c01cfc13-c80c-4c86-872a-da81361b3339,muito inspirador ver de perto a história da doutora,Artigos,0.4215
c55ff755-bd00-4af8-b6ed-ed43007446b3,muito bacana as pulseirinhas de cada região do brasil,Regiao,0.0
c55ff755-bd00-4af8-b6ed-ed43007446b3,muito bacana as pulseirinhas de cada região do brasil,Brasil,0.0
c55ff755-bd00-4af8-b6ed-ed43007446b3,muito bacana as pulseirinhas de cada região do brasil,Organizacao,0.0
3ad87374-5d6b-41e4-a901-00435a3f8c6e,a palestra apresentada realmente foi inspiradora,Palestra,0.0
3ad87374-5d6b-41e4-a901-00435a3f8c6e,de um valor surpreendente,Equidade,0.5423
6e668e80-7eda-405e-814d-d4b1dd4538c3,muito legal conhecer uma mulher tão forte,Mulheres,-0.0754
560003d3-5b59-481c-85d2-838ef984b466,inspiração para que outros sigam no propósito,Inspiracao,0.3182
560003d3-5b59-481c-85d2-838ef984b466,inspiração para que outros sigam no propósito,Organizacao,0.3182
3ecdcc60-1292-4833-9c99-08066e0a6e86,palestra de abertura foi muito inspiradora,Abertura,0.34
3ecdcc60-1292-4833-9c99-08066e0a6e86,palestra de abertura foi muito inspiradora,Palestra,0.34
342d6dfe-f757-4730-97bc-246b444e6474,queria falar sobre a inspiração que é michelle wangham,Inspiracao,0.4404
342d6dfe-f757-4730-97bc-246b444e6474,queria falar sobre a inspiração que é michelle wangham,Organizacao,0.4404
342d6dfe-f757-4730-97bc-246b444e6474,"o quanto foi lindo de conhecer sua história pessoal, acadêmica",Artigos,0.5423
342d6dfe-f757-4730-97bc-246b444e6474,uma lição de como nós mulheres podemos seguir nossos sonhos,Mulheres,0.4019
342d6dfe-f757-4730-97bc-246b444e6474,uma lição de como nós mulheres podemos seguir nossos sonhos,Sonhos,0.4019
342d6dfe-f757-4730-97bc-246b444e6474,uma lição de como nós mulheres podemos seguir nossos sonhos,Organizacao,0.4019
4b19c21f-0936-4c69-ae25-18f84c9119a3,é bom ter uma história tao linda pra se espelhar que nem a da michele,Organizacao,0.7645
4b19c21f-0936-4c69-ae25-18f84c9119a3,é bom ter uma história tao linda pra se espelhar que nem a da michele,Artigos,0.7645
f6bf24cf-734d-4f0e-a735-4a08d53c2b85,história de vida inspiradora,Vida,0.0
f6bf24cf-734d-4f0e-a735-4a08d53c2b85,história de vida inspiradora,Artigos,0.0
c55ff755-bd00-4af8-b6ed-ed43007446b3,muito querida a mirella entregando marca-páginas pra gente,Marca-paginas,0.4939
c55ff755-bd00-4af8-b6ed-ed43007446b3,muito querida a mirella entregando marca-páginas pra gente,Organizacao,0.4939
050da8f6-fd58-42b6-8066-82fb42c0fa4b,as recepcionistas que estão tomando conta das inscrições são muito tranquilas,Organizacao,0.0
050da8f6-fd58-42b6-8066-82fb42c0fa4b,as recepcionistas que estão tomando conta das inscrições são muito tranquilas,Inscricoes,0.0
050da8f6-fd58-42b6-8066-82fb42c0fa4b,as recepcionistas que estão tomando conta das inscrições são muito tranquilas,Recepcao,0.0
3ad87374-5d6b-41e4-a901-00435a3f8c6e,obrigada a michelle por ter aceito esse convite,Convite,0.1531
3ad87374-5d6b-41e4-a901-00435a3f8c6e,obrigada a michelle por ter aceito esse convite,Organizacao,0.1531
3ad87374-5d6b-41e4-a901-00435a3f8c6e,a história dela foi linda de escutar,Artigos,0.5423
3ad87374-5d6b-41e4-a901-00435a3f8c6e,poder ouvir sobre seu percurso,Organizacao,0.0
3ad87374-5d6b-41e4-a901-00435a3f8c6e,sua trajetória para chegar até aqui foi muito bom,Trajetoria,0.296
a24b5393-ee39-4272-8f84-7f95fa794341,michelle inspirando mulheres,Mulheres,0.0
a24b5393-ee39-4272-8f84-7f95fa794341,michelle inspirando mulheres,Organizacao,0.0
050da8f6-fd58-42b6-8066-82fb42c0fa4b,"tem grande atração a qualquer um que passe, chamando a atenção",Organizacao,0.5574
050da8f6-fd58-42b6-8066-82fb42c0fa4b,"tem grande atração a qualquer um que passe, chamando a atenção",Atracao,0.5574
b11326b5-9d5e-4d41-9e8a-fe4a2bd9bbb4,conhecer a história,Artigos,0.0
b11326b5-9d5e-4d41-9e8a-fe4a2bd9bbb4,trajetória das mulheres importantes é essencial para o crescimento individual,Mulheres,0.25
b11326b5-9d5e-4d41-9e8a-fe4a2bd9bbb4,trajetória das mulheres importantes é essencial para o crescimento individual,Trajetoria,0.25
b11326b5-9d5e-4d41-9e8a-fe4a2bd9bbb4,trajetória das mulheres importantes é essencial para o crescimento individual,Crescimento,0.25
575e397c-e7d3-4587-9a09-46e3df1ccdf4,"história de vida inspiradora da michelle, muitas vezes a família pesa nas nossas decisões",Organizacao,0.0
575e397c-e7d3-4587-9a09-46e3df1ccdf4,"história de vida inspiradora da michelle, muitas vezes a família pesa nas nossas decisões",Artigos,0.0
575e397c-e7d3-4587-9a09-46e3df1ccdf4,"história de vida inspiradora da michelle, muitas vezes a família pesa nas nossas decisões",Escolha,0.0
575e397c-e7d3-4587-9a09-46e3df1ccdf4,"história de vida inspiradora da michelle, muitas vezes a família pesa nas nossas decisões",Vida,0.0
575e397c-e7d3-4587-9a09-46e3df1ccdf4,"história de vida inspiradora da michelle, muitas vezes a família pesa nas nossas decisões",Familia,0.0
3e429152-f456-498f-9abb-459b5388f42d,palestra incrível sobre a trajetória de uma mulher em cargo de liderança,Lideranca,0.6705
3e429152-f456-498f-9abb-459b5388f42d,palestra incrível sobre a trajetória de uma mulher em cargo de liderança,Mulheres,0.6705
3e429152-f456-498f-9abb-459b5388f42d,palestra incrível sobre a trajetória de uma mulher em cargo de liderança,Trajetoria,0.6705
3e429152-f456-498f-9abb-459b5388f42d,palestra incrível sobre a trajetória de uma mulher em cargo de liderança,Palestra,0.6705
3e429152-f456-498f-9abb-459b5388f42d,palestra incrível sobre a trajetória de uma mulher em cargo de liderança,Bagagem,0.6705
342d6dfe-f757-4730-97bc-246b444e6474,uma oportunidade incrível de participar da edição wit de 2025 ⭐️,Engie,0.8074
342d6dfe-f757-4730-97bc-246b444e6474,uma oportunidade incrível de participar da edição wit de 2025 ⭐️,Oportunidade,0.8074
3e429152-f456-498f-9abb-459b5388f42d,muito feliz em prestigiar as palestrantes,Palestrantes,0.6249
3e429152-f456-498f-9abb-459b5388f42d,pessoas autoras,Organizacao,0.0
18539e11-61c0-49b8-9bc8-f628af7e8159,muito bom ouvir a experiência de vida da michelle,Experiencia,0.4215
18539e11-61c0-49b8-9bc8-f628af7e8159,muito bom ouvir a experiência de vida da michelle,Vida,0.4215
18539e11-61c0-49b8-9bc8-f628af7e8159,muito bom ouvir a experiência de vida da michelle,Organizacao,0.4215
a6584b5b-822e-4c85-be5b-e91db87dc16e,palestra de michelle wangham é uma inspiração para todas as mulheres,Mulheres,0.3182
a6584b5b-822e-4c85-be5b-e91db87dc16e,palestra de michelle wangham é uma inspiração para todas as mulheres,Inspiracao,0.3182
a6584b5b-822e-4c85-be5b-e91db87dc16e,palestra de michelle wangham é uma inspiração para todas as mulheres,Palestra,0.3182
a6584b5b-822e-4c85-be5b-e91db87dc16e,palestra de michelle wangham é uma inspiração para todas as mulheres,Organizacao,0.3182
192b32a5-e58c-4098-9904-78bda4615134,ótima palestra,Palestra,0.0
a31c1cb8-e9bd-4faa-854e-3b114bbb62ed,palestra maravilhosa,Palestra,0.6705
192b32a5-e58c-4098-9904-78bda4615134,não vejo a hora da próxima,Momento,-0.296
0708d7a9-ed61-4c3c-9a29-dd8d999363e3,belíssima fala da michele,Organizacao,0.5994
a31c1cb8-e9bd-4faa-854e-3b114bbb62ed,não vejo a hora de escutar o fórum das meninas digitais,Mulheres,-0.296
a31c1cb8-e9bd-4faa-854e-3b114bbb62ed,não vejo a hora de escutar o fórum das meninas digitais,Momento,-0.296
a31c1cb8-e9bd-4faa-854e-3b114bbb62ed,não vejo a hora de escutar o fórum das meninas digitais,Forum,-0.296
3ecdcc60-1292-4833-9c99-08066e0a6e86,cunhantã digital em maceió,Mulheres,0.0
3ecdcc60-1292-4833-9c99-08066e0a6e86,cunhantã digital em maceió,Organizacao,0.0
d02b6ff0-dcbf-4984-a11b-da3709dfc569,"ações importantíssimas, parabéns",Acoes,0.5994
d02b6ff0-dcbf-4984-a11b-da3709dfc569,já quero meus selos,Organizacao,0.0
d32d63c1-02f8-4d06-9fdb-6dfed1c37967,a palestra da michelle wangham é inspiradora,Palestra,0.0
d32d63c1-02f8-4d06-9fdb-6dfed1c37967,a palestra da michelle wangham é inspiradora,Organizacao,0.0
d32d63c1-02f8-4d06-9fdb-6dfed1c37967,conhecer histórias,Artigos,0.0
d32d63c1-02f8-4d06-9fdb-6dfed1c37967,saber toda a dedicação de mulheres incríveis hoje em dia me inspira a continuar,Mulheres,0.4404
d32d63c1-02f8-4d06-9fdb-6dfed1c37967,saber toda a dedicação de mulheres incríveis hoje em dia me inspira a continuar,Inspiracao,0.4404
d32d63c1-02f8-4d06-9fdb-6dfed1c37967,saber toda a dedicação de mulheres incríveis hoje em dia me inspira a continuar,Organizacao,0.4404
d32d63c1-02f8-4d06-9fdb-6dfed1c37967,querer ir crescendo cada vez mais igual elas,Organizacao,0.1779
f2d72cbf-07dd-4592-9ed1-c74275748cb7,"ótima recepção, as meninas são muito educadas",Mulheres,0.0
f2d72cbf-07dd-4592-9ed1-c74275748cb7,"ótima recepção, as meninas são muito educadas",Recepcao,0.0
f2d72cbf-07dd-4592-9ed1-c74275748cb7,gentis,Organizacao,0.0
2d008ba4-8834-40ce-9c01-468181373d96,muito boa a palestra da prof michele,Carreira,0.4404
2d008ba4-8834-40ce-9c01-468181373d96,muito boa a palestra da prof michele,Palestra,0.4404
2d008ba4-8834-40ce-9c01-468181373d96,"incentiva bastante, aquece o coração ♥️",Organizacao,0.2732
1e2c4536-db1c-40f6-a514-717da937138d,"a organização do evento está incrível, as moças da recepção são calorosas",Energia,0.6705
1e2c4536-db1c-40f6-a514-717da937138d,"a organização do evento está incrível, as moças da recepção são calorosas",Organizacao,0.6705
1e2c4536-db1c-40f6-a514-717da937138d,"a organização do evento está incrível, as moças da recepção são calorosas",Recepcao,0.6705
92884dd4-6d85-4439-b8ed-855f735d689a,projeto codequeens,Projetos,0.0
92884dd4-6d85-4439-b8ed-855f735d689a,projeto codequeens,Codequeens,0.0
f2d72cbf-07dd-4592-9ed1-c74275748cb7,ótima oportunidade para se conectar com outras meninas,Mulheres,0.296
f2d72cbf-07dd-4592-9ed1-c74275748cb7,ótima oportunidade para se conectar com outras meninas,Oportunidade,0.296
f2d72cbf-07dd-4592-9ed1-c74275748cb7,conhecer projetos de todo o brasil,Brasil,0.0
1130f3f4-1e33-482d-a327-745c63f1516b,animada para as próximas palestras,Palestra,-0.1531
5bb974d7-0d42-4ba7-b115-6f2821843ecc,excelente palestra,Palestra,0.6249
5bb974d7-0d42-4ba7-b115-6f2821843ecc,"parabéns, michelle",Organizacao,0.5994
1e2c4536-db1c-40f6-a514-717da937138d,"amo o fato de termos um evento só nosso, só das mulheres",Fato,0.6705
1e2c4536-db1c-40f6-a514-717da937138d,"amo o fato de termos um evento só nosso, só das mulheres",Mulheres,0.6705
1e2c4536-db1c-40f6-a514-717da937138d,"amo o fato de termos um evento só nosso, só das mulheres",Organizacao,0.6705
1e2c4536-db1c-40f6-a514-717da937138d,"não somos maioria,",Porcentagens,-0.296
97bb898c-af32-4429-b56c-5914309a8775,bom demais ver os resultados do meninas digitais,Mulheres,0.4215
97bb898c-af32-4429-b56c-5914309a8775,bom demais ver os resultados do meninas digitais,Resultados,0.4215
97bb898c-af32-4429-b56c-5914309a8775,o impacto no país todinhos 💖,Impactos,0.0
97bb898c-af32-4429-b56c-5914309a8775,o impacto no país todinhos 💖,Sessoes,0.0
b787555f-cd18-4a0b-9e20-493282185ddd,os projetos acadêmicos deveriam ser mais valorizados no nosso país,Projetos,0.0
b787555f-cd18-4a0b-9e20-493282185ddd,os projetos acadêmicos deveriam ser mais valorizados no nosso país,Sessoes,0.0
cf343695-2367-4236-b0ab-3c72d8222639,achei muito interessante acompanhar a experiência de sucesso de uma mulher na computação,Experiencia,0.7506
cf343695-2367-4236-b0ab-3c72d8222639,achei muito interessante acompanhar a experiência de sucesso de uma mulher na computação,Computacao,0.7506
cf343695-2367-4236-b0ab-3c72d8222639,achei muito interessante acompanhar a experiência de sucesso de uma mulher na computação,Mulheres,0.7506
cf343695-2367-4236-b0ab-3c72d8222639,palestra muito motivadora,Inspiracao,0.0
cf343695-2367-4236-b0ab-3c72d8222639,motivadora,Inspiracao,0.0
65ac7c8a-1f08-47ab-bf2a-1f556fe3852c,muito importante este trabalho de incentivar a presença de mulheres na computação,Mulheres,0.3182
65ac7c8a-1f08-47ab-bf2a-1f556fe3852c,muito importante este trabalho de incentivar a presença de mulheres na computação,Computacao,0.3182
65ac7c8a-1f08-47ab-bf2a-1f556fe3852c,muito importante este trabalho de incentivar a presença de mulheres na computação,Organizacao,0.3182
65ac7c8a-1f08-47ab-bf2a-1f556fe3852c,muito importante este trabalho de incentivar a presença de mulheres na computação,Trabalhos,0.3182
e4d0c31c-1009-4bce-8c78-8d6c2d7dce89,"gosto muito da ideia dos desafios, estimula a presença",Ideia,0.2732
e4d0c31c-1009-4bce-8c78-8d6c2d7dce89,"gosto muito da ideia dos desafios, estimula a presença",Desafios,0.2732
e4d0c31c-1009-4bce-8c78-8d6c2d7dce89,"gosto muito da ideia dos desafios, estimula a presença",Organizacao,0.2732
e4d0c31c-1009-4bce-8c78-8d6c2d7dce89,participação mo evento,Inclusao,0.0
65ac7c8a-1f08-47ab-bf2a-1f556fe3852c,parabéns a todas envolvidas,Organizacao,0.5994
79625db1-c0bb-49d6-aa29-76fd1dc284e8,"sempre gostei muito da área de inovação, achei legal a parte de ter no csbc essa inovação",Inovacoes,0.8176
79625db1-c0bb-49d6-aa29-76fd1dc284e8,"sempre gostei muito da área de inovação, achei legal a parte de ter no csbc essa inovação",Organizacao,0.8176
79625db1-c0bb-49d6-aa29-76fd1dc284e8,"sempre gostei muito da área de inovação, achei legal a parte de ter no csbc essa inovação",Area,0.8176
79625db1-c0bb-49d6-aa29-76fd1dc284e8,muito bom para as meninas conhecerem esses movimentos,Mulheres,0.296
79625db1-c0bb-49d6-aa29-76fd1dc284e8,muito bom para as meninas conhecerem esses movimentos,Movimentos,0.296
2588a076-a47e-443c-a9f3-22057a7980f9,palestras extremamente necessárias,Palestra,0.0
2588a076-a47e-443c-a9f3-22057a7980f9,"inspiradoras, especialmente para mulheres que, até pouco tempo, nao tinham espaço",Mulheres,-0.4243
2588a076-a47e-443c-a9f3-22057a7980f9,"inspiradoras, especialmente para mulheres que, até pouco tempo, nao tinham espaço",Momento,-0.4243
2588a076-a47e-443c-a9f3-22057a7980f9,"inspiradoras, especialmente para mulheres que, até pouco tempo, nao tinham espaço",Inspiracao,-0.4243
2588a076-a47e-443c-a9f3-22057a7980f9,"inspiradoras, especialmente para mulheres que, até pouco tempo, nao tinham espaço",Organizacao,-0.4243
c04b5ba6-0939-443f-93db-54b15820e804,muito inspirador conhecer a trajetória de outras mulheres na pesquisa 💖💖,Mulheres,0.4215
c04b5ba6-0939-443f-93db-54b15820e804,muito inspirador conhecer a trajetória de outras mulheres na pesquisa 💖💖,Trajetoria,0.4215
c04b5ba6-0939-443f-93db-54b15820e804,muito inspirador conhecer a trajetória de outras mulheres na pesquisa 💖💖,Pesquisa,0.4215
266dfd00-4b9e-447c-910d-0deebdb32501,tantos relatos lindos sendo compartilhados,Artigos,0.0
266dfd00-4b9e-447c-910d-0deebdb32501,momento inspirador,Momento,0.4215
2588a076-a47e-443c-a9f3-22057a7980f9,palestras interativas,Palestra,0.0
2588a076-a47e-443c-a9f3-22057a7980f9,as palestrantes estão sempre preparadas para responder as perguntas,Pergunta,-0.1531
2588a076-a47e-443c-a9f3-22057a7980f9,as palestrantes estão sempre preparadas para responder as perguntas,Palestrantes,-0.1531
2588a076-a47e-443c-a9f3-22057a7980f9,dúvidas,Organizacao,-0.296
266dfd00-4b9e-447c-910d-0deebdb32501,diversificar a área da tecnologia,Tecnologia,0.0
266dfd00-4b9e-447c-910d-0deebdb32501,diversificar a área da tecnologia,Area,0.0
fcf388a5-374c-4162-9e8a-44339d70be4a,"foi uma linda abertura do wit, espero que o projeto possa de expandir cada vez mais",Abertura,0.802
fcf388a5-374c-4162-9e8a-44339d70be4a,"foi uma linda abertura do wit, espero que o projeto possa de expandir cada vez mais",Projetos,0.802
fcf388a5-374c-4162-9e8a-44339d70be4a,"foi uma linda abertura do wit, espero que o projeto possa de expandir cada vez mais",Organizacao,0.802
5671ae6e-ba88-4fbb-b2dd-5c0c4e65ce60,vai oi meninas,Mulheres,0.0
5671ae6e-ba88-4fbb-b2dd-5c0c4e65ce60,oi meninas sz tecnologia,Mulheres,0.0
5671ae6e-ba88-4fbb-b2dd-5c0c4e65ce60,oi meninas sz tecnologia,Tecnologia,0.0
e6d477bf-b603-42a7-985e-ac84356103b9,pude participar de uma oficina da meninas digitais durante a snct 2022 no ifs em lagarto,Organizacao,0.0
e6d477bf-b603-42a7-985e-ac84356103b9,pude participar de uma oficina da meninas digitais durante a snct 2022 no ifs em lagarto,Mulheres,0.0
e6d477bf-b603-42a7-985e-ac84356103b9,pude participar de uma oficina da meninas digitais durante a snct 2022 no ifs em lagarto,Lagarto,0.0
e6d477bf-b603-42a7-985e-ac84356103b9,pude participar de uma oficina da meninas digitais durante a snct 2022 no ifs em lagarto,Ifs,0.0
e6d477bf-b603-42a7-985e-ac84356103b9,pude participar de uma oficina da meninas digitais durante a snct 2022 no ifs em lagarto,Oficina,0.0
e6d477bf-b603-42a7-985e-ac84356103b9,esse projeto é incrível,Projetos,0.6705
e6d477bf-b603-42a7-985e-ac84356103b9,extremamente importante para comunidade feminina na computação,Computacao,0.1815
e6d477bf-b603-42a7-985e-ac84356103b9,extremamente importante para comunidade feminina na computação,Comunidade,0.1815
10807ceb-11e8-4f81-84d2-84b264bbd0c2,"adorei a palestra da michelle wangham, muito inspiradora",Palestra,0.0
10807ceb-11e8-4f81-84d2-84b264bbd0c2,"adorei a palestra da michelle wangham, muito inspiradora",Organizacao,0.0
10807ceb-11e8-4f81-84d2-84b264bbd0c2,deixou uma bonita mensagem de não desistir dos sonhos,Mensagem,0.5719
10807ceb-11e8-4f81-84d2-84b264bbd0c2,deixou uma bonita mensagem de não desistir dos sonhos,Sonhos,0.5719
9f773bc4-a96d-41fd-a812-4cd40ae76ce4,#witcsbc2025,Witcsbc2025,0.0
10807ceb-11e8-4f81-84d2-84b264bbd0c2,gostei quando exibiram os impactos do projeto em números,Numeros,0.4215
10807ceb-11e8-4f81-84d2-84b264bbd0c2,gostei quando exibiram os impactos do projeto em números,Impactos,0.4215
10807ceb-11e8-4f81-84d2-84b264bbd0c2,gostei quando exibiram os impactos do projeto em números,Projetos,0.4215
10807ceb-11e8-4f81-84d2-84b264bbd0c2,me despertou uma vontade de contribuir para aumentar essas porcentagens,Organizacao,0.1779
10807ceb-11e8-4f81-84d2-84b264bbd0c2,me despertou uma vontade de contribuir para aumentar essas porcentagens,Porcentagens,0.1779
9f773bc4-a96d-41fd-a812-4cd40ae76ce4,por menos vies na computação,Computacao,-0.1027
9f773bc4-a96d-41fd-a812-4cd40ae76ce4,por menos vies na computação,Organizacao,-0.1027
9f773bc4-a96d-41fd-a812-4cd40ae76ce4,por mais mulheres,Mulheres,0.0
9f773bc4-a96d-41fd-a812-4cd40ae76ce4,#csbcwit2025,Csbcwit2025,0.0
91a02681-4ee5-4892-ba90-686d7ff2b6ef,"amei os momentos, muito significativos",Momento,0.6705
91a02681-4ee5-4892-ba90-686d7ff2b6ef,acolhedores,Apoio,0.0
91a02681-4ee5-4892-ba90-686d7ff2b6ef,muito lindo os momentos,Momento,0.5423
c8b3d0a8-ff03-4d7f-bd59-b03a93f36656,momento muito importante,Momento,0.3182
c08bca4e-d84f-4567-b938-d29470fd6d02,"amando o evento, a estrutura, a animação ansiosa para acompanhar toda a programação",Programacao,0.5267
c08bca4e-d84f-4567-b938-d29470fd6d02,"amando o evento, a estrutura, a animação ansiosa para acompanhar toda a programação",Animacao,0.5267
c08bca4e-d84f-4567-b938-d29470fd6d02,"amando o evento, a estrutura, a animação ansiosa para acompanhar toda a programação",Estrutura,0.5267
39c3a3e9-ded4-4f91-a9f8-b00e2c644d07,oi meninas presente 💋,Mulheres,0.4404
a4d6da2d-6f2f-4b75-bfff-31310d0bbff0,legal de verdade 👌,Fato,0.4215
c08bca4e-d84f-4567-b938-d29470fd6d02,"meu primeiro csbc, amando esse ambiente acadêmico, essa comunidade, tudo perfeito",Comunidade,0.8591
c08bca4e-d84f-4567-b938-d29470fd6d02,"meu primeiro csbc, amando esse ambiente acadêmico, essa comunidade, tudo perfeito",Ambiente,0.8591
7b902c9d-46c3-49f2-b438-1db305423d2a,a palestra do produtor do manual do mundon foi mundo enriquecedora,Produtor,0.0
7b902c9d-46c3-49f2-b438-1db305423d2a,a palestra do produtor do manual do mundon foi mundo enriquecedora,Manual,0.0
7b902c9d-46c3-49f2-b438-1db305423d2a,a palestra do produtor do manual do mundon foi mundo enriquecedora,Palestra,0.0
7b902c9d-46c3-49f2-b438-1db305423d2a,a palestra do produtor do manual do mundon foi mundo enriquecedora,Organizacao,0.0
7b902c9d-46c3-49f2-b438-1db305423d2a,a gamificação foi bem legal,Gamificacao,0.3818
eb7a2e85-37f5-4355-b66a-b99d1a9ac033,ótima palestra,Palestra,0.0
eb7a2e85-37f5-4355-b66a-b99d1a9ac033,"representando o oi, meninas",Mulheres,0.0
f429f390-79a1-4e84-9a93-87a43048d3d7,uma oportunidade de conhecer novos projetos,Projetos,0.4215
f429f390-79a1-4e84-9a93-87a43048d3d7,uma oportunidade de conhecer novos projetos,Oportunidade,0.4215
f429f390-79a1-4e84-9a93-87a43048d3d7,aprendizagem,Aprendizado,0.0
cf03f7b1-8338-40a2-84f4-91ec5f988764,momento incrível,Momento,0.6705
cf03f7b1-8338-40a2-84f4-91ec5f988764,"representando o oi, meninas",Mulheres,0.0
251569e1-42c3-4c32-b8db-d8b8b9741d5b,adorando o fmd,Dms,0.3818
eb7a2e85-37f5-4355-b66a-b99d1a9ac033,meu primeiro wit+fmd,Wit+fmd,0.0
cf03f7b1-8338-40a2-84f4-91ec5f988764,ótima palestra,Palestra,0.0
75049fc4-0a03-4d80-9d70-6471c2c5a110,amei a abertura,Abertura,0.7845
66244247-28d9-4511-acc3-1eb53db22887,amo wit,Organizacao,0.6705
66244247-28d9-4511-acc3-1eb53db22887,katie presente,Mulheres,0.4404
75049fc4-0a03-4d80-9d70-6471c2c5a110,o momento de reunião dos projetos parceiros está sendo incrível,Momento,0.6705
75049fc4-0a03-4d80-9d70-6471c2c5a110,o momento de reunião dos projetos parceiros está sendo incrível,Projetos,0.6705
75049fc4-0a03-4d80-9d70-6471c2c5a110,o momento de reunião dos projetos parceiros está sendo incrível,Encontro,0.6705
9e1aa993-64b6-4d6b-99d1-897ce3415327,excelentes falas,Compreensao,0.0
9e1aa993-64b6-4d6b-99d1-897ce3415327,projetos incríveis🥰,Projetos,0.0
66244247-28d9-4511-acc3-1eb53db22887,ansiosa pra ver a camisaa,Camisa,0.0
9e1aa993-64b6-4d6b-99d1-897ce3415327,já quero mais vezes💖💖,Organizacao,0.0
fd51eca2-7207-474a-8495-5c0e5f20aea5,parabéns aos projetos,Projetos,0.5994
b1c72158-d2a6-4239-87be-166fbeffc509,evento importante demaisss,Organizacao,0.3182
f9ff0b83-ae39-447d-b0f0-4714731e87c0,parabéns pelas apresentaçõess💞,Palestra,0.5994
806f7369-1da2-4baa-9c95-7d4962b7f33e,adorando a experiência,Experiencia,0.3818
2dda6d0e-c0bf-4094-9dd0-82540de1cfaa,muito incrível ver todos esses projetos,Projetos,0.6705
53e90d93-f0bd-4877-9279-97a086ab6bc5,experiência incrívellll,Experiencia,0.0
20280073-68fe-4304-9f54-d23b1663fe33,abre a cabeça para diversas possibilidades,Organizacao,-0.1531
20280073-68fe-4304-9f54-d23b1663fe33,abre a cabeça para diversas possibilidades,Possibilidades,-0.1531
20280073-68fe-4304-9f54-d23b1663fe33,metas,Organizacao,0.0
a4ceb2fb-9e75-4db1-ace5-c82f92a1376e,muita qualidade,Qualidade,0.0
76a1a1ae-7c41-4d19-a97f-a6eea914b48e,"importantíssima a experiência para nós, mulheres",Experiencia,-0.1531
76a1a1ae-7c41-4d19-a97f-a6eea914b48e,"importantíssima a experiência para nós, mulheres",Mulheres,-0.1531
c04b5ba6-0939-443f-93db-54b15820e804,muito legal a ideia do momento de integração,Momento,-0.34
c04b5ba6-0939-443f-93db-54b15820e804,muito legal a ideia do momento de integração,Ideia,-0.34
c04b5ba6-0939-443f-93db-54b15820e804,muito legal a ideia do momento de integração,Integracao,-0.34
8b928f09-aedb-4ce1-a365-4d56a0839c50,"gostaria de deixar uma sugestão:
disponibilizar os qrcode em diferentes locais da sala para não tumultuar a estrada",Trajetoria,-0.4215
8b928f09-aedb-4ce1-a365-4d56a0839c50,"gostaria de deixar uma sugestão:
disponibilizar os qrcode em diferentes locais da sala para não tumultuar a estrada",Organizacao,-0.4215
8b928f09-aedb-4ce1-a365-4d56a0839c50,"gostaria de deixar uma sugestão:
disponibilizar os qrcode em diferentes locais da sala para não tumultuar a estrada",Qrcode,-0.4215
8b928f09-aedb-4ce1-a365-4d56a0839c50,"gostaria de deixar uma sugestão:
disponibilizar os qrcode em diferentes locais da sala para não tumultuar a estrada",Area,-0.4215
e56b565e-2680-4f05-bfb5-f672c691d632,amei o fórum meninas digitais,Mulheres,0.6705
e56b565e-2680-4f05-bfb5-f672c691d632,amei o fórum meninas digitais,Forum,0.6705
1c7000ea-e558-4ef4-93d8-2c018ec84123,ansiosa para o evento do sudeste 💜,Sudeste,-0.1531
e56b565e-2680-4f05-bfb5-f672c691d632,muito legal o momento de integração com os projetos parceiros,Momento,0.128
e56b565e-2680-4f05-bfb5-f672c691d632,muito legal o momento de integração com os projetos parceiros,Projetos,0.128
e56b565e-2680-4f05-bfb5-f672c691d632,muito legal o momento de integração com os projetos parceiros,Integracao,0.128
2b305129-cc14-4538-8075-78b26f65f34f,"adorei o evento da wit, ele trouxe muito espaço para integração entre os projetos parceiros",Projetos,-0.1531
2b305129-cc14-4538-8075-78b26f65f34f,"adorei o evento da wit, ele trouxe muito espaço para integração entre os projetos parceiros",Organizacao,-0.1531
2b305129-cc14-4538-8075-78b26f65f34f,"adorei o evento da wit, ele trouxe muito espaço para integração entre os projetos parceiros",Integracao,-0.1531
2b305129-cc14-4538-8075-78b26f65f34f,os participantes do painel,Participantes,0.0
2b305129-cc14-4538-8075-78b26f65f34f,os participantes do painel,Painel,0.0
454aed9e-698f-45b7-bd91-93f4a4e6aa1d,entendi tudo com clareza,Cuidado,0.4019
631b69a6-0a28-4aac-93e4-ae024e5efc3b,o wit é um dos momentos que mais amo dentro do csbc,Momento,0.6705
631b69a6-0a28-4aac-93e4-ae024e5efc3b,o wit é um dos momentos que mais amo dentro do csbc,Organizacao,0.6705
20280073-68fe-4304-9f54-d23b1663fe33,foi muito bom conhecer um pouquinho mais dos projetos do sudeste,Projetos,0.4215
20280073-68fe-4304-9f54-d23b1663fe33,foi muito bom conhecer um pouquinho mais dos projetos do sudeste,Pouquinho,0.4215
20280073-68fe-4304-9f54-d23b1663fe33,foi muito bom conhecer um pouquinho mais dos projetos do sudeste,Sudeste,0.4215
20280073-68fe-4304-9f54-d23b1663fe33,as meninas também,Mulheres,0.0
20280073-68fe-4304-9f54-d23b1663fe33,integrador,Integracao,0.0
2b305129-cc14-4538-8075-78b26f65f34f,"a dinâmica de integração foi muito bem pensada, ótima oportunidade de interagir com outros projetos da minha região",Projetos,0.7184
2b305129-cc14-4538-8075-78b26f65f34f,"a dinâmica de integração foi muito bem pensada, ótima oportunidade de interagir com outros projetos da minha região",Integracao,0.7184
2b305129-cc14-4538-8075-78b26f65f34f,"a dinâmica de integração foi muito bem pensada, ótima oportunidade de interagir com outros projetos da minha região",Dinamica,0.7184
2b305129-cc14-4538-8075-78b26f65f34f,"a dinâmica de integração foi muito bem pensada, ótima oportunidade de interagir com outros projetos da minha região",Oportunidade,0.7184
2b305129-cc14-4538-8075-78b26f65f34f,"a dinâmica de integração foi muito bem pensada, ótima oportunidade de interagir com outros projetos da minha região",Regiao,0.7184
6d48edcf-e6d6-48d3-a2e0-e9296cb697f3,motivadora,Inspiracao,0.0
1c7000ea-e558-4ef4-93d8-2c018ec84123,amei a integração entre projetos 💕,Projetos,0.6705
1c7000ea-e558-4ef4-93d8-2c018ec84123,amei a integração entre projetos 💕,Integracao,0.6705
c01cfc13-c80c-4c86-872a-da81361b3339,muito legal conhecer os outros projetos da região,Regiao,0.128
c01cfc13-c80c-4c86-872a-da81361b3339,muito legal conhecer os outros projetos da região,Projetos,0.128
7ab458bd-970a-40e5-9525-ee10be806901,amei ❤️❤️❤️ a alegria de todas vocês,Animada,0.8519
7ab458bd-970a-40e5-9525-ee10be806901,amei ❤️❤️❤️ a alegria de todas vocês,Palestrantes,0.8519
7ab458bd-970a-40e5-9525-ee10be806901,é empolgante a energia,Energia,0.296
7ab458bd-970a-40e5-9525-ee10be806901,os trabalhos realizados,Trabalhos,0.0
ecf86f01-f235-4ce6-b218-43e9ae6ebb8f,palestra super inspiradora da michelle wangham,Palestra,0.5994
ecf86f01-f235-4ce6-b218-43e9ae6ebb8f,palestra super inspiradora da michelle wangham,Organizacao,0.5994
9517374b-5f4f-444c-92e3-177a0b866f14,"a palestra foi muito interessante, é maravilhoso ver mulheres fortes, dedicadas",Mulheres,0.802
9517374b-5f4f-444c-92e3-177a0b866f14,"a palestra foi muito interessante, é maravilhoso ver mulheres fortes, dedicadas",Palestra,0.802
9517374b-5f4f-444c-92e3-177a0b866f14,inteligentes - esse tipo de coisa nos inspira,Inspiracao,0.6705
9517374b-5f4f-444c-92e3-177a0b866f14,inteligentes - esse tipo de coisa nos inspira,Organizacao,0.6705
9517374b-5f4f-444c-92e3-177a0b866f14,"após a palestra me sinto inspirada a continuar na área de exatas,",Engie,0.0
9517374b-5f4f-444c-92e3-177a0b866f14,"após a palestra me sinto inspirada a continuar na área de exatas,",Palestra,0.0
9517374b-5f4f-444c-92e3-177a0b866f14,"após a palestra me sinto inspirada a continuar na área de exatas,",Area,0.0
9517374b-5f4f-444c-92e3-177a0b866f14,sinto que outras meninas também,Mulheres,0.0
ecf86f01-f235-4ce6-b218-43e9ae6ebb8f,ansiosa para a programação da tarde,Programacao,-0.1531
ecf86f01-f235-4ce6-b218-43e9ae6ebb8f,ansiosa para a programação da tarde,Momento,-0.1531
f429f390-79a1-4e84-9a93-87a43048d3d7,ter oportunidade de conhecer,Oportunidade,0.4215
f429f390-79a1-4e84-9a93-87a43048d3d7,possibilidades de aprendizagem,Aprendizado,0.0
f429f390-79a1-4e84-9a93-87a43048d3d7,possibilidades de aprendizagem,Possibilidades,0.0
8b928f09-aedb-4ce1-a365-4d56a0839c50,a palestra foi muito inspiradora,Palestra,0.0
8b928f09-aedb-4ce1-a365-4d56a0839c50,animador ver a carreira de mulheres brilhantes,Mulheres,0.6705
8b928f09-aedb-4ce1-a365-4d56a0839c50,animador ver a carreira de mulheres brilhantes,Carreira,0.6705
8b928f09-aedb-4ce1-a365-4d56a0839c50,atuantes em tantas áreas,Organizacao,0.0
8b928f09-aedb-4ce1-a365-4d56a0839c50,atuantes em tantas áreas,Area,0.0
8b1e1d3e-9c74-43ce-bbc4-77d5689bf024,perfeitooo,Super,0.0
489050ba-f6ce-4f05-a8ce-d6bdee47371a,motivadoras,Inspiracao,0.0
489050ba-f6ce-4f05-a8ce-d6bdee47371a,o wit trás para nós ouvintes a vontade de incentivar mais mulheres,Mulheres,-0.1531
489050ba-f6ce-4f05-a8ce-d6bdee47371a,o wit trás para nós ouvintes a vontade de incentivar mais mulheres,Organizacao,-0.1531
5244efbb-01d2-4f7e-b505-4fd32300baff,amei a programação da manhã,Programacao,0.6705
5244efbb-01d2-4f7e-b505-4fd32300baff,amei a programação da manhã,Manha,0.6705
5244efbb-01d2-4f7e-b505-4fd32300baff,as novidades da gamificação estão maravilhosas,Gamificacao,0.0
5244efbb-01d2-4f7e-b505-4fd32300baff,as novidades da gamificação estão maravilhosas,Novo,0.0
fa22c635-07b6-4718-9309-2665ad2d1a12,"que lindos esses pôsteres, projetos incríveis, todae de parabéns",Posteres,0.5994
fa22c635-07b6-4718-9309-2665ad2d1a12,"que lindos esses pôsteres, projetos incríveis, todae de parabéns",Projetos,0.5994
fa22c635-07b6-4718-9309-2665ad2d1a12,"que lindos esses pôsteres, projetos incríveis, todae de parabéns",Organizacao,0.5994
671f8ca1-38b7-401b-b96a-2dc047c32c4b,"o wit tem me maravilhada, por sua organização",Rafaela,0.0
671f8ca1-38b7-401b-b96a-2dc047c32c4b,"o wit tem me maravilhada, por sua organização",Organizacao,0.0
671f8ca1-38b7-401b-b96a-2dc047c32c4b,inovações durante o evento,Inovacoes,0.0
671f8ca1-38b7-401b-b96a-2dc047c32c4b,coletivo lovelace x meninas digitais<3,Mulheres,0.0
3f3583d6-1037-423a-9a58-0b27ea89d428,os meninos da gamificação são muito legais,Meninos,0.0
3f3583d6-1037-423a-9a58-0b27ea89d428,os meninos da gamificação são muito legais,Gamificacao,0.0
f6bf24cf-734d-4f0e-a735-4a08d53c2b85,pôsteres lindos,Posteres,0.0
00785be0-171f-446a-9069-97212c12e0e3,amei a energia de vocês,Energia,0.7717
00785be0-171f-446a-9069-97212c12e0e3,amei a energia de vocês,Palestrantes,0.7717
00785be0-171f-446a-9069-97212c12e0e3,adorei a maneira como abordam os assuntos,Organizacao,0.0
79625db1-c0bb-49d6-aa29-76fd1dc284e8,muito interessante o projeto por ser inovador,Projetos,0.4019
79625db1-c0bb-49d6-aa29-76fd1dc284e8,achei legal a sessão de autógrafos de livros por ter a interação entre o autor,Autografos,-0.4019
79625db1-c0bb-49d6-aa29-76fd1dc284e8,achei legal a sessão de autógrafos de livros por ter a interação entre o autor,Sessao,-0.4019
79625db1-c0bb-49d6-aa29-76fd1dc284e8,achei legal a sessão de autógrafos de livros por ter a interação entre o autor,Artigos,-0.4019
79625db1-c0bb-49d6-aa29-76fd1dc284e8,achei legal a sessão de autógrafos de livros por ter a interação entre o autor,Integracao,-0.4019
79625db1-c0bb-49d6-aa29-76fd1dc284e8,o telespectador,Telespectador,0.0
76612240-be0f-4dff-bf33-a3c43cd8ed98,as palestras foram muito importantes para engajamento,Engajamento,-0.1531
76612240-be0f-4dff-bf33-a3c43cd8ed98,as palestras foram muito importantes para engajamento,Palestra,-0.1531
c4d4555d-4b97-46e8-93fe-6ad239865bd6,a palestra foi ótima,Palestra,0.0
c4d4555d-4b97-46e8-93fe-6ad239865bd6,a questão de síndrome do impostor é algo que já ouvi muito dentro da faculdade,Aprendizado,0.0
c4d4555d-4b97-46e8-93fe-6ad239865bd6,a questão de síndrome do impostor é algo que já ouvi muito dentro da faculdade,Organizacao,0.0
c4d4555d-4b97-46e8-93fe-6ad239865bd6,a questão de síndrome do impostor é algo que já ouvi muito dentro da faculdade,Impostor,0.0
c4d4555d-4b97-46e8-93fe-6ad239865bd6,a questão de síndrome do impostor é algo que já ouvi muito dentro da faculdade,Sindrome,0.0
c4d4555d-4b97-46e8-93fe-6ad239865bd6,é uma das principais causas de afastamento das meninas do curso,Mulheres,0.0
c4d4555d-4b97-46e8-93fe-6ad239865bd6,é uma das principais causas de afastamento das meninas do curso,Aprendizado,0.0
c4d4555d-4b97-46e8-93fe-6ad239865bd6,é uma das principais causas de afastamento das meninas do curso,Organizacao,0.0
c4d4555d-4b97-46e8-93fe-6ad239865bd6,é uma das principais causas de afastamento das meninas do curso,Causas,0.0
02e1032e-bbbf-4f0a-b350-645b9923a7f4,"eu gostei bastante que esse ano as camisas não são no último dia, para poder usar ela mais pelo congresso",Congresso,0.0
02e1032e-bbbf-4f0a-b350-645b9923a7f4,"eu gostei bastante que esse ano as camisas não são no último dia, para poder usar ela mais pelo congresso",Camisa,0.0
02e1032e-bbbf-4f0a-b350-645b9923a7f4,amei os artigos apresentados,Artigos,0.6705
9306534e-a4af-407c-a97e-3eab6fa1c918,muito interessante os projetos envolvidos na apresentação dos banners,Projetos,0.4019
9306534e-a4af-407c-a97e-3eab6fa1c918,muito interessante os projetos envolvidos na apresentação dos banners,Palestra,0.4019
9306534e-a4af-407c-a97e-3eab6fa1c918,muito interessante os projetos envolvidos na apresentação dos banners,Banners,0.4019
3e11fb01-68a6-4df9-99ff-eb6fa17ea8e0,o wit é sem sombra de dúvidas a melhor coisa do csbc,Organizacao,0.1779
3e11fb01-68a6-4df9-99ff-eb6fa17ea8e0,o wit é sem sombra de dúvidas a melhor coisa do csbc,Sombra,0.1779
0b73ddb5-b846-48b5-929f-94253a3d2b43,trabalhos muito inspiradores,Trabalhos,0.4588
2402b435-49a8-4e35-a936-fddc4e00aeb6,trabalho muito inspirador,Trabalhos,0.4215
a6584b5b-822e-4c85-be5b-e91db87dc16e,"é a primeira participação no wit, a integração é maravilhosa",Integracao,0.6705
a6584b5b-822e-4c85-be5b-e91db87dc16e,"é a primeira participação no wit, a integração é maravilhosa",Inclusao,0.6705
be28feaa-bc8c-45e6-b109-e943185c33f5,alguns banner revela a baixa presença feminina na tecnologia,Tecnologia,0.0
be28feaa-bc8c-45e6-b109-e943185c33f5,alguns banner revela a baixa presença feminina na tecnologia,Organizacao,0.0
be28feaa-bc8c-45e6-b109-e943185c33f5,alguns banner revela a baixa presença feminina na tecnologia,Banners,0.0
be28feaa-bc8c-45e6-b109-e943185c33f5,projetos como meninas digitais são essenciais para mudar esse cenário com acolhimento,Mulheres,-0.1531
be28feaa-bc8c-45e6-b109-e943185c33f5,projetos como meninas digitais são essenciais para mudar esse cenário com acolhimento,Projetos,-0.1531
be28feaa-bc8c-45e6-b109-e943185c33f5,projetos como meninas digitais são essenciais para mudar esse cenário com acolhimento,Organizacao,-0.1531
be28feaa-bc8c-45e6-b109-e943185c33f5,protagonismo,Organizacao,0.0
b3739f83-191f-483a-b695-efbe8e12def9,"amei demais, abriu muito minha mente sobre vários assuntos que eu nao tinha nenhum contato ou conhecimento",Engajamento,0.5106
b3739f83-191f-483a-b695-efbe8e12def9,"amei demais, abriu muito minha mente sobre vários assuntos que eu nao tinha nenhum contato ou conhecimento",Ideia,0.5106
b3739f83-191f-483a-b695-efbe8e12def9,"amei demais, abriu muito minha mente sobre vários assuntos que eu nao tinha nenhum contato ou conhecimento",Conhecimento,0.5106
b3739f83-191f-483a-b695-efbe8e12def9,"amei demais, abriu muito minha mente sobre vários assuntos que eu nao tinha nenhum contato ou conhecimento",Organizacao,0.5106
9306534e-a4af-407c-a97e-3eab6fa1c918,palestra super importante da rafaela sobre representatividade feminina no mundo da tecnologia,Organizacao,0.7351
9306534e-a4af-407c-a97e-3eab6fa1c918,palestra super importante da rafaela sobre representatividade feminina no mundo da tecnologia,Palestra,0.7351
9306534e-a4af-407c-a97e-3eab6fa1c918,palestra super importante da rafaela sobre representatividade feminina no mundo da tecnologia,Tecnologia,0.7351
9306534e-a4af-407c-a97e-3eab6fa1c918,palestra super importante da rafaela sobre representatividade feminina no mundo da tecnologia,Representatividade,0.7351
9306534e-a4af-407c-a97e-3eab6fa1c918,palestra super importante da rafaela sobre representatividade feminina no mundo da tecnologia,Rafaela,0.7351
2402b435-49a8-4e35-a936-fddc4e00aeb6,trabalho extremamente necessário,Trabalhos,0.0
0b73ddb5-b846-48b5-929f-94253a3d2b43,trabalho muito necessário,Trabalhos,0.0
3e11fb01-68a6-4df9-99ff-eb6fa17ea8e0,a apresentação dos artigos está incrível,Palestra,0.6705
3e11fb01-68a6-4df9-99ff-eb6fa17ea8e0,a apresentação dos artigos está incrível,Artigos,0.6705
be28feaa-bc8c-45e6-b109-e943185c33f5,"com ênfase em representatividade:
ver mulheres liderando inspira",Representatividade,0.4404
be28feaa-bc8c-45e6-b109-e943185c33f5,"com ênfase em representatividade:
ver mulheres liderando inspira",Inspiracao,0.4404
be28feaa-bc8c-45e6-b109-e943185c33f5,"com ênfase em representatividade:
ver mulheres liderando inspira",Mulheres,0.4404
be28feaa-bc8c-45e6-b109-e943185c33f5,"com ênfase em representatividade:
ver mulheres liderando inspira",Enfase,0.4404
be28feaa-bc8c-45e6-b109-e943185c33f5,a meninas digitais mostra que presença importa,Mulheres,0.0258
be28feaa-bc8c-45e6-b109-e943185c33f5,a meninas digitais mostra que presença importa,Organizacao,0.0258
be28feaa-bc8c-45e6-b109-e943185c33f5,que inclusão real começa com acolhimento,Organizacao,0.0
be28feaa-bc8c-45e6-b109-e943185c33f5,que inclusão real começa com acolhimento,Inclusao,0.0
be28feaa-bc8c-45e6-b109-e943185c33f5,exemplo,Exemplo,0.0
be669223-c64d-4256-b488-d6a63a1f5117,"é muito incentivador ver outros projetos de meninas,",Mulheres,0.3612
be669223-c64d-4256-b488-d6a63a1f5117,"é muito incentivador ver outros projetos de meninas,",Projetos,0.3612
be669223-c64d-4256-b488-d6a63a1f5117,percebo como eles são importantes para o fortalecimento,Apoio,-0.1531
be669223-c64d-4256-b488-d6a63a1f5117,percebo como eles são importantes para o fortalecimento,Diaaaa,-0.1531
be669223-c64d-4256-b488-d6a63a1f5117,engajamento das meninas nos cursos de tecnologia,Engajamento,0.0
be669223-c64d-4256-b488-d6a63a1f5117,engajamento das meninas nos cursos de tecnologia,Aprendizado,0.0
be669223-c64d-4256-b488-d6a63a1f5117,engajamento das meninas nos cursos de tecnologia,Mulheres,0.0
be669223-c64d-4256-b488-d6a63a1f5117,engajamento das meninas nos cursos de tecnologia,Tecnologia,0.0
de8d707d-b7b7-43bd-9191-a060a88bb761,posters estão muito legais 💚,Posteres,0.0
8f0f4c0d-f2eb-4b18-8099-25bcd217a483,as meninas dando show na obi,Mulheres,0.7096
8f0f4c0d-f2eb-4b18-8099-25bcd217a483,as meninas dando show na obi,Obi,0.7096
bbce1d34-bf29-45d4-8ff1-5bc397a59a07,inovador,Inovacoes,0.0
be669223-c64d-4256-b488-d6a63a1f5117,se percebe a importância de criar espaços onde mulheres se sintam incluídas,Mulheres,0.3612
be669223-c64d-4256-b488-d6a63a1f5117,se percebe a importância de criar espaços onde mulheres se sintam incluídas,Organizacao,0.3612
be669223-c64d-4256-b488-d6a63a1f5117,se percebe a importância de criar espaços onde mulheres se sintam incluídas,Inclusao,0.3612
bbce1d34-bf29-45d4-8ff1-5bc397a59a07,muitoo legal esse evento,Organizacao,0.128
86deea25-a256-41b3-9189-10ce396e3deb,triste porque perdi a palestra de manhã;(,Manha,-0.4939
86deea25-a256-41b3-9189-10ce396e3deb,triste porque perdi a palestra de manhã;(,Palestra,-0.4939
4bc0a904-0a38-4b33-b1de-cab5ea9cf808,muito boa a palestra,Palestra,0.4404
4bc0a904-0a38-4b33-b1de-cab5ea9cf808,que massa o incentivo,Incentivo,0.7184
c49c15fe-dc85-4357-b9ea-0311374c56f8,integração legal,Integracao,0.128
b3739f83-191f-483a-b695-efbe8e12def9,gostei bastante dos conteúdos abordados,Numeros,0.4215
15e5d92b-4326-4e8c-9499-c40fba495716,"alegra meu coração em saber que as mulheres estão se envolvendo em pesquisas da computação, programação",Organizacao,0.0
15e5d92b-4326-4e8c-9499-c40fba495716,"alegra meu coração em saber que as mulheres estão se envolvendo em pesquisas da computação, programação",Mulheres,0.0
15e5d92b-4326-4e8c-9499-c40fba495716,"alegra meu coração em saber que as mulheres estão se envolvendo em pesquisas da computação, programação",Computacao,0.0
15e5d92b-4326-4e8c-9499-c40fba495716,"alegra meu coração em saber que as mulheres estão se envolvendo em pesquisas da computação, programação",Programacao,0.0
15e5d92b-4326-4e8c-9499-c40fba495716,"alegra meu coração em saber que as mulheres estão se envolvendo em pesquisas da computação, programação",Pesquisa,0.0
15e5d92b-4326-4e8c-9499-c40fba495716,a cada novo congresso os números crescem,Numeros,0.0
15e5d92b-4326-4e8c-9499-c40fba495716,a cada novo congresso os números crescem,Congresso,0.0
15e5d92b-4326-4e8c-9499-c40fba495716,"que mais faculdades motivem mulheres nas stem, fundamental para essa nova geração",Mulheres,-0.1531
15e5d92b-4326-4e8c-9499-c40fba495716,"que mais faculdades motivem mulheres nas stem, fundamental para essa nova geração",Aprendizado,-0.1531
15e5d92b-4326-4e8c-9499-c40fba495716,"que mais faculdades motivem mulheres nas stem, fundamental para essa nova geração",Organizacao,-0.1531
352e47bd-d2bf-4541-a6ce-6498a321db06,iniciativa bem enriquecedora,Projetos,0.2732
5244efbb-01d2-4f7e-b505-4fd32300baff,muito alto nível os trabalhos da poeira sessão,Poeira,0.0
5244efbb-01d2-4f7e-b505-4fd32300baff,muito alto nível os trabalhos da poeira sessão,Sessao,0.0
5244efbb-01d2-4f7e-b505-4fd32300baff,muito alto nível os trabalhos da poeira sessão,Nivel,0.0
5244efbb-01d2-4f7e-b505-4fd32300baff,muito alto nível os trabalhos da poeira sessão,Trabalhos,0.0
9ea006aa-40fb-4edc-98dd-39d527a61d6d,amei todas as palestras,Palestra,0.6705
429ddec8-9edb-4757-ab8b-fcdb61defd4e,amei as apresentações dos artigos,Palestra,0.6705
429ddec8-9edb-4757-ab8b-fcdb61defd4e,amei as apresentações dos artigos,Artigos,0.6705
8f0f4c0d-f2eb-4b18-8099-25bcd217a483,muito legal como estratégias de marketing podem modificar a percepção,Projetos,0.128
8f0f4c0d-f2eb-4b18-8099-25bcd217a483,muito legal como estratégias de marketing podem modificar a percepção,Perseveranca,0.128
8f0f4c0d-f2eb-4b18-8099-25bcd217a483,muito legal como estratégias de marketing podem modificar a percepção,Mercado,0.128
8f0f4c0d-f2eb-4b18-8099-25bcd217a483,o alcance dos projetos parceiros do meninas digitais,Mulheres,0.0258
8f0f4c0d-f2eb-4b18-8099-25bcd217a483,o alcance dos projetos parceiros do meninas digitais,Projetos,0.0258
8f0f4c0d-f2eb-4b18-8099-25bcd217a483,o alcance dos projetos parceiros do meninas digitais,Organizacao,0.0258
4d59d2bb-694c-4bf2-b444-3b4b967095f1,o wit tem se mostrado a cada ano a sua relevância,Organizacao,0.0
8a9fc84a-4a91-46ee-b112-e39d627e2abd,foi ótimo participar da sessão de pôsteres wit,Posteres,0.3612
8a9fc84a-4a91-46ee-b112-e39d627e2abd,foi ótimo participar da sessão de pôsteres wit,Sessao,0.3612
8a9fc84a-4a91-46ee-b112-e39d627e2abd,uma experiência de apresentação valiosa,Experiencia,0.0
8a9fc84a-4a91-46ee-b112-e39d627e2abd,uma experiência de apresentação valiosa,Palestra,0.0
8a9fc84a-4a91-46ee-b112-e39d627e2abd,amei os brindes da sessão técnica de artigos,Sessao,0.8074
8a9fc84a-4a91-46ee-b112-e39d627e2abd,amei os brindes da sessão técnica de artigos,Artigos,0.8074
8a9fc84a-4a91-46ee-b112-e39d627e2abd,a busca pelos adesivos foi divertida,Engie,0.4019
8a9fc84a-4a91-46ee-b112-e39d627e2abd,a busca pelos adesivos foi divertida,Compreensao,0.4019
8a9fc84a-4a91-46ee-b112-e39d627e2abd,além de prestigiar ótimas apresentações,Palestra,0.0
8a9fc84a-4a91-46ee-b112-e39d627e2abd,além de prestigiar ótimas apresentações,Organizacao,0.0
67959b7b-0a25-4354-a35e-f5974a549323,"parabéns, meninas",Mulheres,0.5994
1ced77b3-b5de-4d74-8882-f7ffe3d9ec30,ansiosa para os próximos dias,Organizacao,-0.1531
3efe71e2-c0d5-4596-b566-0ef34e7ff13d,a parte da apresentação que assisti estava ótima,Palestra,0.0
3efe71e2-c0d5-4596-b566-0ef34e7ff13d,a parte da apresentação que assisti estava ótima,Organizacao,0.0
3efe71e2-c0d5-4596-b566-0ef34e7ff13d,"sobre o aplicativo acho q faltou uma divulgação melhor ou um link pelo email, eu mesma anotei o nome",Nome,0.6124
3efe71e2-c0d5-4596-b566-0ef34e7ff13d,"sobre o aplicativo acho q faltou uma divulgação melhor ou um link pelo email, eu mesma anotei o nome",Aplicativo,0.6124
3efe71e2-c0d5-4596-b566-0ef34e7ff13d,"sobre o aplicativo acho q faltou uma divulgação melhor ou um link pelo email, eu mesma anotei o nome",Link,0.6124
3efe71e2-c0d5-4596-b566-0ef34e7ff13d,"sobre o aplicativo acho q faltou uma divulgação melhor ou um link pelo email, eu mesma anotei o nome",Email,0.6124
3efe71e2-c0d5-4596-b566-0ef34e7ff13d,"sobre o aplicativo acho q faltou uma divulgação melhor ou um link pelo email, eu mesma anotei o nome",Publico,0.6124
3efe71e2-c0d5-4596-b566-0ef34e7ff13d,"demorei muito a baixar pq estava correndo pelo evento, creio que colocar hj na mesa foi o ideal",Mesa,0.5267
d045f926-cf41-4757-ae96-89594f6e4870,excelente apresentações 💜🥰,Palestra,0.6249
06f1249e-61d1-4916-a745-f29b8095822b,tá sendo uma experiência incrível participar do wit ❤️,Experiencia,0.6705
a4526431-24ef-4045-8981-a19a451487ac,organização impecável,Organizacao,0.0
06f1249e-61d1-4916-a745-f29b8095822b,vocês arrasaram na organização,Organizacao,0.6124
06f1249e-61d1-4916-a745-f29b8095822b,planejamento ❤️,Projetos,0.0
9d149e84-581a-4008-996e-d3680d5bcd88,mais um dia de muitas atividades 🤩,Eventos,0.2023
9d149e84-581a-4008-996e-d3680d5bcd88,gamificação é top,Gamificacao,0.6124
a4526431-24ef-4045-8981-a19a451487ac,o encontro dos projetos parceiros foi muito bom,Projetos,0.4215
a4526431-24ef-4045-8981-a19a451487ac,o encontro dos projetos parceiros foi muito bom,Encontro,0.4215
9365cf2e-64e9-49a0-bd3a-0d347b215820,"sem palavras para às meninas, sao muito maravilhosaaaas",Mulheres,-0.1531
9365cf2e-64e9-49a0-bd3a-0d347b215820,"sem palavras para às meninas, sao muito maravilhosaaaas",Linguagem,-0.1531
9365cf2e-64e9-49a0-bd3a-0d347b215820,"sem palavras para às meninas, sao muito maravilhosaaaas",Super,-0.1531
e11a154c-a026-49a9-9a71-ad45b5939df8,mais um dia cheio de conhecimento 🥰,Conhecimento,0.0
75049fc4-0a03-4d80-9d70-6471c2c5a110,amei o momento de integração ontem,Momento,0.6705
75049fc4-0a03-4d80-9d70-6471c2c5a110,amei o momento de integração ontem,Integracao,0.6705
75049fc4-0a03-4d80-9d70-6471c2c5a110,a sessão de autógrafos foi incrível,Autografos,0.6705
75049fc4-0a03-4d80-9d70-6471c2c5a110,a sessão de autógrafos foi incrível,Sessao,0.6705
16d2d16a-6864-4d0c-afe3-d87991308ec5,ótima palestra de ontem,Palestra,0.0
934ac1e9-8a9e-4865-977f-b22e4bbce84e,bora pro segundo dia de wit,Organizacao,0.0
934ac1e9-8a9e-4865-977f-b22e4bbce84e,ansiosa pra ganhar a camiseta :),Camisa,0.7783
6c3e12ff-eaca-45fd-ab7c-b291f088c86e,adorei as sessões de artigos ontem a noite,Artigos,0.0
6c3e12ff-eaca-45fd-ab7c-b291f088c86e,adorei as sessões de artigos ontem a noite,Sessoes,0.0
6c3e12ff-eaca-45fd-ab7c-b291f088c86e,adorei as sessões de artigos ontem a noite,Noite,0.0
b8b92070-a5ba-4bca-ab6c-1976294cf8da,eu já estou começando a ficar com saudades,Saudades,0.25
ed496342-5088-4e03-9bf6-270dbfd06758,super empolgada para pôsteres do projetos ✨,Posteres,0.5106
ed496342-5088-4e03-9bf6-270dbfd06758,super empolgada para pôsteres do projetos ✨,Projetos,0.5106
ed496342-5088-4e03-9bf6-270dbfd06758,super empolgada para pôsteres do projetos ✨,Super,0.5106
a4ceb2fb-9e75-4db1-ace5-c82f92a1376e,ótimo conteúdo,Organizacao,0.3612
ed496342-5088-4e03-9bf6-270dbfd06758,adorando a integração dos projetos 🫶🏻,Projetos,0.3818
ed496342-5088-4e03-9bf6-270dbfd06758,adorando a integração dos projetos 🫶🏻,Integracao,0.3818
560003d3-5b59-481c-85d2-838ef984b466,mais um dia de palestras,Palestra,0.0
560003d3-5b59-481c-85d2-838ef984b466,eventos para o aprendizado,Aprendizado,-0.1531
560003d3-5b59-481c-85d2-838ef984b466,eventos para o aprendizado,Eventos,-0.1531
560003d3-5b59-481c-85d2-838ef984b466,que deus abençoe esse dia,Engie,0.5994
560003d3-5b59-481c-85d2-838ef984b466,que traga inspiração para os palestrantes,Inspiracao,0.3182
560003d3-5b59-481c-85d2-838ef984b466,que traga inspiração para os palestrantes,Organizacao,0.3182
560003d3-5b59-481c-85d2-838ef984b466,que traga inspiração para os palestrantes,Palestrantes,0.3182
01bdf958-26a8-4cbb-9001-f8323dd02301,que camisa lindaa,Super,0.0
9a0b6f46-36e7-4cce-81e7-87d8c0dec201,ouvir tantas mulheres incríveis compartilhando suas trajetórias na tecnologia me motivou muito,Mulheres,0.4215
9a0b6f46-36e7-4cce-81e7-87d8c0dec201,ouvir tantas mulheres incríveis compartilhando suas trajetórias na tecnologia me motivou muito,Trajetoria,0.4215
9a0b6f46-36e7-4cce-81e7-87d8c0dec201,ouvir tantas mulheres incríveis compartilhando suas trajetórias na tecnologia me motivou muito,Tecnologia,0.4215
c8ddbe59-a031-4194-add3-db3071ddcbef,"oi, meninas no wit 💜",Mulheres,0.0
5bb974d7-0d42-4ba7-b115-6f2821843ecc,empolgada com as palestras de hoje,Palestra,0.0
9a0b6f46-36e7-4cce-81e7-87d8c0dec201,"foi um espaço real de troca, aprendizado",Organizacao,0.0
9a0b6f46-36e7-4cce-81e7-87d8c0dec201,"foi um espaço real de troca, aprendizado",Troca,0.0
9a0b6f46-36e7-4cce-81e7-87d8c0dec201,força,Organizacao,0.4939
f3eed192-b8ab-4094-942f-54e234fbb70b,"está tudo incrível, primeiro dia superou todas as expectativas 🫶🏻🫶🏻🫶🏻",Expectativa,0.6705
a57c1135-2ebb-4824-9625-c0bce163dddf,ansioso para as atividades de hoje,Eventos,0.4019
3ad87374-5d6b-41e4-a901-00435a3f8c6e,obrigada pela mensagem inspiradora,Mensagem,0.0
3ad87374-5d6b-41e4-a901-00435a3f8c6e,amei a palestra de hoje,Palestra,0.6705
ae4d3fbb-069f-4906-895d-6ff10de1bdb9,mais um dia pronta para as palestras,Palestra,-0.1531
ae4d3fbb-069f-4906-895d-6ff10de1bdb9,integrações com as meninas digitais,Mulheres,0.0
ae4d3fbb-069f-4906-895d-6ff10de1bdb9,integrações com as meninas digitais,Integracao,0.0
59ab6fbb-3356-44e7-a74e-e5bdbc89fab7,patrocinio top do wit,Patrocinio,0.6124
59ab6fbb-3356-44e7-a74e-e5bdbc89fab7,"embraer, engie, eldorado, google, mindat, ella, bb",Engie,0.0
59ab6fbb-3356-44e7-a74e-e5bdbc89fab7,"embraer, engie, eldorado, google, mindat, ella, bb",Google,0.0
59ab6fbb-3356-44e7-a74e-e5bdbc89fab7,"embraer, engie, eldorado, google, mindat, ella, bb",Embraer,0.0
59ab6fbb-3356-44e7-a74e-e5bdbc89fab7,"embraer, engie, eldorado, google, mindat, ella, bb",Mulheres,0.0
f37ffdc2-3f64-4b56-a935-4ddecee92321,"evento muito bom, a diversidade dos projetos psra inclusão feminina é maravilhoso",Projetos,0.8074
f37ffdc2-3f64-4b56-a935-4ddecee92321,"evento muito bom, a diversidade dos projetos psra inclusão feminina é maravilhoso",Diversidade,0.8074
f37ffdc2-3f64-4b56-a935-4ddecee92321,"evento muito bom, a diversidade dos projetos psra inclusão feminina é maravilhoso",Inclusao,0.8074
f37ffdc2-3f64-4b56-a935-4ddecee92321,que a cada ano cresça mais,Organizacao,0.0
2b305129-cc14-4538-8075-78b26f65f34f,a experiência do segundo dia do wit fez jus a expectativa criada pelo dia anterior,Experiencia,0.25
2b305129-cc14-4538-8075-78b26f65f34f,a experiência do segundo dia do wit fez jus a expectativa criada pelo dia anterior,Organizacao,0.25
2b305129-cc14-4538-8075-78b26f65f34f,a experiência do segundo dia do wit fez jus a expectativa criada pelo dia anterior,Expectativa,0.25
2b305129-cc14-4538-8075-78b26f65f34f,mais uma vez foi criado um ambiente de interação,Ambiente,0.0
2b305129-cc14-4538-8075-78b26f65f34f,mais uma vez foi criado um ambiente de interação,Integracao,0.0
2b305129-cc14-4538-8075-78b26f65f34f,"troca de experiência, conhecimento",Experiencia,0.0
2b305129-cc14-4538-8075-78b26f65f34f,"troca de experiência, conhecimento",Conhecimento,0.0
2b305129-cc14-4538-8075-78b26f65f34f,"troca de experiência, conhecimento",Troca,0.0
2b305129-cc14-4538-8075-78b26f65f34f,de acolhimento,Organizacao,0.0
f37ffdc2-3f64-4b56-a935-4ddecee92321,wit está sendo um dos melhores eventos do dia,Eventos,0.0
671f8ca1-38b7-401b-b96a-2dc047c32c4b,"queria que tivessem mais broches do meninas digitais para comprar, não consegui comprar um :/",Mulheres,-0.6369
671f8ca1-38b7-401b-b96a-2dc047c32c4b,"queria que tivessem mais broches do meninas digitais para comprar, não consegui comprar um :/",Broches,-0.6369
a2172412-8829-44fe-a1bb-c21eb82571aa,"os meninos que estavam responsáveis pela ramificação fora demais, explicaram pra gente com a maior calma",Meninos,0.7579
a2172412-8829-44fe-a1bb-c21eb82571aa,"os meninos que estavam responsáveis pela ramificação fora demais, explicaram pra gente com a maior calma",Cuidado,0.7579
a2172412-8829-44fe-a1bb-c21eb82571aa,"os meninos que estavam responsáveis pela ramificação fora demais, explicaram pra gente com a maior calma",Ramificacao,0.7579
a2172412-8829-44fe-a1bb-c21eb82571aa,animação,Animacao,0.0
a2172412-8829-44fe-a1bb-c21eb82571aa,"achei que o formato de apresentação dos pôsteres ficou muito tumultuado,",Posteres,0.0
a2172412-8829-44fe-a1bb-c21eb82571aa,"achei que o formato de apresentação dos pôsteres ficou muito tumultuado,",Palestra,0.0
a2172412-8829-44fe-a1bb-c21eb82571aa,"achei que o formato de apresentação dos pôsteres ficou muito tumultuado,",Forma,0.0
a2172412-8829-44fe-a1bb-c21eb82571aa,as apresentações foram incríveis,Palestra,0.0
806f7369-1da2-4baa-9c95-7d4962b7f33e,a organização está de parabéns,Organizacao,0.5994
050da8f6-fd58-42b6-8066-82fb42c0fa4b,boa palestra,Palestra,0.4404
050da8f6-fd58-42b6-8066-82fb42c0fa4b,ótima abordagem de conteúdo em relação a 1° palestra do dia 23,Projetos,0.0
050da8f6-fd58-42b6-8066-82fb42c0fa4b,ótima abordagem de conteúdo em relação a 1° palestra do dia 23,Organizacao,0.0
050da8f6-fd58-42b6-8066-82fb42c0fa4b,boa apresentação,Palestra,0.4404
050da8f6-fd58-42b6-8066-82fb42c0fa4b,também explicação do projeto,Fato,0.0
050da8f6-fd58-42b6-8066-82fb42c0fa4b,também explicação do projeto,Projetos,0.0
050da8f6-fd58-42b6-8066-82fb42c0fa4b,"organização ótima, boa qualidade de infraestrutura",Infraestrutura,0.4404
050da8f6-fd58-42b6-8066-82fb42c0fa4b,"organização ótima, boa qualidade de infraestrutura",Qualidade,0.4404
050da8f6-fd58-42b6-8066-82fb42c0fa4b,"organização ótima, boa qualidade de infraestrutura",Organizacao,0.4404
050da8f6-fd58-42b6-8066-82fb42c0fa4b,"sala bem refrigerada
ótima ambientação",Organizacao,0.2732
192b32a5-e58c-4098-9904-78bda4615134,ótima palestra,Palestra,0.0
192b32a5-e58c-4098-9904-78bda4615134,muito bom adquirir conhecimento,Conhecimento,0.4215
00da94da-eaf9-4790-a6fe-fe7b33931c70,ótimo conhecer mais sobre o renacee,Renacee,0.3612
4a257948-6c61-4d69-b2bf-45561ca9dc96,"parabéns pela organização meninas, gostei bastante da dinâmica das regiões",Dinamica,0.8316
4a257948-6c61-4d69-b2bf-45561ca9dc96,"parabéns pela organização meninas, gostei bastante da dinâmica das regiões",Organizacao,0.8316
4a257948-6c61-4d69-b2bf-45561ca9dc96,"parabéns pela organização meninas, gostei bastante da dinâmica das regiões",Area,0.8316
4a257948-6c61-4d69-b2bf-45561ca9dc96,achei bastante diverso,Diferenca,0.0
1e2c4536-db1c-40f6-a514-717da937138d,o ambiente do evento é muito amplo,Ambiente,0.0
1e2c4536-db1c-40f6-a514-717da937138d,a organização das palestras está excepcional,Palestra,0.6124
1e2c4536-db1c-40f6-a514-717da937138d,a organização das palestras está excepcional,Organizacao,0.6124
4c4af487-81e9-4e3a-8efc-b2d0f1b0b394,a mesa redonda está sendo muito interessante,Mesa,0.4019
4c4af487-81e9-4e3a-8efc-b2d0f1b0b394,"a organização do evento está perfeita, tudo incrível ❤️",Organizacao,0.7845
97bb898c-af32-4429-b56c-5914309a8775,muuuito feliz de ver as estudantes do projeto que faço parte no telão,Aprendizado,0.6249
97bb898c-af32-4429-b56c-5914309a8775,muuuito feliz de ver as estudantes do projeto que faço parte no telão,Projetos,0.6249
97bb898c-af32-4429-b56c-5914309a8775,muuuito feliz de ver as estudantes do projeto que faço parte no telão,Organizacao,0.6249
17a6d940-56ba-4d72-8c6b-3f765a91e6ac,achei incrível conhecer pessoalmente o programa meninas digitais,Programacao,0.6705
17a6d940-56ba-4d72-8c6b-3f765a91e6ac,saio do evento completamente inspirada por mulheres guerreiras nas áreas de steam,Mulheres,0.0
17a6d940-56ba-4d72-8c6b-3f765a91e6ac,saio do evento completamente inspirada por mulheres guerreiras nas áreas de steam,Organizacao,0.0
17a6d940-56ba-4d72-8c6b-3f765a91e6ac,saio do evento completamente inspirada por mulheres guerreiras nas áreas de steam,Area,0.0
c5b8399a-a600-4d95-86c9-4de0d38c3d25,"muito bom, agradeço por trazer muitas informações",Informacoes,0.4215
90323ec9-1991-46bd-bc2a-4a3d8804cf71,achei tudo super didático,Super,0.5994
f2d72cbf-07dd-4592-9ed1-c74275748cb7,importante conhecer outros projetos que influenciam meninas em stem por todo o brasil,Mulheres,0.3182
f2d72cbf-07dd-4592-9ed1-c74275748cb7,importante conhecer outros projetos que influenciam meninas em stem por todo o brasil,Brasil,0.3182
f2d72cbf-07dd-4592-9ed1-c74275748cb7,importante conhecer outros projetos que influenciam meninas em stem por todo o brasil,Projetos,0.3182
90323ec9-1991-46bd-bc2a-4a3d8804cf71,"gostei muito mesmo, espero estar presente mais vezes",Organizacao,0.6908
f2d72cbf-07dd-4592-9ed1-c74275748cb7,palestras incríveis,Palestra,0.0
70b31d7a-c046-4859-9881-10574c9611c1,atividades muito interessantes,Eventos,0.2023
c5b8399a-a600-4d95-86c9-4de0d38c3d25,muito bommm,Diaaaa,0.0
c5b8399a-a600-4d95-86c9-4de0d38c3d25,cada minuto vale a pena,Momento,-0.296
c5b8399a-a600-4d95-86c9-4de0d38c3d25,cada minuto vale a pena,Pena,-0.296
4d59d2bb-694c-4bf2-b444-3b4b967095f1,o fórum está maravilhoso,Forum,0.6705
29c31113-a01c-48e9-b475-a6963c13f3b6,"necessária, a estrutura magnifica",Estrutura,0.0
00256042-e094-477c-b716-28f2b7e561de,amando o fórum,Forum,0.6124
00256042-e094-477c-b716-28f2b7e561de,amando a apresentação dos projetos 😍,Projetos,0.6124
00256042-e094-477c-b716-28f2b7e561de,amando a apresentação dos projetos 😍,Palestra,0.6124
29c31113-a01c-48e9-b475-a6963c13f3b6,palestra maravilhosa,Palestra,0.6705
ce4b41b3-8b58-4d8c-9cb8-5bf7133c59d4,vale cada minuto,Momento,0.0
6dd05336-2244-4230-bb22-31b592f2e3f8,", como menina, me motivei a buscar mais oportunidades na área",Mulheres,0.3818
6dd05336-2244-4230-bb22-31b592f2e3f8,", como menina, me motivei a buscar mais oportunidades na área",Oportunidade,0.3818
6dd05336-2244-4230-bb22-31b592f2e3f8,", como menina, me motivei a buscar mais oportunidades na área",Area,0.3818
ce4b41b3-8b58-4d8c-9cb8-5bf7133c59d4,momento inspirador,Momento,0.4215
262af184-23c3-4cb4-8231-04a142217d69,muito boa as palestras,Palestra,0.4404
262af184-23c3-4cb4-8231-04a142217d69,ótima experiência aprender com essas mulheres,Experiencia,0.0
262af184-23c3-4cb4-8231-04a142217d69,ótima experiência aprender com essas mulheres,Mulheres,0.0
02e1032e-bbbf-4f0a-b350-645b9923a7f4,perfeitas,Super,0.0
fe69c798-5373-4255-831b-9a1ce468c5d6,fórum meninas digitais está sendo muito interessante por ver como os projetos parceiros estão atuando,Mulheres,0.4019
fe69c798-5373-4255-831b-9a1ce468c5d6,fórum meninas digitais está sendo muito interessante por ver como os projetos parceiros estão atuando,Forum,0.4019
fe69c798-5373-4255-831b-9a1ce468c5d6,fórum meninas digitais está sendo muito interessante por ver como os projetos parceiros estão atuando,Projetos,0.4019
fe69c798-5373-4255-831b-9a1ce468c5d6,tendo resultados incríveis,Resultados,0.0
c90f49e7-30eb-4954-bad6-ff13e4342a57,dia cheio de programações maravilhosas,Programacao,0.0
4d59d2bb-694c-4bf2-b444-3b4b967095f1,gostei muito do projeto minascoders,Projetos,0.4215
6e490da9-d604-49fa-b782-7cc09c1615d3,a organização esse ano está ainda mais impecável,Organizacao,0.0
6e490da9-d604-49fa-b782-7cc09c1615d3,que oportunidade incrível conhecer tantas mulheres inspiradoras,Mulheres,0.8074
6e490da9-d604-49fa-b782-7cc09c1615d3,que oportunidade incrível conhecer tantas mulheres inspiradoras,Oportunidade,0.8074
47ac28d9-6e77-4392-b392-960bd5825559,é maravilhoso saber que existem muitas outras meninas na área de computação ❤️,Mulheres,0.6705
47ac28d9-6e77-4392-b392-960bd5825559,é maravilhoso saber que existem muitas outras meninas na área de computação ❤️,Computacao,0.6705
47ac28d9-6e77-4392-b392-960bd5825559,é maravilhoso saber que existem muitas outras meninas na área de computação ❤️,Area,0.6705
268e12fc-6012-41e0-9301-483b58059c69,muito bom ver o que os outros grupos estão fazendo,Grupo,0.4215
3406c3d7-f8f1-4db4-9d3f-06b9d53fa541,🩷🩷🩷,Organizacao,0.0
268e12fc-6012-41e0-9301-483b58059c69,muitas ideias pra melhorar os projetos que coordeno,Ideia,0.4404
268e12fc-6012-41e0-9301-483b58059c69,muitas ideias pra melhorar os projetos que coordeno,Projetos,0.4404
c44a6e4a-9181-4d20-94cb-c3d5e05fd31c,gostei muito das palestras,Palestra,0.4215
c44a6e4a-9181-4d20-94cb-c3d5e05fd31c,dos momentos de integração,Momento,0.0
c44a6e4a-9181-4d20-94cb-c3d5e05fd31c,dos momentos de integração,Integracao,0.0
c44a6e4a-9181-4d20-94cb-c3d5e05fd31c,network com as meninas,Mulheres,0.0
749521d4-f169-4aaa-9819-b044a00d1e34,"muito boa a palestra da rnp, a historia é inspiradora",Cnpq,0.4404
749521d4-f169-4aaa-9819-b044a00d1e34,"muito boa a palestra da rnp, a historia é inspiradora",Palestra,0.4404
749521d4-f169-4aaa-9819-b044a00d1e34,"muito boa a palestra da rnp, a historia é inspiradora",Artigos,0.4404
b787555f-cd18-4a0b-9e20-493282185ddd,é maravilhoso ver como esses projetos estão espalhados por todo o país,Projetos,0.6705
b787555f-cd18-4a0b-9e20-493282185ddd,é maravilhoso ver como esses projetos estão espalhados por todo o país,Sessoes,0.6705
4b19c21f-0936-4c69-ae25-18f84c9119a3,as palestras estao sendo incríveis,Palestra,0.0
4b19c21f-0936-4c69-ae25-18f84c9119a3,nao conhecia de perto o projeto,Projetos,-0.296
3e11fb01-68a6-4df9-99ff-eb6fa17ea8e0,muitos projetos incríveis,Projetos,0.0
3e11fb01-68a6-4df9-99ff-eb6fa17ea8e0,que projeto lindo,Projetos,0.5423
4b19c21f-0936-4c69-ae25-18f84c9119a3,"os posters foram incríveis, tive varias ideidas pra projetos",Posteres,0.0
4b19c21f-0936-4c69-ae25-18f84c9119a3,"os posters foram incríveis, tive varias ideidas pra projetos",Projetos,0.0
4b19c21f-0936-4c69-ae25-18f84c9119a3,"os posters foram incríveis, tive varias ideidas pra projetos",Organizacao,0.0
7bdbb107-592f-478c-8b8d-412b4ac508ba,é realmente inspirador participar desses eventos com a wit,Eventos,0.4754
ce865dbf-5b15-47b6-9578-7f6bdb3471c6,a palestra foi muito inovadora,Palestra,0.0
ce865dbf-5b15-47b6-9578-7f6bdb3471c6,a dinâmica da palestra não é chata,Dinamica,-0.0258
ce865dbf-5b15-47b6-9578-7f6bdb3471c6,a dinâmica da palestra não é chata,Palestra,-0.0258
a4526431-24ef-4045-8981-a19a451487ac,os projetos apresentados foram muuto bons,Projetos,0.0
a4526431-24ef-4045-8981-a19a451487ac,os projetos apresentados foram muuto bons,Organizacao,0.0
d32d63c1-02f8-4d06-9fdb-6dfed1c37967,muito legal ver o crescimento de projetos de incetivo a meninas,Crescimento,0.4767
d32d63c1-02f8-4d06-9fdb-6dfed1c37967,muito legal ver o crescimento de projetos de incetivo a meninas,Mulheres,0.4767
d32d63c1-02f8-4d06-9fdb-6dfed1c37967,muito legal ver o crescimento de projetos de incetivo a meninas,Projetos,0.4767
d32d63c1-02f8-4d06-9fdb-6dfed1c37967,muito legal ver o crescimento de projetos de incetivo a meninas,Organizacao,0.4767
bbce1d34-bf29-45d4-8ff1-5bc397a59a07,inovador esse projeto,Projetos,0.0
bbce1d34-bf29-45d4-8ff1-5bc397a59a07,inovador esse projeto,Inovacoes,0.0
c55ff755-bd00-4af8-b6ed-ed43007446b3,muito inspirador ver projetos nacionais do meninas digitais,Mulheres,0.4215
c55ff755-bd00-4af8-b6ed-ed43007446b3,muito inspirador ver projetos nacionais do meninas digitais,Projetos,0.4215
5244efbb-01d2-4f7e-b505-4fd32300baff,uhuuu,Diaaaa,0.0
67959b7b-0a25-4354-a35e-f5974a549323,muito bom conhecer todos esses projetos,Projetos,0.4215
ae4d3fbb-069f-4906-895d-6ff10de1bdb9,"o fórum foi super legal de assistir, para conhecer os projetos",Forum,0.5859
ae4d3fbb-069f-4906-895d-6ff10de1bdb9,"o fórum foi super legal de assistir, para conhecer os projetos",Projetos,0.5859
ae4d3fbb-069f-4906-895d-6ff10de1bdb9,"o fórum foi super legal de assistir, para conhecer os projetos",Super,0.5859
ae4d3fbb-069f-4906-895d-6ff10de1bdb9,entender as ideias de cada um,Ideia,0.0
429ddec8-9edb-4757-ab8b-fcdb61defd4e,as professoras que têm projetos voltados ao em: algumas das meninas já se formaram,Mulheres,0.0
429ddec8-9edb-4757-ab8b-fcdb61defd4e,as professoras que têm projetos voltados ao em: algumas das meninas já se formaram,Projetos,0.0
429ddec8-9edb-4757-ab8b-fcdb61defd4e,as professoras que têm projetos voltados ao em: algumas das meninas já se formaram,Professora,0.0
429ddec8-9edb-4757-ab8b-fcdb61defd4e,"se sim, elas se interessaram em seguir na área",Area,0.296
a24b5393-ee39-4272-8f84-7f95fa794341,conhecer os projetos nos fóruns é perfeito,Projetos,0.6705
a24b5393-ee39-4272-8f84-7f95fa794341,conhecer os projetos nos fóruns é perfeito,Organizacao,0.6705
de8d707d-b7b7-43bd-9191-a060a88bb761,oportunidade incrível de conhecer outros projetos 🤩,Oportunidade,0.8074
2b305129-cc14-4538-8075-78b26f65f34f,adorei o espaço que foi aberto para o público tirar dúvidas em relação aos projetos,Publico,-0.4215
2b305129-cc14-4538-8075-78b26f65f34f,adorei o espaço que foi aberto para o público tirar dúvidas em relação aos projetos,Projetos,-0.4215
2b305129-cc14-4538-8075-78b26f65f34f,adorei o espaço que foi aberto para o público tirar dúvidas em relação aos projetos,Organizacao,-0.4215
2b305129-cc14-4538-8075-78b26f65f34f,uma ótima oportunidade de interação,Oportunidade,0.4215
2b305129-cc14-4538-8075-78b26f65f34f,uma ótima oportunidade de interação,Integracao,0.4215
8f0f4c0d-f2eb-4b18-8099-25bcd217a483,muito importante os projetos parceiros compartilharem suas experiências de sucessos para inspirarem os outros,Experiencia,0.6486
8f0f4c0d-f2eb-4b18-8099-25bcd217a483,muito importante os projetos parceiros compartilharem suas experiências de sucessos para inspirarem os outros,Projetos,0.6486
8f0f4c0d-f2eb-4b18-8099-25bcd217a483,muito importante os projetos parceiros compartilharem suas experiências de sucessos para inspirarem os outros,Sucessos,0.6486
8b1e1d3e-9c74-43ce-bbc4-77d5689bf024,uma excelente troca de conhecimento,Conhecimento,0.6249
8b1e1d3e-9c74-43ce-bbc4-77d5689bf024,uma excelente troca de conhecimento,Troca,0.6249
8b1e1d3e-9c74-43ce-bbc4-77d5689bf024,maravilhosas,Super,0.0
00da94da-eaf9-4790-a6fe-fe7b33931c70,sensacional os projetos também chegarem em ambiente de vulnerabilidade socioeconômica,Projetos,-0.34
00da94da-eaf9-4790-a6fe-fe7b33931c70,sensacional os projetos também chegarem em ambiente de vulnerabilidade socioeconômica,Ambiente,-0.34
00da94da-eaf9-4790-a6fe-fe7b33931c70,sensacional os projetos também chegarem em ambiente de vulnerabilidade socioeconômica,Vulnerabilidade,-0.34
d90a7533-8a3c-4a1e-9221-2185fdeaec90,tá sendo incrível fazer parte disso tudo,Organizacao,0.6705
a6584b5b-822e-4c85-be5b-e91db87dc16e,"adorei conhecer outros projetos, muitas possibilidades de parcerias",Parcerias,0.0
a6584b5b-822e-4c85-be5b-e91db87dc16e,"adorei conhecer outros projetos, muitas possibilidades de parcerias",Projetos,0.0
a6584b5b-822e-4c85-be5b-e91db87dc16e,"adorei conhecer outros projetos, muitas possibilidades de parcerias",Possibilidades,0.0
3efe71e2-c0d5-4596-b566-0ef34e7ff13d,"as apresentações foram incríveis nesse primeira roda de conversa, estou ansiosa para a da embraer",Conversa,-0.1531
3efe71e2-c0d5-4596-b566-0ef34e7ff13d,"as apresentações foram incríveis nesse primeira roda de conversa, estou ansiosa para a da embraer",Embraer,-0.1531
3efe71e2-c0d5-4596-b566-0ef34e7ff13d,"as apresentações foram incríveis nesse primeira roda de conversa, estou ansiosa para a da embraer",Palestra,-0.1531
3efe71e2-c0d5-4596-b566-0ef34e7ff13d,"as apresentações foram incríveis nesse primeira roda de conversa, estou ansiosa para a da embraer",Roda,-0.1531
2d008ba4-8834-40ce-9c01-468181373d96,ótimo fórum ♥️,Forum,0.3612
51dee22d-fc70-4bc4-b8ad-c757599b8ba8,experiência incrível,Experiencia,0.6705
20280073-68fe-4304-9f54-d23b1663fe33,adoro a organização,Organizacao,0.6124
20280073-68fe-4304-9f54-d23b1663fe33,o cuidado com o evento,Cuidado,0.4588
c713c63b-4cef-4df5-8b95-372a1fabe5fa,"achei ótimo a palestra da parte da manhã, dirigida pela aleteia",Ramificacao,0.3612
c713c63b-4cef-4df5-8b95-372a1fabe5fa,"achei ótimo a palestra da parte da manhã, dirigida pela aleteia",Manha,0.3612
c713c63b-4cef-4df5-8b95-372a1fabe5fa,"achei ótimo a palestra da parte da manhã, dirigida pela aleteia",Palestra,0.3612
c713c63b-4cef-4df5-8b95-372a1fabe5fa,"achei ótimo a palestra da parte da manhã, dirigida pela aleteia",Organizacao,0.3612
29c31113-a01c-48e9-b475-a6963c13f3b6,palestra incrível,Palestra,0.6705
936c9115-1651-46b3-8773-bdd88526fc2f,amei a programação,Programacao,0.6705
bf25caf2-133a-4e49-af4f-273e12e2009e,"evento lindo, organização maravilhosa",Organizacao,0.8402
f9ff0b83-ae39-447d-b0f0-4714731e87c0,amando as dinâmicasss,Dinamica,0.6124
f9ff0b83-ae39-447d-b0f0-4714731e87c0,muito boas palestras,Palestra,0.0
bf25caf2-133a-4e49-af4f-273e12e2009e,parabéns a todas organizadoras do evento,Simposio,0.5994
4805f191-e04f-47a2-aca3-c39b484e29a5,gostei de conhecer os projetos,Projetos,0.4215
4805f191-e04f-47a2-aca3-c39b484e29a5,vou levar algumas ideias para os projetos que temos aqui,Ideia,-0.1531
4805f191-e04f-47a2-aca3-c39b484e29a5,vou levar algumas ideias para os projetos que temos aqui,Projetos,-0.1531
575e397c-e7d3-4587-9a09-46e3df1ccdf4,oportunidade de reencontrar pessoas maravilhosas ❤️,Oportunidade,0.4215
575e397c-e7d3-4587-9a09-46e3df1ccdf4,oportunidade de reencontrar pessoas maravilhosas ❤️,Organizacao,0.4215
79fef718-42f9-41fd-b7b1-36943233fdba,amei a ideia de engajamento com estratégias de gamificação,Engajamento,0.3818
79fef718-42f9-41fd-b7b1-36943233fdba,amei a ideia de engajamento com estratégias de gamificação,Ideia,0.3818
79fef718-42f9-41fd-b7b1-36943233fdba,amei a ideia de engajamento com estratégias de gamificação,Projetos,0.3818
79fef718-42f9-41fd-b7b1-36943233fdba,amei a ideia de engajamento com estratégias de gamificação,Gamificacao,0.3818
79fef718-42f9-41fd-b7b1-36943233fdba,o acolhimento no evento foi ótimo,Organizacao,0.3612
51dee22d-fc70-4bc4-b8ad-c757599b8ba8,palestra otimaaaa,Palestra,0.0
631b69a6-0a28-4aac-93e4-ae024e5efc3b,"somos oi, meninas da uern",Mulheres,0.0
631b69a6-0a28-4aac-93e4-ae024e5efc3b,coloquem nosso adesivo no seu crachá 😍😍😍😍,Engie,0.0
631b69a6-0a28-4aac-93e4-ae024e5efc3b,coloquem nosso adesivo no seu crachá 😍😍😍😍,Cracha,0.0
699121e7-c258-43d0-9ede-fdbd0daeb1b5,gostaria de saber se há grupo de zap com os participantes dos projetos parceiros,Participantes,0.34
699121e7-c258-43d0-9ede-fdbd0daeb1b5,gostaria de saber se há grupo de zap com os participantes dos projetos parceiros,Projetos,0.34
699121e7-c258-43d0-9ede-fdbd0daeb1b5,gostaria de saber se há grupo de zap com os participantes dos projetos parceiros,Organizacao,0.34
699121e7-c258-43d0-9ede-fdbd0daeb1b5,gostaria de saber se há grupo de zap com os participantes dos projetos parceiros,Grupo,0.34
699121e7-c258-43d0-9ede-fdbd0daeb1b5,projetos aprovados no cnpq,Projetos,0.0
699121e7-c258-43d0-9ede-fdbd0daeb1b5,projetos aprovados no cnpq,Cnpq,0.0
0420c57a-0aa8-45b1-9166-f455c0711707,incrível ver a participação feminina em cargos de liderança na engie,Engie,0.6705
0420c57a-0aa8-45b1-9166-f455c0711707,incrível ver a participação feminina em cargos de liderança na engie,Cargos,0.6705
0420c57a-0aa8-45b1-9166-f455c0711707,incrível ver a participação feminina em cargos de liderança na engie,Lideranca,0.6705
0420c57a-0aa8-45b1-9166-f455c0711707,incrível ver a participação feminina em cargos de liderança na engie,Inclusao,0.6705
631b69a6-0a28-4aac-93e4-ae024e5efc3b,"nossas meninas estão distribuindo nossos adesivos, nos ajudem a divulgar nosso projeto",Mulheres,0.0
631b69a6-0a28-4aac-93e4-ae024e5efc3b,"nossas meninas estão distribuindo nossos adesivos, nos ajudem a divulgar nosso projeto",Projetos,0.0
631b69a6-0a28-4aac-93e4-ae024e5efc3b,"nossas meninas estão distribuindo nossos adesivos, nos ajudem a divulgar nosso projeto",Engie,0.0
631b69a6-0a28-4aac-93e4-ae024e5efc3b,levem essa lembranca pra casa ❤️,Casa,0.0
631b69a6-0a28-4aac-93e4-ae024e5efc3b,"oi, meninas - uern",Mulheres,0.0
429ddec8-9edb-4757-ab8b-fcdb61defd4e,o fórum foi incrível,Forum,0.6705
0708d7a9-ed61-4c3c-9a29-dd8d999363e3,fórum maravilhoso,Forum,0.6705
b787555f-cd18-4a0b-9e20-493282185ddd,"""começar trabalhando a base"" 
é exatamente isso que precisamos fazer se quisermos consolidar a ciência para o futuro",Base,-0.1531
b787555f-cd18-4a0b-9e20-493282185ddd,"""começar trabalhando a base"" 
é exatamente isso que precisamos fazer se quisermos consolidar a ciência para o futuro",Futuro,-0.1531
b787555f-cd18-4a0b-9e20-493282185ddd,"""começar trabalhando a base"" 
é exatamente isso que precisamos fazer se quisermos consolidar a ciência para o futuro",Pesquisa,-0.1531
c49c15fe-dc85-4357-b9ea-0311374c56f8,muito boa palestra da engie,Engie,0.4404
c49c15fe-dc85-4357-b9ea-0311374c56f8,muito boa palestra da engie,Palestra,0.4404
4bc0a904-0a38-4b33-b1de-cab5ea9cf808,bom dms,Dms,0.4215
c5f537b2-2d25-4784-88c0-7d434cd447d9,já queremos nossa camisaaa🫶🏼💙,Organizacao,0.0
3e429152-f456-498f-9abb-459b5388f42d,"fiquei curiosa em relação a engie, nao sabia que eles tinham tantas ações positivas quanto a diversidade",Engie,0.25
3e429152-f456-498f-9abb-459b5388f42d,"fiquei curiosa em relação a engie, nao sabia que eles tinham tantas ações positivas quanto a diversidade",Organizacao,0.25
3e429152-f456-498f-9abb-459b5388f42d,"fiquei curiosa em relação a engie, nao sabia que eles tinham tantas ações positivas quanto a diversidade",Diversidade,0.25
3e429152-f456-498f-9abb-459b5388f42d,"fiquei curiosa em relação a engie, nao sabia que eles tinham tantas ações positivas quanto a diversidade",Acoes,0.25
c5f537b2-2d25-4784-88c0-7d434cd447d9,"segundo diaaaa, podiam ter mais três 🤍",Diaaaa,0.0
1bfbf56f-28e4-4dee-874f-83823030bda3,que iniciativa incrível da engie,Engie,0.6705
1bfbf56f-28e4-4dee-874f-83823030bda3,que iniciativa incrível da engie,Projetos,0.6705
1bfbf56f-28e4-4dee-874f-83823030bda3,interessante trilha de carreiras femininas,Trajetoria,0.4019
1bfbf56f-28e4-4dee-874f-83823030bda3,interessante trilha de carreiras femininas,Carreiras,0.4019
d7cc7b23-8be1-497b-ae4a-23b538971629,obrigada a toda organização,Organizacao,0.0
3e429152-f456-498f-9abb-459b5388f42d,já fui buscar mais informações sobre a engie,Engie,0.0
3e429152-f456-498f-9abb-459b5388f42d,já fui buscar mais informações sobre a engie,Informacoes,0.0
3e429152-f456-498f-9abb-459b5388f42d,ansiosa para acompanhar as oportunidades que aparecerão,Oportunidade,0.25
936c9115-1651-46b3-8773-bdd88526fc2f,ansiosa para os posteres dos projetos parceiros,Posteres,-0.1531
936c9115-1651-46b3-8773-bdd88526fc2f,ansiosa para os posteres dos projetos parceiros,Projetos,-0.1531
5244efbb-01d2-4f7e-b505-4fd32300baff,trajetórias inspiradoras,Trajetoria,0.0
c04b5ba6-0939-443f-93db-54b15820e804,muito enriquecedora a palestra,Palestra,0.0
c04b5ba6-0939-443f-93db-54b15820e804,muito enriquecedora a palestra,Enriquecedora,0.0
c04b5ba6-0939-443f-93db-54b15820e804,muito legal conhecer a história da nazaré ❤️,Nazare,0.128
c04b5ba6-0939-443f-93db-54b15820e804,muito legal conhecer a história da nazaré ❤️,Artigos,0.128
575e397c-e7d3-4587-9a09-46e3df1ccdf4,ótimas lições a nazaré hahne nos presenteou,Organizacao,0.0
575e397c-e7d3-4587-9a09-46e3df1ccdf4,ótimas lições a nazaré hahne nos presenteou,Nazare,0.0
a31c1cb8-e9bd-4faa-854e-3b114bbb62ed,foi ótimo escutar a nazaré falando,Nazare,-0.4019
a31c1cb8-e9bd-4faa-854e-3b114bbb62ed,me sentindo grata por participar desse evento de mulheres maravilhosas,Mulheres,0.0
a31c1cb8-e9bd-4faa-854e-3b114bbb62ed,me sentindo grata por participar desse evento de mulheres maravilhosas,Organizacao,0.0
00da94da-eaf9-4790-a6fe-fe7b33931c70,eu acho fantástico esse compartilhamento sobre as questões da maternidade durante a carreira,Organizacao,0.1027
00da94da-eaf9-4790-a6fe-fe7b33931c70,eu acho fantástico esse compartilhamento sobre as questões da maternidade durante a carreira,Carreira,0.1027
00da94da-eaf9-4790-a6fe-fe7b33931c70,eu acho fantástico esse compartilhamento sobre as questões da maternidade durante a carreira,Maternidade,0.1027
00da94da-eaf9-4790-a6fe-fe7b33931c70,eu acho fantástico esse compartilhamento sobre as questões da maternidade durante a carreira,Compartilhamento,0.1027
6933d6a3-26d4-4177-97e9-e7325d50bfaa,nazaré como foi retornar as atividades profissionais após a licença maternidade,Maternidade,0.2023
6933d6a3-26d4-4177-97e9-e7325d50bfaa,nazaré como foi retornar as atividades profissionais após a licença maternidade,Licenca,0.2023
6933d6a3-26d4-4177-97e9-e7325d50bfaa,nazaré como foi retornar as atividades profissionais após a licença maternidade,Eventos,0.2023
2dda6d0e-c0bf-4094-9dd0-82540de1cfaa,ansioso pela troca de brindes kkkkkk,Organizacao,0.6486
2dda6d0e-c0bf-4094-9dd0-82540de1cfaa,ansioso pela troca de brindes kkkkkk,Sessao,0.6486
2dda6d0e-c0bf-4094-9dd0-82540de1cfaa,ansioso pela troca de brindes kkkkkk,Troca,0.6486
5c7c797e-febc-42ad-883a-7aaefc221bb2,gostei muito da maneira como elas falaram da carreira,Carreira,0.4215
5c7c797e-febc-42ad-883a-7aaefc221bb2,gostei muito da maneira como elas falaram da carreira,Organizacao,0.4215
be28feaa-bc8c-45e6-b109-e943185c33f5,foi inspirador acompanhar discussões tão relevantes,Conversa,0.4215
be28feaa-bc8c-45e6-b109-e943185c33f5,"ver tantas iniciativas comprometidas com inclusão, diversidade",Projetos,0.0
be28feaa-bc8c-45e6-b109-e943185c33f5,"ver tantas iniciativas comprometidas com inclusão, diversidade",Diversidade,0.0
be28feaa-bc8c-45e6-b109-e943185c33f5,"ver tantas iniciativas comprometidas com inclusão, diversidade",Inclusao,0.0
be28feaa-bc8c-45e6-b109-e943185c33f5,transformação social,Transformacao,0.0
f968ccfe-0100-4760-818b-0d85fd912a70,"adorei a palestra, pude conhecer muitos projetos",Projetos,0.0
f968ccfe-0100-4760-818b-0d85fd912a70,"adorei a palestra, pude conhecer muitos projetos",Palestra,0.0
f968ccfe-0100-4760-818b-0d85fd912a70,"adorei a palestra, pude conhecer muitos projetos",Organizacao,0.0
1b58aa1e-e0c5-485a-8317-7bbe5c074e42,"participar do wit foi uma oportunidade única de aprendizado, conexão",Aprendizado,0.4215
1b58aa1e-e0c5-485a-8317-7bbe5c074e42,"participar do wit foi uma oportunidade única de aprendizado, conexão",Oportunidade,0.4215
1b58aa1e-e0c5-485a-8317-7bbe5c074e42,"participar do wit foi uma oportunidade única de aprendizado, conexão",Conexao,0.4215
1b58aa1e-e0c5-485a-8317-7bbe5c074e42,inspiração,Inspiracao,0.4404
1b58aa1e-e0c5-485a-8317-7bbe5c074e42,cada fala reafirmou a importância de promover espaços que incentivem a presença,Organizacao,0.6249
1b58aa1e-e0c5-485a-8317-7bbe5c074e42,a permanência de mulheres na tecno,Mulheres,0.0
1b58aa1e-e0c5-485a-8317-7bbe5c074e42,a permanência de mulheres na tecno,Tecnologia,0.0
1b58aa1e-e0c5-485a-8317-7bbe5c074e42,a permanência de mulheres na tecno,Continuidade,0.0
5c7c797e-febc-42ad-883a-7aaefc221bb2,muito interessante a explicativa sobre o move to clound,Fato,0.4019
5c7c797e-febc-42ad-883a-7aaefc221bb2,muito interessante a explicativa sobre o move to clound,Movimentos,0.4019
1b58aa1e-e0c5-485a-8317-7bbe5c074e42,"tantas mulheres incríveis reunidas, trocando experiências, fortalecendo umas às outras",Mulheres,0.4939
1b58aa1e-e0c5-485a-8317-7bbe5c074e42,"tantas mulheres incríveis reunidas, trocando experiências, fortalecendo umas às outras",Experiencia,0.4939
1b58aa1e-e0c5-485a-8317-7bbe5c074e42,mostrando que lugar de mulher é onde ela quiser — inclusive (,Mulheres,0.0
1b58aa1e-e0c5-485a-8317-7bbe5c074e42,mostrando que lugar de mulher é onde ela quiser — inclusive (,Area,0.0
1b58aa1e-e0c5-485a-8317-7bbe5c074e42,principalmente) na tecnologia,Tecnologia,0.0
454aed9e-698f-45b7-bd91-93f4a4e6aa1d,muito legal a palestra,Palestra,0.128
454aed9e-698f-45b7-bd91-93f4a4e6aa1d,muito conhecimento compartilhado,Conhecimento,0.34
a6584b5b-822e-4c85-be5b-e91db87dc16e,as ações da engie são interessantes,Engie,0.0
a6584b5b-822e-4c85-be5b-e91db87dc16e,as ações da engie são interessantes,Acoes,0.0
a6584b5b-822e-4c85-be5b-e91db87dc16e,geram oportunidades inclusivas,Oportunidade,0.3818
a4526431-24ef-4045-8981-a19a451487ac,inspiradora a palestra da engie,Engie,0.0
a4526431-24ef-4045-8981-a19a451487ac,inspiradora a palestra da engie,Palestra,0.0
51dee22d-fc70-4bc4-b8ad-c757599b8ba8,palestra completa,Palestra,0.0
8a9fc84a-4a91-46ee-b112-e39d627e2abd,estou gostando muito da palestra da engie,Engie,0.0
8a9fc84a-4a91-46ee-b112-e39d627e2abd,estou gostando muito da palestra da engie,Palestra,0.0
a2172412-8829-44fe-a1bb-c21eb82571aa,a palestra das meninas da envie foi muito boa,Mulheres,0.4404
a2172412-8829-44fe-a1bb-c21eb82571aa,a palestra das meninas da envie foi muito boa,Palestra,0.4404
a2172412-8829-44fe-a1bb-c21eb82571aa,a palestra das meninas da envie foi muito boa,Organizacao,0.4404
9306534e-a4af-407c-a97e-3eab6fa1c918,palestra interessante que as meninas da engie apresentaram,Mulheres,0.4019
9306534e-a4af-407c-a97e-3eab6fa1c918,palestra interessante que as meninas da engie apresentaram,Palestra,0.4019
9306534e-a4af-407c-a97e-3eab6fa1c918,palestra interessante que as meninas da engie apresentaram,Engie,0.4019
3f3583d6-1037-423a-9a58-0b27ea89d428,"a palestra da engie foi maravilhosa, repleta de conhecimentos",Engie,0.6705
3f3583d6-1037-423a-9a58-0b27ea89d428,"a palestra da engie foi maravilhosa, repleta de conhecimentos",Conhecimento,0.6705
3f3583d6-1037-423a-9a58-0b27ea89d428,"a palestra da engie foi maravilhosa, repleta de conhecimentos",Palestra,0.6705
3f3583d6-1037-423a-9a58-0b27ea89d428,"a palestra da engie foi maravilhosa, repleta de conhecimentos",Organizacao,0.6705
3f3583d6-1037-423a-9a58-0b27ea89d428,aprendizados,Aprendizado,0.0
699121e7-c258-43d0-9ede-fdbd0daeb1b5,excelente palestra da engie,Engie,0.6249
699121e7-c258-43d0-9ede-fdbd0daeb1b5,excelente palestra da engie,Palestra,0.6249
97b78585-66fb-4308-ac17-5dec3ad981db,muito bom conhecer mulheres inspiradoras,Mulheres,0.4215
8b928f09-aedb-4ce1-a365-4d56a0839c50,"interessante demais a palestra da engie, ver que as empresas estão começando a se diversificar",Engie,0.4019
8b928f09-aedb-4ce1-a365-4d56a0839c50,"interessante demais a palestra da engie, ver que as empresas estão começando a se diversificar",Empresas,0.4019
8b928f09-aedb-4ce1-a365-4d56a0839c50,"interessante demais a palestra da engie, ver que as empresas estão começando a se diversificar",Palestra,0.4019
8b928f09-aedb-4ce1-a365-4d56a0839c50,isso que as mulheres exitam em se candidatar as vagas sem estar 100% dos requisitos é muito real,Mulheres,0.0
8b928f09-aedb-4ce1-a365-4d56a0839c50,isso que as mulheres exitam em se candidatar as vagas sem estar 100% dos requisitos é muito real,Requisitos,0.0
8b928f09-aedb-4ce1-a365-4d56a0839c50,isso que as mulheres exitam em se candidatar as vagas sem estar 100% dos requisitos é muito real,Organizacao,0.0
b26c0a2d-f5a9-4708-a4ec-8603756202d8,amei a palestra,Palestra,0.6705
b26c0a2d-f5a9-4708-a4ec-8603756202d8,vou passar as informações para minhas alunas,Engie,-0.1531
b26c0a2d-f5a9-4708-a4ec-8603756202d8,vou passar as informações para minhas alunas,Informacoes,-0.1531
79fef718-42f9-41fd-b7b1-36943233fdba,parabéns pelas iniciativas de diversidade,Projetos,0.5994
79fef718-42f9-41fd-b7b1-36943233fdba,parabéns pelas iniciativas de diversidade,Diversidade,0.5994
170840c4-5893-454a-8433-5854baffd2cc,ansiosa para ganhar essa camisa lindaaa,Camisa,0.4939
00785be0-171f-446a-9069-97212c12e0e3,"maravilhosas, eu amei",Super,0.6705
00785be0-171f-446a-9069-97212c12e0e3,estou adorando casa vez mais,Casa,0.3818
00785be0-171f-446a-9069-97212c12e0e3,estou adorando casa vez mais,Organizacao,0.3818
41984732-0ee1-4644-b003-3309c119734d,muito importante esse tema,Organizacao,0.3182
cc7e1a51-703f-4d8f-b49c-ee6447e0542d,palestras excepcionais,Palestra,0.0
00785be0-171f-446a-9069-97212c12e0e3,"vocês são incríveis, uma palestra melhor que a outra",Palestra,0.4404
c01cfc13-c80c-4c86-872a-da81361b3339,muito muito muito legal a palestra da engie,Engie,0.27
c01cfc13-c80c-4c86-872a-da81361b3339,muito muito muito legal a palestra da engie,Palestra,0.27
c01cfc13-c80c-4c86-872a-da81361b3339,muitas dicas boas,Conselhos,0.0
cc7e1a51-703f-4d8f-b49c-ee6447e0542d,dúvidas esclarecidas,Organizacao,-0.296
93780366-368f-4230-aa79-3ac4dca0bec6,"o que me falta mais é autoconfiança no meu próprio conhecimento, obrigada meninas",Mulheres,-0.3612
93780366-368f-4230-aa79-3ac4dca0bec6,"o que me falta mais é autoconfiança no meu próprio conhecimento, obrigada meninas",Autoconfianca,-0.3612
93780366-368f-4230-aa79-3ac4dca0bec6,"o que me falta mais é autoconfiança no meu próprio conhecimento, obrigada meninas",Conhecimento,-0.3612
9306534e-a4af-407c-a97e-3eab6fa1c918,ótimo conselho dado em relação ao ensino técnico que foi passado pela nazaré,Aprendizado,0.3612
9306534e-a4af-407c-a97e-3eab6fa1c918,ótimo conselho dado em relação ao ensino técnico que foi passado pela nazaré,Organizacao,0.3612
9306534e-a4af-407c-a97e-3eab6fa1c918,ótimo conselho dado em relação ao ensino técnico que foi passado pela nazaré,Nazare,0.3612
9306534e-a4af-407c-a97e-3eab6fa1c918,ótimo conselho dado em relação ao ensino técnico que foi passado pela nazaré,Conselhos,0.3612
c04b5ba6-0939-443f-93db-54b15820e804,"me identifiquei muito com a parte da timidez kkkkkk adorei a palestra das meninas, são conselhos muito valiosos ❤️",Organizacao,-0.25
c04b5ba6-0939-443f-93db-54b15820e804,"me identifiquei muito com a parte da timidez kkkkkk adorei a palestra das meninas, são conselhos muito valiosos ❤️",Mulheres,-0.25
c04b5ba6-0939-443f-93db-54b15820e804,"me identifiquei muito com a parte da timidez kkkkkk adorei a palestra das meninas, são conselhos muito valiosos ❤️",Timidez,-0.25
c04b5ba6-0939-443f-93db-54b15820e804,"me identifiquei muito com a parte da timidez kkkkkk adorei a palestra das meninas, são conselhos muito valiosos ❤️",Palestra,-0.25
c04b5ba6-0939-443f-93db-54b15820e804,"me identifiquei muito com a parte da timidez kkkkkk adorei a palestra das meninas, são conselhos muito valiosos ❤️",Enriquecedora,-0.25
c04b5ba6-0939-443f-93db-54b15820e804,"me identifiquei muito com a parte da timidez kkkkkk adorei a palestra das meninas, são conselhos muito valiosos ❤️",Conselhos,-0.25
b26c0a2d-f5a9-4708-a4ec-8603756202d8,"sou coordenadora de um projeto de extensão vinculado às meninas digitais,",Mulheres,0.0
b26c0a2d-f5a9-4708-a4ec-8603756202d8,"sou coordenadora de um projeto de extensão vinculado às meninas digitais,",Projetos,0.0
b26c0a2d-f5a9-4708-a4ec-8603756202d8,"sou coordenadora de um projeto de extensão vinculado às meninas digitais,",Organizacao,0.0
b26c0a2d-f5a9-4708-a4ec-8603756202d8,nunca olho os editais do cnpq,Cnpq,0.0
b26c0a2d-f5a9-4708-a4ec-8603756202d8,nunca olho os editais do cnpq,Organizacao,0.0
b26c0a2d-f5a9-4708-a4ec-8603756202d8,participar da mesa redonda me despertou para ficar de olho nesses editais,Olho,-0.1531
b26c0a2d-f5a9-4708-a4ec-8603756202d8,participar da mesa redonda me despertou para ficar de olho nesses editais,Mesa,-0.1531
c01cfc13-c80c-4c86-872a-da81361b3339,duas mulheres incríveis nazaré,Mulheres,0.0
5671ae6e-ba88-4fbb-b2dd-5c0c4e65ce60,eu quero entrar na engie,Engie,0.0
5671ae6e-ba88-4fbb-b2dd-5c0c4e65ce60,vamos meninas digitais,Mulheres,0.0
6933d6a3-26d4-4177-97e9-e7325d50bfaa,insights importantes da vida de uma profissional em ti na palestra engie,Vida,0.0
6933d6a3-26d4-4177-97e9-e7325d50bfaa,insights importantes da vida de uma profissional em ti na palestra engie,Palestra,0.0
6933d6a3-26d4-4177-97e9-e7325d50bfaa,insights importantes da vida de uma profissional em ti na palestra engie,Organizacao,0.0
6933d6a3-26d4-4177-97e9-e7325d50bfaa,insights importantes da vida de uma profissional em ti na palestra engie,Carreira,0.0
b2b4af06-4544-44ae-8b60-f90bdc1f0fe2,ansiosa pela camisa,Camisa,0.0
b2b4af06-4544-44ae-8b60-f90bdc1f0fe2,pelo momento da foto,Momento,0.0
b2b4af06-4544-44ae-8b60-f90bdc1f0fe2,pelo momento da foto,Foto,0.0
b2b4af06-4544-44ae-8b60-f90bdc1f0fe2,amei participar do painel,Painel,0.6705
b2b4af06-4544-44ae-8b60-f90bdc1f0fe2,obrigada pelo convite,Convite,0.1531
c08bca4e-d84f-4567-b938-d29470fd6d02,"amando muito a oportunidade de participar desse evento, incrível",Oportunidade,0.9062
b26c0a2d-f5a9-4708-a4ec-8603756202d8,minhas alunas estão empolgadíssimas de sair na foto da meninas digitais,Engie,-0.0516
b26c0a2d-f5a9-4708-a4ec-8603756202d8,minhas alunas estão empolgadíssimas de sair na foto da meninas digitais,Foto,-0.0516
b26c0a2d-f5a9-4708-a4ec-8603756202d8,minhas alunas estão empolgadíssimas de sair na foto da meninas digitais,Super,-0.0516
b26c0a2d-f5a9-4708-a4ec-8603756202d8,minhas alunas estão empolgadíssimas de sair na foto da meninas digitais,Mulheres,-0.0516
537d3fe2-2cd9-4d63-a1cf-6c6d288411ff,o jantar de ontem foi muito especial,Jantar,0.4019
5b1bd074-2e84-4caf-854b-505a36f8a606,"gostei bastante, bons assuntos abordados",Organizacao,0.4215
1bfbf56f-28e4-4dee-874f-83823030bda3,amei a camiseta 👕 ✨️,Camisa,0.6705
3f3583d6-1037-423a-9a58-0b27ea89d428,a blusa do wit é linda demais,Organizacao,0.5423
1b4e9684-e087-4145-88d4-125c44975a1c,lindos relatos de trajetória profissional,Trajetoria,0.0
1b4e9684-e087-4145-88d4-125c44975a1c,lindos relatos de trajetória profissional,Artigos,0.0
7ab458bd-970a-40e5-9525-ee10be806901,"as palestras muito ricas, amei tudo",Palestra,0.6705
3f3583d6-1037-423a-9a58-0b27ea89d428,organização do evento arrasou,Organizacao,0.6124
1b4e9684-e087-4145-88d4-125c44975a1c,"a palestra foi maravilhosa, seria interessante se o meninas digitais tivesse iniciativas concretas para empregar nossa comunidade, criando parcerias com instituições privadas",Parcerias,0.8316
1b4e9684-e087-4145-88d4-125c44975a1c,"a palestra foi maravilhosa, seria interessante se o meninas digitais tivesse iniciativas concretas para empregar nossa comunidade, criando parcerias com instituições privadas",Projetos,0.8316
1b4e9684-e087-4145-88d4-125c44975a1c,"a palestra foi maravilhosa, seria interessante se o meninas digitais tivesse iniciativas concretas para empregar nossa comunidade, criando parcerias com instituições privadas",Comunidade,0.8316
1b4e9684-e087-4145-88d4-125c44975a1c,"a palestra foi maravilhosa, seria interessante se o meninas digitais tivesse iniciativas concretas para empregar nossa comunidade, criando parcerias com instituições privadas",Mulheres,0.8316
1b4e9684-e087-4145-88d4-125c44975a1c,"a palestra foi maravilhosa, seria interessante se o meninas digitais tivesse iniciativas concretas para empregar nossa comunidade, criando parcerias com instituições privadas",Carreira,0.8316
1b4e9684-e087-4145-88d4-125c44975a1c,"a palestra foi maravilhosa, seria interessante se o meninas digitais tivesse iniciativas concretas para empregar nossa comunidade, criando parcerias com instituições privadas",Palestra,0.8316
1b4e9684-e087-4145-88d4-125c44975a1c,programas parceiros,Programacao,0.0
e9b594f7-6309-4190-9032-4dde803e2d6a,muito linda a camisa das meninas digitais ❤️❤️,Mulheres,0.5423
e9b594f7-6309-4190-9032-4dde803e2d6a,muito linda a camisa das meninas digitais ❤️❤️,Camisa,0.5423
af226d00-c366-4e2d-9c27-2b3ed3d78273,conhecimentos extremamente valiosos,Conhecimento,0.0
af226d00-c366-4e2d-9c27-2b3ed3d78273,conhecimentos extremamente valiosos,Enriquecedora,0.0
908bb7b4-88ca-4d4c-83d1-513a4e11c569,amei a camisa das meninas digitais,Mulheres,0.6705
908bb7b4-88ca-4d4c-83d1-513a4e11c569,amei a camisa das meninas digitais,Camisa,0.6705
908bb7b4-88ca-4d4c-83d1-513a4e11c569,a corrida do csbc foi top,Carreiras,0.6124
cd5e94b1-51c2-4147-a20b-9e1345a0adad,eu amei o encontro dos projetos parceiros da meninonas digitais,Meninos,0.6705
cd5e94b1-51c2-4147-a20b-9e1345a0adad,eu amei o encontro dos projetos parceiros da meninonas digitais,Projetos,0.6705
cd5e94b1-51c2-4147-a20b-9e1345a0adad,eu amei o encontro dos projetos parceiros da meninonas digitais,Encontro,0.6705
cd5e94b1-51c2-4147-a20b-9e1345a0adad,estou ansiosa para a palestra da embraer 😍😍,Embraer,-0.1531
cd5e94b1-51c2-4147-a20b-9e1345a0adad,estou ansiosa para a palestra da embraer 😍😍,Palestra,-0.1531
af226d00-c366-4e2d-9c27-2b3ed3d78273,amei a camiseta das meninas digitais,Mulheres,0.6705
af226d00-c366-4e2d-9c27-2b3ed3d78273,amei a camiseta das meninas digitais,Camisa,0.6705
5c7c797e-febc-42ad-883a-7aaefc221bb2,camisa maravilhosa ❤️,Camisa,0.6705
e56b565e-2680-4f05-bfb5-f672c691d632,a camiseta é belíssima,Camisa,0.5994
489050ba-f6ce-4f05-a8ce-d6bdee47371a,"muito feliz em estar fazendo parte do wit esse ano, o mar azul da foto foi sensacional",Foto,0.5859
489050ba-f6ce-4f05-a8ce-d6bdee47371a,"muito feliz em estar fazendo parte do wit esse ano, o mar azul da foto foi sensacional",Organizacao,0.5859
3853a3fa-b147-4e93-b479-539e9c2370b2,"adorei a animação da senhorinha na hora da fotografia, amei a receptivo",Mulheres,0.6705
3853a3fa-b147-4e93-b479-539e9c2370b2,"adorei a animação da senhorinha na hora da fotografia, amei a receptivo",Momento,0.6705
3853a3fa-b147-4e93-b479-539e9c2370b2,"adorei a animação da senhorinha na hora da fotografia, amei a receptivo",Animacao,0.6705
3853a3fa-b147-4e93-b479-539e9c2370b2,"adorei a animação da senhorinha na hora da fotografia, amei a receptivo",Foto,0.6705
8a9fc84a-4a91-46ee-b112-e39d627e2abd,amei a blusa do wit,Organizacao,0.6705
97bb898c-af32-4429-b56c-5914309a8775,ansiosa pela apresentação dos banners,Palestra,0.0
97bb898c-af32-4429-b56c-5914309a8775,ansiosa pela apresentação dos banners,Banners,0.0
5c7c797e-febc-42ad-883a-7aaefc221bb2,muito obrigada meninas,Mulheres,0.0
e6c29589-e8e1-47aa-be9e-aecde3b1f82b,adorei os temas,Organizacao,0.0
e6c29589-e8e1-47aa-be9e-aecde3b1f82b,"salas aconchegantes, só o ar que tá muito gelado",Organizacao,0.0
5ca22f49-b601-4a36-81af-dba71e05cf97,palestras muito boas,Palestra,0.0
8e1a9311-52fe-4567-8c58-70f0e2281925,renacee md é maravilhoso,Renacee,0.6705
fa22c635-07b6-4718-9309-2665ad2d1a12,muito legal ver os outros projetos do cnpq,Projetos,0.128
fa22c635-07b6-4718-9309-2665ad2d1a12,muito legal ver os outros projetos do cnpq,Cnpq,0.128
8e1a9311-52fe-4567-8c58-70f0e2281925,ansiosa pela foto oficial desse ano,Foto,0.0
fd51eca2-7207-474a-8495-5c0e5f20aea5,muito boa as histórias,Artigos,0.4404
b7c16dca-5c66-4a7b-8685-96474b1617e0,ansiosa para dar continuidade a segunda sessão de pôsteres,Posteres,-0.1531
b7c16dca-5c66-4a7b-8685-96474b1617e0,ansiosa para dar continuidade a segunda sessão de pôsteres,Sessao,-0.1531
b7c16dca-5c66-4a7b-8685-96474b1617e0,ansiosa para dar continuidade a segunda sessão de pôsteres,Continuidade,-0.1531
a2172412-8829-44fe-a1bb-c21eb82571aa,as camisas wit 2025 estão belíssimas🫶🏻,Camisa,0.4767
6d48edcf-e6d6-48d3-a2e0-e9296cb697f3,a foto foi um momento muito massa,Momento,0.5423
6d48edcf-e6d6-48d3-a2e0-e9296cb697f3,a foto foi um momento muito massa,Foto,0.5423
c8194828-4572-4490-92ca-12b49d139fba,adorei as camisetas,Camisa,0.0
71ba845f-dca4-4b80-a9fc-5012503262d8,palestras incríveis,Palestra,0.0
bc2f024f-816c-4560-b2e7-fe905d1a0478,conteúdo riquíssimo,Organizacao,0.0
71ba845f-dca4-4b80-a9fc-5012503262d8,mal posso esperar pelas próximas palestras,Palestra,-0.4588
bc2f024f-816c-4560-b2e7-fe905d1a0478,ansiosa para nossa próxima sessão,Sessao,-0.1531
be669223-c64d-4256-b488-d6a63a1f5117,muito interessante a ideia de gamificação com o aplicativo,Ideia,-0.0516
be669223-c64d-4256-b488-d6a63a1f5117,muito interessante a ideia de gamificação com o aplicativo,Aplicativo,-0.0516
be669223-c64d-4256-b488-d6a63a1f5117,muito interessante a ideia de gamificação com o aplicativo,Gamificacao,-0.0516
be28feaa-bc8c-45e6-b109-e943185c33f5,"as palestras são ótimas retratando a realidades de muitas mulheres ,",Fato,0.0
be28feaa-bc8c-45e6-b109-e943185c33f5,"as palestras são ótimas retratando a realidades de muitas mulheres ,",Palestra,0.0
be28feaa-bc8c-45e6-b109-e943185c33f5,"as palestras são ótimas retratando a realidades de muitas mulheres ,",Mulheres,0.0
be28feaa-bc8c-45e6-b109-e943185c33f5,nos inspirado cada vez mais,Organizacao,0.3182
be669223-c64d-4256-b488-d6a63a1f5117,"a camiseta está linda, adorei",Camisa,0.5423
fcd08197-e61d-4cc4-8460-7859bc9ee761,um momento cheio de aprendizado,Momento,0.0
fcd08197-e61d-4cc4-8460-7859bc9ee761,um momento cheio de aprendizado,Aprendizado,0.0
edb1ed7b-5a06-419c-bbb0-692a9fbf269e,gostei bastante da iniciativa de ensino de programação competitiva para meninas em escolas públicas,Programacao,0.296
edb1ed7b-5a06-419c-bbb0-692a9fbf269e,gostei bastante da iniciativa de ensino de programação competitiva para meninas em escolas públicas,Aprendizado,0.296
edb1ed7b-5a06-419c-bbb0-692a9fbf269e,gostei bastante da iniciativa de ensino de programação competitiva para meninas em escolas públicas,Projetos,0.296
edb1ed7b-5a06-419c-bbb0-692a9fbf269e,gostei bastante da iniciativa de ensino de programação competitiva para meninas em escolas públicas,Mulheres,0.296
ecf86f01-f235-4ce6-b218-43e9ae6ebb8f,amei a apresentação de projetos,Projetos,0.6705
ecf86f01-f235-4ce6-b218-43e9ae6ebb8f,amei a apresentação de projetos,Palestra,0.6705
ecf86f01-f235-4ce6-b218-43e9ae6ebb8f,super inspiradores,Inspiracao,0.7845
ecf86f01-f235-4ce6-b218-43e9ae6ebb8f,sessão de posters muito linda,Posteres,0.5423
ecf86f01-f235-4ce6-b218-43e9ae6ebb8f,sessão de posters muito linda,Sessao,0.5423
edb1ed7b-5a06-419c-bbb0-692a9fbf269e,as estatísticas são bastante otimistas,Otimistas,0.3818
edb1ed7b-5a06-419c-bbb0-692a9fbf269e,as estatísticas são bastante otimistas,Artigos,0.3818
fcd08197-e61d-4cc4-8460-7859bc9ee761,momento enriquecedor,Momento,0.0
0fd4184b-054c-4f30-a68f-4f62688e40b4,primeira vez no congresso,Congresso,0.0
0fd4184b-054c-4f30-a68f-4f62688e40b4,voltarei nos próximos com certeza,Organizacao,0.25
489050ba-f6ce-4f05-a8ce-d6bdee47371a,parabéns aos projetos parceiros,Projetos,0.5994
6f0e3eaf-fbf3-4cda-afac-5bea2ead2b37,gostei da exposição dos projetos parceiros,Projetos,0.4215
6f0e3eaf-fbf3-4cda-afac-5bea2ead2b37,gostei da exposição dos projetos parceiros,Organizacao,0.4215
4775372c-ada6-4087-bb2c-70b01e4bd2f8,"palestra maravilhosa demais, muito conhecimento compartilhado ☺️",Conhecimento,0.8
4775372c-ada6-4087-bb2c-70b01e4bd2f8,"palestra maravilhosa demais, muito conhecimento compartilhado ☺️",Palestra,0.8
92884dd4-6d85-4439-b8ed-855f735d689a,ufs aquii,Diaaaa,0.0
1130f3f4-1e33-482d-a327-745c63f1516b,amei os pôsteres,Posteres,0.6705
81c3d4c8-2223-4ace-9cda-6620ed75bf1a,que bom ver tantos pôsteres de programas parceiros,Programacao,0.4215
81c3d4c8-2223-4ace-9cda-6620ed75bf1a,que bom ver tantos pôsteres de programas parceiros,Posteres,0.4215
575e397c-e7d3-4587-9a09-46e3df1ccdf4,adorei conhecer novos projetos parceiros durante a sessão de pôster,Projetos,0.0
575e397c-e7d3-4587-9a09-46e3df1ccdf4,adorei conhecer novos projetos parceiros durante a sessão de pôster,Sessao,0.0
8b928f09-aedb-4ce1-a365-4d56a0839c50,estou amando a gameficação,Gameficacao,0.6124
51dee22d-fc70-4bc4-b8ad-c757599b8ba8,muito conhecimento,Conhecimento,0.0
0075ff65-ea4f-498d-992f-ada2464aa615,programacao wit maravilhosa,Programacao,0.6705
464bbcb6-2b9f-498e-bfbd-4f0b6935e844,a coordenação do evento está de parabéns,Organizacao,0.5994
464bbcb6-2b9f-498e-bfbd-4f0b6935e844,csbc em maceió é tudo de melhor 💞💞💞💞💞,Organizacao,0.4404
adec314d-1120-4e55-985a-8bdbbf48be55,"parabéns, pela organização do evento",Organizacao,0.5994
adec314d-1120-4e55-985a-8bdbbf48be55,as pautas são muito relevantes,Organizacao,0.0
6d48edcf-e6d6-48d3-a2e0-e9296cb697f3,a exposição dos projetos parceiros foi um sucesssooooo,Sucesssooooo,0.0
6d48edcf-e6d6-48d3-a2e0-e9296cb697f3,a exposição dos projetos parceiros foi um sucesssooooo,Projetos,0.0
6d48edcf-e6d6-48d3-a2e0-e9296cb697f3,a exposição dos projetos parceiros foi um sucesssooooo,Organizacao,0.0
fe69c798-5373-4255-831b-9a1ce468c5d6,a sessão de pôsteres foi incrível,Posteres,0.6705
fe69c798-5373-4255-831b-9a1ce468c5d6,a sessão de pôsteres foi incrível,Sessao,0.6705
fe69c798-5373-4255-831b-9a1ce468c5d6,conhecer mulheres com força de vontade dá inspiração para fazer o mesmo,Mulheres,0.6705
fe69c798-5373-4255-831b-9a1ce468c5d6,conhecer mulheres com força de vontade dá inspiração para fazer o mesmo,Inspiracao,0.6705
fe69c798-5373-4255-831b-9a1ce468c5d6,conhecer mulheres com força de vontade dá inspiração para fazer o mesmo,Organizacao,0.6705
d9d06ba9-ddc7-49e3-8ff8-cfc02ea63d0f,amei a apresentação de banners,Palestra,0.6705
d9d06ba9-ddc7-49e3-8ff8-cfc02ea63d0f,amei a apresentação de banners,Banners,0.6705
d9d06ba9-ddc7-49e3-8ff8-cfc02ea63d0f,conhecer os outros projetos,Projetos,0.0
d9d06ba9-ddc7-49e3-8ff8-cfc02ea63d0f,falar sobre o meninas,Mulheres,0.0
d9d06ba9-ddc7-49e3-8ff8-cfc02ea63d0f,muito importante o relatório feito pela cide,Cide,0.3182
d9d06ba9-ddc7-49e3-8ff8-cfc02ea63d0f,muito importante o relatório feito pela cide,Relatorio,0.3182
d9d06ba9-ddc7-49e3-8ff8-cfc02ea63d0f,obrigada por trazerem ele para que a comunidade se conscientize cada vez mais,Organizacao,-0.1531
d9d06ba9-ddc7-49e3-8ff8-cfc02ea63d0f,obrigada por trazerem ele para que a comunidade se conscientize cada vez mais,Comunidade,-0.1531
adec314d-1120-4e55-985a-8bdbbf48be55,"devemos, sim, criar um ambiente em que todos se sintam bem-vindos",Saudades,0.296
adec314d-1120-4e55-985a-8bdbbf48be55,"devemos, sim, criar um ambiente em que todos se sintam bem-vindos",Ambiente,0.296
adec314d-1120-4e55-985a-8bdbbf48be55,para isso é preciso compreender os porquês das diferenças de representatividade em relação à sociedade brasileira na sbc,Organizacao,-0.1531
adec314d-1120-4e55-985a-8bdbbf48be55,para isso é preciso compreender os porquês das diferenças de representatividade em relação à sociedade brasileira na sbc,Comunidade,-0.1531
adec314d-1120-4e55-985a-8bdbbf48be55,para isso é preciso compreender os porquês das diferenças de representatividade em relação à sociedade brasileira na sbc,Diferenca,-0.1531
adec314d-1120-4e55-985a-8bdbbf48be55,para isso é preciso compreender os porquês das diferenças de representatividade em relação à sociedade brasileira na sbc,Representatividade,-0.1531
adec314d-1120-4e55-985a-8bdbbf48be55,para isso é preciso compreender os porquês das diferenças de representatividade em relação à sociedade brasileira na sbc,Sbc,-0.1531
4775372c-ada6-4087-bb2c-70b01e4bd2f8,"adorei a sessão de pôsteres, muitos trabalhos brilhantes 💜",Posteres,0.4404
4775372c-ada6-4087-bb2c-70b01e4bd2f8,"adorei a sessão de pôsteres, muitos trabalhos brilhantes 💜",Sessao,0.4404
4775372c-ada6-4087-bb2c-70b01e4bd2f8,"adorei a sessão de pôsteres, muitos trabalhos brilhantes 💜",Trabalhos,0.4404
e56b565e-2680-4f05-bfb5-f672c691d632,a sessão de pôsteres foi inspiradora,Posteres,0.0
e56b565e-2680-4f05-bfb5-f672c691d632,a sessão de pôsteres foi inspiradora,Sessao,0.0
e56b565e-2680-4f05-bfb5-f672c691d632,parabéns a todos os projetos parceiros,Projetos,0.5994
8f0f4c0d-f2eb-4b18-8099-25bcd217a483,importantíssimo ter o presidente da acm compreendendo a importância da diversidade na computação,Organizacao,0.3612
8f0f4c0d-f2eb-4b18-8099-25bcd217a483,importantíssimo ter o presidente da acm compreendendo a importância da diversidade na computação,Acoes,0.3612
8f0f4c0d-f2eb-4b18-8099-25bcd217a483,importantíssimo ter o presidente da acm compreendendo a importância da diversidade na computação,Diversidade,0.3612
8f0f4c0d-f2eb-4b18-8099-25bcd217a483,importantíssimo ter o presidente da acm compreendendo a importância da diversidade na computação,Computacao,0.3612
8f0f4c0d-f2eb-4b18-8099-25bcd217a483,importantíssimo ter o presidente da acm compreendendo a importância da diversidade na computação,Presidente,0.3612
bc4009b6-e6ad-4b08-8126-a0e91ba35f4b,adorei ver mulheres tão importantes,Mulheres,0.0
bc4009b6-e6ad-4b08-8126-a0e91ba35f4b,obrigada por serem inspirações pra todas as meninas no congresso,Mulheres,0.2023
bc4009b6-e6ad-4b08-8126-a0e91ba35f4b,obrigada por serem inspirações pra todas as meninas no congresso,Inspiracao,0.2023
bc4009b6-e6ad-4b08-8126-a0e91ba35f4b,obrigada por serem inspirações pra todas as meninas no congresso,Congresso,0.2023
3efe71e2-c0d5-4596-b566-0ef34e7ff13d,"já no início da apresentação da embraer me encantou os olhos, simplesmente incrível",Abertura,0.6705
3efe71e2-c0d5-4596-b566-0ef34e7ff13d,"já no início da apresentação da embraer me encantou os olhos, simplesmente incrível",Embraer,0.6705
3efe71e2-c0d5-4596-b566-0ef34e7ff13d,"já no início da apresentação da embraer me encantou os olhos, simplesmente incrível",Palestra,0.6705
3efe71e2-c0d5-4596-b566-0ef34e7ff13d,"já no início da apresentação da embraer me encantou os olhos, simplesmente incrível",Olho,0.6705
34f169b0-0592-49a9-adae-030f73515e9e,"pude aprender bastante sobre inclusão das mulheres na tecnologia, acredito que a palestra sanou diversas dúvidas pessoais minhas",Organizacao,-0.296
34f169b0-0592-49a9-adae-030f73515e9e,"pude aprender bastante sobre inclusão das mulheres na tecnologia, acredito que a palestra sanou diversas dúvidas pessoais minhas",Mulheres,-0.296
34f169b0-0592-49a9-adae-030f73515e9e,"pude aprender bastante sobre inclusão das mulheres na tecnologia, acredito que a palestra sanou diversas dúvidas pessoais minhas",Palestra,-0.296
34f169b0-0592-49a9-adae-030f73515e9e,"pude aprender bastante sobre inclusão das mulheres na tecnologia, acredito que a palestra sanou diversas dúvidas pessoais minhas",Tecnologia,-0.296
34f169b0-0592-49a9-adae-030f73515e9e,"pude aprender bastante sobre inclusão das mulheres na tecnologia, acredito que a palestra sanou diversas dúvidas pessoais minhas",Inclusao,-0.296
34f169b0-0592-49a9-adae-030f73515e9e,ótima palestra,Palestra,0.0
34f169b0-0592-49a9-adae-030f73515e9e,muito grata por poder participar,Energia,0.0
34f169b0-0592-49a9-adae-030f73515e9e,muito grata por poder participar,Organizacao,0.0
38a3f457-2608-4b06-a8f5-f05a3c41b341,é muito bom ver as meninas de diferentes estados tão engajadas em um único propósito,Mulheres,0.4215
38a3f457-2608-4b06-a8f5-f05a3c41b341,é muito bom ver as meninas de diferentes estados tão engajadas em um único propósito,Organizacao,0.4215
38a3f457-2608-4b06-a8f5-f05a3c41b341,é muito bom ver as meninas de diferentes estados tão engajadas em um único propósito,Estados,0.4215
bc4009b6-e6ad-4b08-8126-a0e91ba35f4b,amei a palestra da embraer,Embraer,0.6705
bc4009b6-e6ad-4b08-8126-a0e91ba35f4b,amei a palestra da embraer,Palestra,0.6705
464bbcb6-2b9f-498e-bfbd-4f0b6935e844,"genteee, que evento toppp",Organizacao,0.0
464bbcb6-2b9f-498e-bfbd-4f0b6935e844,"genteee, que evento toppp",Nivel,0.0
464bbcb6-2b9f-498e-bfbd-4f0b6935e844,maravilhosoooooo,Super,0.0
1e411a8b-4d32-4425-945d-09887c5071b8,entrega das camisas hoje foi emocionante,Camisa,0.4767
c23e3c88-36e4-4099-abc5-67195fb50d88,adorei a sessão de pôsteres,Posteres,0.0
c23e3c88-36e4-4099-abc5-67195fb50d88,adorei a sessão de pôsteres,Sessao,0.0
c23e3c88-36e4-4099-abc5-67195fb50d88,é muito interessante ver tantos trabalhos voltados para mulheres em um congresso de computação,Mulheres,0.2732
c23e3c88-36e4-4099-abc5-67195fb50d88,é muito interessante ver tantos trabalhos voltados para mulheres em um congresso de computação,Computacao,0.2732
c23e3c88-36e4-4099-abc5-67195fb50d88,é muito interessante ver tantos trabalhos voltados para mulheres em um congresso de computação,Congresso,0.2732
c23e3c88-36e4-4099-abc5-67195fb50d88,é muito interessante ver tantos trabalhos voltados para mulheres em um congresso de computação,Trabalhos,0.2732
c23e3c88-36e4-4099-abc5-67195fb50d88,"como mulher na área de computação, acho muito importante eventos como esse",Mulheres,0.3182
c23e3c88-36e4-4099-abc5-67195fb50d88,"como mulher na área de computação, acho muito importante eventos como esse",Computacao,0.3182
c23e3c88-36e4-4099-abc5-67195fb50d88,"como mulher na área de computação, acho muito importante eventos como esse",Eventos,0.3182
c23e3c88-36e4-4099-abc5-67195fb50d88,"como mulher na área de computação, acho muito importante eventos como esse",Area,0.3182
1c7000ea-e558-4ef4-93d8-2c018ec84123,sempre muito bom ver jogos sobre mulheres em stem💕,Mulheres,0.4215
1c7000ea-e558-4ef4-93d8-2c018ec84123,sempre muito bom ver jogos sobre mulheres em stem💕,Gameficacao,0.4215
b7c16dca-5c66-4a7b-8685-96474b1617e0,"motivador a apresentação da embraer, tanto pelas oportunidades apresentadas,",Inspiracao,0.3818
b7c16dca-5c66-4a7b-8685-96474b1617e0,"motivador a apresentação da embraer, tanto pelas oportunidades apresentadas,",Palestra,0.3818
b7c16dca-5c66-4a7b-8685-96474b1617e0,"motivador a apresentação da embraer, tanto pelas oportunidades apresentadas,",Embraer,0.3818
b7c16dca-5c66-4a7b-8685-96474b1617e0,"motivador a apresentação da embraer, tanto pelas oportunidades apresentadas,",Oportunidade,0.3818
b7c16dca-5c66-4a7b-8685-96474b1617e0,"principalmente a história de vida da marinalva, uma inspiração em pessoa",Organizacao,0.4404
b7c16dca-5c66-4a7b-8685-96474b1617e0,"principalmente a história de vida da marinalva, uma inspiração em pessoa",Artigos,0.4404
b7c16dca-5c66-4a7b-8685-96474b1617e0,"principalmente a história de vida da marinalva, uma inspiração em pessoa",Inspiracao,0.4404
b7c16dca-5c66-4a7b-8685-96474b1617e0,"principalmente a história de vida da marinalva, uma inspiração em pessoa",Marinalva,0.4404
b7c16dca-5c66-4a7b-8685-96474b1617e0,"principalmente a história de vida da marinalva, uma inspiração em pessoa",Vida,0.4404
251569e1-42c3-4c32-b8db-d8b8b9741d5b,adorei a camiseta,Camisa,0.0
251569e1-42c3-4c32-b8db-d8b8b9741d5b,manhã maravilhosa no wit,Manha,0.6705
1130f3f4-1e33-482d-a327-745c63f1516b,poder ver tantos trabalhos das meninas nas áreas foi inspirador,Mulheres,0.4215
1130f3f4-1e33-482d-a327-745c63f1516b,poder ver tantos trabalhos das meninas nas áreas foi inspirador,Trabalhos,0.4215
1130f3f4-1e33-482d-a327-745c63f1516b,poder ver tantos trabalhos das meninas nas áreas foi inspirador,Area,0.4215
b26c0a2d-f5a9-4708-a4ec-8603756202d8,a palestra da embraer foi fantástica,Embraer,0.0
b26c0a2d-f5a9-4708-a4ec-8603756202d8,a palestra da embraer foi fantástica,Palestra,0.0
b26c0a2d-f5a9-4708-a4ec-8603756202d8,que lição de vuda emocionante,Organizacao,0.4767
b26c0a2d-f5a9-4708-a4ec-8603756202d8,primeira pergunta do questionário de avaliação do wit não está permitindo marcar mais de 1 alternativa,Pergunta,-0.296
b26c0a2d-f5a9-4708-a4ec-8603756202d8,primeira pergunta do questionário de avaliação do wit não está permitindo marcar mais de 1 alternativa,Organizacao,-0.296
b26c0a2d-f5a9-4708-a4ec-8603756202d8,primeira pergunta do questionário de avaliação do wit não está permitindo marcar mais de 1 alternativa,Possibilidades,-0.296
262af184-23c3-4cb4-8231-04a142217d69,o tema é bem relevante,Organizacao,0.2732
262af184-23c3-4cb4-8231-04a142217d69,trás perspectivas diferentes do que imaginava,Ideia,0.296
262af184-23c3-4cb4-8231-04a142217d69,palestra clara,Palestra,0.0
262af184-23c3-4cb4-8231-04a142217d69,objetiva,Objetiva,0.0
06f1249e-61d1-4916-a745-f29b8095822b,"interativo, vou sair desse congresso inspirada a focar nos meus estudos pra crescer",Congresso,-0.0516
06f1249e-61d1-4916-a745-f29b8095822b,"interativo, vou sair desse congresso inspirada a focar nos meus estudos pra crescer",Pesquisa,-0.0516
06f1249e-61d1-4916-a745-f29b8095822b,ganhar mais espaço na área ❤️,Organizacao,0.5859
06f1249e-61d1-4916-a745-f29b8095822b,ganhar mais espaço na área ❤️,Area,0.5859
06f1249e-61d1-4916-a745-f29b8095822b,a camiseta,Camisa,0.0
06f1249e-61d1-4916-a745-f29b8095822b,os brindes estão maravilhosos ❤️❤️❤️❤️,Sessao,0.4215
c23e3c88-36e4-4099-abc5-67195fb50d88,conheci pessoas incríveis com projetos incríveis,Projetos,0.0
c23e3c88-36e4-4099-abc5-67195fb50d88,conheci pessoas incríveis com projetos incríveis,Organizacao,0.0
c23e3c88-36e4-4099-abc5-67195fb50d88,muito boa essa troca,Troca,0.4404
c23e3c88-36e4-4099-abc5-67195fb50d88,o momento da foto oficial foi muito lindo,Momento,0.5423
c23e3c88-36e4-4099-abc5-67195fb50d88,o momento da foto oficial foi muito lindo,Foto,0.5423
6e490da9-d604-49fa-b782-7cc09c1615d3,ansiosa para as apresentações de hoje,Palestra,-0.1531
6e490da9-d604-49fa-b782-7cc09c1615d3,a gamificacao está demais,Gamificacao,0.0
c23e3c88-36e4-4099-abc5-67195fb50d88,ansiosa para ver as apresentações de hoje,Palestra,-0.1531
d7cc7b23-8be1-497b-ae4a-23b538971629,ótima organização,Organizacao,0.0
4270590b-ac53-434d-88eb-f948b87a7247,"bom dia, ansioso para as apresentações de hoje",Palestra,0.5719
bf25caf2-133a-4e49-af4f-273e12e2009e,"hoje o dia vai ser emocionante, dia de apresentação",Palestra,0.4767
bf25caf2-133a-4e49-af4f-273e12e2009e,"última dia, já estou com saudades",Saudades,0.25
5b1bd074-2e84-4caf-854b-505a36f8a606,ótimo trabalho,Trabalhos,0.3612
a57c1135-2ebb-4824-9625-c0bce163dddf,ansioso para a premiação do evento 🙏,Organizacao,0.2263
4bc0a904-0a38-4b33-b1de-cab5ea9cf808,palestras incríveis,Palestra,0.0
4bc0a904-0a38-4b33-b1de-cab5ea9cf808,super legal,Super,0.6597
9ea006aa-40fb-4edc-98dd-39d527a61d6d,impressionante a diversidade de informações interessantes,Informacoes,0.3818
9ea006aa-40fb-4edc-98dd-39d527a61d6d,impressionante a diversidade de informações interessantes,Diversidade,0.3818
9ea006aa-40fb-4edc-98dd-39d527a61d6d,incrível como essas palestras mudam a nossa visão,Palestra,0.765
9ea006aa-40fb-4edc-98dd-39d527a61d6d,incrível como essas palestras mudam a nossa visão,Organizacao,0.765
0075ff65-ea4f-498d-992f-ada2464aa615,os fórums do wit estão sendo muito bons,Forum,0.0
170840c4-5893-454a-8433-5854baffd2cc,ansiosa pelas apresentações de hoje,Palestra,0.0
170840c4-5893-454a-8433-5854baffd2cc,esperando muito já pela premiação,Organizacao,0.0
170840c4-5893-454a-8433-5854baffd2cc,a edição de 2026,Engie,0.0
75049fc4-0a03-4d80-9d70-6471c2c5a110,os artigos são demais,Artigos,0.0
75049fc4-0a03-4d80-9d70-6471c2c5a110,momentos incríveis,Momento,0.0
67959b7b-0a25-4354-a35e-f5974a549323,uma pena hoje ser o último dia de wit,Pena,-0.296
16d2d16a-6864-4d0c-afe3-d87991308ec5,quero mais broches,Broches,0.0
050da8f6-fd58-42b6-8066-82fb42c0fa4b,salas bem localizadas,Organizacao,0.2732
050da8f6-fd58-42b6-8066-82fb42c0fa4b,"organizadas, além de limpas",Organizacao,0.0
050da8f6-fd58-42b6-8066-82fb42c0fa4b,com bom som,Organizacao,0.4215
1e2c4536-db1c-40f6-a514-717da937138d,muito ansiosa pra apresentar nosso artigo,Artigos,0.0
050da8f6-fd58-42b6-8066-82fb42c0fa4b,ótimas apresentações com diversidade de assuntos,Palestra,0.0
050da8f6-fd58-42b6-8066-82fb42c0fa4b,ótimas apresentações com diversidade de assuntos,Organizacao,0.0
050da8f6-fd58-42b6-8066-82fb42c0fa4b,ótimas apresentações com diversidade de assuntos,Diversidade,0.0
050da8f6-fd58-42b6-8066-82fb42c0fa4b,"temas, além de pessoas",Organizacao,0.0
1e2c4536-db1c-40f6-a514-717da937138d,"ótima organização, como sempre",Organizacao,0.0
f3eed192-b8ab-4094-942f-54e234fbb70b,ainda tentando me recuperar da história de vida de marinalva 😭,Vida,0.0
f3eed192-b8ab-4094-942f-54e234fbb70b,ainda tentando me recuperar da história de vida de marinalva 😭,Marinalva,0.0
f3eed192-b8ab-4094-942f-54e234fbb70b,ainda tentando me recuperar da história de vida de marinalva 😭,Artigos,0.0
f3eed192-b8ab-4094-942f-54e234fbb70b,palestra incrível do embraer 🤩🤩🤩,Embraer,0.6705
f3eed192-b8ab-4094-942f-54e234fbb70b,palestra incrível do embraer 🤩🤩🤩,Palestra,0.6705
352e47bd-d2bf-4541-a6ce-6498a321db06,palestra incrível a da embraer,Embraer,0.6705
3efe71e2-c0d5-4596-b566-0ef34e7ff13d,"mesmo vindo para outro evento, minha agenda hj é 100% wit",Agenda,-0.1531
5c7c797e-febc-42ad-883a-7aaefc221bb2,super ansiosa com o dia de hoje,Super,0.5994
352e47bd-d2bf-4541-a6ce-6498a321db06,massa dms,Dms,0.5423
352e47bd-d2bf-4541-a6ce-6498a321db06,que pena q está acabando,Pena,-0.296
a24b5393-ee39-4272-8f84-7f95fa794341,"que venha o último dia, wit já deixando saudades",Saudades,0.25
20280073-68fe-4304-9f54-d23b1663fe33,os artigos são extremamente importantes para aderirmos conhecimentos de outros temas,Conhecimento,-0.2212
20280073-68fe-4304-9f54-d23b1663fe33,os artigos são extremamente importantes para aderirmos conhecimentos de outros temas,Organizacao,-0.2212
20280073-68fe-4304-9f54-d23b1663fe33,os artigos são extremamente importantes para aderirmos conhecimentos de outros temas,Artigos,-0.2212
20280073-68fe-4304-9f54-d23b1663fe33,adequarmos em nosso projetos,Projetos,0.0
d90a7533-8a3c-4a1e-9221-2185fdeaec90,"adorei o tema de inclusão, diversidade",Organizacao,0.0
d90a7533-8a3c-4a1e-9221-2185fdeaec90,"adorei o tema de inclusão, diversidade",Diversidade,0.0
d90a7533-8a3c-4a1e-9221-2185fdeaec90,"adorei o tema de inclusão, diversidade",Inclusao,0.0
d90a7533-8a3c-4a1e-9221-2185fdeaec90,equidade,Equidade,0.0
6d48edcf-e6d6-48d3-a2e0-e9296cb697f3,já estou com saudade 🥲,Saudades,0.25
ed496342-5088-4e03-9bf6-270dbfd06758,secção técnica 5 está com apresentações fantásticas ✨,Palestra,0.0
ed496342-5088-4e03-9bf6-270dbfd06758,secção técnica 5 está com apresentações fantásticas ✨,Organizacao,0.0
4c4af487-81e9-4e3a-8efc-b2d0f1b0b394,foram dias de muito conhecimento,Conhecimento,0.0
4c4af487-81e9-4e3a-8efc-b2d0f1b0b394,foram dias de muito conhecimento,Organizacao,0.0
4c4af487-81e9-4e3a-8efc-b2d0f1b0b394,boas experiências,Experiencia,0.0
38a3f457-2608-4b06-a8f5-f05a3c41b341,"último dia, tururuu",Organizacao,0.0
4c4af487-81e9-4e3a-8efc-b2d0f1b0b394,estou voltando pra casa com muitas ideias,Ideia,0.0
4c4af487-81e9-4e3a-8efc-b2d0f1b0b394,estou voltando pra casa com muitas ideias,Casa,0.0
4c4af487-81e9-4e3a-8efc-b2d0f1b0b394,inovações,Inovacoes,0.0
3ad87374-5d6b-41e4-a901-00435a3f8c6e,espero que os próximos encontros sejam tão bons quanto,Encontro,0.0
eb7a2e85-37f5-4355-b66a-b99d1a9ac033,"que evento incrível, vou sentir saudadee do csbc💖",Saudades,0.6705
eb7a2e85-37f5-4355-b66a-b99d1a9ac033,todas as apresentações do wit impecáveis,Palestra,0.0
671f8ca1-38b7-401b-b96a-2dc047c32c4b,está sendo um sonho,Sonhos,0.0
671f8ca1-38b7-401b-b96a-2dc047c32c4b,a energia ontem na hora da foto foi incrível,Momento,0.7717
671f8ca1-38b7-401b-b96a-2dc047c32c4b,a energia ontem na hora da foto foi incrível,Energia,0.7717
671f8ca1-38b7-401b-b96a-2dc047c32c4b,a energia ontem na hora da foto foi incrível,Foto,0.7717
17a6d940-56ba-4d72-8c6b-3f765a91e6ac,"assunto muito interessante sobre a síndrome do impostor, já passei por isso no começo da minha carreira como desenvolvedora",Carreira,0.4019
17a6d940-56ba-4d72-8c6b-3f765a91e6ac,"assunto muito interessante sobre a síndrome do impostor, já passei por isso no começo da minha carreira como desenvolvedora",Organizacao,0.4019
17a6d940-56ba-4d72-8c6b-3f765a91e6ac,"assunto muito interessante sobre a síndrome do impostor, já passei por isso no começo da minha carreira como desenvolvedora",Impostor,0.4019
17a6d940-56ba-4d72-8c6b-3f765a91e6ac,"assunto muito interessante sobre a síndrome do impostor, já passei por isso no começo da minha carreira como desenvolvedora",Sindrome,0.4019
17a6d940-56ba-4d72-8c6b-3f765a91e6ac,fui muito bem acolhida por mulheres incríveis,Mulheres,0.2732
f968ccfe-0100-4760-818b-0d85fd912a70,ótimas palestras,Palestra,0.0
5244efbb-01d2-4f7e-b505-4fd32300baff,trabalhos qualificados demais,Trabalhos,0.0
5244efbb-01d2-4f7e-b505-4fd32300baff,o wit cresceu com sessões técnicas em paralelo,Paralelo,0.0
5244efbb-01d2-4f7e-b505-4fd32300baff,o wit cresceu com sessões técnicas em paralelo,Sessoes,0.0
5244efbb-01d2-4f7e-b505-4fd32300baff,esta na hora de virar um simpósio hehehe,Momento,0.0
5244efbb-01d2-4f7e-b505-4fd32300baff,esta na hora de virar um simpósio hehehe,Simposio,0.0
ed496342-5088-4e03-9bf6-270dbfd06758,wit está cheio de artigos maravilhosos ✨🫰🏻,Artigos,0.0
5c7c797e-febc-42ad-883a-7aaefc221bb2,muito interessante o artigo sobre a síndrome da impostora,Artigos,0.4019
5c7c797e-febc-42ad-883a-7aaefc221bb2,muito interessante o artigo sobre a síndrome da impostora,Sindrome,0.4019
5c7c797e-febc-42ad-883a-7aaefc221bb2,muito interessante o artigo sobre a síndrome da impostora,Impostor,0.4019
e56b565e-2680-4f05-bfb5-f672c691d632,uma pena que já é o último dia,Pena,-0.296
ae4d3fbb-069f-4906-895d-6ff10de1bdb9,triste ao mesmo tempo,Momento,-0.4939
c08bca4e-d84f-4567-b938-d29470fd6d02,"em congresso relacionados,",Congresso,0.0
c08bca4e-d84f-4567-b938-d29470fd6d02,"estou achando muito interessante as apresentações de artigos, dá mais motivação de estar na área acadêmica",Inspiracao,0.6249
c08bca4e-d84f-4567-b938-d29470fd6d02,"estou achando muito interessante as apresentações de artigos, dá mais motivação de estar na área acadêmica",Palestra,0.6249
c08bca4e-d84f-4567-b938-d29470fd6d02,"estou achando muito interessante as apresentações de artigos, dá mais motivação de estar na área acadêmica",Artigos,0.6249
c08bca4e-d84f-4567-b938-d29470fd6d02,"estou achando muito interessante as apresentações de artigos, dá mais motivação de estar na área acadêmica",Area,0.6249
609ff990-2fc8-4802-9bc3-d805b042eab5,considerei a palestra importante para a minha compreensão da situação atual das mulheres na área stem,Organizacao,0.1779
609ff990-2fc8-4802-9bc3-d805b042eab5,considerei a palestra importante para a minha compreensão da situação atual das mulheres na área stem,Mulheres,0.1779
609ff990-2fc8-4802-9bc3-d805b042eab5,considerei a palestra importante para a minha compreensão da situação atual das mulheres na área stem,Area,0.1779
609ff990-2fc8-4802-9bc3-d805b042eab5,considerei a palestra importante para a minha compreensão da situação atual das mulheres na área stem,Compreensao,0.1779
609ff990-2fc8-4802-9bc3-d805b042eab5,considerei a palestra importante para a minha compreensão da situação atual das mulheres na área stem,Palestra,0.1779
f37ffdc2-3f64-4b56-a935-4ddecee92321,amei a camisa dessa edição do wit,Engie,0.6705
f37ffdc2-3f64-4b56-a935-4ddecee92321,amei a camisa dessa edição do wit,Camisa,0.6705
adec314d-1120-4e55-985a-8bdbbf48be55,"gurias of code, presente",Organizacao,0.4404
adec314d-1120-4e55-985a-8bdbbf48be55,(sessão técnica 05),Sessao,0.0
adec314d-1120-4e55-985a-8bdbbf48be55,"a programação está excelente, contemplando diversidade",Programacao,0.6249
adec314d-1120-4e55-985a-8bdbbf48be55,"a programação está excelente, contemplando diversidade",Diversidade,0.6249
adec314d-1120-4e55-985a-8bdbbf48be55,interseccionalidade,Interseccionalidade,0.0
d230aaa6-976f-49bd-bb8a-21d45dec64ab,agradeço o apoio da embraer,Embraer,0.3612
d230aaa6-976f-49bd-bb8a-21d45dec64ab,agradeço o apoio da embraer,Apoio,0.3612
d230aaa6-976f-49bd-bb8a-21d45dec64ab,a palestra da marinalva foi emocionante,Palestra,0.4767
d230aaa6-976f-49bd-bb8a-21d45dec64ab,a palestra da marinalva foi emocionante,Marinalva,0.4767
8ace69cd-74b9-4738-b109-9ea8d441105c,organização arrasou,Organizacao,0.6124
5ca22f49-b601-4a36-81af-dba71e05cf97,artigos muito bons,Artigos,0.0
325332d3-4d5a-4a5f-9767-efb22cbb4b1c,"palestrantes incríveis, aprendi muito com suas vivências",Experiencia,0.0
325332d3-4d5a-4a5f-9767-efb22cbb4b1c,"palestrantes incríveis, aprendi muito com suas vivências",Palestrantes,0.0
b787555f-cd18-4a0b-9e20-493282185ddd,trabalhar com estatística,Artigos,0.0
b787555f-cd18-4a0b-9e20-493282185ddd,dados demanda muito cuidado para não serem enviesado,Dados,0.0516
b787555f-cd18-4a0b-9e20-493282185ddd,dados demanda muito cuidado para não serem enviesado,Cuidado,0.0516
325332d3-4d5a-4a5f-9767-efb22cbb4b1c,experiência maravilhosa de ouvir,Experiencia,0.6705
325332d3-4d5a-4a5f-9767-efb22cbb4b1c,participar desse debate,Debates,0.0
5671ae6e-ba88-4fbb-b2dd-5c0c4e65ce60,vai meninas,Mulheres,0.0
00785be0-171f-446a-9069-97212c12e0e3,maravilhosas ❤️,Super,0.0
39c3a3e9-ded4-4f91-a9f8-b00e2c644d07,#mulheres,Mulheres,0.0
3ecdcc60-1292-4833-9c99-08066e0a6e86,apresentação sobre síndrome do impostor muito interessante,Palestra,0.4019
3ecdcc60-1292-4833-9c99-08066e0a6e86,apresentação sobre síndrome do impostor muito interessante,Impostor,0.4019
3ecdcc60-1292-4833-9c99-08066e0a6e86,apresentação sobre síndrome do impostor muito interessante,Sindrome,0.4019
3ecdcc60-1292-4833-9c99-08066e0a6e86,quero brindes do wit,Sessao,0.4215
e4d0c31c-1009-4bce-8c78-8d6c2d7dce89,oi maninhas,Mulheres,0.0
e4d0c31c-1009-4bce-8c78-8d6c2d7dce89,amo,Organizacao,0.6705
c90f49e7-30eb-4954-bad6-ff13e4342a57,"parabéns, fernanda",Rafaela,0.5994
c90f49e7-30eb-4954-bad6-ff13e4342a57,adorei sua palestra sobre a síndrome do impostor,Palestra,0.0
c90f49e7-30eb-4954-bad6-ff13e4342a57,adorei sua palestra sobre a síndrome do impostor,Impostor,0.0
c90f49e7-30eb-4954-bad6-ff13e4342a57,adorei sua palestra sobre a síndrome do impostor,Sindrome,0.0
f429f390-79a1-4e84-9a93-87a43048d3d7,oportunidade de conhecer outras realidades,Fato,0.4215
f429f390-79a1-4e84-9a93-87a43048d3d7,oportunidade de conhecer outras realidades,Oportunidade,0.4215
f429f390-79a1-4e84-9a93-87a43048d3d7,ver que as questões que envolve nos mulheres nesta área está sendo debatido,Mulheres,0.25
f429f390-79a1-4e84-9a93-87a43048d3d7,ver que as questões que envolve nos mulheres nesta área está sendo debatido,Organizacao,0.25
f429f390-79a1-4e84-9a93-87a43048d3d7,ver que as questões que envolve nos mulheres nesta área está sendo debatido,Area,0.25
251569e1-42c3-4c32-b8db-d8b8b9741d5b,amando as sessões técnicas,Sessoes,0.6124
429ddec8-9edb-4757-ab8b-fcdb61defd4e,o artigos estão incríveis,Artigos,0.0
f9ff0b83-ae39-447d-b0f0-4714731e87c0,"último dia, ja estou com saudades",Saudades,0.25
f9ff0b83-ae39-447d-b0f0-4714731e87c0,"amando os momentos de conversa, troca",Momento,0.6124
f9ff0b83-ae39-447d-b0f0-4714731e87c0,"amando os momentos de conversa, troca",Conversa,0.6124
f9ff0b83-ae39-447d-b0f0-4714731e87c0,"amando os momentos de conversa, troca",Troca,0.6124
f9ff0b83-ae39-447d-b0f0-4714731e87c0,mesa redonda,Mesa,0.0
9365cf2e-64e9-49a0-bd3a-0d347b215820,"os artigos estão muito bem feitos, a seleção foi ótima",Organizacao,0.2732
9365cf2e-64e9-49a0-bd3a-0d347b215820,"os artigos estão muito bem feitos, a seleção foi ótima",Artigos,0.2732
9365cf2e-64e9-49a0-bd3a-0d347b215820,a cor da farda tá linda por demais ❤️,Organizacao,0.5423
9365cf2e-64e9-49a0-bd3a-0d347b215820,a cor da farda tá linda por demais ❤️,Cor,0.5423
fcd08197-e61d-4cc4-8460-7859bc9ee761,momento incrivel,Momento,0.6705
40fe60dd-8567-464d-ae76-d066077f13a2,palestras interativas,Palestra,0.0
a24b5393-ee39-4272-8f84-7f95fa794341,já aguardando a ida a gramado,Organizacao,0.0
e9b594f7-6309-4190-9032-4dde803e2d6a,"último dia de wit, ja estou com saudades🥹🙏🩷🌻",Saudades,0.25
add7fd57-687a-4470-8299-2c592991f1cb,a ideia de criar um jogo pra ajudar as meninas em segurança digital foi genial,Mulheres,0.4404
add7fd57-687a-4470-8299-2c592991f1cb,a ideia de criar um jogo pra ajudar as meninas em segurança digital foi genial,Ideia,0.4404
add7fd57-687a-4470-8299-2c592991f1cb,a ideia de criar um jogo pra ajudar as meninas em segurança digital foi genial,Organizacao,0.4404
add7fd57-687a-4470-8299-2c592991f1cb,a ideia de criar um jogo pra ajudar as meninas em segurança digital foi genial,Gameficacao,0.4404
b787555f-cd18-4a0b-9e20-493282185ddd,"aula de conceitos de algoritmos antes de entrar em uma linguagem específica é muito bom para não acostumar os alunos na linguagem ""mais fácil""",Aprendizado,0.4404
b787555f-cd18-4a0b-9e20-493282185ddd,"aula de conceitos de algoritmos antes de entrar em uma linguagem específica é muito bom para não acostumar os alunos na linguagem ""mais fácil""",Linguagem,0.4404
b787555f-cd18-4a0b-9e20-493282185ddd,"aula de conceitos de algoritmos antes de entrar em uma linguagem específica é muito bom para não acostumar os alunos na linguagem ""mais fácil""",Ideia,0.4404
fe69c798-5373-4255-831b-9a1ce468c5d6,o momento de apresentação dos artigos aprovados está sendo bastante inspirador,Momento,0.4215
fe69c798-5373-4255-831b-9a1ce468c5d6,o momento de apresentação dos artigos aprovados está sendo bastante inspirador,Palestra,0.4215
fe69c798-5373-4255-831b-9a1ce468c5d6,o momento de apresentação dos artigos aprovados está sendo bastante inspirador,Artigos,0.4215
fe69c798-5373-4255-831b-9a1ce468c5d6,"ontem finalizei o dia com novas ideias para o projeto em que faço parte, para integrar mais mulheres",Mulheres,-0.296
fe69c798-5373-4255-831b-9a1ce468c5d6,"ontem finalizei o dia com novas ideias para o projeto em que faço parte, para integrar mais mulheres",Ideia,-0.296
fe69c798-5373-4255-831b-9a1ce468c5d6,"ontem finalizei o dia com novas ideias para o projeto em que faço parte, para integrar mais mulheres",Projetos,-0.296
fe69c798-5373-4255-831b-9a1ce468c5d6,"ontem finalizei o dia com novas ideias para o projeto em que faço parte, para integrar mais mulheres",Organizacao,-0.296
1bfbf56f-28e4-4dee-874f-83823030bda3,sessão técnica 5 está inspiradora,Sessao,0.0
1bfbf56f-28e4-4dee-874f-83823030bda3,"muito bom conhecer outras formas de levar a stem para o mundo, buscando diversidade de gênero",Organizacao,0.296
1bfbf56f-28e4-4dee-874f-83823030bda3,"muito bom conhecer outras formas de levar a stem para o mundo, buscando diversidade de gênero",Forma,0.296
1bfbf56f-28e4-4dee-874f-83823030bda3,"muito bom conhecer outras formas de levar a stem para o mundo, buscando diversidade de gênero",Diversidade,0.296
1bfbf56f-28e4-4dee-874f-83823030bda3,"muito bom conhecer outras formas de levar a stem para o mundo, buscando diversidade de gênero",Enriquecedora,0.296
0708d7a9-ed61-4c3c-9a29-dd8d999363e3,que trabalhos maravilhosos,Trabalhos,0.0
ae4d3fbb-069f-4906-895d-6ff10de1bdb9,"ótima sessão de artigos, os trabalhos",Sessao,0.0
ae4d3fbb-069f-4906-895d-6ff10de1bdb9,"ótima sessão de artigos, os trabalhos",Artigos,0.0
ae4d3fbb-069f-4906-895d-6ff10de1bdb9,"ótima sessão de artigos, os trabalhos",Trabalhos,0.0
ae4d3fbb-069f-4906-895d-6ff10de1bdb9,projetos para ter uma maior inclusão feminina no mundo da ti são muito bons,Projetos,0.5574
ae4d3fbb-069f-4906-895d-6ff10de1bdb9,projetos para ter uma maior inclusão feminina no mundo da ti são muito bons,Organizacao,0.5574
ae4d3fbb-069f-4906-895d-6ff10de1bdb9,projetos para ter uma maior inclusão feminina no mundo da ti são muito bons,Inclusao,0.5574
49506d82-9f58-4b30-828a-de6ce622a116,cheia de ideias para inspirar,Ideia,0.4767
49506d82-9f58-4b30-828a-de6ce622a116,ajudar outras meninas,Mulheres,0.0
49506d82-9f58-4b30-828a-de6ce622a116,mulheres do meu agreste pernambucano a transformarem suas vidas,Mulheres,0.0
49506d82-9f58-4b30-828a-de6ce622a116,mulheres do meu agreste pernambucano a transformarem suas vidas,Vida,0.0
49506d82-9f58-4b30-828a-de6ce622a116,mulheres do meu agreste pernambucano a transformarem suas vidas,Perseveranca,0.0
49506d82-9f58-4b30-828a-de6ce622a116,mulheres do meu agreste pernambucano a transformarem suas vidas,Agreste,0.0
429ddec8-9edb-4757-ab8b-fcdb61defd4e,amei os artigos,Artigos,0.6705
de8d707d-b7b7-43bd-9191-a060a88bb761,amei a iniciativa do gurias na comp de mostrar a trajetória de mulheres “comuns”,Projetos,0.6705
de8d707d-b7b7-43bd-9191-a060a88bb761,amei a iniciativa do gurias na comp de mostrar a trajetória de mulheres “comuns”,Organizacao,0.6705
de8d707d-b7b7-43bd-9191-a060a88bb761,amei a iniciativa do gurias na comp de mostrar a trajetória de mulheres “comuns”,Mulheres,0.6705
de8d707d-b7b7-43bd-9191-a060a88bb761,amei a iniciativa do gurias na comp de mostrar a trajetória de mulheres “comuns”,Trajetoria,0.6705
de8d707d-b7b7-43bd-9191-a060a88bb761,amei a iniciativa do gurias na comp de mostrar a trajetória de mulheres “comuns”,Comp,0.6705
de8d707d-b7b7-43bd-9191-a060a88bb761,como é enriquecedor conhecer ideias de outros projetos,Ideia,0.0
de8d707d-b7b7-43bd-9191-a060a88bb761,como é enriquecedor conhecer ideias de outros projetos,Projetos,0.0
e4d0c31c-1009-4bce-8c78-8d6c2d7dce89,heyyy,Diaaaa,0.0
e4d0c31c-1009-4bce-8c78-8d6c2d7dce89,lindaaaasa,Rafaela,0.0
266dfd00-4b9e-447c-910d-0deebdb32501,"oi, meninas",Mulheres,0.0
3efe71e2-c0d5-4596-b566-0ef34e7ff13d,podia distribuir os brindes por participação,Sessao,0.4215
3efe71e2-c0d5-4596-b566-0ef34e7ff13d,podia distribuir os brindes por participação,Inclusao,0.4215
1b4e9684-e087-4145-88d4-125c44975a1c,ansioso para a premiação 👏🏽👏🏽,Organizacao,0.2263
7afaf882-baa2-47f7-aa69-a15f8ad3452a,tema super necessário,Organizacao,0.5994
1b4e9684-e087-4145-88d4-125c44975a1c,"nota 10, apresentação pai d'egua",Mensagem,0.0
1b4e9684-e087-4145-88d4-125c44975a1c,"nota 10, apresentação pai d'egua",Palestra,0.0
1b4e9684-e087-4145-88d4-125c44975a1c,"nota 10, apresentação pai d'egua",Sessoes,0.0
c81d774a-5525-4ce1-9bbf-a8b743959e28,"uma apresentação muito boa, gostei bastante",Palestra,0.6908
93780366-368f-4230-aa79-3ac4dca0bec6,estar com vcs,Vcs,0.0
54a3a419-9b19-44e8-8c62-7054a2142eba,temas muito atuais,Organizacao,0.0
0550020a-2c79-43e6-b4ad-9d818973b654,os temas abordados foram muito relevantes,Organizacao,0.0
342d6dfe-f757-4730-97bc-246b444e6474,os artigos técnicos foram ótimos,Artigos,0.0
97bb898c-af32-4429-b56c-5914309a8775,primeiras sessões técnicas foram incríveis,Sessoes,0.0
97bb898c-af32-4429-b56c-5914309a8775,super animada em fazer coisas novas na minha região,Organizacao,0.5994
97bb898c-af32-4429-b56c-5914309a8775,super animada em fazer coisas novas na minha região,Regiao,0.5994
97bb898c-af32-4429-b56c-5914309a8775,super animada em fazer coisas novas na minha região,Super,0.5994
575e397c-e7d3-4587-9a09-46e3df1ccdf4,"wit arrasando trazendo essas mulheres de peso, super inspiradoras",Mulheres,0.25
575e397c-e7d3-4587-9a09-46e3df1ccdf4,"wit arrasando trazendo essas mulheres de peso, super inspiradoras",Peso,0.25
412301d3-9406-4057-b8ca-f6c63f066ec3,otimas palestras bem inspiradoras,Engie,0.2732
412301d3-9406-4057-b8ca-f6c63f066ec3,otimas palestras bem inspiradoras,Palestra,0.2732
412301d3-9406-4057-b8ca-f6c63f066ec3,profissionais que inspiram demais,Carreira,0.0
412301d3-9406-4057-b8ca-f6c63f066ec3,vamos meninas digitais,Mulheres,0.0
00256042-e094-477c-b716-28f2b7e561de,palestras incríveis,Palestra,0.0
8b928f09-aedb-4ce1-a365-4d56a0839c50,muito legal a exposição dos trabalhos da seção técnica,Organizacao,0.128
8b928f09-aedb-4ce1-a365-4d56a0839c50,muito legal a exposição dos trabalhos da seção técnica,Trabalhos,0.128
8b928f09-aedb-4ce1-a365-4d56a0839c50,várias ideias surgindo para o futuro a partir dessas pesquisas 💕,Ideia,-0.1531
8b928f09-aedb-4ce1-a365-4d56a0839c50,várias ideias surgindo para o futuro a partir dessas pesquisas 💕,Futuro,-0.1531
8b928f09-aedb-4ce1-a365-4d56a0839c50,várias ideias surgindo para o futuro a partir dessas pesquisas 💕,Pesquisa,-0.1531
412301d3-9406-4057-b8ca-f6c63f066ec3,me sinto bem representada nas palestras,Palestra,0.2732
1130f3f4-1e33-482d-a327-745c63f1516b,já estou com saudade,Saudades,0.25
8a9fc84a-4a91-46ee-b112-e39d627e2abd,muito bom ver mulheres compartilhando sua experiência profissional,Mulheres,0.6808
8a9fc84a-4a91-46ee-b112-e39d627e2abd,muito bom ver mulheres compartilhando sua experiência profissional,Experiencia,0.6808
8a9fc84a-4a91-46ee-b112-e39d627e2abd,é importante buscar mudanças institucionais que acolham as mulheres no mercado de trabalho,Mulheres,0.3182
8a9fc84a-4a91-46ee-b112-e39d627e2abd,é importante buscar mudanças institucionais que acolham as mulheres no mercado de trabalho,Mercado,0.3182
8a9fc84a-4a91-46ee-b112-e39d627e2abd,é importante buscar mudanças institucionais que acolham as mulheres no mercado de trabalho,Organizacao,0.3182
8a9fc84a-4a91-46ee-b112-e39d627e2abd,é importante buscar mudanças institucionais que acolham as mulheres no mercado de trabalho,Trabalhos,0.3182
412301d3-9406-4057-b8ca-f6c63f066ec3,precisamos de mais mulheres na área de ti,Mulheres,0.0
412301d3-9406-4057-b8ca-f6c63f066ec3,precisamos de mais mulheres na área de ti,Area,0.0
609ff990-2fc8-4802-9bc3-d805b042eab5,gostaria de saber se haverá outrs palestra com as mulheres da embraer,Mulheres,0.0
609ff990-2fc8-4802-9bc3-d805b042eab5,gostaria de saber se haverá outrs palestra com as mulheres da embraer,Embraer,0.0
609ff990-2fc8-4802-9bc3-d805b042eab5,gostaria de saber se haverá outrs palestra com as mulheres da embraer,Palestra,0.0
d02b6ff0-dcbf-4984-a11b-da3709dfc569,grande experiência,Experiencia,0.4588
d02b6ff0-dcbf-4984-a11b-da3709dfc569,muitos aprendizados,Aprendizado,0.0
5bb974d7-0d42-4ba7-b115-6f2821843ecc,palestras muito inspiradoras,Palestra,0.0
5bb974d7-0d42-4ba7-b115-6f2821843ecc,por mais mulheres na ti,Mulheres,0.0
cf343695-2367-4236-b0ab-3c72d8222639,precisamos fazer circular os nomes das mulheres,Mulheres,0.0
cf343695-2367-4236-b0ab-3c72d8222639,precisamos fazer circular os nomes das mulheres,Nome,0.0
cf343695-2367-4236-b0ab-3c72d8222639,"falar bem das nossas colegas (de forma legítima), para que possam ser lembradas nas indicações a cargos",Engie,0.128
cf343695-2367-4236-b0ab-3c72d8222639,"falar bem das nossas colegas (de forma legítima), para que possam ser lembradas nas indicações a cargos",Cargos,0.128
cf343695-2367-4236-b0ab-3c72d8222639,"falar bem das nossas colegas (de forma legítima), para que possam ser lembradas nas indicações a cargos",Organizacao,0.128
cf343695-2367-4236-b0ab-3c72d8222639,"falar bem das nossas colegas (de forma legítima), para que possam ser lembradas nas indicações a cargos",Forma,0.128
cf343695-2367-4236-b0ab-3c72d8222639,posições importantes,Posicoes,0.0
bc2f024f-816c-4560-b2e7-fe905d1a0478,já estou com saudades do evento,Saudades,0.25
ae163e36-169f-44a1-8c73-558123924278,palestras inspiradoras,Palestra,0.0
5bb974d7-0d42-4ba7-b115-6f2821843ecc,a sororidade é essencial no mercado de trabalho: mulheres que se apoiam fortalecem toda a comunidade profissional,Mercado,0.0
5bb974d7-0d42-4ba7-b115-6f2821843ecc,a sororidade é essencial no mercado de trabalho: mulheres que se apoiam fortalecem toda a comunidade profissional,Comunidade,0.0
5bb974d7-0d42-4ba7-b115-6f2821843ecc,a sororidade é essencial no mercado de trabalho: mulheres que se apoiam fortalecem toda a comunidade profissional,Trabalhos,0.0
5bb974d7-0d42-4ba7-b115-6f2821843ecc,a sororidade é essencial no mercado de trabalho: mulheres que se apoiam fortalecem toda a comunidade profissional,Mulheres,0.0
5bb974d7-0d42-4ba7-b115-6f2821843ecc,a sororidade é essencial no mercado de trabalho: mulheres que se apoiam fortalecem toda a comunidade profissional,Pena,0.0
ae163e36-169f-44a1-8c73-558123924278,inspirações,Inspiracao,0.2023
c23e3c88-36e4-4099-abc5-67195fb50d88,roda de conversa muito emocionante,Conversa,0.4767
c23e3c88-36e4-4099-abc5-67195fb50d88,roda de conversa muito emocionante,Roda,0.4767
3e429152-f456-498f-9abb-459b5388f42d,mesa incrível,Mesa,0.6705
3e429152-f456-498f-9abb-459b5388f42d,muito interesse na embraer,Ideia,0.4588
3e429152-f456-498f-9abb-459b5388f42d,muito interesse na embraer,Embraer,0.4588
47ac28d9-6e77-4392-b392-960bd5825559,as palestras estão sendo muito inspiradoras 👏🏻😍,Palestra,0.0
e9b594f7-6309-4190-9032-4dde803e2d6a,"o apoio de outras mulheres é essencial, muito legal ter esse suporte",Mulheres,0.4588
e9b594f7-6309-4190-9032-4dde803e2d6a,"o apoio de outras mulheres é essencial, muito legal ter esse suporte",Apoio,0.4588
ae163e36-169f-44a1-8c73-558123924278,apoio é essencial,Apoio,0.3612
ae163e36-169f-44a1-8c73-558123924278,mulheres incríveis,Mulheres,0.0
3e429152-f456-498f-9abb-459b5388f42d,mesa esplêndida,Mesa,0.0
3e429152-f456-498f-9abb-459b5388f42d,espero um dia ser colega de trabalho dessas mulheres ole ter a oportunidade de fazer parte do time feminino da embraer,Organizacao,0.4215
3e429152-f456-498f-9abb-459b5388f42d,espero um dia ser colega de trabalho dessas mulheres ole ter a oportunidade de fazer parte do time feminino da embraer,Trabalhos,0.4215
3e429152-f456-498f-9abb-459b5388f42d,espero um dia ser colega de trabalho dessas mulheres ole ter a oportunidade de fazer parte do time feminino da embraer,Mulheres,0.4215
3e429152-f456-498f-9abb-459b5388f42d,espero um dia ser colega de trabalho dessas mulheres ole ter a oportunidade de fazer parte do time feminino da embraer,Momento,0.4215
3e429152-f456-498f-9abb-459b5388f42d,espero um dia ser colega de trabalho dessas mulheres ole ter a oportunidade de fazer parte do time feminino da embraer,Embraer,0.4215
3e429152-f456-498f-9abb-459b5388f42d,espero um dia ser colega de trabalho dessas mulheres ole ter a oportunidade de fazer parte do time feminino da embraer,Oportunidade,0.4215
6c3e12ff-eaca-45fd-ab7c-b291f088c86e,ansiosa pra gravar o video com a collab de projetos 💕,Projetos,0.0
6c3e12ff-eaca-45fd-ab7c-b291f088c86e,ansiosa pra gravar o video com a collab de projetos 💕,Collab,0.0
6c3e12ff-eaca-45fd-ab7c-b291f088c86e,ansiosa pra gravar o video com a collab de projetos 💕,Video,0.0
d32d63c1-02f8-4d06-9fdb-6dfed1c37967,"espero poder vir ao wit 2026 🤭 a edição de 2025 foi incrível, espero poder vir mais vezes",Engie,0.6705
d32d63c1-02f8-4d06-9fdb-6dfed1c37967,"espero poder vir ao wit 2026 🤭 a edição de 2025 foi incrível, espero poder vir mais vezes",Organizacao,0.6705
6c3e12ff-eaca-45fd-ab7c-b291f088c86e,demos uma fugidinha do congresso para passear hoje,Mulheres,-0.1531
6c3e12ff-eaca-45fd-ab7c-b291f088c86e,demos uma fugidinha do congresso para passear hoje,Congresso,-0.1531
6c3e12ff-eaca-45fd-ab7c-b291f088c86e,maceió é surreal,Surreal,0.0
6c3e12ff-eaca-45fd-ab7c-b291f088c86e,maceió é surreal,Organizacao,0.0
560003d3-5b59-481c-85d2-838ef984b466,sobre o projeto: fazer parcerias com os municípios também,Parcerias,0.0
560003d3-5b59-481c-85d2-838ef984b466,sobre o projeto: fazer parcerias com os municípios também,Projetos,0.0
560003d3-5b59-481c-85d2-838ef984b466,sobre o projeto: fazer parcerias com os municípios também,Municipios,0.0
560003d3-5b59-481c-85d2-838ef984b466,esse projeto não pode parar,Projetos,-0.296
268e12fc-6012-41e0-9301-483b58059c69,bora segurar a porta pra mais diversidade,Abertura,0.0
268e12fc-6012-41e0-9301-483b58059c69,bora segurar a porta pra mais diversidade,Diversidade,0.0
a6584b5b-822e-4c85-be5b-e91db87dc16e,experiência enriquecedora,Experiencia,0.0
a6584b5b-822e-4c85-be5b-e91db87dc16e,inspiradora cada instituição levevar,Carreira,0.0
a6584b5b-822e-4c85-be5b-e91db87dc16e,inspirar outras meninas,Mulheres,0.5719
9d149e84-581a-4008-996e-d3680d5bcd88,"gamificação maravilhosa, palestras divinas",Palestra,0.6705
9d149e84-581a-4008-996e-d3680d5bcd88,"gamificação maravilhosa, palestras divinas",Gamificacao,0.6705
f9636527-826e-4f58-ad16-a9ca1a36b7ef,apenas parabenizar a organização pelo maravilhoso evento,Organizacao,0.6705
f9636527-826e-4f58-ad16-a9ca1a36b7ef,desde a concepção até a execução durante o evento,Organizacao,0.0
5244efbb-01d2-4f7e-b505-4fd32300baff,essa gamificacap eh muito legal,Organizacao,0.128
342d6dfe-f757-4730-97bc-246b444e6474,a primeira mesa redonda do dia foi muito inspiradora,Mesa,0.0
df0c5066-4918-4384-bf21-9ba7343bf772,amei meus prêmios,Premios,0.8176
df0c5066-4918-4384-bf21-9ba7343bf772,essa gamificação foi 1000,Gamificacao,0.0
41984732-0ee1-4644-b003-3309c119734d,projeto lindo,Projetos,0.5423
41984732-0ee1-4644-b003-3309c119734d,extremamente importante esse tipo de trabalho pra fortalecer a confiança das estudantes,Aprendizado,0.7574
41984732-0ee1-4644-b003-3309c119734d,extremamente importante esse tipo de trabalho pra fortalecer a confiança das estudantes,Organizacao,0.7574
41984732-0ee1-4644-b003-3309c119734d,extremamente importante esse tipo de trabalho pra fortalecer a confiança das estudantes,Trabalhos,0.7574
489050ba-f6ce-4f05-a8ce-d6bdee47371a,parabéns aos trabalhos selecionados,Trabalhos,0.5994
f9636527-826e-4f58-ad16-a9ca1a36b7ef,muito orgulho de todas as meninas,Mulheres,0.34
f9636527-826e-4f58-ad16-a9ca1a36b7ef,muito orgulho de todas as meninas,Animada,0.34
f9636527-826e-4f58-ad16-a9ca1a36b7ef,mulheres que fazem nossa comunidade,Mulheres,0.0
f9636527-826e-4f58-ad16-a9ca1a36b7ef,mulheres que fazem nossa comunidade,Comunidade,0.0
e6d477bf-b603-42a7-985e-ac84356103b9,uma pena passar tão rápido,Pena,-0.0276
d9d06ba9-ddc7-49e3-8ff8-cfc02ea63d0f,estou amando conhecer os trabalhos,Trabalhos,0.6124
8f0f4c0d-f2eb-4b18-8099-25bcd217a483,etarismo é outra forma de preconceito que devemos combater,Etarismo,-0.5106
8f0f4c0d-f2eb-4b18-8099-25bcd217a483,etarismo é outra forma de preconceito que devemos combater,Preconceito,-0.5106
8f0f4c0d-f2eb-4b18-8099-25bcd217a483,etarismo é outra forma de preconceito que devemos combater,Forma,-0.5106
8b928f09-aedb-4ce1-a365-4d56a0839c50,me identifiquei muito com as falas na mesa redonda sobre as mulheres evitarem 'sentar na mesa',Mulheres,0.0
8b928f09-aedb-4ce1-a365-4d56a0839c50,me identifiquei muito com as falas na mesa redonda sobre as mulheres evitarem 'sentar na mesa',Compreensao,0.0
8b928f09-aedb-4ce1-a365-4d56a0839c50,me identifiquei muito com as falas na mesa redonda sobre as mulheres evitarem 'sentar na mesa',Mesa,0.0
8b928f09-aedb-4ce1-a365-4d56a0839c50,me senti desafiada a buscar locais de mais destaque,Organizacao,0.0
8b928f09-aedb-4ce1-a365-4d56a0839c50,me senti desafiada a buscar locais de mais destaque,Area,0.0
2b305129-cc14-4538-8075-78b26f65f34f,lindo encerramento para um evento excelente,Encerramento,0.7579
2b305129-cc14-4538-8075-78b26f65f34f,a experiência do wit nessa csbc foi encantadora,Experiencia,0.4939
2b305129-cc14-4538-8075-78b26f65f34f,ano que vem estarei assistindo a wit de novo,Novo,0.0
d6141d77-fd57-499c-8ca3-ae4f364773f7,"otimos temas,",Organizacao,0.0
d6141d77-fd57-499c-8ca3-ae4f364773f7,um evento muito importante no cenário da computação,Computacao,0.3182
d6141d77-fd57-499c-8ca3-ae4f364773f7,um evento muito importante no cenário da computação,Organizacao,0.3182
1ced77b3-b5de-4d74-8882-f7ffe3d9ec30,ótima palestra,Palestra,0.0
4a257948-6c61-4d69-b2bf-45561ca9dc96,ameeeei os brindes,Ameeeei,0.4215
4a257948-6c61-4d69-b2bf-45561ca9dc96,ameeeei os brindes,Sessao,0.4215
4a257948-6c61-4d69-b2bf-45561ca9dc96,a camisa,Camisa,0.0
4a257948-6c61-4d69-b2bf-45561ca9dc96,muito bom ter representatividade no mercado de trabalho gostei,Representatividade,0.6808
4a257948-6c61-4d69-b2bf-45561ca9dc96,muito bom ter representatividade no mercado de trabalho gostei,Mercado,0.6808
4a257948-6c61-4d69-b2bf-45561ca9dc96,muito bom ter representatividade no mercado de trabalho gostei,Trabalhos,0.6808
a2172412-8829-44fe-a1bb-c21eb82571aa,é incrível ver a representatividade que o wit trás nesse evento,Representatividade,0.6705
d6141d77-fd57-499c-8ca3-ae4f364773f7,"se hoje a computação é mais humana, mais ética",Computacao,0.0
cd5e94b1-51c2-4147-a20b-9e1345a0adad,eu amei a sessão 6 de trabalhos rsrs foi a minha,Sessao,0.6705
cd5e94b1-51c2-4147-a20b-9e1345a0adad,eu amei a sessão 6 de trabalhos rsrs foi a minha,Trabalhos,0.6705
cd5e94b1-51c2-4147-a20b-9e1345a0adad,eu amei a sessão 6 de trabalhos rsrs foi a minha,Rsrs,0.6705
d6141d77-fd57-499c-8ca3-ae4f364773f7,a gameficação foi muito legal,Gameficacao,0.128
cd5e94b1-51c2-4147-a20b-9e1345a0adad,também gostei demais da rosa de conversa da engen,Conversa,0.4215
cd5e94b1-51c2-4147-a20b-9e1345a0adad,também gostei demais da rosa de conversa da engen,Organizacao,0.4215
cd5e94b1-51c2-4147-a20b-9e1345a0adad,também gostei demais da rosa de conversa da engen,Rosa,0.4215
1c7000ea-e558-4ef4-93d8-2c018ec84123,muito bons os projetos dessa sessão 💕,Projetos,0.0
1c7000ea-e558-4ef4-93d8-2c018ec84123,muito bons os projetos dessa sessão 💕,Sessao,0.0
b787555f-cd18-4a0b-9e20-493282185ddd,com certeza utilizarei os conhecimentos aprendidos aqui nos meus projetos,Projetos,0.25
b787555f-cd18-4a0b-9e20-493282185ddd,com certeza utilizarei os conhecimentos aprendidos aqui nos meus projetos,Conhecimento,0.25
b787555f-cd18-4a0b-9e20-493282185ddd,esperando por mais apresentações como essas,Palestra,0.0
fe69c798-5373-4255-831b-9a1ce468c5d6,esta finalizado as apresentações de artigos aprovados na sala ipioca que com certeza todos presentes vão sair inspirados,Organizacao,-0.25
fe69c798-5373-4255-831b-9a1ce468c5d6,esta finalizado as apresentações de artigos aprovados na sala ipioca que com certeza todos presentes vão sair inspirados,Palestra,-0.25
fe69c798-5373-4255-831b-9a1ce468c5d6,esta finalizado as apresentações de artigos aprovados na sala ipioca que com certeza todos presentes vão sair inspirados,Encerramento,-0.25
fe69c798-5373-4255-831b-9a1ce468c5d6,esta finalizado as apresentações de artigos aprovados na sala ipioca que com certeza todos presentes vão sair inspirados,Artigos,-0.25
89eaea42-ce76-461e-b7cf-fb1de9db9e79,"palestra significativa, parabéns",Palestra,0.5994
575e397c-e7d3-4587-9a09-46e3df1ccdf4,o evento já está deixando saudades❤️,Saudades,0.25
81c3d4c8-2223-4ace-9cda-6620ed75bf1a,queria comprar o lenço das meninas digitais,Mulheres,0.0
81c3d4c8-2223-4ace-9cda-6620ed75bf1a,queria comprar o lenço das meninas digitais,Organizacao,0.0
8a9fc84a-4a91-46ee-b112-e39d627e2abd,ótimas trabalhos nas sessões técnicas,Trabalhos,0.0
8a9fc84a-4a91-46ee-b112-e39d627e2abd,ótimas trabalhos nas sessões técnicas,Sessoes,0.0
c8194828-4572-4490-92ca-12b49d139fba,adorei os copos de brinde,Copos,0.296
c8194828-4572-4490-92ca-12b49d139fba,adorei os copos de brinde,Sessao,0.296
c8194828-4572-4490-92ca-12b49d139fba,palestras muito boas,Palestra,0.0
c8194828-4572-4490-92ca-12b49d139fba,"incrivel quantos projetos tem, muito bom ver tanta variedade",Variedade,0.8074
d32d63c1-02f8-4d06-9fdb-6dfed1c37967,poder conhecer um pouco o que as empresas fazem ou até mesmo o do if mostrando os projetos da escola,Aprendizado,0.0
d32d63c1-02f8-4d06-9fdb-6dfed1c37967,poder conhecer um pouco o que as empresas fazem ou até mesmo o do if mostrando os projetos da escola,Empresas,0.0
d32d63c1-02f8-4d06-9fdb-6dfed1c37967,poder conhecer um pouco o que as empresas fazem ou até mesmo o do if mostrando os projetos da escola,Projetos,0.0
1f1d6f52-3909-49f1-89bc-bc6ef9dbac47,muito bom a organização do evento,Organizacao,0.4215
1f1d6f52-3909-49f1-89bc-bc6ef9dbac47,o coffe break gratuito,Organizacao,0.0
1f1d6f52-3909-49f1-89bc-bc6ef9dbac47,estou gostando bastante do meu primeiro congresso,Congresso,0.0
1f1d6f52-3909-49f1-89bc-bc6ef9dbac47,muito bom a organização do evento,Organizacao,0.4215
1f1d6f52-3909-49f1-89bc-bc6ef9dbac47,estou gostando bastante do evento do congresso,Congresso,0.0
1f1d6f52-3909-49f1-89bc-bc6ef9dbac47,muito boa a organização do evento,Organizacao,0.4404
d6141d77-fd57-499c-8ca3-ae4f364773f7,quero mais games nos eventos,Eventos,0.0
c8194828-4572-4490-92ca-12b49d139fba,adorei a mesa redonda,Mesa,0.0
d9d06ba9-ddc7-49e3-8ff8-cfc02ea63d0f,animada pra apresentar jaja,Organizacao,0.0
fcf388a5-374c-4162-9e8a-44339d70be4a,"amei, todos os dias tiveram uma ótima programação",Programacao,0.6705
fcf388a5-374c-4162-9e8a-44339d70be4a,"amei, todos os dias tiveram uma ótima programação",Organizacao,0.6705
8e1a9311-52fe-4567-8c58-70f0e2281925,último dia fechando com chave de ouro,Ouro,0.0
8e1a9311-52fe-4567-8c58-70f0e2281925,último dia fechando com chave de ouro,Chave,0.0
c5fb57ce-db05-491d-81a2-9fd7ad9cbee3,ótima palestra,Palestra,0.0
c5fb57ce-db05-491d-81a2-9fd7ad9cbee3,o wit é uma experiência incrível,Experiencia,0.6705
34191d68-5e12-4c00-aa49-d5df3fba23d2,que experiência,Experiencia,0.0
03a65761-df50-4a1d-b247-f846bd21c48e,mudou minha vida,Vida,0.0
934ac1e9-8a9e-4865-977f-b22e4bbce84e,parabéns a organização,Organizacao,0.5994
81c3d4c8-2223-4ace-9cda-6620ed75bf1a,adorei a inclusão do app este ano,Aplicativo,0.0
81c3d4c8-2223-4ace-9cda-6620ed75bf1a,adorei a inclusão do app este ano,Inclusao,0.0
81c3d4c8-2223-4ace-9cda-6620ed75bf1a,já quero em todos os eventos,Eventos,0.0
fe69c798-5373-4255-831b-9a1ce468c5d6,finalizei minha participação no wit,Inclusao,0.0
fe69c798-5373-4255-831b-9a1ce468c5d6,foi uma experiência incrível 🫶🏻,Experiencia,0.6705
c01cfc13-c80c-4c86-872a-da81361b3339,não vejo a hora do próximo,Momento,-0.296
c55ff755-bd00-4af8-b6ed-ed43007446b3,daqui a pouco tem a apresentação do nosso artigo 🤞,Palestra,0.0
c55ff755-bd00-4af8-b6ed-ed43007446b3,daqui a pouco tem a apresentação do nosso artigo 🤞,Artigos,0.0
c55ff755-bd00-4af8-b6ed-ed43007446b3,dia lindo em maceió,Organizacao,0.5423
3e11fb01-68a6-4df9-99ff-eb6fa17ea8e0,"parabéns, pessoal",Organizacao,0.5994
0420c57a-0aa8-45b1-9166-f455c0711707,amei ganhar o chocolate,Chocolate,0.8519
0420c57a-0aa8-45b1-9166-f455c0711707,a melhor gamificação do csbc,Gamificacao,0.4404
0420c57a-0aa8-45b1-9166-f455c0711707,amei os brindesss,Sessao,0.6705
81c3d4c8-2223-4ace-9cda-6620ed75bf1a,xonada nos brindes deste ano 😍😍😍,Sessao,0.4215
81c3d4c8-2223-4ace-9cda-6620ed75bf1a,ansiosa para as proximas edicões,Engie,-0.1531
81c3d4c8-2223-4ace-9cda-6620ed75bf1a,ansiosa para as proximas edicões,Organizacao,-0.1531
81c3d4c8-2223-4ace-9cda-6620ed75bf1a,"lindo o lenço das meninas digitais, pena que não está mais a venda",Mulheres,0.0258
81c3d4c8-2223-4ace-9cda-6620ed75bf1a,"lindo o lenço das meninas digitais, pena que não está mais a venda",Troca,0.0258
81c3d4c8-2223-4ace-9cda-6620ed75bf1a,"lindo o lenço das meninas digitais, pena que não está mais a venda",Organizacao,0.0258
81c3d4c8-2223-4ace-9cda-6620ed75bf1a,"lindo o lenço das meninas digitais, pena que não está mais a venda",Pena,0.0258
88254066-58d3-4049-ac9d-5b393c178080,incrível a ideia do aplicativo,Ideia,0.3818
88254066-58d3-4049-ac9d-5b393c178080,incrível a ideia do aplicativo,Aplicativo,0.3818
88254066-58d3-4049-ac9d-5b393c178080,ajudou muito na minha organização,Organizacao,0.0
35243cd2-0a35-403a-8ba7-cb6a6da282d7,"temática relevante, gostei",Organizacao,0.4215
f9636527-826e-4f58-ad16-a9ca1a36b7ef,o bittom mais lindoooo,Bittom,0.0
7ab458bd-970a-40e5-9525-ee10be806901,maravilha de momento,Momento,0.4215
7ab458bd-970a-40e5-9525-ee10be806901,maravilha de momento,Rafaela,0.4215
7ab458bd-970a-40e5-9525-ee10be806901,amei a palestra,Palestra,0.6705
35243cd2-0a35-403a-8ba7-cb6a6da282d7,de boa compreensão,Compreensao,0.4404
89eaea42-ce76-461e-b7cf-fb1de9db9e79,parabéns pela organização,Organizacao,0.5994
4d59d2bb-694c-4bf2-b444-3b4b967095f1,palestras incríveis,Palestra,0.0
c713c63b-4cef-4df5-8b95-372a1fabe5fa,a cláudia é extremamente fofa,Organizacao,0.5095
97b78585-66fb-4308-ac17-5dec3ad981db,sessão de artigos hije de manhã foi muito boa,Organizacao,0.4404
97b78585-66fb-4308-ac17-5dec3ad981db,sessão de artigos hije de manhã foi muito boa,Manha,0.4404
97b78585-66fb-4308-ac17-5dec3ad981db,sessão de artigos hije de manhã foi muito boa,Sessao,0.4404
97b78585-66fb-4308-ac17-5dec3ad981db,sessão de artigos hije de manhã foi muito boa,Artigos,0.4404
97b78585-66fb-4308-ac17-5dec3ad981db,adorei todos os artigos,Artigos,0.0
c713c63b-4cef-4df5-8b95-372a1fabe5fa,"amei a sessão técnica da manhã, vários artigos ótimos",Manha,0.6705
c713c63b-4cef-4df5-8b95-372a1fabe5fa,"amei a sessão técnica da manhã, vários artigos ótimos",Sessao,0.6705
c713c63b-4cef-4df5-8b95-372a1fabe5fa,"amei a sessão técnica da manhã, vários artigos ótimos",Artigos,0.6705
c713c63b-4cef-4df5-8b95-372a1fabe5fa,"a organização do wit está de parabéns, está tudo incrível",Organizacao,0.8555
97b78585-66fb-4308-ac17-5dec3ad981db,"estou adorando conhecer novos projetos de todo o brasil, não sabia da imensidão disso tudo",Brasil,0.1027
97b78585-66fb-4308-ac17-5dec3ad981db,"estou adorando conhecer novos projetos de todo o brasil, não sabia da imensidão disso tudo",Projetos,0.1027
97b78585-66fb-4308-ac17-5dec3ad981db,"estou adorando conhecer novos projetos de todo o brasil, não sabia da imensidão disso tudo",Organizacao,0.1027
97b78585-66fb-4308-ac17-5dec3ad981db,amei a mesa redonda,Mesa,0.6705
c713c63b-4cef-4df5-8b95-372a1fabe5fa,"ansiosa pelas sessão técnicas da tarde, espero encontrar projetos inspiradores como encontrei de manhã",Momento,0.4588
c713c63b-4cef-4df5-8b95-372a1fabe5fa,"ansiosa pelas sessão técnicas da tarde, espero encontrar projetos inspiradores como encontrei de manhã",Projetos,0.4588
c713c63b-4cef-4df5-8b95-372a1fabe5fa,"ansiosa pelas sessão técnicas da tarde, espero encontrar projetos inspiradores como encontrei de manhã",Sessao,0.4588
c713c63b-4cef-4df5-8b95-372a1fabe5fa,"ansiosa pelas sessão técnicas da tarde, espero encontrar projetos inspiradores como encontrei de manhã",Manha,0.4588
97b78585-66fb-4308-ac17-5dec3ad981db,amei a gameficação do wit,Gameficacao,0.6705
97b78585-66fb-4308-ac17-5dec3ad981db,nunca tinha participado antes desse tipo de evento,Organizacao,0.0
c713c63b-4cef-4df5-8b95-372a1fabe5fa,"parabéns para a equipe responsável pela arte do wit nesse ano, está maravilhosa",Animacao,0.8779
c713c63b-4cef-4df5-8b95-372a1fabe5fa,"parabéns para a equipe responsável pela arte do wit nesse ano, está maravilhosa",Equipe,0.8779
97b78585-66fb-4308-ac17-5dec3ad981db,eu só consigo pensar no quão gratificante é estar aqui,Organizacao,0.5267
97b78585-66fb-4308-ac17-5dec3ad981db,viemos juntas de brasília para maceió,Brasil,-0.1531
97b78585-66fb-4308-ac17-5dec3ad981db,viemos juntas de brasília para maceió,Organizacao,-0.1531
97b78585-66fb-4308-ac17-5dec3ad981db,essa edição do csbc ficará marcada,Engie,0.0
fcf388a5-374c-4162-9e8a-44339d70be4a,parabéns à jbcs,Jbcs,0.5994
fcf388a5-374c-4162-9e8a-44339d70be4a,mulheres inspiradoras #wit2025,Mulheres,0.0
fcf388a5-374c-4162-9e8a-44339d70be4a,amei encontrar os diversos projetos incluindo mulheres em tecnologia por todo o brasil,Mulheres,0.6705
fcf388a5-374c-4162-9e8a-44339d70be4a,amei encontrar os diversos projetos incluindo mulheres em tecnologia por todo o brasil,Brasil,0.6705
fcf388a5-374c-4162-9e8a-44339d70be4a,amei encontrar os diversos projetos incluindo mulheres em tecnologia por todo o brasil,Projetos,0.6705
fcf388a5-374c-4162-9e8a-44339d70be4a,amei encontrar os diversos projetos incluindo mulheres em tecnologia por todo o brasil,Tecnologia,0.6705
3f3583d6-1037-423a-9a58-0b27ea89d428,os brindes da gamificação são ótimos,Gamificacao,0.4215
3f3583d6-1037-423a-9a58-0b27ea89d428,os brindes da gamificação são ótimos,Sessao,0.4215
b11326b5-9d5e-4d41-9e8a-fe4a2bd9bbb4,meninas digitais arrasaram,Mulheres,0.6124
b787555f-cd18-4a0b-9e20-493282185ddd,que relato impactante,Artigos,0.0
b787555f-cd18-4a0b-9e20-493282185ddd,isso sim é perseverança,Perseveranca,0.296
b787555f-cd18-4a0b-9e20-493282185ddd,força,Organizacao,0.4939
b787555f-cd18-4a0b-9e20-493282185ddd,a força de uma mulher,Mulheres,0.4939
b787555f-cd18-4a0b-9e20-493282185ddd,a força de uma mulher,Organizacao,0.4939
b787555f-cd18-4a0b-9e20-493282185ddd,"forte, que superação",Superacao,-0.128
b11326b5-9d5e-4d41-9e8a-fe4a2bd9bbb4,importantíssimo escutar tudo que essas mulheres tem a dizer,Mulheres,0.0
b11326b5-9d5e-4d41-9e8a-fe4a2bd9bbb4,assistir as palestras só reforçam o quanto necessitamos de rede de apoio,Apoio,0.3612
b11326b5-9d5e-4d41-9e8a-fe4a2bd9bbb4,assistir as palestras só reforçam o quanto necessitamos de rede de apoio,Palestra,0.3612
b11326b5-9d5e-4d41-9e8a-fe4a2bd9bbb4,assistir as palestras só reforçam o quanto necessitamos de rede de apoio,Organizacao,0.3612
b787555f-cd18-4a0b-9e20-493282185ddd,o estudo sempre abrindo portas para as pessoas,Abertura,-0.1531
b787555f-cd18-4a0b-9e20-493282185ddd,o estudo sempre abrindo portas para as pessoas,Organizacao,-0.1531
b787555f-cd18-4a0b-9e20-493282185ddd,o estudo sempre abrindo portas para as pessoas,Pesquisa,-0.1531
b26c0a2d-f5a9-4708-a4ec-8603756202d8,que pena que está acabando,Pena,-0.296
b26c0a2d-f5a9-4708-a4ec-8603756202d8,foi tudo feito com excelência,Carreira,0.5423
537d3fe2-2cd9-4d63-a1cf-6c6d288411ff,em 2027 todas vão virar cunhantã digital,Mulheres,-0.4215
b787555f-cd18-4a0b-9e20-493282185ddd,infelizmente a área de tecnologia ainda não é tão aberta para a diversidade,Diversidade,-0.7165
b787555f-cd18-4a0b-9e20-493282185ddd,infelizmente a área de tecnologia ainda não é tão aberta para a diversidade,Tecnologia,-0.7165
b787555f-cd18-4a0b-9e20-493282185ddd,infelizmente a área de tecnologia ainda não é tão aberta para a diversidade,Area,-0.7165
b787555f-cd18-4a0b-9e20-493282185ddd,mesa redonda com mulheres impressionantes,Mulheres,0.0
b787555f-cd18-4a0b-9e20-493282185ddd,mesa redonda com mulheres impressionantes,Mesa,0.0
b787555f-cd18-4a0b-9e20-493282185ddd,parabéns de verdade,Fato,0.7351
b787555f-cd18-4a0b-9e20-493282185ddd,"maternidade, emprego, relacionamento familiar",Engajamento,0.0
b787555f-cd18-4a0b-9e20-493282185ddd,"maternidade, emprego, relacionamento familiar",Maternidade,0.0
b787555f-cd18-4a0b-9e20-493282185ddd,"maternidade, emprego, relacionamento familiar",Trabalhos,0.0
b787555f-cd18-4a0b-9e20-493282185ddd,ainda serem pesquisadoras,Pesquisa,0.0
b787555f-cd18-4a0b-9e20-493282185ddd,ser mulher não é fácil,Mulheres,0.1779
4e2209fc-edba-463c-87a8-cb990ff36067,"foi uma palestra bem legal, só o ar condicionado tava bem frio",Palestra,0.5719
4e2209fc-edba-463c-87a8-cb990ff36067,"foi uma palestra bem legal, só o ar condicionado tava bem frio",Frio,0.5719
4e2209fc-edba-463c-87a8-cb990ff36067,muitas pessoas na palestra fez com tivesse mais imersão,Palestra,0.0
4e2209fc-edba-463c-87a8-cb990ff36067,muitas pessoas na palestra fez com tivesse mais imersão,Organizacao,0.0
9f773bc4-a96d-41fd-a812-4cd40ae76ce4,encerramento com foco total,Encerramento,-0.128
9f773bc4-a96d-41fd-a812-4cd40ae76ce4,encerramento com foco total,Foco,-0.128
c04b5ba6-0939-443f-93db-54b15820e804,muito legal a diversidade na mesa redonda,Diversidade,0.128
c04b5ba6-0939-443f-93db-54b15820e804,muito legal a diversidade na mesa redonda,Mesa,0.128
c04b5ba6-0939-443f-93db-54b15820e804,inspirador ouvir esses relatos de mulheres tão fortes,Mulheres,0.4215
c04b5ba6-0939-443f-93db-54b15820e804,inspirador ouvir esses relatos de mulheres tão fortes,Artigos,0.4215
c01cfc13-c80c-4c86-872a-da81361b3339,"mesa redonda trouxe muitos relatos fortes das mulheres, me identifiquei muito",Mulheres,0.0
c01cfc13-c80c-4c86-872a-da81361b3339,"mesa redonda trouxe muitos relatos fortes das mulheres, me identifiquei muito",Artigos,0.0
c01cfc13-c80c-4c86-872a-da81361b3339,"mesa redonda trouxe muitos relatos fortes das mulheres, me identifiquei muito",Mesa,0.0
b787555f-cd18-4a0b-9e20-493282185ddd,que mesa maravilhoso,Mesa,0.6705
b787555f-cd18-4a0b-9e20-493282185ddd,"""eu precisava ser maior para mim"" levarei muito do que ouvi hoje para vida",Vida,0.4588
8ac171ff-ae8c-4709-899e-93e23ba84729,"é muito importante ver esse tipo de relato, nós mulheres não estamos sozinhas 🩷",Mulheres,0.0258
8ac171ff-ae8c-4709-899e-93e23ba84729,"é muito importante ver esse tipo de relato, nós mulheres não estamos sozinhas 🩷",Organizacao,0.0258
8ac171ff-ae8c-4709-899e-93e23ba84729,"é muito importante ver esse tipo de relato, nós mulheres não estamos sozinhas 🩷",Artigos,0.0258
8ac171ff-ae8c-4709-899e-93e23ba84729,"é muito importante ver esse tipo de relato, nós mulheres não estamos sozinhas 🩷",Sozinhas,0.0258
b787555f-cd18-4a0b-9e20-493282185ddd,"""antes de ser um bom profissional, seja um bom ser humano"" 
sem palavras para essas mulheres",Mulheres,0.6124
b787555f-cd18-4a0b-9e20-493282185ddd,"""antes de ser um bom profissional, seja um bom ser humano"" 
sem palavras para essas mulheres",Carreira,0.6124
b787555f-cd18-4a0b-9e20-493282185ddd,"""antes de ser um bom profissional, seja um bom ser humano"" 
sem palavras para essas mulheres",Linguagem,0.6124
b787555f-cd18-4a0b-9e20-493282185ddd,"""antes de ser um bom profissional, seja um bom ser humano"" 
sem palavras para essas mulheres",Organizacao,0.6124
2dda6d0e-c0bf-4094-9dd0-82540de1cfaa,uhuuuuuu,Diaaaa,0.0
a2b933ed-8f43-4354-aa77-459b765af699,mulheres inspiradoras,Mulheres,0.0
b787555f-cd18-4a0b-9e20-493282185ddd,"projetos interessantes, do tipo que servem de exemplo para que mais pessoas possam por em prática",Palestra,-0.1531
b787555f-cd18-4a0b-9e20-493282185ddd,"projetos interessantes, do tipo que servem de exemplo para que mais pessoas possam por em prática",Projetos,-0.1531
b787555f-cd18-4a0b-9e20-493282185ddd,"projetos interessantes, do tipo que servem de exemplo para que mais pessoas possam por em prática",Exemplo,-0.1531
b787555f-cd18-4a0b-9e20-493282185ddd,"projetos interessantes, do tipo que servem de exemplo para que mais pessoas possam por em prática",Organizacao,-0.1531
849079b5-58a9-4408-b5d9-528fed2b6ac7,amando os brindes,Sessao,0.7783
849079b5-58a9-4408-b5d9-528fed2b6ac7,os artigos são incríveis,Artigos,0.0
849079b5-58a9-4408-b5d9-528fed2b6ac7,"aiii já quero o wit do ano que vem, ansiosa 🥹💗💗",Ansiosa,0.0
849079b5-58a9-4408-b5d9-528fed2b6ac7,"organização incrível, estão de parabens",Organizacao,0.8555
a2b933ed-8f43-4354-aa77-459b765af699,vou voltar para casa com muito aprendizado na bagagem,Bagagem,-0.1531
a2b933ed-8f43-4354-aa77-459b765af699,vou voltar para casa com muito aprendizado na bagagem,Casa,-0.1531
6e668e80-7eda-405e-814d-d4b1dd4538c3,amo demais,Organizacao,0.6705
6e668e80-7eda-405e-814d-d4b1dd4538c3,lindas,Super,0.3612
b787555f-cd18-4a0b-9e20-493282185ddd,as meninas trazendo muito,Mulheres,0.0
01e8f053-615c-4bad-adf9-1dad61d8a4f3,excelente palestra,Palestra,0.6249
01e8f053-615c-4bad-adf9-1dad61d8a4f3,"palestra excelente, muito enriquecedora",Palestra,0.6249
01e8f053-615c-4bad-adf9-1dad61d8a4f3,"palestra excelente, muito enriquecedora",Enriquecedora,0.6249
01e8f053-615c-4bad-adf9-1dad61d8a4f3,gostei muito da palestra 🙂,Palestra,0.4215
01e8f053-615c-4bad-adf9-1dad61d8a4f3,"palestra muito enriquecedora, amei",Enriquecedora,0.6705
01e8f053-615c-4bad-adf9-1dad61d8a4f3,"gostei muito da palestra, muito boa",Palestra,0.6908
