usuario,texto,entidade_mencionada,score_sentimento
88254066-58d3-4049-ac9d-5b393c178080,mal posso esperar para que a xiii secom comece logo,Xiii,-0.5574
df0c5066-4918-4384-bf21-9ba7343bf772,a ia substituirá os desenvolvedores de software um dia,App,0.0
df0c5066-4918-4384-bf21-9ba7343bf772,a ia substituirá os desenvolvedores de software um dia,Desenvolvedor,0.0
19f49226-5a60-463b-85d3-ac562e4eddc4,ias contendo preconceitos estão diretamente ligadas aos dados ou os próprios devs podem inserir esse problema,Dados,-0.6705
19f49226-5a60-463b-85d3-ac562e4eddc4,ias contendo preconceitos estão diretamente ligadas aos dados ou os próprios devs podem inserir esse problema,Problema,-0.6705
19f49226-5a60-463b-85d3-ac562e4eddc4,ias contendo preconceitos estão diretamente ligadas aos dados ou os próprios devs podem inserir esse problema,Preconceitos,-0.6705
19f49226-5a60-463b-85d3-ac562e4eddc4,ias contendo preconceitos estão diretamente ligadas aos dados ou os próprios devs podem inserir esse problema,Secom,-0.6705
13c63d6c-e94d-4b8b-829b-3a6f523ac131,palestras muito interessantes sobre o tema de ia,Palestra,0.0
13c63d6c-e94d-4b8b-829b-3a6f523ac131,palestras muito interessantes sobre o tema de ia,Secom,0.0
4ce79311-38e9-401a-bb36-d1b6ad9ff2d3,"ótima palestra sobre inteligências artificiais, mostrando um panorama geral sobre o assunto",Palestra,0.7906
4ce79311-38e9-401a-bb36-d1b6ad9ff2d3,"ótima palestra sobre inteligências artificiais, mostrando um panorama geral sobre o assunto",Inteligencia,0.7906
4ce79311-38e9-401a-bb36-d1b6ad9ff2d3,"ótima palestra sobre inteligências artificiais, mostrando um panorama geral sobre o assunto",Secom,0.7906
4ce79311-38e9-401a-bb36-d1b6ad9ff2d3,"ótima palestra sobre inteligências artificiais, mostrando um panorama geral sobre o assunto",Fotografo,0.7906
37ec55d9-b848-47bd-9a33-f64afd2dd867,poderia realizar o torneio de lol,Lol,0.7003
37ec55d9-b848-47bd-9a33-f64afd2dd867,poderia realizar o torneio de lol,Torneio,0.7003
37ec55d9-b848-47bd-9a33-f64afd2dd867,vava com mais dias,Secom,0.0
9cc1a365-6476-4f22-bf74-2a453e1e8443,o cara dessa palestra da ia é muito carismático,Palestra,0.0
9cc1a365-6476-4f22-bf74-2a453e1e8443,o cara dessa palestra da ia é muito carismático,Secom,0.0
9cc1a365-6476-4f22-bf74-2a453e1e8443,coffee break podia ter um cafezin ne,Coffee,0.0
9cc1a365-6476-4f22-bf74-2a453e1e8443,coffee break podia ter um cafezin ne,Break,0.0
092f2a22-65fe-4b1e-a8de-356ce785cea3,ótima palestra sobre ia,Palestra,0.6705
092f2a22-65fe-4b1e-a8de-356ce785cea3,o coffee break poderia ser à tarde pra não atrapalhar o almoço,Almoco,-0.296
092f2a22-65fe-4b1e-a8de-356ce785cea3,o coffee break poderia ser à tarde pra não atrapalhar o almoço,Tempo,-0.296
092f2a22-65fe-4b1e-a8de-356ce785cea3,o coffee break poderia ser à tarde pra não atrapalhar o almoço,Coffee,-0.296
092f2a22-65fe-4b1e-a8de-356ce785cea3,o coffee break poderia ser à tarde pra não atrapalhar o almoço,Break,-0.296
6694bc9c-4eab-4c6b-a7df-c40f8f42e39c,"tô ansioso pra ver o patrick apresentando no sipeec, ele é bom demais",Patrick,0.6705
6694bc9c-4eab-4c6b-a7df-c40f8f42e39c,"tô ansioso pra ver o patrick apresentando no sipeec, ele é bom demais",Secom,0.6705
7833a43c-88df-41ce-9608-368ecac536a1,a palestra está sendo muito boa,Palestra,0.4588
7833a43c-88df-41ce-9608-368ecac536a1,adorei o meme do fernando kkkkk,Mehor,0.0
7833a43c-88df-41ce-9608-368ecac536a1,adorei o meme do fernando kkkkk,Secom,0.0
7833a43c-88df-41ce-9608-368ecac536a1,"nunca tinha usado o copilot, agr me animei a dar uma chance",Almoco,0.25
7833a43c-88df-41ce-9608-368ecac536a1,"nunca tinha usado o copilot, agr me animei a dar uma chance",Oportunidade,0.25
7833a43c-88df-41ce-9608-368ecac536a1,"nunca tinha usado o copilot, agr me animei a dar uma chance",Copilot,0.25
3e72f254-acab-4aec-ad73-bf9dff9c21ad,ansiosa para as próximas palestras,Palestra,-0.1531
37ec55d9-b848-47bd-9a33-f64afd2dd867,está muito boa a secom,Secom,0.4588
37ec55d9-b848-47bd-9a33-f64afd2dd867,faltou espaço,Secom,-0.3612
3f05e03e-45ce-4e65-b2f3-cf3a76e21fa1,até o momento parece muito promissor,Tempo,0.25
08101ce6-e4af-4e12-81d5-87afcafc4b3b,"fiquei sem coffee break, poderia ter uma atenção maior nos próximos",Coffee,0.4215
08101ce6-e4af-4e12-81d5-87afcafc4b3b,"fiquei sem coffee break, poderia ter uma atenção maior nos próximos",Secom,0.4215
08101ce6-e4af-4e12-81d5-87afcafc4b3b,"fiquei sem coffee break, poderia ter uma atenção maior nos próximos",Break,0.4215
3f05e03e-45ce-4e65-b2f3-cf3a76e21fa1,"a única reclamação seria sobre o ar condicionado, que estava muito frio",Frio,0.0
3f05e03e-45ce-4e65-b2f3-cf3a76e21fa1,"a única reclamação seria sobre o ar condicionado, que estava muito frio",Secom,0.0
a5551753-5cda-4641-bc94-7d92707ef19c,a palestra de abertura foi muito interessante,Palestra,0.6249
a5551753-5cda-4641-bc94-7d92707ef19c,a palestra de abertura foi muito interessante,Apresentacao,0.6249
a5551753-5cda-4641-bc94-7d92707ef19c,pertinente dado o contexto do mercado atual,Mercado,0.0
a5551753-5cda-4641-bc94-7d92707ef19c,pertinente dado o contexto do mercado atual,Contexto,0.0
3f05e03e-45ce-4e65-b2f3-cf3a76e21fa1,"as palestras foram boas,",Palestra,0.4588
3f05e03e-45ce-4e65-b2f3-cf3a76e21fa1,"o microfone falhou bastante, apesar de com o passar do tempo melhorou",Tempo,-0.5423
3f05e03e-45ce-4e65-b2f3-cf3a76e21fa1,"o microfone falhou bastante, apesar de com o passar do tempo melhorou",Microfone,-0.5423
a5551753-5cda-4641-bc94-7d92707ef19c,é necessário melhor o microfone para os próximos eventos,Eventos,0.3182
a5551753-5cda-4641-bc94-7d92707ef19c,é necessário melhor o microfone para os próximos eventos,Microfone,0.3182
3f05e03e-45ce-4e65-b2f3-cf3a76e21fa1,ansioso para o sipeec,Secom,0.2263
a5551753-5cda-4641-bc94-7d92707ef19c,"seria interessante trazer mais profissionais de empresas significantes da área, assim como o palestrante da github, nos próximos eventos",Empresa,0.4019
a5551753-5cda-4641-bc94-7d92707ef19c,"seria interessante trazer mais profissionais de empresas significantes da área, assim como o palestrante da github, nos próximos eventos",Trabalho,0.4019
a5551753-5cda-4641-bc94-7d92707ef19c,"seria interessante trazer mais profissionais de empresas significantes da área, assim como o palestrante da github, nos próximos eventos",Palestra,0.4019
a5551753-5cda-4641-bc94-7d92707ef19c,"seria interessante trazer mais profissionais de empresas significantes da área, assim como o palestrante da github, nos próximos eventos",Eventos,0.4019
a5551753-5cda-4641-bc94-7d92707ef19c,"seria interessante trazer mais profissionais de empresas significantes da área, assim como o palestrante da github, nos próximos eventos",Github,0.4019
a5551753-5cda-4641-bc94-7d92707ef19c,"seria interessante trazer mais profissionais de empresas significantes da área, assim como o palestrante da github, nos próximos eventos",Area,0.4019
7833a43c-88df-41ce-9608-368ecac536a1,ansioso pelas palestras da sipeec,Palestra,0.3612
7833a43c-88df-41ce-9608-368ecac536a1,ansioso pelas palestras da sipeec,Secom,0.3612
47f0857b-7373-4457-b034-4eca2ed5efd9,as palestras foram ótimas,Palestra,0.6705
34c8353a-bcb4-4553-8c2d-fac1c5311ccd,muitos projetos interessantes no sipeec,Projetos,0.0
34c8353a-bcb4-4553-8c2d-fac1c5311ccd,muitos projetos interessantes no sipeec,Secom,0.0
47f0857b-7373-4457-b034-4eca2ed5efd9,gostei dos adesivos do github,Almoco,0.4215
47f0857b-7373-4457-b034-4eca2ed5efd9,gostei dos adesivos do github,Github,0.4215
47f0857b-7373-4457-b034-4eca2ed5efd9,o café estava muito bom,Coffee,0.4588
13c63d6c-e94d-4b8b-829b-3a6f523ac131,identidade visual do evento ficou muito bacana,Identidade,0.0
47f0857b-7373-4457-b034-4eca2ed5efd9,parabenizar a organização do evento,Organizacao,0.0
13c63d6c-e94d-4b8b-829b-3a6f523ac131,"excelente programação, tendo atividades que nunca haviam sido feitas",Atividades,0.7096
13c63d6c-e94d-4b8b-829b-3a6f523ac131,"excelente programação, tendo atividades que nunca haviam sido feitas",Programacao,0.7096
883f6e71-d69f-4eb4-8791-f3f68ee15315,organização top,Organizacao,0.6124
883f6e71-d69f-4eb4-8791-f3f68ee15315,favor abaixar um pouco o ar,Labs,0.4404
47f0857b-7373-4457-b034-4eca2ed5efd9,primeiro vez utilizando o mymobiconf,Mymobiconf,0.0
47f0857b-7373-4457-b034-4eca2ed5efd9,o aplicativo,App,0.0
883f6e71-d69f-4eb4-8791-f3f68ee15315,o aplicativo está lindo,App,0.5423
34c8353a-bcb4-4553-8c2d-fac1c5311ccd,sensacional a organização do evento,Organizacao,-0.0772
3e72f254-acab-4aec-ad73-bf9dff9c21ad,as palestras foram muito boas,Palestra,0.4588
883f6e71-d69f-4eb4-8791-f3f68ee15315,coffe break muito gostoso,Coffe,0.5267
883f6e71-d69f-4eb4-8791-f3f68ee15315,ansioso para as próximas palestras,Palestra,0.2263
883f6e71-d69f-4eb4-8791-f3f68ee15315,adorei a palestra o copilot,Palestra,0.0
883f6e71-d69f-4eb4-8791-f3f68ee15315,adorei a palestra o copilot,Copilot,0.0
34c8353a-bcb4-4553-8c2d-fac1c5311ccd,o mymobiconf evoluiu muito em relação as versões anteriores,Deus,0.0
34c8353a-bcb4-4553-8c2d-fac1c5311ccd,o mymobiconf evoluiu muito em relação as versões anteriores,Mymobiconf,0.0
34c8353a-bcb4-4553-8c2d-fac1c5311ccd,o mymobiconf evoluiu muito em relação as versões anteriores,Secom,0.0
34c8353a-bcb4-4553-8c2d-fac1c5311ccd,parabéns a equipe,Equipe,0.5994
34c8353a-bcb4-4553-8c2d-fac1c5311ccd,"aprendi muito com o pedro lacerda, palestra sensacional",Palestra,-0.0772
34c8353a-bcb4-4553-8c2d-fac1c5311ccd,"aprendi muito com o pedro lacerda, palestra sensacional",Pedro,-0.0772
34c8353a-bcb4-4553-8c2d-fac1c5311ccd,"aprendi muito com o pedro lacerda, palestra sensacional",Secom,-0.0772
513987ee-1026-4bd4-93aa-9d89d6d5bad4,todas as palestras até então foram bastante interessantes,Palestra,0.0
34c8353a-bcb4-4553-8c2d-fac1c5311ccd,o quadro digital vai ser usado,Fotografo,0.0
f0158b5a-82ff-410c-81f2-d51f7e345b45,"ansioso para a apresentação do douglas diones, ele é mt bom",Secom,0.5994
f0158b5a-82ff-410c-81f2-d51f7e345b45,"ansioso para a apresentação do douglas diones, ele é mt bom",Apresentacao,0.5994
3e72f254-acab-4aec-ad73-bf9dff9c21ad,ansiosa para as apresentações,Apresentacao,-0.1531
c3149f3b-36f2-4fbd-a033-c41f8e9fe534,as palestras foram muito boas,Palestra,0.4588
88254066-58d3-4049-ac9d-5b393c178080,excelente as palestras de abertura,Palestra,0.7579
88254066-58d3-4049-ac9d-5b393c178080,excelente as palestras de abertura,Apresentacao,0.7579
cd9a5b5a-0583-4590-a133-863647e24ed2,amei a palestra sobre desmitificar a inteligência artificial,Palestra,0.8225
cd9a5b5a-0583-4590-a133-863647e24ed2,amei a palestra sobre desmitificar a inteligência artificial,Inteligencia,0.8225
88254066-58d3-4049-ac9d-5b393c178080,muito bom o sipeec,Secom,0.4588
88254066-58d3-4049-ac9d-5b393c178080,gostei da ideia dos apitos,Projetos,-0.0258
88254066-58d3-4049-ac9d-5b393c178080,gostei da ideia dos apitos,Secom,-0.0258
88254066-58d3-4049-ac9d-5b393c178080,o novo mymobiconf está incrível,Mymobiconf,0.6705
cd9a5b5a-0583-4590-a133-863647e24ed2,"arrasaram com a distribuição de apitos, muito útil",Distribuicao,0.7845
cd9a5b5a-0583-4590-a133-863647e24ed2,"arrasaram com a distribuição de apitos, muito útil",Secom,0.7845
f0d8b18c-371e-4a9b-bc88-6efb85341837,"o questionário sobre aceleradores foi vista como grande aliada de redes neurais, aumentando o desempenho",Qualidade,0.6597
f0d8b18c-371e-4a9b-bc88-6efb85341837,"o questionário sobre aceleradores foi vista como grande aliada de redes neurais, aumentando o desempenho",Pergunta,0.6597
f0d8b18c-371e-4a9b-bc88-6efb85341837,"o questionário sobre aceleradores foi vista como grande aliada de redes neurais, aumentando o desempenho",Redes,0.6597
f0d8b18c-371e-4a9b-bc88-6efb85341837,"o questionário sobre aceleradores foi vista como grande aliada de redes neurais, aumentando o desempenho",Aceleradores,0.6597
f0d8b18c-371e-4a9b-bc88-6efb85341837,otimização gerando maior rapidez dos cálculos envolvendo multiplicação de matrizes,Matheus,0.7783
f0d8b18c-371e-4a9b-bc88-6efb85341837,otimização gerando maior rapidez dos cálculos envolvendo multiplicação de matrizes,Matrizes,0.7783
f0d8b18c-371e-4a9b-bc88-6efb85341837,otimização gerando maior rapidez dos cálculos envolvendo multiplicação de matrizes,Multiplicacao,0.7783
f0d8b18c-371e-4a9b-bc88-6efb85341837,otimização gerando maior rapidez dos cálculos envolvendo multiplicação de matrizes,Processo,0.7783
f0d8b18c-371e-4a9b-bc88-6efb85341837,otimização gerando maior rapidez dos cálculos envolvendo multiplicação de matrizes,Rapidez,0.7783
12c8e1ec-c662-415a-b106-b64ccb7ece3f,as palestras se abertura desse ano abordaram tópicos muito interessantes,Palestra,0.34
12c8e1ec-c662-415a-b106-b64ccb7ece3f,as palestras se abertura desse ano abordaram tópicos muito interessantes,Secom,0.34
12c8e1ec-c662-415a-b106-b64ccb7ece3f,as palestras se abertura desse ano abordaram tópicos muito interessantes,Apresentacao,0.34
12c8e1ec-c662-415a-b106-b64ccb7ece3f,a escolha dos palestrantes foi muito boa,Palestra,0.4588
12c8e1ec-c662-415a-b106-b64ccb7ece3f,a escolha dos palestrantes foi muito boa,Escolha,0.4588
12c8e1ec-c662-415a-b106-b64ccb7ece3f,trazer alguém de uma empresa tão prestigiada como o git é inspirador,Empresa,0.4215
12c8e1ec-c662-415a-b106-b64ccb7ece3f,trazer alguém de uma empresa tão prestigiada como o git é inspirador,Git,0.4215
12c8e1ec-c662-415a-b106-b64ccb7ece3f,as atividades oferecidas esse ano são novas,Atividades,0.2023
12c8e1ec-c662-415a-b106-b64ccb7ece3f,a primeira palestra foi muito interessante,Palestra,0.4019
f0d8b18c-371e-4a9b-bc88-6efb85341837,"o seminário sobre vlc fala de comunicação feita totalmente pelo espectro de luz visível, abrindo possibilidade para um meio de comunicação (provavelmente à curta distância) novo",Comunicacao,-0.1531
f0d8b18c-371e-4a9b-bc88-6efb85341837,"o seminário sobre vlc fala de comunicação feita totalmente pelo espectro de luz visível, abrindo possibilidade para um meio de comunicação (provavelmente à curta distância) novo",Sol,-0.1531
f0d8b18c-371e-4a9b-bc88-6efb85341837,"o seminário sobre vlc fala de comunicação feita totalmente pelo espectro de luz visível, abrindo possibilidade para um meio de comunicação (provavelmente à curta distância) novo",Secom,-0.1531
f0d8b18c-371e-4a9b-bc88-6efb85341837,"o seminário sobre vlc fala de comunicação feita totalmente pelo espectro de luz visível, abrindo possibilidade para um meio de comunicação (provavelmente à curta distância) novo",Ufv,-0.1531
f0d8b18c-371e-4a9b-bc88-6efb85341837,"o seminário sobre vlc fala de comunicação feita totalmente pelo espectro de luz visível, abrindo possibilidade para um meio de comunicação (provavelmente à curta distância) novo",Oportunidade,-0.1531
f0d8b18c-371e-4a9b-bc88-6efb85341837,"o seminário sobre vlc fala de comunicação feita totalmente pelo espectro de luz visível, abrindo possibilidade para um meio de comunicação (provavelmente à curta distância) novo",Caminho,-0.1531
f0d8b18c-371e-4a9b-bc88-6efb85341837,"o seminário sobre vlc fala de comunicação feita totalmente pelo espectro de luz visível, abrindo possibilidade para um meio de comunicação (provavelmente à curta distância) novo",Seminarios,-0.1531
f0d8b18c-371e-4a9b-bc88-6efb85341837,"o seminário sobre vlc fala de comunicação feita totalmente pelo espectro de luz visível, abrindo possibilidade para um meio de comunicação (provavelmente à curta distância) novo",Luz,-0.1531
8f4c1ec8-e5ed-4ce2-90f1-84bbab673805,letícia arrasa demais,Leticia,0.6124
8f4c1ec8-e5ed-4ce2-90f1-84bbab673805,mt diva,Secom,0.0
3e72f254-acab-4aec-ad73-bf9dff9c21ad,letícia muito incrível,Leticia,0.6705
64a69630-bdc5-4e29-9090-492d31a34e0d,palestra do alan ficou muito complexa de entender,Almoco,0.0
64a69630-bdc5-4e29-9090-492d31a34e0d,palestra do alan ficou muito complexa de entender,Palestra,0.0
8f4c1ec8-e5ed-4ce2-90f1-84bbab673805,muito legal saber sobre as abelhas,Abelhas,0.128
8f4c1ec8-e5ed-4ce2-90f1-84bbab673805,a secom tá demais esse ano,Secom,0.0
64a69630-bdc5-4e29-9090-492d31a34e0d,como q vai colocar a mochila na abelha,Mochila,0.0
64a69630-bdc5-4e29-9090-492d31a34e0d,como q vai colocar a mochila na abelha,Abelha,0.0
64a69630-bdc5-4e29-9090-492d31a34e0d,qual shampoo o patrick usa,Patrick,0.0
f0158b5a-82ff-410c-81f2-d51f7e345b45,muito triste que o gabriel moisés monteiro bonfim não vai apresentar esse ano,Bonfim,-0.6597
f0158b5a-82ff-410c-81f2-d51f7e345b45,muito triste que o gabriel moisés monteiro bonfim não vai apresentar esse ano,Moises,-0.6597
f0158b5a-82ff-410c-81f2-d51f7e345b45,muito triste que o gabriel moisés monteiro bonfim não vai apresentar esse ano,Gabriel,-0.6597
f0158b5a-82ff-410c-81f2-d51f7e345b45,muito triste que o gabriel moisés monteiro bonfim não vai apresentar esse ano,Secom,-0.6597
cafe1afc-d59d-4b35-bde1-38d1f5815f74,hmmm coquinha,Lol,0.0
cafe1afc-d59d-4b35-bde1-38d1f5815f74,hmmm coquinha,Coffe,0.0
cafe1afc-d59d-4b35-bde1-38d1f5815f74,adesivinhos do git tão 🔥,Almoco,0.0
cafe1afc-d59d-4b35-bde1-38d1f5815f74,adesivinhos do git tão 🔥,Git,0.0
cafe1afc-d59d-4b35-bde1-38d1f5815f74,nacif é lenda,Narracao,0.0
cafe1afc-d59d-4b35-bde1-38d1f5815f74,f luz,Luz,0.0
cafe1afc-d59d-4b35-bde1-38d1f5815f74,muito boa as palestras da manhã 🙏🏻,Palestra,0.4588
cafe1afc-d59d-4b35-bde1-38d1f5815f74,muito boa as palestras da manhã 🙏🏻,Manha,0.4588
6694bc9c-4eab-4c6b-a7df-c40f8f42e39c,"orgulhoso demais da apresentação do patrick, esse garoto é gênio",Patrick,0.34
6694bc9c-4eab-4c6b-a7df-c40f8f42e39c,"orgulhoso demais da apresentação do patrick, esse garoto é gênio",Copilot,0.34
6694bc9c-4eab-4c6b-a7df-c40f8f42e39c,"orgulhoso demais da apresentação do patrick, esse garoto é gênio",Apresentacao,0.34
4ce79311-38e9-401a-bb36-d1b6ad9ff2d3,ótima iniciativa do projeto de,Projetos,0.6705
3e72f254-acab-4aec-ad73-bf9dff9c21ad,muito interessante o projeto astriflores,Projetos,0.4019
7833a43c-88df-41ce-9608-368ecac536a1,os projetos deste ano estão muito interessantes,Projetos,0.0
092f2a22-65fe-4b1e-a8de-356ce785cea3,os projetos das ic's estão muito massa,Projetos,0.5423
880b38ad-954a-499a-a76a-66fce8a17f66,"palestras ate agora muito boas, parabéns",Palestra,0.7845
13c63d6c-e94d-4b8b-829b-3a6f523ac131,diversidade muito boa de projetos apresentados na sipeec,Projetos,0.4588
13c63d6c-e94d-4b8b-829b-3a6f523ac131,diversidade muito boa de projetos apresentados na sipeec,Secom,0.4588
13c63d6c-e94d-4b8b-829b-3a6f523ac131,diversidade muito boa de projetos apresentados na sipeec,Diversidade,0.4588
7833a43c-88df-41ce-9608-368ecac536a1,quero ver a linguagem rascunho na disciplina de programação o quanto antes,Linguagem,0.0
7833a43c-88df-41ce-9608-368ecac536a1,quero ver a linguagem rascunho na disciplina de programação o quanto antes,Disciplina,0.0
7833a43c-88df-41ce-9608-368ecac536a1,quero ver a linguagem rascunho na disciplina de programação o quanto antes,Programacao,0.0
880b38ad-954a-499a-a76a-66fce8a17f66,sipeec com muitos trabalhos interessantes,Trabalho,0.0
092f2a22-65fe-4b1e-a8de-356ce785cea3,muito interessantes esses projetos que têm impacto social,Impacto,0.0
092f2a22-65fe-4b1e-a8de-356ce785cea3,muito interessantes esses projetos que têm impacto social,Projetos,0.0
13c63d6c-e94d-4b8b-829b-3a6f523ac131,engraçada a dinâmica de controle de tempo das apresentações,Controle,0.2732
13c63d6c-e94d-4b8b-829b-3a6f523ac131,engraçada a dinâmica de controle de tempo das apresentações,Dinamica,0.2732
13c63d6c-e94d-4b8b-829b-3a6f523ac131,engraçada a dinâmica de controle de tempo das apresentações,Tempo,0.2732
13c63d6c-e94d-4b8b-829b-3a6f523ac131,engraçada a dinâmica de controle de tempo das apresentações,Apresentacao,0.2732
13c63d6c-e94d-4b8b-829b-3a6f523ac131,projetos do lesc >>>>>>>,Ufv,0.0
13c63d6c-e94d-4b8b-829b-3a6f523ac131,projetos do lesc >>>>>>>,Projetos,0.0
6694bc9c-4eab-4c6b-a7df-c40f8f42e39c,-sports todo mundo tem q torcer pro mc agenda na sexta-feira 🫡,Agenda,0.5106
6694bc9c-4eab-4c6b-a7df-c40f8f42e39c,-sports todo mundo tem q torcer pro mc agenda na sexta-feira 🫡,Semana,0.5106
6694bc9c-4eab-4c6b-a7df-c40f8f42e39c,-sports todo mundo tem q torcer pro mc agenda na sexta-feira 🫡,Secom,0.5106
092f2a22-65fe-4b1e-a8de-356ce785cea3,dudu antunes s2 é uma máquina,Antunes,0.0
092f2a22-65fe-4b1e-a8de-356ce785cea3,dudu antunes s2 é uma máquina,Maquina,0.0
02af807d-7123-444e-b61e-89eaf92be60f,muito interessante os projetos apresentados no sipeec,Projetos,0.4019
02af807d-7123-444e-b61e-89eaf92be60f,muito interessante os projetos apresentados no sipeec,Secom,0.4019
f0158b5a-82ff-410c-81f2-d51f7e345b45,muito legal a presença dos jogos,Jogos,0.128
f0158b5a-82ff-410c-81f2-d51f7e345b45,muito legal a presença dos jogos,Secom,0.128
f0158b5a-82ff-410c-81f2-d51f7e345b45,é claro também dos games nessa secom,Jogos,0.3818
6694bc9c-4eab-4c6b-a7df-c40f8f42e39c,"muito bom ver esses jogos todos na secom,",Jogos,0.4588
6694bc9c-4eab-4c6b-a7df-c40f8f42e39c,"muito bom ver esses jogos todos na secom,",Secom,0.4588
6694bc9c-4eab-4c6b-a7df-c40f8f42e39c,senti falta de ver mais games,Falta,-0.3612
64a69630-bdc5-4e29-9090-492d31a34e0d,o mymobiconf vai ter um chat ao vivo para ser acompanhado durante a palestra,Comunicacao,0.25
64a69630-bdc5-4e29-9090-492d31a34e0d,o mymobiconf vai ter um chat ao vivo para ser acompanhado durante a palestra,Vida,0.25
64a69630-bdc5-4e29-9090-492d31a34e0d,o mymobiconf vai ter um chat ao vivo para ser acompanhado durante a palestra,Mymobiconf,0.25
64a69630-bdc5-4e29-9090-492d31a34e0d,o mymobiconf vai ter um chat ao vivo para ser acompanhado durante a palestra,Palestra,0.25
02af807d-7123-444e-b61e-89eaf92be60f,os apitos levantando o astral da galera,Astraflores,0.0
02af807d-7123-444e-b61e-89eaf92be60f,os apitos levantando o astral da galera,Secom,0.0
ae0cbeae-1ff0-406f-a78a-a80a71120100,muito legal as palestras,Palestra,0.128
ae0cbeae-1ff0-406f-a78a-a80a71120100,muito gostoso o coffe brake,Brake,0.5267
ae0cbeae-1ff0-406f-a78a-a80a71120100,muito gostoso o coffe brake,Coffe,0.5267
ae0cbeae-1ff0-406f-a78a-a80a71120100,muito boa as apresentações do sipeec,Secom,0.4588
ae0cbeae-1ff0-406f-a78a-a80a71120100,muito boa as apresentações do sipeec,Apresentacao,0.4588
02af807d-7123-444e-b61e-89eaf92be60f,bonitinhos>>>>>>> okt,Secom,0.0
ae0cbeae-1ff0-406f-a78a-a80a71120100,o conteúdo dos slides foram bem importantes,Slides,0.2732
ae0cbeae-1ff0-406f-a78a-a80a71120100,o conteúdo dos slides foram bem importantes,Secom,0.2732
ae0cbeae-1ff0-406f-a78a-a80a71120100,conteúdo bom,Secom,0.4588
f0158b5a-82ff-410c-81f2-d51f7e345b45,qual vai ser o nome do time oficial de lol do curso,Nome,0.4588
f0158b5a-82ff-410c-81f2-d51f7e345b45,qual vai ser o nome do time oficial de lol do curso,Curso,0.4588
f0158b5a-82ff-410c-81f2-d51f7e345b45,qual vai ser o nome do time oficial de lol do curso,Tempo,0.4588
f0158b5a-82ff-410c-81f2-d51f7e345b45,qual vai ser o nome do time oficial de lol do curso,Lol,0.4588
f0158b5a-82ff-410c-81f2-d51f7e345b45,quem fez esses modelos 3d maravilhosos do virtual labs,Virtual,0.6705
f0158b5a-82ff-410c-81f2-d51f7e345b45,quem fez esses modelos 3d maravilhosos do virtual labs,Labs,0.6705
f0158b5a-82ff-410c-81f2-d51f7e345b45,quem fez esses modelos 3d maravilhosos do virtual labs,Modelagem,0.6705
4a38eef3-4375-45b4-b386-649cb518c20b,queremos mais de um time de esports pro curso,Tempo,0.0
4a38eef3-4375-45b4-b386-649cb518c20b,queremos mais de um time de esports pro curso,Fifa,0.0
4a38eef3-4375-45b4-b386-649cb518c20b,queremos mais de um time de esports pro curso,Curso,0.0
219bdf7f-fa3a-4d8f-9e33-b83980cc7afb,de grande contribuição acadêmica as pesquisas apresentadas,Acrescimo,0.4588
219bdf7f-fa3a-4d8f-9e33-b83980cc7afb,de grande contribuição acadêmica as pesquisas apresentadas,Secom,0.4588
4a38eef3-4375-45b4-b386-649cb518c20b,cheio de gabriel no curso,Gabriel,0.0
4a38eef3-4375-45b4-b386-649cb518c20b,cheio de gabriel no curso,Curso,0.0
64a69630-bdc5-4e29-9090-492d31a34e0d,quando fica pronto o novo lords of florestal,Lords,0.3612
9cc1a365-6476-4f22-bf74-2a453e1e8443,as ic da computaçao quantica é bem interessante,Quantica,0.5859
9cc1a365-6476-4f22-bf74-2a453e1e8443,as ic da computaçao quantica é bem interessante,Processo,0.5859
7833a43c-88df-41ce-9608-368ecac536a1,eu coloco tags no github só por causa do zoéga,Explicacao,0.0
7833a43c-88df-41ce-9608-368ecac536a1,eu coloco tags no github só por causa do zoéga,Github,0.0
7833a43c-88df-41ce-9608-368ecac536a1,eu coloco tags no github só por causa do zoéga,Secom,0.0
5bc436a4-ec67-4216-87a7-d9152877d21f,lanchinho delicioso,Lanche,0.4767
5bc436a4-ec67-4216-87a7-d9152877d21f,as palestras da sipeec estão super interessantes,Palestra,0.5994
5bc436a4-ec67-4216-87a7-d9152877d21f,as palestras da sipeec estão super interessantes,Secom,0.5994
9cc1a365-6476-4f22-bf74-2a453e1e8443,muito bons esses projetos da faculdade,Projetos,0.4588
9cc1a365-6476-4f22-bf74-2a453e1e8443,muito bons esses projetos da faculdade,Curso,0.4588
5bc436a4-ec67-4216-87a7-d9152877d21f,pessoal da identidade visual foram maravilhosos,Identidade,0.6705
5bc436a4-ec67-4216-87a7-d9152877d21f,pessoal da identidade visual foram maravilhosos,Secom,0.6705
ad08e116-810d-4533-a7c6-9782fcb55f6d,a para detectar emoções vai ser um diferencial do ufv virtuallabs,Emocoes,0.2263
ad08e116-810d-4533-a7c6-9782fcb55f6d,a para detectar emoções vai ser um diferencial do ufv virtuallabs,Virtual,0.2263
ad08e116-810d-4533-a7c6-9782fcb55f6d,a para detectar emoções vai ser um diferencial do ufv virtuallabs,Diferencial,0.2263
ad08e116-810d-4533-a7c6-9782fcb55f6d,a promete,Secom,0.2732
5bc436a4-ec67-4216-87a7-d9152877d21f,os projetos de iot são os melhores,Projetos,0.0
5bc436a4-ec67-4216-87a7-d9152877d21f,os projetos de iot são os melhores,Secom,0.0
eed4edbe-921c-4f9c-8148-1948d00197eb,a primeira palestra relacionada a inteligência artificial ministrada pelo pedro lacerda foi extremamente satisfatória,Palestra,0.4767
eed4edbe-921c-4f9c-8148-1948d00197eb,a primeira palestra relacionada a inteligência artificial ministrada pelo pedro lacerda foi extremamente satisfatória,Inteligencia,0.4767
eed4edbe-921c-4f9c-8148-1948d00197eb,a primeira palestra relacionada a inteligência artificial ministrada pelo pedro lacerda foi extremamente satisfatória,Pedro,0.4767
eed4edbe-921c-4f9c-8148-1948d00197eb,a primeira palestra relacionada a inteligência artificial ministrada pelo pedro lacerda foi extremamente satisfatória,Secom,0.4767
f24a3531-506e-487a-84d2-614694703dfc,que horas começa o fifa,Tempo,0.0
f24a3531-506e-487a-84d2-614694703dfc,que horas começa o fifa,Fifa,0.0
9cc1a365-6476-4f22-bf74-2a453e1e8443,"slc, o virtual labs parece ser um projeto gigante",Ufv,0.0
9cc1a365-6476-4f22-bf74-2a453e1e8443,"slc, o virtual labs parece ser um projeto gigante",Labs,0.0
9cc1a365-6476-4f22-bf74-2a453e1e8443,"slc, o virtual labs parece ser um projeto gigante",Projetos,0.0
34d7ba0b-7b62-4439-b143-d7dd24797376,muito boa a apresentação do pessoal da astraflores,Astraflores,0.4588
34d7ba0b-7b62-4439-b143-d7dd24797376,muito boa a apresentação do pessoal da astraflores,Secom,0.4588
34d7ba0b-7b62-4439-b143-d7dd24797376,muito boa a apresentação do pessoal da astraflores,Apresentacao,0.4588
34d7ba0b-7b62-4439-b143-d7dd24797376,muito boa a apresentação da ic do jogo da astraflores,Jogos,0.4588
34d7ba0b-7b62-4439-b143-d7dd24797376,muito boa a apresentação da ic do jogo da astraflores,Astraflores,0.4588
34d7ba0b-7b62-4439-b143-d7dd24797376,muito boa a apresentação da ic do jogo da astraflores,Apresentacao,0.4588
6694bc9c-4eab-4c6b-a7df-c40f8f42e39c,o virtual labs é realmente o melhor projeto da ufv,Ufv,0.4927
6694bc9c-4eab-4c6b-a7df-c40f8f42e39c,o virtual labs é realmente o melhor projeto da ufv,Virtual,0.4927
6694bc9c-4eab-4c6b-a7df-c40f8f42e39c,o virtual labs é realmente o melhor projeto da ufv,Labs,0.4927
6694bc9c-4eab-4c6b-a7df-c40f8f42e39c,o virtual labs é realmente o melhor projeto da ufv,Projetos,0.4927
f7781785-ccfa-4120-856f-3781bcf14d45,que horas que é a hora da merenda,Tempo,0.0
f7781785-ccfa-4120-856f-3781bcf14d45,que horas que é a hora da merenda,Merenda,0.0
023d3c99-a60f-4734-88e2-de4c9944c95a,o negócio do apito eu achei overkill,Almoco,0.0
023d3c99-a60f-4734-88e2-de4c9944c95a,o negócio do apito eu achei overkill,Empresa,0.0
b9ce085c-74f8-412e-8a55-1391f0867ebd,achei muito interessante o projeto de jogo para fomentar a reciclagem,Reciclagem,0.2732
b9ce085c-74f8-412e-8a55-1391f0867ebd,achei muito interessante o projeto de jogo para fomentar a reciclagem,Projetos,0.2732
b9ce085c-74f8-412e-8a55-1391f0867ebd,achei muito interessante o projeto de jogo para fomentar a reciclagem,Jogos,0.2732
b9ce085c-74f8-412e-8a55-1391f0867ebd,para saber diferenciar os tipos de lixos,Secom,-0.1531
023d3c99-a60f-4734-88e2-de4c9944c95a,"teve bastante assunto sobre ia nessa secom, isso mostra como o assunto está em alta",Secom,0.0
8c83da8e-1478-4a91-ae10-7347cd55d06f,microfone trollando kkkkk,Microfone,0.0
b9ce085c-74f8-412e-8a55-1391f0867ebd,outro que gostei muito foi o virtual labs tentar trazer ambientes de laboratório para que eles sejam mais acessíveis por meio de um computador é muito importante,Ambiente,0.5423
b9ce085c-74f8-412e-8a55-1391f0867ebd,outro que gostei muito foi o virtual labs tentar trazer ambientes de laboratório para que eles sejam mais acessíveis por meio de um computador é muito importante,Informatica,0.5423
b9ce085c-74f8-412e-8a55-1391f0867ebd,outro que gostei muito foi o virtual labs tentar trazer ambientes de laboratório para que eles sejam mais acessíveis por meio de um computador é muito importante,Laboratorios,0.5423
b9ce085c-74f8-412e-8a55-1391f0867ebd,outro que gostei muito foi o virtual labs tentar trazer ambientes de laboratório para que eles sejam mais acessíveis por meio de um computador é muito importante,Secom,0.5423
c3149f3b-36f2-4fbd-a033-c41f8e9fe534,os apitos para controle de tempo ficaram muito bons,Controle,0.34
c3149f3b-36f2-4fbd-a033-c41f8e9fe534,os apitos para controle de tempo ficaram muito bons,Tempo,0.34
c3149f3b-36f2-4fbd-a033-c41f8e9fe534,os apitos para controle de tempo ficaram muito bons,Secom,0.34
023d3c99-a60f-4734-88e2-de4c9944c95a,podia rolar um coffee-break a tarde tb,Tempo,0.0
023d3c99-a60f-4734-88e2-de4c9944c95a,podia rolar um coffee-break a tarde tb,Coffee,0.0
b9ce085c-74f8-412e-8a55-1391f0867ebd,"a palestra de desmistificação da iafoi incrível saber que aprender um pouco mais sobre os processos em que ela se encaixa,",Palestra,0.6705
b9ce085c-74f8-412e-8a55-1391f0867ebd,"a palestra de desmistificação da iafoi incrível saber que aprender um pouco mais sobre os processos em que ela se encaixa,",Processo,0.6705
b9ce085c-74f8-412e-8a55-1391f0867ebd,"a palestra de desmistificação da iafoi incrível saber que aprender um pouco mais sobre os processos em que ela se encaixa,",Secom,0.6705
b9ce085c-74f8-412e-8a55-1391f0867ebd,"a palestra de desmistificação da iafoi incrível saber que aprender um pouco mais sobre os processos em que ela se encaixa,",Desmistificacao,0.6705
b9ce085c-74f8-412e-8a55-1391f0867ebd,suas aplicações,App,0.0
b9ce085c-74f8-412e-8a55-1391f0867ebd,um pouco do seu funcionamento foi absurdo,Processo,-0.0422
b9ce085c-74f8-412e-8a55-1391f0867ebd,"a ideia de iot para usar mochilinhas nas abelhas foi muito engraçado kkkkk,",Projetos,-0.1531
b9ce085c-74f8-412e-8a55-1391f0867ebd,"a ideia de iot para usar mochilinhas nas abelhas foi muito engraçado kkkkk,",Abelhas,-0.1531
b9ce085c-74f8-412e-8a55-1391f0867ebd,"a ideia de iot para usar mochilinhas nas abelhas foi muito engraçado kkkkk,",Secom,-0.1531
3f05e03e-45ce-4e65-b2f3-cf3a76e21fa1,"até o momento o sipeec está encrivel, muitos projetos legais",Tempo,0.0
3f05e03e-45ce-4e65-b2f3-cf3a76e21fa1,"até o momento o sipeec está encrivel, muitos projetos legais",Projetos,0.0
3f05e03e-45ce-4e65-b2f3-cf3a76e21fa1,"até o momento o sipeec está encrivel, muitos projetos legais",Secom,0.0
023d3c99-a60f-4734-88e2-de4c9944c95a,"legal esse multi-task learning, parece ser tipo redes neurais interligadas",Redes,0.128
023d3c99-a60f-4734-88e2-de4c9944c95a,"legal esse multi-task learning, parece ser tipo redes neurais interligadas",Multi-task,0.128
023d3c99-a60f-4734-88e2-de4c9944c95a,"legal esse multi-task learning, parece ser tipo redes neurais interligadas",Secom,0.128
b9ce085c-74f8-412e-8a55-1391f0867ebd,eu estou amando a secom tudo até então está absurdamente incrível,Secom,0.8591
4ce79311-38e9-401a-bb36-d1b6ad9ff2d3,apresentações muito legais,Apresentacao,0.0
b9ce085c-74f8-412e-8a55-1391f0867ebd,gostei do tcc sobre ensinar um pouco sobre programação para as pessoas por meio de um jogo,Secom,0.3535
b9ce085c-74f8-412e-8a55-1391f0867ebd,gostei do tcc sobre ensinar um pouco sobre programação para as pessoas por meio de um jogo,Tcc,0.3535
b9ce085c-74f8-412e-8a55-1391f0867ebd,gostei do tcc sobre ensinar um pouco sobre programação para as pessoas por meio de um jogo,Programacao,0.3535
b9ce085c-74f8-412e-8a55-1391f0867ebd,gostei do tcc sobre ensinar um pouco sobre programação para as pessoas por meio de um jogo,Jogos,0.3535
b9ce085c-74f8-412e-8a55-1391f0867ebd,gostei do tcc sobre ensinar um pouco sobre programação para as pessoas por meio de um jogo,Falta,0.3535
c3149f3b-36f2-4fbd-a033-c41f8e9fe534,o pessoal está realmente arrasando nas apresentações da sipeec,Apresentacao,0.0
c3149f3b-36f2-4fbd-a033-c41f8e9fe534,o pessoal está realmente arrasando nas apresentações da sipeec,Secom,0.0
4395eb8b-e6f9-4282-85dc-98453a11cc3e,todas as palestras excelentes,Palestra,0.0
4395eb8b-e6f9-4282-85dc-98453a11cc3e,fiz uma apresentação no sipeec,Secom,0.0
4395eb8b-e6f9-4282-85dc-98453a11cc3e,fiz uma apresentação no sipeec,Apresentacao,0.0
4395eb8b-e6f9-4282-85dc-98453a11cc3e,ambiente muito bonito,Ambiente,0.4939
4395eb8b-e6f9-4282-85dc-98453a11cc3e,microfone as vezes falhando,Tempo,-0.34
4395eb8b-e6f9-4282-85dc-98453a11cc3e,microfone as vezes falhando,Microfone,-0.34
4395eb8b-e6f9-4282-85dc-98453a11cc3e,apresentações do sipeec muito interessantes,Secom,0.0
4395eb8b-e6f9-4282-85dc-98453a11cc3e,apresentações do sipeec muito interessantes,Apresentacao,0.0
3f05e03e-45ce-4e65-b2f3-cf3a76e21fa1,"muito interessante os projetos, difícil escolher um",Projetos,0.3182
4395eb8b-e6f9-4282-85dc-98453a11cc3e,cofee break bom,Break,0.4588
4395eb8b-e6f9-4282-85dc-98453a11cc3e,cofee break bom,Coffe,0.4588
4395eb8b-e6f9-4282-85dc-98453a11cc3e,poderia ter opção de suco para aqueles que não bebem refrigerante,Almoco,-0.4215
4395eb8b-e6f9-4282-85dc-98453a11cc3e,poderia ter opção de suco para aqueles que não bebem refrigerante,Secom,-0.4215
8c83da8e-1478-4a91-ae10-7347cd55d06f,achei meta poggers total skibidi os apito,Almoco,0.0
8c83da8e-1478-4a91-ae10-7347cd55d06f,achei meta poggers total skibidi os apito,Poggers,0.0
c3149f3b-36f2-4fbd-a033-c41f8e9fe534,a segunda palestra do primeiro dia foi enriquecedora,Valorant,0.0
c3149f3b-36f2-4fbd-a033-c41f8e9fe534,a segunda palestra do primeiro dia foi enriquecedora,Palestra,0.0
c3149f3b-36f2-4fbd-a033-c41f8e9fe534,o palestrante poderia voltar mais vezes,Tempo,0.0
c3149f3b-36f2-4fbd-a033-c41f8e9fe534,o palestrante poderia voltar mais vezes,Palestra,0.0
4ce79311-38e9-401a-bb36-d1b6ad9ff2d3,auditório esta bem gelado,Auditorio,0.2732
f0d8b18c-371e-4a9b-bc88-6efb85341837,o seminário next cell prediction pode ser usado para várias aplicações com base na rotina do usuário,Usuario,-0.1531
f0d8b18c-371e-4a9b-bc88-6efb85341837,o seminário next cell prediction pode ser usado para várias aplicações com base na rotina do usuário,Base,-0.1531
f0d8b18c-371e-4a9b-bc88-6efb85341837,o seminário next cell prediction pode ser usado para várias aplicações com base na rotina do usuário,App,-0.1531
f0d8b18c-371e-4a9b-bc88-6efb85341837,o seminário next cell prediction pode ser usado para várias aplicações com base na rotina do usuário,Prediction,-0.1531
f0d8b18c-371e-4a9b-bc88-6efb85341837,o seminário next cell prediction pode ser usado para várias aplicações com base na rotina do usuário,Cell,-0.1531
f0d8b18c-371e-4a9b-bc88-6efb85341837,o seminário next cell prediction pode ser usado para várias aplicações com base na rotina do usuário,Seminarios,-0.1531
f0d8b18c-371e-4a9b-bc88-6efb85341837,o seminário next cell prediction pode ser usado para várias aplicações com base na rotina do usuário,Processo,-0.1531
4ce79311-38e9-401a-bb36-d1b6ad9ff2d3,muito bom os apitos,Secom,0.4588
9a75dc4c-7a4e-49c6-b73b-62eafd9c8b73,palestras de abertura muito interessantes,Palestra,0.34
9a75dc4c-7a4e-49c6-b73b-62eafd9c8b73,palestras de abertura muito interessantes,Apresentacao,0.34
f0158b5a-82ff-410c-81f2-d51f7e345b45,mymobiconf tá malado dimai,Secom,0.0
f0d8b18c-371e-4a9b-bc88-6efb85341837,mymobiconf tem um potencial grande,Oportunidade,0.4588
f0d8b18c-371e-4a9b-bc88-6efb85341837,"pode ser usado para outras aplicações além do campus, especialmente com relação à seminários",App,-0.1531
f0d8b18c-371e-4a9b-bc88-6efb85341837,"pode ser usado para outras aplicações além do campus, especialmente com relação à seminários",Seminarios,-0.1531
f0d8b18c-371e-4a9b-bc88-6efb85341837,"pode ser usado para outras aplicações além do campus, especialmente com relação à seminários",Secom,-0.1531
f0d8b18c-371e-4a9b-bc88-6efb85341837,"pode ser usado para outras aplicações além do campus, especialmente com relação à seminários",Curso,-0.1531
f0d8b18c-371e-4a9b-bc88-6efb85341837,organizações,Organizacao,0.0
8f243416-db6e-4185-8133-0e0433d6c30a,a camisa desse ano ficoummuito bonita,Camisa,0.4939
8f243416-db6e-4185-8133-0e0433d6c30a,a camisa desse ano ficoummuito bonita,Pena,0.4939
8f243416-db6e-4185-8133-0e0433d6c30a,"achei a temperatura um pouco fria, estava embaixo de um dos ar condicionados",Calor,0.0
8f243416-db6e-4185-8133-0e0433d6c30a,otimas palestras de abertura,Almoco,0.7845
8f243416-db6e-4185-8133-0e0433d6c30a,otimas palestras de abertura,Palestra,0.7845
8f243416-db6e-4185-8133-0e0433d6c30a,otimas palestras de abertura,Apresentacao,0.7845
02af807d-7123-444e-b61e-89eaf92be60f,mymobiconf melhor atualização,Atualizacao,0.4404
8f243416-db6e-4185-8133-0e0433d6c30a,gostei de ganhar um apito,Almoco,0.765
02af807d-7123-444e-b61e-89eaf92be60f,arzinho condicionado fazendo milagres,Milagres,0.0
02af807d-7123-444e-b61e-89eaf92be60f,arzinho condicionado fazendo milagres,Secom,0.0
8f243416-db6e-4185-8133-0e0433d6c30a,os salgados na hora do lanche estavam otimos,Tempo,0.6705
8f243416-db6e-4185-8133-0e0433d6c30a,os salgados na hora do lanche estavam otimos,Lanche,0.6705
8f243416-db6e-4185-8133-0e0433d6c30a,os salgados na hora do lanche estavam otimos,Secom,0.6705
8f243416-db6e-4185-8133-0e0433d6c30a,ansioso pelo torneio de esport,Fifa,0.3612
8f243416-db6e-4185-8133-0e0433d6c30a,ansioso pelo torneio de esport,Torneio,0.3612
6694bc9c-4eab-4c6b-a7df-c40f8f42e39c,gosto de refatoração 😳,Refatoracao,0.4019
6694bc9c-4eab-4c6b-a7df-c40f8f42e39c,gosto de refatoração 😳,Secom,0.4019
4ce79311-38e9-401a-bb36-d1b6ad9ff2d3,sipeec sempre muito importante para dar ouvido aos projetos da faculdade,Musica,0.1779
4ce79311-38e9-401a-bb36-d1b6ad9ff2d3,sipeec sempre muito importante para dar ouvido aos projetos da faculdade,Projetos,0.1779
4ce79311-38e9-401a-bb36-d1b6ad9ff2d3,sipeec sempre muito importante para dar ouvido aos projetos da faculdade,Curso,0.1779
99899b5a-eb3d-4d67-a64f-a143f824a709,usando o mymobiconf na palestra sobre mymobiconf 😃,Palestra,0.0
99899b5a-eb3d-4d67-a64f-a143f824a709,usando o mymobiconf na palestra sobre mymobiconf 😃,Mymobiconf,0.0
b843c3db-fc8f-45a6-8322-19b87391fa20,"adorei a apresentação da letícia cristina, uma apresentação incrível",Leticia,0.6705
b843c3db-fc8f-45a6-8322-19b87391fa20,"adorei a apresentação da letícia cristina, uma apresentação incrível",Apresentacao,0.6705
b843c3db-fc8f-45a6-8322-19b87391fa20,"uma ideia brilhante com muito futuro, pelo simples fato de utilizar a luz como principal meio, então parabéns",Lol,0.7597
b843c3db-fc8f-45a6-8322-19b87391fa20,"uma ideia brilhante com muito futuro, pelo simples fato de utilizar a luz como principal meio, então parabéns",Projetos,0.7597
b843c3db-fc8f-45a6-8322-19b87391fa20,"uma ideia brilhante com muito futuro, pelo simples fato de utilizar a luz como principal meio, então parabéns",Secom,0.7597
b843c3db-fc8f-45a6-8322-19b87391fa20,"uma ideia brilhante com muito futuro, pelo simples fato de utilizar a luz como principal meio, então parabéns",Luz,0.7597
9a75dc4c-7a4e-49c6-b73b-62eafd9c8b73,o app está muito bom,App,0.4588
99899b5a-eb3d-4d67-a64f-a143f824a709,o design do mymobiconf realmente está muito melhor,Design,0.4877
99899b5a-eb3d-4d67-a64f-a143f824a709,o design do mymobiconf realmente está muito melhor,Mymobiconf,0.4877
99899b5a-eb3d-4d67-a64f-a143f824a709,ainda prefiro a logo quando era sans-serif,Secom,0.0
99899b5a-eb3d-4d67-a64f-a143f824a709,"fora isso, o app ficou perfeito",App,0.6705
b843c3db-fc8f-45a6-8322-19b87391fa20,"achei muito importante a apresentação da melissa alanis, devemos nos informar sobre um tema tão importante que é o nosso meio ambiente, vamos jogar",Almoco,0.5574
b843c3db-fc8f-45a6-8322-19b87391fa20,"achei muito importante a apresentação da melissa alanis, devemos nos informar sobre um tema tão importante que é o nosso meio ambiente, vamos jogar",Secom,0.5574
b843c3db-fc8f-45a6-8322-19b87391fa20,"achei muito importante a apresentação da melissa alanis, devemos nos informar sobre um tema tão importante que é o nosso meio ambiente, vamos jogar",Apresentacao,0.5574
b843c3db-fc8f-45a6-8322-19b87391fa20,aprender a salvar o nosso mundo,Secom,0.0
24c725a4-20aa-4ce4-9d18-b194d3bdd5be,"gostei bastante do assunto das palestras, por serem assuntos atuais me chamam maior a atenção",Palestra,0.6808
24c725a4-20aa-4ce4-9d18-b194d3bdd5be,"gostei bastante do assunto das palestras, por serem assuntos atuais me chamam maior a atenção",Secom,0.6808
c3149f3b-36f2-4fbd-a033-c41f8e9fe534,a equipe do mymobiconf está de parabéns,Equipe,0.5994
c3149f3b-36f2-4fbd-a033-c41f8e9fe534,a equipe do mymobiconf está de parabéns,Mymobiconf,0.5994
b843c3db-fc8f-45a6-8322-19b87391fa20,"mymobiconf aparecendo em peso, arrasaram demais, parabéns por esse projeto incrível",Projetos,0.8955
b843c3db-fc8f-45a6-8322-19b87391fa20,"mymobiconf aparecendo em peso, arrasaram demais, parabéns por esse projeto incrível",Peso,0.8955
47cacf3f-e0f2-421b-a645-5e0efd6cc615,tá frio,Frio,0.0
b843c3db-fc8f-45a6-8322-19b87391fa20,cada professor dessa instituição possui trabalhos,Organizacao,0.0
b843c3db-fc8f-45a6-8322-19b87391fa20,cada professor dessa instituição possui trabalhos,Trabalho,0.0
b843c3db-fc8f-45a6-8322-19b87391fa20,cada professor dessa instituição possui trabalhos,Professor,0.0
b843c3db-fc8f-45a6-8322-19b87391fa20,"iniciações científicas incríveis, muita sorte de estar nessa universidade com tantas oportunidades",Oportunidade,0.8442
b843c3db-fc8f-45a6-8322-19b87391fa20,"iniciações científicas incríveis, muita sorte de estar nessa universidade com tantas oportunidades",Curso,0.8442
b843c3db-fc8f-45a6-8322-19b87391fa20,"iniciações científicas incríveis, muita sorte de estar nessa universidade com tantas oportunidades",Labs,0.8442
b843c3db-fc8f-45a6-8322-19b87391fa20,"iniciações científicas incríveis, muita sorte de estar nessa universidade com tantas oportunidades",Apresentacao,0.8442
47cacf3f-e0f2-421b-a645-5e0efd6cc615,tem alguém com apito de juiz de futebol aqui kkkkk,Almoco,0.0
47cacf3f-e0f2-421b-a645-5e0efd6cc615,tem alguém com apito de juiz de futebol aqui kkkkk,Fifa,0.0
47cacf3f-e0f2-421b-a645-5e0efd6cc615,tem alguém com apito de juiz de futebol aqui kkkkk,Secom,0.0
24c725a4-20aa-4ce4-9d18-b194d3bdd5be,o app esta muito bonito,App,0.4939
24c725a4-20aa-4ce4-9d18-b194d3bdd5be,de fácil uso,Uso,0.4404
7689c29b-b6e3-42b3-b39d-dc0e1598e652,estão todos de parabéns,Secom,0.5994
7689c29b-b6e3-42b3-b39d-dc0e1598e652,muitos projetos,Projetos,0.0
7689c29b-b6e3-42b3-b39d-dc0e1598e652,parabéns professores,Curso,0.5994
7689c29b-b6e3-42b3-b39d-dc0e1598e652,palestrante do github muito bom,Github,0.4588
b843c3db-fc8f-45a6-8322-19b87391fa20,"tivemos uma recepção incrível nessa décima terceira secom, amei as palestras",Palestra,0.875
b843c3db-fc8f-45a6-8322-19b87391fa20,"tivemos uma recepção incrível nessa décima terceira secom, amei as palestras",Recepcao,0.875
b843c3db-fc8f-45a6-8322-19b87391fa20,os projetos apresentados pelos alunos,Projetos,0.0
b843c3db-fc8f-45a6-8322-19b87391fa20,os projetos apresentados pelos alunos,Curso,0.0
b843c3db-fc8f-45a6-8322-19b87391fa20,"que evento incrível, que nos próximos anos continuem assim para melhorar",Anos,0.7783
24c725a4-20aa-4ce4-9d18-b194d3bdd5be,as palestras sobre ias foram bastante interessantes,Palestra,0.0
24c725a4-20aa-4ce4-9d18-b194d3bdd5be,as palestras sobre ias foram bastante interessantes,Secom,0.0
cd9a5b5a-0583-4590-a133-863647e24ed2,saudades coffee break,Break,0.25
cd9a5b5a-0583-4590-a133-863647e24ed2,saudades coffee break,Secom,0.25
b843c3db-fc8f-45a6-8322-19b87391fa20,"infelizmente não tinha suco no cofe breack, nós que não bebemos coca precisamos ser representados com um suquinho",Suquinho,-0.743
b843c3db-fc8f-45a6-8322-19b87391fa20,"infelizmente não tinha suco no cofe breack, nós que não bebemos coca precisamos ser representados com um suquinho",Trabalho,-0.743
24c725a4-20aa-4ce4-9d18-b194d3bdd5be,bastante interessante ver todos os projetos de pesquisa existentes na área de informática no campus,Curso,0.4019
24c725a4-20aa-4ce4-9d18-b194d3bdd5be,bastante interessante ver todos os projetos de pesquisa existentes na área de informática no campus,Secom,0.4019
24c725a4-20aa-4ce4-9d18-b194d3bdd5be,bastante interessante ver todos os projetos de pesquisa existentes na área de informática no campus,Informatica,0.4019
24c725a4-20aa-4ce4-9d18-b194d3bdd5be,bastante interessante ver todos os projetos de pesquisa existentes na área de informática no campus,Projetos,0.4019
24c725a4-20aa-4ce4-9d18-b194d3bdd5be,bastante interessante ver todos os projetos de pesquisa existentes na área de informática no campus,Area,0.4019
24c725a4-20aa-4ce4-9d18-b194d3bdd5be,parabéns aos organizadores,Organizadores,0.5994
cd9a5b5a-0583-4590-a133-863647e24ed2,a verdade é que o nesped é o melhor grupo da ufv >>>>>,Ufv,0.6369
cd9a5b5a-0583-4590-a133-863647e24ed2,a verdade é que o nesped é o melhor grupo da ufv >>>>>,Lol,0.6369
cd9a5b5a-0583-4590-a133-863647e24ed2,a verdade é que o nesped é o melhor grupo da ufv >>>>>,Grupo,0.6369
cd9a5b5a-0583-4590-a133-863647e24ed2,a verdade é que o nesped é o melhor grupo da ufv >>>>>,Nesped,0.6369
cd9a5b5a-0583-4590-a133-863647e24ed2,alguém aí tem um hidratante,Hidratante,-0.4215
3e72f254-acab-4aec-ad73-bf9dff9c21ad,muito legal conhecer sobre os projetos realizados,Projetos,0.128
78a0dc2a-07a3-41bb-a1a4-3731b2e51917,muito boa a ideia do apito,Almoco,0.0258
78a0dc2a-07a3-41bb-a1a4-3731b2e51917,muito boa a ideia do apito,Projetos,0.0258
cd9a5b5a-0583-4590-a133-863647e24ed2,amo o sexteto,Sexteto,0.6705
cd9a5b5a-0583-4590-a133-863647e24ed2,amo o sexteto,Secom,0.6705
47cacf3f-e0f2-421b-a645-5e0efd6cc615,poderia deixar o tempo para quem tá assistindo também,Tempo,-0.1531
99899b5a-eb3d-4d67-a64f-a143f824a709,"fiquei tão entertido na apresentação do álvaro na sipeec que nem percebi que ele passou do tempo 😅 coitado, não conseguiu terminar",Tempo,0.1531
99899b5a-eb3d-4d67-a64f-a143f824a709,"fiquei tão entertido na apresentação do álvaro na sipeec que nem percebi que ele passou do tempo 😅 coitado, não conseguiu terminar",Secom,0.1531
99899b5a-eb3d-4d67-a64f-a143f824a709,"fiquei tão entertido na apresentação do álvaro na sipeec que nem percebi que ele passou do tempo 😅 coitado, não conseguiu terminar",Apresentacao,0.1531
f569f9d9-9281-4405-a4aa-084b33a9be5a,a palestra sobre o github foi muito boa,Palestra,0.4588
f569f9d9-9281-4405-a4aa-084b33a9be5a,a palestra sobre o github foi muito boa,Github,0.4588
f569f9d9-9281-4405-a4aa-084b33a9be5a,é interesse ver como as ia's tem estado cada vez mais presentes,Interesse,0.4588
f569f9d9-9281-4405-a4aa-084b33a9be5a,é interesse ver como as ia's tem estado cada vez mais presentes,Secom,0.4588
47cacf3f-e0f2-421b-a645-5e0efd6cc615,"""roubaram o vini"", claramente um crime",Crime,-0.2023
47cacf3f-e0f2-421b-a645-5e0efd6cc615,"""roubaram o vini"", claramente um crime",Secom,-0.2023
47cacf3f-e0f2-421b-a645-5e0efd6cc615,descobrir quem tá com o apito kk,Almoco,0.3612
f569f9d9-9281-4405-a4aa-084b33a9be5a,foi importante o palestrante ter falado sobre como usar o copilot,Palestra,0.3182
f569f9d9-9281-4405-a4aa-084b33a9be5a,foi importante o palestrante ter falado sobre como usar o copilot,Copilot,0.3182
880b38ad-954a-499a-a76a-66fce8a17f66,mais gente tinha que estourar o tempo,Tempo,0.0
f569f9d9-9281-4405-a4aa-084b33a9be5a,é importante saber das limitações da ia,Limitacoes,0.3182
2841ae4b-ef6a-4661-94a3-9777a70ec034,"ótimas palestras, houve alguns problemas técnicos",Palestra,0.3612
2841ae4b-ef6a-4661-94a3-9777a70ec034,"ótimas palestras, houve alguns problemas técnicos",Problema,0.3612
2841ae4b-ef6a-4661-94a3-9777a70ec034,não impediu de obter os conhecimentos,Conhecimento,-0.2732
f569f9d9-9281-4405-a4aa-084b33a9be5a,foi interessante saber sobre oportunidades no github como estudante,Oportunidade,0.6486
f569f9d9-9281-4405-a4aa-084b33a9be5a,foi interessante saber sobre oportunidades no github como estudante,Github,0.6486
f569f9d9-9281-4405-a4aa-084b33a9be5a,foi interessante saber sobre oportunidades no github como estudante,Curso,0.6486
cd9a5b5a-0583-4590-a133-863647e24ed2,o campeonato de valorant vai ser transmitido online também,Valorant,0.4404
cd9a5b5a-0583-4590-a133-863647e24ed2,o campeonato de valorant vai ser transmitido online também,Campeonato,0.4404
cd9a5b5a-0583-4590-a133-863647e24ed2,o campeonato de valorant vai ser transmitido online também,Internet,0.4404
99899b5a-eb3d-4d67-a64f-a143f824a709,eu vi o eduardo isadora tropeçando na escada  👀 🤣,Passos,0.0
99899b5a-eb3d-4d67-a64f-a143f824a709,eu vi o eduardo isadora tropeçando na escada  👀 🤣,Secom,0.0
f569f9d9-9281-4405-a4aa-084b33a9be5a,"foi interessante saber sobre o que é de fato uma ia, sem se limitar a um robo ou algo complexo",Lol,0.4019
f569f9d9-9281-4405-a4aa-084b33a9be5a,"foi interessante saber sobre o que é de fato uma ia, sem se limitar a um robo ou algo complexo",Cade,0.4019
d3028b07-211a-405d-9f82-13b8d82aeff8,"palestra incrivel do pedro lacerda, convindem-o outras vezes",Tempo,0.6705
d3028b07-211a-405d-9f82-13b8d82aeff8,"palestra incrivel do pedro lacerda, convindem-o outras vezes",Palestra,0.6705
d3028b07-211a-405d-9f82-13b8d82aeff8,"palestra incrivel do pedro lacerda, convindem-o outras vezes",Pedro,0.6705
d3028b07-211a-405d-9f82-13b8d82aeff8,"palestra incrivel do pedro lacerda, convindem-o outras vezes",Secom,0.6705
d3028b07-211a-405d-9f82-13b8d82aeff8,ansioso para a final de valorant,Valorant,0.2263
d3028b07-211a-405d-9f82-13b8d82aeff8,ansioso para a final de valorant,Final,0.2263
7cf13434-76d6-4046-96fd-1cfd9d429282,minascoders arrasa,Minascoders,0.6124
08101ce6-e4af-4e12-81d5-87afcafc4b3b,ta frio,Frio,0.0
84fb43ff-f2ca-4b32-b090-49467d8ae7a0,minascoders melhor programa 💚,Programacao,0.4404
84fb43ff-f2ca-4b32-b090-49467d8ae7a0,minascoders melhor programa 💚,Minascoders,0.4404
880b38ad-954a-499a-a76a-66fce8a17f66,final fo valorant vai ser top,Final,0.6124
84fb43ff-f2ca-4b32-b090-49467d8ae7a0,lindaa a melissa,Secom,0.0
84fb43ff-f2ca-4b32-b090-49467d8ae7a0,muito boa a nova identidade visual,Identidade,0.4588
cd9a5b5a-0583-4590-a133-863647e24ed2,meu deus a melissa é muito linda 😍,Deus,0.6808
cd9a5b5a-0583-4590-a133-863647e24ed2,meu deus a melissa é muito linda 😍,Secom,0.6808
99899b5a-eb3d-4d67-a64f-a143f824a709,breno encerrou a apresentação dele no sipeec com maestria 🤌,Apresentacao,0.0
99899b5a-eb3d-4d67-a64f-a143f824a709,breno encerrou a apresentação dele no sipeec com maestria 🤌,Secom,0.0
c83d77db-e69b-4b9a-af36-1e80aed4ea42,muito interessante a proposta do minascoders,Projetos,0.4019
c83d77db-e69b-4b9a-af36-1e80aed4ea42,muito interessante a proposta do minascoders,Minascoders,0.4019
02af807d-7123-444e-b61e-89eaf92be60f,minas coders é muito bommm,Lol,0.0
02af807d-7123-444e-b61e-89eaf92be60f,minas coders é muito bommm,Minascoders,0.0
c83d77db-e69b-4b9a-af36-1e80aed4ea42,gostei da prévia do tcc da ana clara sobre a taxa de evasão feminina,Almoco,0.0258
c83d77db-e69b-4b9a-af36-1e80aed4ea42,gostei da prévia do tcc da ana clara sobre a taxa de evasão feminina,Secom,0.0258
c83d77db-e69b-4b9a-af36-1e80aed4ea42,gostei da prévia do tcc da ana clara sobre a taxa de evasão feminina,Tcc,0.0258
c83d77db-e69b-4b9a-af36-1e80aed4ea42,gostei da prévia do tcc da ana clara sobre a taxa de evasão feminina,Anos,0.0258
c83d77db-e69b-4b9a-af36-1e80aed4ea42,gostei da prévia do tcc da ana clara sobre a taxa de evasão feminina,Faturamento,0.0258
eed4edbe-921c-4f9c-8148-1948d00197eb,"acredito que a sipeec sirva como porta de entrada pra alguns ramos de interesses que alguns alunos possam optar por seguir,",Interesse,0.25
eed4edbe-921c-4f9c-8148-1948d00197eb,"acredito que a sipeec sirva como porta de entrada pra alguns ramos de interesses que alguns alunos possam optar por seguir,",Curso,0.25
eed4edbe-921c-4f9c-8148-1948d00197eb,"acredito que a sipeec sirva como porta de entrada pra alguns ramos de interesses que alguns alunos possam optar por seguir,",Florestal,0.25
eed4edbe-921c-4f9c-8148-1948d00197eb,"acredito que a sipeec sirva como porta de entrada pra alguns ramos de interesses que alguns alunos possam optar por seguir,",Apresentacao,0.25
eed4edbe-921c-4f9c-8148-1948d00197eb,"deste prisma, ela funciona perfeitamente",Prisma,0.6369
64a69630-bdc5-4e29-9090-492d31a34e0d,cinco minutos por apresentação é muito tempo,Tempo,0.0
64a69630-bdc5-4e29-9090-492d31a34e0d,cinco minutos por apresentação é muito tempo,Apresentacao,0.0
c83d77db-e69b-4b9a-af36-1e80aed4ea42,philipe na área,Philipe,0.0
c83d77db-e69b-4b9a-af36-1e80aed4ea42,philipe na área,Area,0.0
88254066-58d3-4049-ac9d-5b393c178080,muito bom participar do sipeec,Secom,0.4588
88254066-58d3-4049-ac9d-5b393c178080,"realmente, o mymobiconf é o melhor projeto de todos",Projetos,0.4902
88254066-58d3-4049-ac9d-5b393c178080,"realmente, o mymobiconf é o melhor projeto de todos",Mymobiconf,0.4902
4b3d0b61-ee1b-4468-8785-a9d80b5bb850,minha primeira secom,Secom,0.0
4b3d0b61-ee1b-4468-8785-a9d80b5bb850,muito legal os projetos,Projetos,0.128
4b3d0b61-ee1b-4468-8785-a9d80b5bb850,podia ter um coffee-break parte 2 em,Coffee,0.0
7568d4e3-7c42-4c07-9246-161f8f144017,seria interessante haver um intervalo no sipeec,Intervalo,0.4019
7568d4e3-7c42-4c07-9246-161f8f144017,seria interessante haver um intervalo no sipeec,Secom,0.4019
7568d4e3-7c42-4c07-9246-161f8f144017,"colocar o sipeec em 2 dias, ao invés de um",Inves,0.0
7568d4e3-7c42-4c07-9246-161f8f144017,"colocar o sipeec em 2 dias, ao invés de um",Secom,0.0
4b3d0b61-ee1b-4468-8785-a9d80b5bb850,o app mais brabo,App,0.0
4b3d0b61-ee1b-4468-8785-a9d80b5bb850,faltam 2 comentários para completar a missão,Secom,-0.1531
daac9055-17a0-4775-bb21-9c0add9d45ec,o caio do lesc é um gatinho,Ufv,0.0
daac9055-17a0-4775-bb21-9c0add9d45ec,o caio do lesc é um gatinho,Gato,0.0
daac9055-17a0-4775-bb21-9c0add9d45ec,o caio do lesc é um gatinho,Xiii,0.0
4b3d0b61-ee1b-4468-8785-a9d80b5bb850,com essa mensagem eu finalizei as missões de hoje,Comunicacao,0.0
4b3d0b61-ee1b-4468-8785-a9d80b5bb850,com essa mensagem eu finalizei as missões de hoje,Secom,0.0
4b3d0b61-ee1b-4468-8785-a9d80b5bb850,só o progresso,Progresso,0.4215
daac9055-17a0-4775-bb21-9c0add9d45ec,amei as apresentações do minascoders,Minascoders,0.6705
daac9055-17a0-4775-bb21-9c0add9d45ec,amei as apresentações do minascoders,Apresentacao,0.6705
d0881343-b903-4573-aee3-c821f2e201de,palestras muito interessantes,Palestra,0.0
daac9055-17a0-4775-bb21-9c0add9d45ec,muito interessante a ideia do jogo da melissa,Projetos,-0.0516
daac9055-17a0-4775-bb21-9c0add9d45ec,muito interessante a ideia do jogo da melissa,Jogos,-0.0516
daac9055-17a0-4775-bb21-9c0add9d45ec,muito interessante a ideia do jogo da melissa,Secom,-0.0516
7568d4e3-7c42-4c07-9246-161f8f144017,muito interessante todas as apresentações,Apresentacao,0.4019
7568d4e3-7c42-4c07-9246-161f8f144017,sensacional o eduardo estar desenvolvendo uma linguagem de programação,Linguagem,-0.0772
7568d4e3-7c42-4c07-9246-161f8f144017,sensacional o eduardo estar desenvolvendo uma linguagem de programação,Programacao,-0.0772
7568d4e3-7c42-4c07-9246-161f8f144017,sensacional o eduardo estar desenvolvendo uma linguagem de programação,Secom,-0.0772
50ab66a7-9677-44ec-b7d4-be69f3d11d87,muito boa essa sipeec,Secom,0.4588
7568d4e3-7c42-4c07-9246-161f8f144017,nossa tem muita apresentação kkkkk,Apresentacao,0.0
c83d77db-e69b-4b9a-af36-1e80aed4ea42,empresa jr é um diferencial na carreira do aluno,Diferencial,0.0
c83d77db-e69b-4b9a-af36-1e80aed4ea42,empresa jr é um diferencial na carreira do aluno,Curso,0.0
c83d77db-e69b-4b9a-af36-1e80aed4ea42,empresa jr é um diferencial na carreira do aluno,Empresa,0.0
c83d77db-e69b-4b9a-af36-1e80aed4ea42,empresa jr é um diferencial na carreira do aluno,Trabalho,0.0
a1b2ff52-f806-4d79-b524-3d3fa3327116,ótimas palestras,Palestra,0.6705
880b38ad-954a-499a-a76a-66fce8a17f66,sorteio,Secom,0.3818
a8795f76-f29d-4a4e-ab33-de80f1fa7eaa,da próxima alguém tem que fazer em menos de dois minutos,Tempo,0.0
a8795f76-f29d-4a4e-ab33-de80f1fa7eaa,setapp tem que chamar ex-membros pra dar palestra,Palestra,0.0
c83d77db-e69b-4b9a-af36-1e80aed4ea42,maratona de palestras/apresentações,Palestra,0.0
c83d77db-e69b-4b9a-af36-1e80aed4ea42,maratona de palestras/apresentações,Apresentacao,0.0
c83d77db-e69b-4b9a-af36-1e80aed4ea42,maratona de palestras/apresentações,Maratona,0.0
a8795f76-f29d-4a4e-ab33-de80f1fa7eaa,apenas temas interessantes,Secom,0.0
0016d182-df26-4200-b287-2b9a2086516b,abertura boa demais,Apresentacao,0.6597
0016d182-df26-4200-b287-2b9a2086516b,palestra sobre o my mobile conf foi boa tbm,Tbm,0.4588
0016d182-df26-4200-b287-2b9a2086516b,palestra sobre o my mobile conf foi boa tbm,Palestra,0.4588
0016d182-df26-4200-b287-2b9a2086516b,palestra sobre o my mobile conf foi boa tbm,Mobile,0.4588
0016d182-df26-4200-b287-2b9a2086516b,a palestra do cara do githubfoi mt boa,Palestra,0.4588
0016d182-df26-4200-b287-2b9a2086516b,a palestra do cara do githubfoi mt boa,Github,0.4588
0016d182-df26-4200-b287-2b9a2086516b,a palestra do cara do githubfoi mt boa,Secom,0.4588
0016d182-df26-4200-b287-2b9a2086516b,a palestra do cara do cefet também foi boa,Palestra,0.4588
0016d182-df26-4200-b287-2b9a2086516b,a palestra do cara do cefet também foi boa,Comida,0.4588
0016d182-df26-4200-b287-2b9a2086516b,a palestra do cara do cefet também foi boa,Secom,0.4588
0016d182-df26-4200-b287-2b9a2086516b,altas expectativas pro time da okt,Tempo,0.0
0016d182-df26-4200-b287-2b9a2086516b,altas expectativas pro time da okt,Secom,0.0
c3149f3b-36f2-4fbd-a033-c41f8e9fe534,torcendo para os bonitinhos ganharem,Secom,0.4019
99899b5a-eb3d-4d67-a64f-a143f824a709,começando a secom com duas palestras incríveis,Palestra,0.6705
99899b5a-eb3d-4d67-a64f-a143f824a709,começando a secom com duas palestras incríveis,Secom,0.6705
99899b5a-eb3d-4d67-a64f-a143f824a709,uma speedrun de sipeec,Rapidez,0.0
daac9055-17a0-4775-bb21-9c0add9d45ec,acho que podia ter um intervalo durante a sipeec,Intervalo,0.0
daac9055-17a0-4775-bb21-9c0add9d45ec,acho que podia ter um intervalo durante a sipeec,Secom,0.0
cd9a5b5a-0583-4590-a133-863647e24ed2,vamo bonitinhooooosss,Secom,0.0
84fb43ff-f2ca-4b32-b090-49467d8ae7a0,#bonitinhos,Secom,0.0
84fb43ff-f2ca-4b32-b090-49467d8ae7a0,campeonato de,Campeonato,0.4404
84fb43ff-f2ca-4b32-b090-49467d8ae7a0,-sports muito bom,Fifa,0.4588
d3028b07-211a-405d-9f82-13b8d82aeff8,vamooo bonitinhos,Secom,0.0
f0d8b18c-371e-4a9b-bc88-6efb85341837,os seminários em geral foram ótimos,Geral,0.6705
f0d8b18c-371e-4a9b-bc88-6efb85341837,os seminários em geral foram ótimos,Seminarios,0.6705
f0d8b18c-371e-4a9b-bc88-6efb85341837,"mostraram os projetos de pesquisa de todos os orientadores, o tempo foi um limitador notório",Organizadores,-0.4404
f0d8b18c-371e-4a9b-bc88-6efb85341837,"mostraram os projetos de pesquisa de todos os orientadores, o tempo foi um limitador notório",Secom,-0.4404
f0d8b18c-371e-4a9b-bc88-6efb85341837,"mostraram os projetos de pesquisa de todos os orientadores, o tempo foi um limitador notório",Tempo,-0.4404
f0d8b18c-371e-4a9b-bc88-6efb85341837,"mostraram os projetos de pesquisa de todos os orientadores, o tempo foi um limitador notório",Projetos,-0.4404
f0d8b18c-371e-4a9b-bc88-6efb85341837,"mostraram os projetos de pesquisa de todos os orientadores, o tempo foi um limitador notório",Limitacoes,-0.4404
f0d8b18c-371e-4a9b-bc88-6efb85341837,o primeiro dia foi bem agradável com as palestras,Palestra,0.6705
f0d8b18c-371e-4a9b-bc88-6efb85341837,"a sipeec, ambiente confortável",Ambiente,0.5106
f0d8b18c-371e-4a9b-bc88-6efb85341837,"equipe ótima, providenciando tudo necessário para um bom evento",Equipe,0.7845
50ab66a7-9677-44ec-b7d4-be69f3d11d87,campeonato de jogos tá bom,Campeonato,0.7096
50ab66a7-9677-44ec-b7d4-be69f3d11d87,campeonato de jogos tá bom,Jogos,0.7096
50ab66a7-9677-44ec-b7d4-be69f3d11d87,final de jogos agr,Final,0.0
50ab66a7-9677-44ec-b7d4-be69f3d11d87,final de jogos agr,Jogos,0.0
8f4c1ec8-e5ed-4ce2-90f1-84bbab673805,"nossa, a letícia falou muito bem sobre o botz",Leticia,0.1531
8f4c1ec8-e5ed-4ce2-90f1-84bbab673805,"nossa, a letícia falou muito bem sobre o botz",Bots,0.1531
daac9055-17a0-4775-bb21-9c0add9d45ec,as apresentações da melissa foram perfeitas,Secom,0.6705
daac9055-17a0-4775-bb21-9c0add9d45ec,as apresentações da melissa foram perfeitas,Apresentacao,0.6705
daac9055-17a0-4775-bb21-9c0add9d45ec,acho que ano que vem a amanda tinha que apresentar o mymobiconf,Mymobiconf,0.0
daac9055-17a0-4775-bb21-9c0add9d45ec,acho que ano que vem a amanda tinha que apresentar o mymobiconf,Amanda,0.0
daac9055-17a0-4775-bb21-9c0add9d45ec,as meninas do minascoders arrasaram nas apresentações,Meninas,0.6124
daac9055-17a0-4775-bb21-9c0add9d45ec,as meninas do minascoders arrasaram nas apresentações,Minascoders,0.6124
daac9055-17a0-4775-bb21-9c0add9d45ec,as meninas do minascoders arrasaram nas apresentações,Apresentacao,0.6124
8f4c1ec8-e5ed-4ce2-90f1-84bbab673805,ana moreira falou muito bem do caça-doações,Almoco,0.1531
8f4c1ec8-e5ed-4ce2-90f1-84bbab673805,ana moreira falou muito bem do caça-doações,Caca-doacoes,0.1531
8f4c1ec8-e5ed-4ce2-90f1-84bbab673805,ana moreira falou muito bem do caça-doações,Moreira,0.1531
8f4c1ec8-e5ed-4ce2-90f1-84bbab673805,duda arrasou na apresentação de iot,Apresentacao,0.6124
8f4c1ec8-e5ed-4ce2-90f1-84bbab673805,muito interessante o projeto,Projetos,0.4019
7cf13434-76d6-4046-96fd-1cfd9d429282,uhh eh bonitinho,Lol,0.0
7cf13434-76d6-4046-96fd-1cfd9d429282,uhh eh bonitinho,Secom,0.0
84fb43ff-f2ca-4b32-b090-49467d8ae7a0,"a ingred arrasou na apresentação, lindaaa",Apresentacao,0.6124
84fb43ff-f2ca-4b32-b090-49467d8ae7a0,"a ingred arrasou na apresentação, lindaaa",Secom,0.6124
84fb43ff-f2ca-4b32-b090-49467d8ae7a0,"a ingred arrasou na apresentação, lindaaa",Inves,0.6124
d3028b07-211a-405d-9f82-13b8d82aeff8,vamo virar bonitinhos,Secom,0.0
d3028b07-211a-405d-9f82-13b8d82aeff8,que jogão de valorant,Valorant,0.0
d3028b07-211a-405d-9f82-13b8d82aeff8,que jogão de valorant,Secom,0.0
43aca24c-d788-497e-8521-06df728eeaf8,essa final foi boa d+ cara,Final,0.4588
43aca24c-d788-497e-8521-06df728eeaf8,essa final foi boa d+ cara,Secom,0.4588
43aca24c-d788-497e-8521-06df728eeaf8,essa secom tá insana,Secom,0.0
43aca24c-d788-497e-8521-06df728eeaf8,os melhores projetos foram os de iot ein 👀👀,Projetos,0.0
43aca24c-d788-497e-8521-06df728eeaf8,os melhores projetos foram os de iot ein 👀👀,Secom,0.0
43aca24c-d788-497e-8521-06df728eeaf8,apoio todo dia ter figurinha de manhã,Acrescimo,0.3612
43aca24c-d788-497e-8521-06df728eeaf8,apoio todo dia ter figurinha de manhã,Manha,0.3612
43aca24c-d788-497e-8521-06df728eeaf8,apoio todo dia ter figurinha de manhã,Animacao,0.3612
43aca24c-d788-497e-8521-06df728eeaf8,gostaria de dizer que a linguagem que o dudu tá criando deveria se chamar educa,Linguagem,0.296
43aca24c-d788-497e-8521-06df728eeaf8,gostaria de dizer que a linguagem que o dudu tá criando deveria se chamar educa,Duvida,0.296
d0b2bc0d-178a-434a-9fc8-134d0ca5a1be,faltou só o evento dar copo pra galera,Secom,-0.3612
d0b2bc0d-178a-434a-9fc8-134d0ca5a1be,podiam tirar mais fotos de momentos aleatórios,Tempo,0.0
d0b2bc0d-178a-434a-9fc8-134d0ca5a1be,podiam tirar mais fotos de momentos aleatórios,Fotografo,0.0
d0b2bc0d-178a-434a-9fc8-134d0ca5a1be,"ar tava friozão, precisando levar roupa de frio amanhã",Frio,0.0
d0b2bc0d-178a-434a-9fc8-134d0ca5a1be,"ar tava friozão, precisando levar roupa de frio amanhã",Roupa,0.0
d0b2bc0d-178a-434a-9fc8-134d0ca5a1be,"a ideia dos apitos, chocalhos",Projetos,-0.4404
d0b2bc0d-178a-434a-9fc8-134d0ca5a1be,"a ideia dos apitos, chocalhos",Chocalhos,-0.4404
d0b2bc0d-178a-434a-9fc8-134d0ca5a1be,"a ideia dos apitos, chocalhos",Secom,-0.4404
d0b2bc0d-178a-434a-9fc8-134d0ca5a1be,brinquedos de cachorro foi genial,Cachorro,0.4215
d0b2bc0d-178a-434a-9fc8-134d0ca5a1be,brinquedos de cachorro foi genial,Animacao,0.4215
d0b2bc0d-178a-434a-9fc8-134d0ca5a1be,o coffee break foi muito perto do almoço,Almoco,0.0
d0b2bc0d-178a-434a-9fc8-134d0ca5a1be,o coffee break foi muito perto do almoço,Coffee,0.0
d0b2bc0d-178a-434a-9fc8-134d0ca5a1be,"triste o sorteio ser pelo aplicativo, meu número do crachá foi muito ganhável esse ano",App,-0.0772
d0b2bc0d-178a-434a-9fc8-134d0ca5a1be,"triste o sorteio ser pelo aplicativo, meu número do crachá foi muito ganhável esse ano",Numero,-0.0772
d0b2bc0d-178a-434a-9fc8-134d0ca5a1be,"triste o sorteio ser pelo aplicativo, meu número do crachá foi muito ganhável esse ano",Cracha,-0.0772
d0b2bc0d-178a-434a-9fc8-134d0ca5a1be,"triste o sorteio ser pelo aplicativo, meu número do crachá foi muito ganhável esse ano",Secom,-0.0772
d13dce39-51a4-4170-8b39-f06cb1f6adf6,o coffe break podia ter sido mais cedo msmo,Coffe,0.0
d13dce39-51a4-4170-8b39-f06cb1f6adf6,gostei das palestras de hoje,Palestra,0.4215
d13dce39-51a4-4170-8b39-f06cb1f6adf6,o design do mymobiconf ta muito bonitinho,Design,0.0
d13dce39-51a4-4170-8b39-f06cb1f6adf6,o design do mymobiconf ta muito bonitinho,Mymobiconf,0.0
d13dce39-51a4-4170-8b39-f06cb1f6adf6,o design do mymobiconf ta muito bonitinho,Secom,0.0
d13dce39-51a4-4170-8b39-f06cb1f6adf6,"a blusa da secom desse ano ficou linda, adorei a cor",Cor,0.5423
d13dce39-51a4-4170-8b39-f06cb1f6adf6,"a blusa da secom desse ano ficou linda, adorei a cor",Secom,0.5423
03164614-b683-45b1-98f0-7179e65cd4ed,muito bom os apito pras apresentações que demoram kjkkjk,Almoco,0.4588
03164614-b683-45b1-98f0-7179e65cd4ed,muito bom os apito pras apresentações que demoram kjkkjk,Secom,0.4588
03164614-b683-45b1-98f0-7179e65cd4ed,muito bom os apito pras apresentações que demoram kjkkjk,Apresentacao,0.4588
d13dce39-51a4-4170-8b39-f06cb1f6adf6,acho que na próxima secom ficaria muito legal uma blusa vinho,Vinho,0.128
d13dce39-51a4-4170-8b39-f06cb1f6adf6,acho que na próxima secom ficaria muito legal uma blusa vinho,Secom,0.128
03164614-b683-45b1-98f0-7179e65cd4ed,achei bem legal as palestras serem voltadas pra essa parte de ia,Palestra,0.3818
03164614-b683-45b1-98f0-7179e65cd4ed,achei bem legal as palestras serem voltadas pra essa parte de ia,Secom,0.3818
03164614-b683-45b1-98f0-7179e65cd4ed,o coffebreak foi meio tarde,Coffebreak,0.0
03164614-b683-45b1-98f0-7179e65cd4ed,o coffebreak foi meio tarde,Secom,0.0
03164614-b683-45b1-98f0-7179e65cd4ed,"muito bom o design do app, parabéns aos envolvidos",App,0.7845
03164614-b683-45b1-98f0-7179e65cd4ed,"muito bom o design do app, parabéns aos envolvidos",Design,0.7845
03164614-b683-45b1-98f0-7179e65cd4ed,"muito bom o design do app, parabéns aos envolvidos",Secom,0.7845
03164614-b683-45b1-98f0-7179e65cd4ed,ainda bem que escolheram azul marinho pra essas camisetas,Camisa,0.2732
03164614-b683-45b1-98f0-7179e65cd4ed,ainda bem que escolheram azul marinho pra essas camisetas,Secom,0.2732
e06ffaec-3d0b-45f5-85c5-94027d692f0f,"não gostei da derrota dos bonitinho, acho que foi marmelada",Derrota,-0.3182
e06ffaec-3d0b-45f5-85c5-94027d692f0f,"não gostei da derrota dos bonitinho, acho que foi marmelada",Secom,-0.3182
4a38eef3-4375-45b4-b386-649cb518c20b,no meu coração os bonitinhos ganharam,Secom,0.0
4a38eef3-4375-45b4-b386-649cb518c20b,no meu coração os bonitinhos ganharam,Coffe,0.0
e06ffaec-3d0b-45f5-85c5-94027d692f0f,principalmente os projetos de game,Projetos,0.0
e06ffaec-3d0b-45f5-85c5-94027d692f0f,principalmente os projetos de game,Jogos,0.0
4a38eef3-4375-45b4-b386-649cb518c20b,mcagenda ganhando sexta,Semana,0.4215
4a38eef3-4375-45b4-b386-649cb518c20b,mcagenda ganhando sexta,Agenda,0.4215
e06ffaec-3d0b-45f5-85c5-94027d692f0f,ano que vem quero mais camp,Camp,0.0
4a38eef3-4375-45b4-b386-649cb518c20b,bonitinhos só perdeu pq tinha bet envolvida,Bet,0.0
4a38eef3-4375-45b4-b386-649cb518c20b,bonitinhos só perdeu pq tinha bet envolvida,Secom,0.0
e06ffaec-3d0b-45f5-85c5-94027d692f0f,só o ar condicionado aue tava frio viu,Almoco,0.0
e06ffaec-3d0b-45f5-85c5-94027d692f0f,só o ar condicionado aue tava frio viu,Frio,0.0
a8795f76-f29d-4a4e-ab33-de80f1fa7eaa,mal posso esperar pelas palestras de amanhã,Palestra,-0.4588
a8795f76-f29d-4a4e-ab33-de80f1fa7eaa,quem será que vai ganhar a maratona de programação,Programacao,0.5859
a8795f76-f29d-4a4e-ab33-de80f1fa7eaa,quem será que vai ganhar a maratona de programação,Maratona,0.5859
9b29ec6c-e5af-4b1c-b7f1-49779d06c73a,torneio secom de,Torneio,0.0
9b29ec6c-e5af-4b1c-b7f1-49779d06c73a,-sports foi muito bom,Fifa,0.4588
9b29ec6c-e5af-4b1c-b7f1-49779d06c73a,mehor secom de todas,Mehor,0.0
9b29ec6c-e5af-4b1c-b7f1-49779d06c73a,tem que ter edição do torneio secom de,Almoco,0.0
9b29ec6c-e5af-4b1c-b7f1-49779d06c73a,tem que ter edição do torneio secom de,Torneio,0.0
eed4edbe-921c-4f9c-8148-1948d00197eb,gostei muito das palestras,Palestra,0.4215
eed4edbe-921c-4f9c-8148-1948d00197eb,o professor philipe organizou um ótimo evento junto da equipe organizadora,Equipe,0.6705
eed4edbe-921c-4f9c-8148-1948d00197eb,o professor philipe organizou um ótimo evento junto da equipe organizadora,Professor,0.6705
50ab66a7-9677-44ec-b7d4-be69f3d11d87,uuu,Secom,0.0
34d7ba0b-7b62-4439-b143-d7dd24797376,não seria uma má ideia aumenta a temperatura do ar condicionado,Projetos,-0.6249
34d7ba0b-7b62-4439-b143-d7dd24797376,não seria uma má ideia aumenta a temperatura do ar condicionado,Calor,-0.6249
eed4edbe-921c-4f9c-8148-1948d00197eb,gostei de todas palestras,Palestra,0.4215
eed4edbe-921c-4f9c-8148-1948d00197eb,a primeira palestra de abertura foi a melhor de todas,Palestra,0.6486
eed4edbe-921c-4f9c-8148-1948d00197eb,a primeira palestra de abertura foi a melhor de todas,Apresentacao,0.6486
ad08e116-810d-4533-a7c6-9782fcb55f6d,a ideia do apito foi genial,Almoco,-0.0258
ad08e116-810d-4533-a7c6-9782fcb55f6d,a ideia do apito foi genial,Projetos,-0.0258
226440c8-ce0c-42b8-a37b-8435e915955d,as palestras sobre ia trouxeram perspectivas muito interessantes,Palestra,0.296
226440c8-ce0c-42b8-a37b-8435e915955d,as palestras sobre ia trouxeram perspectivas muito interessantes,Avaliacoes,0.296
ad08e116-810d-4533-a7c6-9782fcb55f6d,ufv virtual labs logo logo vai ser vitrine da ufv,Vitrine,0.0
ad08e116-810d-4533-a7c6-9782fcb55f6d,ufv virtual labs logo logo vai ser vitrine da ufv,Ufv,0.0
ad08e116-810d-4533-a7c6-9782fcb55f6d,ufv virtual labs logo logo vai ser vitrine da ufv,Labs,0.0
ad08e116-810d-4533-a7c6-9782fcb55f6d,set-app,Setapp,0.0
03164614-b683-45b1-98f0-7179e65cd4ed,patrick esta com o cabelo extremamente sedoso novamente,Cabelo,0.0
4395eb8b-e6f9-4282-85dc-98453a11cc3e,torneio de,Torneio,0.0
4395eb8b-e6f9-4282-85dc-98453a11cc3e,-sports foi legal pena que a não conseguimos levar a vitória pra casa,Casa,-0.4404
4395eb8b-e6f9-4282-85dc-98453a11cc3e,-sports foi legal pena que a não conseguimos levar a vitória pra casa,Derrota,-0.4404
4395eb8b-e6f9-4282-85dc-98453a11cc3e,-sports foi legal pena que a não conseguimos levar a vitória pra casa,Fifa,-0.4404
4395eb8b-e6f9-4282-85dc-98453a11cc3e,-sports foi legal pena que a não conseguimos levar a vitória pra casa,Pena,-0.4404
37ec55d9-b848-47bd-9a33-f64afd2dd867,parte fundamental,Secom,0.0
4395eb8b-e6f9-4282-85dc-98453a11cc3e,trofeis show de bola,Secom,0.5423
13c63d6c-e94d-4b8b-829b-3a6f523ac131,final de valorant excepecional,Valorant,0.0
13c63d6c-e94d-4b8b-829b-3a6f523ac131,final de valorant excepecional,Final,0.0
9a75dc4c-7a4e-49c6-b73b-62eafd9c8b73,final de valorant foi insanaaaaa,Valorant,0.0
9a75dc4c-7a4e-49c6-b73b-62eafd9c8b73,final de valorant foi insanaaaaa,Final,0.0
9a75dc4c-7a4e-49c6-b73b-62eafd9c8b73,melhoraram o ar condicionado pro segundo dia,Pro,0.0
13c63d6c-e94d-4b8b-829b-3a6f523ac131,comentaristas muito brabos,Secom,0.0
13c63d6c-e94d-4b8b-829b-3a6f523ac131,comentaristas muito brabos,Opiniao,0.0
4395eb8b-e6f9-4282-85dc-98453a11cc3e,ideia do apito bacana,Almoco,-0.4404
4395eb8b-e6f9-4282-85dc-98453a11cc3e,ideia do apito bacana,Projetos,-0.4404
9a75dc4c-7a4e-49c6-b73b-62eafd9c8b73,o ambiente está incrível,Ambiente,0.6705
13c63d6c-e94d-4b8b-829b-3a6f523ac131,muito legal trazerem empresas de desenvolvimento de jogos para o evento,Jogos,-0.0258
13c63d6c-e94d-4b8b-829b-3a6f523ac131,muito legal trazerem empresas de desenvolvimento de jogos para o evento,Desenvolvimento,-0.0258
13c63d6c-e94d-4b8b-829b-3a6f523ac131,muito legal trazerem empresas de desenvolvimento de jogos para o evento,Empresa,-0.0258
4395eb8b-e6f9-4282-85dc-98453a11cc3e,pipoquinha god,Deus,0.0
4395eb8b-e6f9-4282-85dc-98453a11cc3e,completando a missão,Secom,0.0
9a75dc4c-7a4e-49c6-b73b-62eafd9c8b73,ansioso pela palestra da sydle,Palestra,0.3612
9a75dc4c-7a4e-49c6-b73b-62eafd9c8b73,ansioso pela palestra da sydle,Sydle,0.3612
3f05e03e-45ce-4e65-b2f3-cf3a76e21fa1,ansioso para as palestras das empresas,Palestra,0.2263
3f05e03e-45ce-4e65-b2f3-cf3a76e21fa1,ansioso para as palestras das empresas,Empresa,0.2263
a6ec5f50-aa66-4ad4-8b97-10a6f9eacaad,ansiosa pra maratona de programação de hoje,Programacao,0.0
a6ec5f50-aa66-4ad4-8b97-10a6f9eacaad,ansiosa pra maratona de programação de hoje,Maratona,0.0
13c63d6c-e94d-4b8b-829b-3a6f523ac131,realmente queria muito saber qual o shampoo do patrick (não ouvi direito ontem),Patrick,0.0
13c63d6c-e94d-4b8b-829b-3a6f523ac131,realmente queria muito saber qual o shampoo do patrick (não ouvi direito ontem),Shampoo,0.0
13c63d6c-e94d-4b8b-829b-3a6f523ac131,realmente queria muito saber qual o shampoo do patrick (não ouvi direito ontem),Secom,0.0
9a75dc4c-7a4e-49c6-b73b-62eafd9c8b73,qual shampoo o patrick usa,Patrick,0.0
03164614-b683-45b1-98f0-7179e65cd4ed,qual o condicionador do patrick,Patrick,0.0
03164614-b683-45b1-98f0-7179e65cd4ed,qual o condicionador do patrick,Condicionador,0.0
d3028b07-211a-405d-9f82-13b8d82aeff8,qual o shampoo do patrick,Patrick,0.0
d3028b07-211a-405d-9f82-13b8d82aeff8,qual o shampoo do patrick,Shampoo,0.0
9a75dc4c-7a4e-49c6-b73b-62eafd9c8b73,pessoal da comissão de,Secom,0.0
9a75dc4c-7a4e-49c6-b73b-62eafd9c8b73,-sports está de parabéns,Fifa,0.5994
43aca24c-d788-497e-8521-06df728eeaf8,"rapazeada, qual o shampoo do patrick",Patrick,0.0
43aca24c-d788-497e-8521-06df728eeaf8,"rapazeada, qual o shampoo do patrick",Shampoo,0.0
15ae4086-4952-4aac-a16b-5c2852e5e523,que lore é essa sobre o shampoo que o patrick usa,Patrick,0.0
15ae4086-4952-4aac-a16b-5c2852e5e523,que lore é essa sobre o shampoo que o patrick usa,Shampoo,0.0
226440c8-ce0c-42b8-a37b-8435e915955d,qual o shampoo do patrick,Patrick,0.0
226440c8-ce0c-42b8-a37b-8435e915955d,qual o shampoo do patrick,Shampoo,0.0
3f05e03e-45ce-4e65-b2f3-cf3a76e21fa1,qual o shampoo do patrick,Patrick,0.0
3f05e03e-45ce-4e65-b2f3-cf3a76e21fa1,qual o shampoo do patrick,Shampoo,0.0
9cc1a365-6476-4f22-bf74-2a453e1e8443,animado pra essa palestra,Palestra,0.4404
ae0cbeae-1ff0-406f-a78a-a80a71120100,"caramba, qual shampoo o patrick usa",Patrick,0.0
ae0cbeae-1ff0-406f-a78a-a80a71120100,"caramba, qual shampoo o patrick usa",Secom,0.0
15ae4086-4952-4aac-a16b-5c2852e5e523,qual o shampoo do patrick,Patrick,0.0
15ae4086-4952-4aac-a16b-5c2852e5e523,qual o shampoo do patrick,Shampoo,0.0
780e911b-3537-4deb-8eae-0ce33981b3d2,"entretanto tenho uma dúvida, o aluno patrick estava com o cabelo belo",Duvida,0.1027
780e911b-3537-4deb-8eae-0ce33981b3d2,"entretanto tenho uma dúvida, o aluno patrick estava com o cabelo belo",Cabelo,0.1027
780e911b-3537-4deb-8eae-0ce33981b3d2,"entretanto tenho uma dúvida, o aluno patrick estava com o cabelo belo",Curso,0.1027
15ae4086-4952-4aac-a16b-5c2852e5e523,bem que podia começar mais tarde esse credenciamento né,Credenciamento,0.2732
a6ec5f50-aa66-4ad4-8b97-10a6f9eacaad,qual o shampoo o patrick usa,Patrick,0.0
a6ec5f50-aa66-4ad4-8b97-10a6f9eacaad,qual o shampoo o patrick usa,Shampoo,0.0
03164614-b683-45b1-98f0-7179e65cd4ed,gostei muito dos jogos,Jogos,0.4215
03164614-b683-45b1-98f0-7179e65cd4ed,senti falta dos games,Jogos,-0.3612
03164614-b683-45b1-98f0-7179e65cd4ed,senti falta dos games,Falta,-0.3612
50a1eb8e-50fb-4cc4-b79b-6b4b2a4a8c61,"meus bons, que shampoo o patrick usa",Patrick,0.4588
f0158b5a-82ff-410c-81f2-d51f7e345b45,eu uso pantene🫡,Secom,0.0
780e911b-3537-4deb-8eae-0ce33981b3d2,"a final de valorant foi um dos melhores eventos que já participei no curso, deveriam haver mais",Valorant,0.0
780e911b-3537-4deb-8eae-0ce33981b3d2,"a final de valorant foi um dos melhores eventos que já participei no curso, deveriam haver mais",Final,0.0
780e911b-3537-4deb-8eae-0ce33981b3d2,"a final de valorant foi um dos melhores eventos que já participei no curso, deveriam haver mais",Eventos,0.0
780e911b-3537-4deb-8eae-0ce33981b3d2,"a final de valorant foi um dos melhores eventos que já participei no curso, deveriam haver mais",Curso,0.0
8aed64cf-df9c-4421-bff3-6c07fee239b1,qual a preparação capilar do patrick pré-jogo,Patrick,0.0
8aed64cf-df9c-4421-bff3-6c07fee239b1,qual a preparação capilar do patrick pré-jogo,Secom,0.0
f0158b5a-82ff-410c-81f2-d51f7e345b45,"nós temos a game jam,",Jogos,0.0
f0158b5a-82ff-410c-81f2-d51f7e345b45,para aqueles interessados em fazer jogos,Interesse,0.0
f0158b5a-82ff-410c-81f2-d51f7e345b45,para aqueles interessados em fazer jogos,Jogos,0.0
13c63d6c-e94d-4b8b-829b-3a6f523ac131,ansioso para a maratona de programação,Programacao,0.2263
13c63d6c-e94d-4b8b-829b-3a6f523ac131,ansioso para a maratona de programação,Maratona,0.2263
c0f15389-3383-4e94-b413-2fd78bcd0b68,excelente estrutura,Estrutura,0.6249
c0f15389-3383-4e94-b413-2fd78bcd0b68,ótimas música de intervalo,Musica,0.6705
c0f15389-3383-4e94-b413-2fd78bcd0b68,ótimas música de intervalo,Intervalo,0.6705
a5551753-5cda-4641-bc94-7d92707ef19c,qual o xampoo do patrick,Patrick,0.0
a5551753-5cda-4641-bc94-7d92707ef19c,qual o xampoo do patrick,Condicionador,0.0
15ae4086-4952-4aac-a16b-5c2852e5e523,curioso sobre como vai ser a gamejam,Jogos,-0.2023
a5551753-5cda-4641-bc94-7d92707ef19c,podia ter um cofre break no meio do sipeec,Break,0.0
a5551753-5cda-4641-bc94-7d92707ef19c,podia ter um cofre break no meio do sipeec,Secom,0.0
15ae4086-4952-4aac-a16b-5c2852e5e523,esperando pela maratona de programação essa tarde,Tempo,0.0
15ae4086-4952-4aac-a16b-5c2852e5e523,esperando pela maratona de programação essa tarde,Programacao,0.0
15ae4086-4952-4aac-a16b-5c2852e5e523,esperando pela maratona de programação essa tarde,Maratona,0.0
c0f15389-3383-4e94-b413-2fd78bcd0b68,final do valorant excepcional,Valorant,0.6124
c0f15389-3383-4e94-b413-2fd78bcd0b68,final do valorant excepcional,Final,0.6124
689ae6f3-7314-4e99-96bf-585b2a9cfb77,qual o shampoo so patrick,Shampoo,0.0
13c63d6c-e94d-4b8b-829b-3a6f523ac131,fotógrafo do dia 05 muito bom,Fotografo,0.4588
780e911b-3537-4deb-8eae-0ce33981b3d2,precisamos de um time profissional de,Tempo,0.0
d51c3bbb-185b-4a34-848a-607621bd7cc2,qual shampoo o patrick usa,Patrick,0.0
a5551753-5cda-4641-bc94-7d92707ef19c,só tava um pouco frio,Frio,0.0
f0158b5a-82ff-410c-81f2-d51f7e345b45,alguém tire a câmera daquele fotógrafo,Fotografo,0.0
7d582411-e617-4105-8edf-bca7ee066eca,uma dúvida sincera qual o shampoo do patrick,Patrick,-0.296
7d582411-e617-4105-8edf-bca7ee066eca,uma dúvida sincera qual o shampoo do patrick,Shampoo,-0.296
7d582411-e617-4105-8edf-bca7ee066eca,uma dúvida sincera qual o shampoo do patrick,Duvida,-0.296
c0f15389-3383-4e94-b413-2fd78bcd0b68,palestras sobre ia muito boa,Palestra,0.4588
c0f15389-3383-4e94-b413-2fd78bcd0b68,coffee break necessita de mais salgados,Break,0.0
19f49226-5a60-463b-85d3-ac562e4eddc4,"bom dia família, só queria saber qual shampoo o patrick usa, o cabelo do cara é sedoso",Secom,0.4588
19f49226-5a60-463b-85d3-ac562e4eddc4,"bom dia família, só queria saber qual shampoo o patrick usa, o cabelo do cara é sedoso",Patrick,0.4588
19f49226-5a60-463b-85d3-ac562e4eddc4,"bom dia família, só queria saber qual shampoo o patrick usa, o cabelo do cara é sedoso",Shampoo,0.4588
19f49226-5a60-463b-85d3-ac562e4eddc4,"bom dia família, só queria saber qual shampoo o patrick usa, o cabelo do cara é sedoso",Cabelo,0.4588
19f49226-5a60-463b-85d3-ac562e4eddc4,"bom dia família, só queria saber qual shampoo o patrick usa, o cabelo do cara é sedoso",Familia,0.4588
15ae4086-4952-4aac-a16b-5c2852e5e523,cofee break foi boa,Coffe,0.4588
19f49226-5a60-463b-85d3-ac562e4eddc4,tema muito daora do gamejam,Jogos,0.0
19f49226-5a60-463b-85d3-ac562e4eddc4,tema muito daora do gamejam,Secom,0.0
15ae4086-4952-4aac-a16b-5c2852e5e523,podem tirar a câmera desse fotógrafo mesmo,Fotografo,0.0
b63a6449-71ad-4d70-9775-5e3d90f6055a,o destino de todo professor de cdc é ficar calvo,Tcc,0.0
b63a6449-71ad-4d70-9775-5e3d90f6055a,o destino de todo professor de cdc é ficar calvo,Professor,0.0
b63a6449-71ad-4d70-9775-5e3d90f6055a,o destino de todo professor de cdc é ficar calvo,Caso,0.0
19f49226-5a60-463b-85d3-ac562e4eddc4,"as palestras do dia 1 foram muito interessantes, interessantes saber mais sobre as ias",Interesse,0.0
19f49226-5a60-463b-85d3-ac562e4eddc4,"as palestras do dia 1 foram muito interessantes, interessantes saber mais sobre as ias",Palestra,0.0
19f49226-5a60-463b-85d3-ac562e4eddc4,"as palestras do dia 1 foram muito interessantes, interessantes saber mais sobre as ias",Secom,0.0
f7781785-ccfa-4120-856f-3781bcf14d45,muito boa as palestras,Palestra,0.4588
226440c8-ce0c-42b8-a37b-8435e915955d,"senti saudade dos quibes no coffe break akakakakak
sem ele tava gostoso,",Coffe,0.6597
226440c8-ce0c-42b8-a37b-8435e915955d,"senti saudade dos quibes no coffe break akakakakak
sem ele tava gostoso,",Secom,0.6597
226440c8-ce0c-42b8-a37b-8435e915955d,faltou o charme q o quibe traz,Charme,0.0516
226440c8-ce0c-42b8-a37b-8435e915955d,faltou o charme q o quibe traz,Secom,0.0516
50a1eb8e-50fb-4cc4-b79b-6b4b2a4a8c61,a secom está muito braba esse ano,Secom,0.0
d13dce39-51a4-4170-8b39-f06cb1f6adf6,patrick nos conte qual shampoo vc usa,Shampoo,0.0
15ae4086-4952-4aac-a16b-5c2852e5e523,vida de professor é complicada,Vida,0.0
15ae4086-4952-4aac-a16b-5c2852e5e523,vida de professor é complicada,Professor,0.0
15ae4086-4952-4aac-a16b-5c2852e5e523,todos ficando calvos,Secom,0.0
15ae4086-4952-4aac-a16b-5c2852e5e523,ter que mudar meus planos pro futuro,Projetos,0.0
15ae4086-4952-4aac-a16b-5c2852e5e523,ter que mudar meus planos pro futuro,Pro,0.0
e2b6d403-470e-4752-8767-48575bb10c67,as palestras do dia 1 foram dahoras,Palestra,0.0
e2b6d403-470e-4752-8767-48575bb10c67,as palestras do dia 1 foram dahoras,Secom,0.0
19f49226-5a60-463b-85d3-ac562e4eddc4,"a linguagem desenvolvida pelo eduardo antunes parece muito interessante, esperamos que no futuro esteja na matéria de lp da thaís",Teoria,0.4019
19f49226-5a60-463b-85d3-ac562e4eddc4,"a linguagem desenvolvida pelo eduardo antunes parece muito interessante, esperamos que no futuro esteja na matéria de lp da thaís",Secom,0.4019
19f49226-5a60-463b-85d3-ac562e4eddc4,"a linguagem desenvolvida pelo eduardo antunes parece muito interessante, esperamos que no futuro esteja na matéria de lp da thaís",Antunes,0.4019
19f49226-5a60-463b-85d3-ac562e4eddc4,"a linguagem desenvolvida pelo eduardo antunes parece muito interessante, esperamos que no futuro esteja na matéria de lp da thaís",Futuro,0.4019
19f49226-5a60-463b-85d3-ac562e4eddc4,"a linguagem desenvolvida pelo eduardo antunes parece muito interessante, esperamos que no futuro esteja na matéria de lp da thaís",Thais,0.4019
19f49226-5a60-463b-85d3-ac562e4eddc4,"a linguagem desenvolvida pelo eduardo antunes parece muito interessante, esperamos que no futuro esteja na matéria de lp da thaís",Linguagem,0.4019
226440c8-ce0c-42b8-a37b-8435e915955d,muito animada com a maratona hoje :),Maratona,0.4588
8f243416-db6e-4185-8133-0e0433d6c30a,ansioso pelo lol hoje,Lol,0.6705
15ae4086-4952-4aac-a16b-5c2852e5e523,o troféu do torneio de,Campeonato,0.0
15ae4086-4952-4aac-a16b-5c2852e5e523,o troféu do torneio de,Torneio,0.0
15ae4086-4952-4aac-a16b-5c2852e5e523,-sports é fofo,Fifa,0.0
15ae4086-4952-4aac-a16b-5c2852e5e523,gostei da estética bissexual da secom,Estetica,0.4215
15ae4086-4952-4aac-a16b-5c2852e5e523,gostei da estética bissexual da secom,Secom,0.4215
50a1eb8e-50fb-4cc4-b79b-6b4b2a4a8c61,o coffee break estava brabo,Coffee,0.0
50a1eb8e-50fb-4cc4-b79b-6b4b2a4a8c61,o coffee break estava brabo,Break,0.0
19f49226-5a60-463b-85d3-ac562e4eddc4,"foi muito gratificante apresentar na sipeec, o pessoal tava prestando atenção em todas as palestras",Palestra,0.25
19f49226-5a60-463b-85d3-ac562e4eddc4,"foi muito gratificante apresentar na sipeec, o pessoal tava prestando atenção em todas as palestras",Secom,0.25
13c63d6c-e94d-4b8b-829b-3a6f523ac131,pode participar da gamejam,Jogos,0.0
13c63d6c-e94d-4b8b-829b-3a6f523ac131,da maratona de programação,Programacao,0.0
13c63d6c-e94d-4b8b-829b-3a6f523ac131,da maratona de programação,Maratona,0.0
8f243416-db6e-4185-8133-0e0433d6c30a,partida do valorant foi emocionante,Valorant,0.4767
8f243416-db6e-4185-8133-0e0433d6c30a,partida do valorant foi emocionante,Secom,0.4767
02af807d-7123-444e-b61e-89eaf92be60f,a bolsa cantou,Mochila,0.0
092f2a22-65fe-4b1e-a8de-356ce785cea3,ansiosa pelo coffee break,Coffee,0.0
092f2a22-65fe-4b1e-a8de-356ce785cea3,ansiosa pelo coffee break,Break,0.0
226440c8-ce0c-42b8-a37b-8435e915955d,qual projeto foi oficialmente declarado o melhor da faculdade,Projetos,0.4404
226440c8-ce0c-42b8-a37b-8435e915955d,qual projeto foi oficialmente declarado o melhor da faculdade,Curso,0.4404
226440c8-ce0c-42b8-a37b-8435e915955d,"akakakakak
parece que ficou entre o mymobiconf, o virtual labs",Labs,0.0
226440c8-ce0c-42b8-a37b-8435e915955d,"akakakakak
parece que ficou entre o mymobiconf, o virtual labs",Mymobiconf,0.0
226440c8-ce0c-42b8-a37b-8435e915955d,a empresa junior,Empresa,0.0
219bdf7f-fa3a-4d8f-9e33-b83980cc7afb,cadê o frio de ontem,Frio,0.0
50a1eb8e-50fb-4cc4-b79b-6b4b2a4a8c61,os troféus da game jam estão incríveis 😮😮,Campeonato,0.6705
50a1eb8e-50fb-4cc4-b79b-6b4b2a4a8c61,os troféus da game jam estão incríveis 😮😮,Jogos,0.6705
15ae4086-4952-4aac-a16b-5c2852e5e523,estou utilizando o aplicativo para expôr minhas opiniões,App,-0.296
15ae4086-4952-4aac-a16b-5c2852e5e523,estou utilizando o aplicativo para expôr minhas opiniões,Secom,-0.296
15ae4086-4952-4aac-a16b-5c2852e5e523,dúvidas sobre as palestras,Palestra,-0.296
15ae4086-4952-4aac-a16b-5c2852e5e523,dúvidas sobre as palestras,Secom,-0.296
f7781785-ccfa-4120-856f-3781bcf14d45,ansioso pra palestra sobre o mercado de jogos,Palestra,0.3612
f7781785-ccfa-4120-856f-3781bcf14d45,ansioso pra palestra sobre o mercado de jogos,Jogos,0.3612
f7781785-ccfa-4120-856f-3781bcf14d45,ansioso pra palestra sobre o mercado de jogos,Mercado,0.3612
08101ce6-e4af-4e12-81d5-87afcafc4b3b,secom dos jogos 🎮🚀,Jogos,0.0
4a38eef3-4375-45b4-b386-649cb518c20b,mercado de jogos mais importante q muitos outras indústrias,Jogos,0.3182
4a38eef3-4375-45b4-b386-649cb518c20b,mercado de jogos mais importante q muitos outras indústrias,Empresa,0.3182
4a38eef3-4375-45b4-b386-649cb518c20b,mercado de jogos mais importante q muitos outras indústrias,Mercado,0.3182
4a38eef3-4375-45b4-b386-649cb518c20b,esports não é esporte no brasil kkkkkkkkkkkkk,Brasil,-0.296
4a38eef3-4375-45b4-b386-649cb518c20b,esports não é esporte no brasil kkkkkkkkkkkkk,Fifa,-0.296
4a38eef3-4375-45b4-b386-649cb518c20b,esports não é esporte no brasil kkkkkkkkkkkkk,Secom,-0.296
219bdf7f-fa3a-4d8f-9e33-b83980cc7afb,ligaaaa o aaaaaarrr,Lol,0.0
4a38eef3-4375-45b4-b386-649cb518c20b,dito isso não tem um  jogo aaa que seja bom atualmente,Jogos,0.2023
226440c8-ce0c-42b8-a37b-8435e915955d,números relacionados ao mercado de jogos me impressionam muito kakakakakaka,Kakakakakaka,0.0
226440c8-ce0c-42b8-a37b-8435e915955d,números relacionados ao mercado de jogos me impressionam muito kakakakakaka,Numero,0.0
226440c8-ce0c-42b8-a37b-8435e915955d,números relacionados ao mercado de jogos me impressionam muito kakakakakaka,Jogos,0.0
226440c8-ce0c-42b8-a37b-8435e915955d,números relacionados ao mercado de jogos me impressionam muito kakakakakaka,Mercado,0.0
058b3f94-6774-45aa-bc57-07dacfd0704b,iniciações ciêntificas incriveis,Apresentacao,0.6705
058b3f94-6774-45aa-bc57-07dacfd0704b,ufv vai levar o campeonato de,Campeonato,0.4404
058b3f94-6774-45aa-bc57-07dacfd0704b,-esportes,Fifa,0.0
092f2a22-65fe-4b1e-a8de-356ce785cea3,não sabia que o mercado de jogos era tão grande assim,Jogos,0.2716
092f2a22-65fe-4b1e-a8de-356ce785cea3,não sabia que o mercado de jogos era tão grande assim,Mercado,0.2716
219bdf7f-fa3a-4d8f-9e33-b83980cc7afb,vai todo mundo ser solado hj no beat saber,Beat,0.0
219bdf7f-fa3a-4d8f-9e33-b83980cc7afb,vai todo mundo ser solado hj no beat saber,Secom,0.0
058b3f94-6774-45aa-bc57-07dacfd0704b,"palestra necessária, muito didática",Palestra,0.0
19f49226-5a60-463b-85d3-ac562e4eddc4,interessante saber que a indústria de games é mais rentável que a cinematográfica,Jogos,0.6808
19f49226-5a60-463b-85d3-ac562e4eddc4,interessante saber que a indústria de games é mais rentável que a cinematográfica,Empresa,0.6808
19f49226-5a60-463b-85d3-ac562e4eddc4,interessante saber que a indústria de games é mais rentável que a cinematográfica,Animacao,0.6808
19f49226-5a60-463b-85d3-ac562e4eddc4,"a musical, não fazia ideia",Musica,-0.6249
19f49226-5a60-463b-85d3-ac562e4eddc4,"a musical, não fazia ideia",Projetos,-0.6249
058b3f94-6774-45aa-bc57-07dacfd0704b,muito bom o copilot,Copilot,0.4588
64a69630-bdc5-4e29-9090-492d31a34e0d,quais os jogos mais populares no brasil,Brasil,0.0
64a69630-bdc5-4e29-9090-492d31a34e0d,quais os jogos mais populares no brasil,Jogos,0.0
058b3f94-6774-45aa-bc57-07dacfd0704b,aprendizado de máquina é muito doido,Maquina,0.0
7833a43c-88df-41ce-9608-368ecac536a1,"sabia que o mercado de jogos era grande,",Jogos,0.4588
7833a43c-88df-41ce-9608-368ecac536a1,"sabia que o mercado de jogos era grande,",Mercado,0.4588
64a69630-bdc5-4e29-9090-492d31a34e0d,qual o jogo mais famoso desenvolvido pela umbu,Jogos,0.0
64a69630-bdc5-4e29-9090-492d31a34e0d,qual o jogo mais famoso desenvolvido pela umbu,Secom,0.0
678d1b14-8c07-44f6-9f14-14fdbf7b4135,"lugar bacana tb, geladinho",Secom,0.0
678d1b14-8c07-44f6-9f14-14fdbf7b4135,palestra top,Palestra,0.6124
7833a43c-88df-41ce-9608-368ecac536a1,nunca imaginei que o faturamento de jogos era maior que o de filmes,Animacao,0.6369
7833a43c-88df-41ce-9608-368ecac536a1,nunca imaginei que o faturamento de jogos era maior que o de filmes,Jogos,0.6369
7833a43c-88df-41ce-9608-368ecac536a1,nunca imaginei que o faturamento de jogos era maior que o de filmes,Faturamento,0.6369
7833a43c-88df-41ce-9608-368ecac536a1,"música, é muito doido isso",Musica,0.0
219bdf7f-fa3a-4d8f-9e33-b83980cc7afb,coffebreak🤤,Coffebreak,0.0
30a1d1e4-da0d-4f67-9908-6bc16a47ebc4,o lanche poderia ser diferente:(,Lanche,0.0
4a38eef3-4375-45b4-b386-649cb518c20b,tô com fome 🤤,Fome,-0.4404
30a1d1e4-da0d-4f67-9908-6bc16a47ebc4,ótima palestra sobre ia,Palestra,0.6705
30a1d1e4-da0d-4f67-9908-6bc16a47ebc4,gostei da ideia do apito,Almoco,-0.0258
30a1d1e4-da0d-4f67-9908-6bc16a47ebc4,gostei da ideia do apito,Projetos,-0.0258
219bdf7f-fa3a-4d8f-9e33-b83980cc7afb,vem aí lol 2,Lol,0.0516
30a1d1e4-da0d-4f67-9908-6bc16a47ebc4,cadeiras confortáveis,Cadeiras,0.0
9cc1a365-6476-4f22-bf74-2a453e1e8443,palestra de jogos muito boa,Palestra,0.4588
9cc1a365-6476-4f22-bf74-2a453e1e8443,palestra de jogos muito boa,Jogos,0.4588
c0f15389-3383-4e94-b413-2fd78bcd0b68,ótima palestra sobre um mercado de jogos,Palestra,0.6705
c0f15389-3383-4e94-b413-2fd78bcd0b68,ótima palestra sobre um mercado de jogos,Jogos,0.6705
c0f15389-3383-4e94-b413-2fd78bcd0b68,ótima palestra sobre um mercado de jogos,Mercado,0.6705
12c8e1ec-c662-415a-b106-b64ccb7ece3f,o evento esse ano está com uma estética muito bacana,Estetica,0.0
12c8e1ec-c662-415a-b106-b64ccb7ece3f,o tema de jogos é algo muito interessante,Jogos,0.3446
12c8e1ec-c662-415a-b106-b64ccb7ece3f,o tema de jogos é algo muito interessante,Secom,0.3446
092f2a22-65fe-4b1e-a8de-356ce785cea3,ótima palestra,Palestra,0.6705
30a1d1e4-da0d-4f67-9908-6bc16a47ebc4,ótimo conhecer sobre o mercado de jogos,Jogos,0.6705
30a1d1e4-da0d-4f67-9908-6bc16a47ebc4,ótimo conhecer sobre o mercado de jogos,Mercado,0.6705
9cc1a365-6476-4f22-bf74-2a453e1e8443,"o que seria ""jogos sérios"" que ele estava falando",Jogos,-0.6369
30a1d1e4-da0d-4f67-9908-6bc16a47ebc4,o fotógrafo sabe oque está fazendo,Fotografo,0.0
780e911b-3537-4deb-8eae-0ce33981b3d2,o wifi está horrível 😔,Wi-fi,-0.5719
30a1d1e4-da0d-4f67-9908-6bc16a47ebc4,gostei do campeonato ontem,Campeonato,0.6908
12c8e1ec-c662-415a-b106-b64ccb7ece3f,é interessante ver a integração do mercado de jogos,Interacao,0.4019
12c8e1ec-c662-415a-b106-b64ccb7ece3f,é interessante ver a integração do mercado de jogos,Jogos,0.4019
12c8e1ec-c662-415a-b106-b64ccb7ece3f,é interessante ver a integração do mercado de jogos,Mercado,0.4019
12c8e1ec-c662-415a-b106-b64ccb7ece3f,o setor acadêmico,Empresa,0.0
12c8e1ec-c662-415a-b106-b64ccb7ece3f,muito bacana trazer profissionais dentro do mercado de trabalho para falar um pouco mais,Mercado,-0.1531
12c8e1ec-c662-415a-b106-b64ccb7ece3f,muito bacana trazer profissionais dentro do mercado de trabalho para falar um pouco mais,Trabalho,-0.1531
30a1d1e4-da0d-4f67-9908-6bc16a47ebc4,ansioso pelos games casuais de hoje,Jogos,0.3612
4ce79311-38e9-401a-bb36-d1b6ad9ff2d3,ótima palestra pra começar o dia,Palestra,0.6705
12c8e1ec-c662-415a-b106-b64ccb7ece3f,muito bom termos uma melhor refrigeração esse ano do espaço,Refatoracao,0.7096
12c8e1ec-c662-415a-b106-b64ccb7ece3f,muito bom termos uma melhor refrigeração esse ano do espaço,Secom,0.7096
7833a43c-88df-41ce-9608-368ecac536a1,"um feedback pro mymobiconf: os comentários poderiam ficar se atualizando, a gente tem que ficar saindo",Opiniao,0.0
7833a43c-88df-41ce-9608-368ecac536a1,voltando da aba pra carregar os novos comentários,Almoco,0.0
780e911b-3537-4deb-8eae-0ce33981b3d2,não sei nada de game development,Jogos,-0.296
780e911b-3537-4deb-8eae-0ce33981b3d2,vou participar da game jam 😎,Jogos,0.0
12c8e1ec-c662-415a-b106-b64ccb7ece3f,"seria bom fechar o evento para o pessoal do curso, para conseguirmos disponibilizar mais vagas pra todos",Curso,0.2023
12c8e1ec-c662-415a-b106-b64ccb7ece3f,"seria bom fechar o evento para o pessoal do curso, para conseguirmos disponibilizar mais vagas pra todos",Secom,0.2023
0420c57a-0aa8-45b1-9166-f455c0711707,qual o faturamento médio da umbu,Secom,0.0
0420c57a-0aa8-45b1-9166-f455c0711707,qual o faturamento médio da umbu,Faturamento,0.0
780e911b-3537-4deb-8eae-0ce33981b3d2,"gente, se tiverem feedbacks sobre o app mandem no questionário do mymobiconf que acho que será melhor para o time visualizar por lá",App,0.3182
780e911b-3537-4deb-8eae-0ce33981b3d2,"gente, se tiverem feedbacks sobre o app mandem no questionário do mymobiconf que acho que será melhor para o time visualizar por lá",Pergunta,0.3182
780e911b-3537-4deb-8eae-0ce33981b3d2,"gente, se tiverem feedbacks sobre o app mandem no questionário do mymobiconf que acho que será melhor para o time visualizar por lá",Tempo,0.3182
780e911b-3537-4deb-8eae-0ce33981b3d2,"gente, se tiverem feedbacks sobre o app mandem no questionário do mymobiconf que acho que será melhor para o time visualizar por lá",Mymobiconf,0.3182
b99c9940-1ccf-4ec6-963a-9a233fddde70,"foi muito bacana entender como está projeto o futuro do desenvolvimento, com o auxílio das assistente ia",Futuro,0.0
b99c9940-1ccf-4ec6-963a-9a233fddde70,"foi muito bacana entender como está projeto o futuro do desenvolvimento, com o auxílio das assistente ia",Desenvolvimento,0.0
b99c9940-1ccf-4ec6-963a-9a233fddde70,"foi muito bacana entender como está projeto o futuro do desenvolvimento, com o auxílio das assistente ia",Acrescimo,0.0
b99c9940-1ccf-4ec6-963a-9a233fddde70,"foi muito bacana entender como está projeto o futuro do desenvolvimento, com o auxílio das assistente ia",Trabalho,0.0
9cc1a365-6476-4f22-bf74-2a453e1e8443,qual shampoo o patrick usa,Patrick,0.0
b6692dfb-d9b8-409b-ac8e-4ffe98e5a57b,"qual sua dica de organização de uma equipe iniciante de desenvolvimento de jogos, quanto a quantidade de pessoal forma de trabalho, etc",Organizacao,0.0
b6692dfb-d9b8-409b-ac8e-4ffe98e5a57b,"qual sua dica de organização de uma equipe iniciante de desenvolvimento de jogos, quanto a quantidade de pessoal forma de trabalho, etc",Numero,0.0
b6692dfb-d9b8-409b-ac8e-4ffe98e5a57b,"qual sua dica de organização de uma equipe iniciante de desenvolvimento de jogos, quanto a quantidade de pessoal forma de trabalho, etc",Secom,0.0
b6692dfb-d9b8-409b-ac8e-4ffe98e5a57b,"qual sua dica de organização de uma equipe iniciante de desenvolvimento de jogos, quanto a quantidade de pessoal forma de trabalho, etc",Desenvolvimento,0.0
b6692dfb-d9b8-409b-ac8e-4ffe98e5a57b,"qual sua dica de organização de uma equipe iniciante de desenvolvimento de jogos, quanto a quantidade de pessoal forma de trabalho, etc",Forma,0.0
b6692dfb-d9b8-409b-ac8e-4ffe98e5a57b,"qual sua dica de organização de uma equipe iniciante de desenvolvimento de jogos, quanto a quantidade de pessoal forma de trabalho, etc",Trabalho,0.0
b6692dfb-d9b8-409b-ac8e-4ffe98e5a57b,"qual sua dica de organização de uma equipe iniciante de desenvolvimento de jogos, quanto a quantidade de pessoal forma de trabalho, etc",Jogos,0.0
b6692dfb-d9b8-409b-ac8e-4ffe98e5a57b,"qual sua dica de organização de uma equipe iniciante de desenvolvimento de jogos, quanto a quantidade de pessoal forma de trabalho, etc",Equipe,0.0
b6692dfb-d9b8-409b-ac8e-4ffe98e5a57b,qual sua experiência com jogos educacionais,Experiencia,0.0
b6692dfb-d9b8-409b-ac8e-4ffe98e5a57b,qual sua experiência com jogos educacionais,Jogos,0.0
b6692dfb-d9b8-409b-ac8e-4ffe98e5a57b,quais dicas pode dar para equipes que os desenvolvem,Equipe,-0.1531
b6692dfb-d9b8-409b-ac8e-4ffe98e5a57b,quais dicas pode dar para equipes que os desenvolvem,Dicas,-0.1531
9a75dc4c-7a4e-49c6-b73b-62eafd9c8b73,a umbu já usou a  linguagem de programação lua,Linguagem,0.0
9a75dc4c-7a4e-49c6-b73b-62eafd9c8b73,a umbu já usou a  linguagem de programação lua,Programacao,0.0
9a75dc4c-7a4e-49c6-b73b-62eafd9c8b73,a umbu já usou a  linguagem de programação lua,Secom,0.0
9a75dc4c-7a4e-49c6-b73b-62eafd9c8b73,qual a linguagem de programação que a umbu mais usou pra fazer jogos,Linguagem,0.0
9a75dc4c-7a4e-49c6-b73b-62eafd9c8b73,qual a linguagem de programação que a umbu mais usou pra fazer jogos,Jogos,0.0
9a75dc4c-7a4e-49c6-b73b-62eafd9c8b73,qual a linguagem de programação que a umbu mais usou pra fazer jogos,Programacao,0.0
9a75dc4c-7a4e-49c6-b73b-62eafd9c8b73,qual a linguagem de programação que a umbu mais usou pra fazer jogos,Secom,0.0
d3028b07-211a-405d-9f82-13b8d82aeff8,parabéns pela palestra,Palestra,0.5994
780e911b-3537-4deb-8eae-0ce33981b3d2,como vai ser a gamejam se a internet não está funcionando,Jogos,-0.296
780e911b-3537-4deb-8eae-0ce33981b3d2,como vai ser a gamejam se a internet não está funcionando,Internet,-0.296
4a38eef3-4375-45b4-b386-649cb518c20b,"o será que ele acha que o mercado de jogos está saturado com jogos aaa, com jogos indie recebendo mais avaliações positivas recentemente",Almoco,0.4939
4a38eef3-4375-45b4-b386-649cb518c20b,"o será que ele acha que o mercado de jogos está saturado com jogos aaa, com jogos indie recebendo mais avaliações positivas recentemente",Jogos,0.4939
4a38eef3-4375-45b4-b386-649cb518c20b,"o será que ele acha que o mercado de jogos está saturado com jogos aaa, com jogos indie recebendo mais avaliações positivas recentemente",Avaliacoes,0.4939
4a38eef3-4375-45b4-b386-649cb518c20b,"o será que ele acha que o mercado de jogos está saturado com jogos aaa, com jogos indie recebendo mais avaliações positivas recentemente",Mercado,0.4939
19f49226-5a60-463b-85d3-ac562e4eddc4,em quais linguagens de programação vocês desenvolvem os jogos,Linguagem,0.0
19f49226-5a60-463b-85d3-ac562e4eddc4,em quais linguagens de programação vocês desenvolvem os jogos,Jogos,0.0
19f49226-5a60-463b-85d3-ac562e4eddc4,em quais linguagens de programação vocês desenvolvem os jogos,Programacao,0.0
023d3c99-a60f-4734-88e2-de4c9944c95a,no brasil existem empresas que desenvolvem jogos do gênero visual novel,Brasil,0.0
023d3c99-a60f-4734-88e2-de4c9944c95a,no brasil existem empresas que desenvolvem jogos do gênero visual novel,Jogos,0.0
023d3c99-a60f-4734-88e2-de4c9944c95a,no brasil existem empresas que desenvolvem jogos do gênero visual novel,Empresa,0.0
023d3c99-a60f-4734-88e2-de4c9944c95a,no brasil existem empresas que desenvolvem jogos do gênero visual novel,Genero,0.0
ad08e116-810d-4533-a7c6-9782fcb55f6d,há algum gênero de jogos brasileiros que se destaca em termos de faturamento ou popularidade,Secom,0.6705
ad08e116-810d-4533-a7c6-9782fcb55f6d,há algum gênero de jogos brasileiros que se destaca em termos de faturamento ou popularidade,Popularidade,0.6705
ad08e116-810d-4533-a7c6-9782fcb55f6d,há algum gênero de jogos brasileiros que se destaca em termos de faturamento ou popularidade,Jogos,0.6705
ad08e116-810d-4533-a7c6-9782fcb55f6d,há algum gênero de jogos brasileiros que se destaca em termos de faturamento ou popularidade,Genero,0.6705
ad08e116-810d-4533-a7c6-9782fcb55f6d,há algum gênero de jogos brasileiros que se destaca em termos de faturamento ou popularidade,Faturamento,0.6705
84fb43ff-f2ca-4b32-b090-49467d8ae7a0,muito boa a palestra sobre jogos,Palestra,0.4588
84fb43ff-f2ca-4b32-b090-49467d8ae7a0,muito boa a palestra sobre jogos,Jogos,0.4588
b6692dfb-d9b8-409b-ac8e-4ffe98e5a57b,"aqui na faculdade temos projetos de desenvolvimento de jogos educionais, seria possível obter algum contato com sua equipe para obter dicas",Comunicacao,0.1779
b6692dfb-d9b8-409b-ac8e-4ffe98e5a57b,"aqui na faculdade temos projetos de desenvolvimento de jogos educionais, seria possível obter algum contato com sua equipe para obter dicas",Curso,0.1779
b6692dfb-d9b8-409b-ac8e-4ffe98e5a57b,"aqui na faculdade temos projetos de desenvolvimento de jogos educionais, seria possível obter algum contato com sua equipe para obter dicas",Desenvolvimento,0.1779
b6692dfb-d9b8-409b-ac8e-4ffe98e5a57b,"aqui na faculdade temos projetos de desenvolvimento de jogos educionais, seria possível obter algum contato com sua equipe para obter dicas",Dicas,0.1779
b6692dfb-d9b8-409b-ac8e-4ffe98e5a57b,"aqui na faculdade temos projetos de desenvolvimento de jogos educionais, seria possível obter algum contato com sua equipe para obter dicas",Jogos,0.1779
b6692dfb-d9b8-409b-ac8e-4ffe98e5a57b,"aqui na faculdade temos projetos de desenvolvimento de jogos educionais, seria possível obter algum contato com sua equipe para obter dicas",Equipe,0.1779
b6692dfb-d9b8-409b-ac8e-4ffe98e5a57b,"aqui na faculdade temos projetos de desenvolvimento de jogos educionais, seria possível obter algum contato com sua equipe para obter dicas",Projetos,0.1779
b6692dfb-d9b8-409b-ac8e-4ffe98e5a57b,informações,Informacoes,0.0
0016d182-df26-4200-b287-2b9a2086516b,boas perguntas,Pergunta,0.4588
0016d182-df26-4200-b287-2b9a2086516b,boa palestra para abrir o dia,Palestra,0.34
5bc436a4-ec67-4216-87a7-d9152877d21f,muito legal a palestra sobre o mercado de jogos,Palestra,0.128
5bc436a4-ec67-4216-87a7-d9152877d21f,muito legal a palestra sobre o mercado de jogos,Jogos,0.128
5bc436a4-ec67-4216-87a7-d9152877d21f,muito legal a palestra sobre o mercado de jogos,Mercado,0.128
5bc436a4-ec67-4216-87a7-d9152877d21f,"vou levar esse ar condicionado pra casa, pode",Casa,0.0
0016d182-df26-4200-b287-2b9a2086516b,ele administrou bem o tempo,Tempo,0.2732
0016d182-df26-4200-b287-2b9a2086516b,só achei o número de perguntas baixo,Pergunta,-0.1027
0016d182-df26-4200-b287-2b9a2086516b,só achei o número de perguntas baixo,Numero,-0.1027
b6692dfb-d9b8-409b-ac8e-4ffe98e5a57b,qual sua opinião sobre as engines de desenvolvimento de jogos,Jogos,0.0
b6692dfb-d9b8-409b-ac8e-4ffe98e5a57b,qual sua opinião sobre as engines de desenvolvimento de jogos,Desenvolvimento,0.0
b6692dfb-d9b8-409b-ac8e-4ffe98e5a57b,qual sua opinião sobre as engines de desenvolvimento de jogos,Aceleradores,0.0
b6692dfb-d9b8-409b-ac8e-4ffe98e5a57b,qual sua opinião sobre as engines de desenvolvimento de jogos,Opiniao,0.0
b6692dfb-d9b8-409b-ac8e-4ffe98e5a57b,tem alguma dica sobre a unity,Unity,0.0
b6692dfb-d9b8-409b-ac8e-4ffe98e5a57b,tem alguma dica sobre a unity,Secom,0.0
023d3c99-a60f-4734-88e2-de4c9944c95a,"legal a palestra, muito interessante mesmo",Palestra,0.4939
780e911b-3537-4deb-8eae-0ce33981b3d2,parabéns para a equipe do mymobiconf,Equipe,0.5106
780e911b-3537-4deb-8eae-0ce33981b3d2,parabéns para a equipe do mymobiconf,Mymobiconf,0.5106
780e911b-3537-4deb-8eae-0ce33981b3d2,"para a equipe da organização do evento, esse ano está muito satisfatório participar da secom",Organizacao,0.34
780e911b-3537-4deb-8eae-0ce33981b3d2,"para a equipe da organização do evento, esse ano está muito satisfatório participar da secom",Equipe,0.34
780e911b-3537-4deb-8eae-0ce33981b3d2,"para a equipe da organização do evento, esse ano está muito satisfatório participar da secom",Secom,0.34
780e911b-3537-4deb-8eae-0ce33981b3d2,parabéns para o matheus peixoto pela ótima apresentação do evento,Matheus,0.8316
780e911b-3537-4deb-8eae-0ce33981b3d2,parabéns para o matheus peixoto pela ótima apresentação do evento,Apresentacao,0.8316
780e911b-3537-4deb-8eae-0ce33981b3d2,parabéns para o matheus peixoto pela ótima apresentação do evento,Docker,0.8316
d3028b07-211a-405d-9f82-13b8d82aeff8,pi marcando presença na secom 2024,Secom,0.0
7cf13434-76d6-4046-96fd-1cfd9d429282,muito boa a palestra de jogos,Palestra,0.4588
7cf13434-76d6-4046-96fd-1cfd9d429282,muito boa a palestra de jogos,Jogos,0.4588
9cc1a365-6476-4f22-bf74-2a453e1e8443,ótima palestra,Palestra,0.6705
34c8353a-bcb4-4553-8c2d-fac1c5311ccd,o joão sabe muito,Lol,0.0
ad08e116-810d-4533-a7c6-9782fcb55f6d,muito boa a palestra,Palestra,0.4588
e539ea11-2f5f-48c0-8cd6-f269dd6ed844,"muito interessante, tragam mais palestras sobre o assunto de jogos",Palestra,0.4019
e539ea11-2f5f-48c0-8cd6-f269dd6ed844,"muito interessante, tragam mais palestras sobre o assunto de jogos",Jogos,0.4019
e539ea11-2f5f-48c0-8cd6-f269dd6ed844,"muito interessante, tragam mais palestras sobre o assunto de jogos",Secom,0.4019
4ce79311-38e9-401a-bb36-d1b6ad9ff2d3,coffe break podia ser a tarde ao invés de manhã,Manha,0.0
4ce79311-38e9-401a-bb36-d1b6ad9ff2d3,coffe break podia ser a tarde ao invés de manhã,Inves,0.0
4ce79311-38e9-401a-bb36-d1b6ad9ff2d3,coffe break podia ser a tarde ao invés de manhã,Coffe,0.0
c922b921-1305-4fe3-b76c-649887d97eb4,muito boas as dicas,Dicas,0.4588
c922b921-1305-4fe3-b76c-649887d97eb4,ar co dicionário frio,Frio,0.0
c922b921-1305-4fe3-b76c-649887d97eb4,a parte da tarde era obrigatória,Tempo,0.0
c922b921-1305-4fe3-b76c-649887d97eb4,a parte da tarde era obrigatória,Secom,0.0
c922b921-1305-4fe3-b76c-649887d97eb4,muito boa a palestra,Palestra,0.4588
ae0cbeae-1ff0-406f-a78a-a80a71120100,a palestra sobre games foi muito interessante,Palestra,0.4019
ae0cbeae-1ff0-406f-a78a-a80a71120100,a palestra sobre games foi muito interessante,Jogos,0.4019
ae0cbeae-1ff0-406f-a78a-a80a71120100,coffe braek bom adorei o salgado de frango,Moises,0.4588
ae0cbeae-1ff0-406f-a78a-a80a71120100,coffe braek bom adorei o salgado de frango,Frango,0.4588
ae0cbeae-1ff0-406f-a78a-a80a71120100,coffe braek bom adorei o salgado de frango,Coffe,0.4588
c922b921-1305-4fe3-b76c-649887d97eb4,poderia diminuir a quantidade toda de de comentários,Numero,0.0
c922b921-1305-4fe3-b76c-649887d97eb4,diminuir o salgadonho de milho,Milho,0.0
c922b921-1305-4fe3-b76c-649887d97eb4,diminuir o salgadonho de milho,Secom,0.0
c922b921-1305-4fe3-b76c-649887d97eb4,aumentar a salgadinho de salsicha,Salsicha,0.3182
c922b921-1305-4fe3-b76c-649887d97eb4,aumentar a salgadinho de salsicha,Secom,0.3182
ae0cbeae-1ff0-406f-a78a-a80a71120100,ansioso para a maratona,Maratona,0.2263
a5551753-5cda-4641-bc94-7d92707ef19c,"trazer palestras de temas variados para além de inteligência artificial, como foi no caso da umbu games, enriquece ainda mais o evento",Secom,0.3612
a5551753-5cda-4641-bc94-7d92707ef19c,"trazer palestras de temas variados para além de inteligência artificial, como foi no caso da umbu games, enriquece ainda mais o evento",Palestra,0.3612
a5551753-5cda-4641-bc94-7d92707ef19c,"trazer palestras de temas variados para além de inteligência artificial, como foi no caso da umbu games, enriquece ainda mais o evento",Jogos,0.3612
a5551753-5cda-4641-bc94-7d92707ef19c,"trazer palestras de temas variados para além de inteligência artificial, como foi no caso da umbu games, enriquece ainda mais o evento",Caso,0.3612
a5551753-5cda-4641-bc94-7d92707ef19c,"trazer palestras de temas variados para além de inteligência artificial, como foi no caso da umbu games, enriquece ainda mais o evento",Inteligencia,0.3612
a8795f76-f29d-4a4e-ab33-de80f1fa7eaa,palestra incrível da umbu games,Palestra,0.6705
a8795f76-f29d-4a4e-ab33-de80f1fa7eaa,palestra incrível da umbu games,Jogos,0.6705
a8795f76-f29d-4a4e-ab33-de80f1fa7eaa,palestra incrível da umbu games,Secom,0.6705
8b532002-32a9-47b8-a068-f68ebed037cd,a palestra sobre o mercado de jogos foi muito interessante,Palestra,0.4019
8b532002-32a9-47b8-a068-f68ebed037cd,a palestra sobre o mercado de jogos foi muito interessante,Jogos,0.4019
8b532002-32a9-47b8-a068-f68ebed037cd,a palestra sobre o mercado de jogos foi muito interessante,Mercado,0.4019
8b532002-32a9-47b8-a068-f68ebed037cd,ter feito tantos trabalhos interessantes,Trabalho,0.0
9a75dc4c-7a4e-49c6-b73b-62eafd9c8b73,vai ter ps5 hoje a noite,Luz,0.0
84fb43ff-f2ca-4b32-b090-49467d8ae7a0,"ps5 hoje a noite, ansiosa",Luz,0.0
4ce79311-38e9-401a-bb36-d1b6ad9ff2d3,como vai funcionar os torneios hoje,Torneio,0.0
45025e25-714c-447c-ad00-3f2880882d2b,boa palestra,Palestra,0.4588
45025e25-714c-447c-ad00-3f2880882d2b,ótima palestra,Palestra,0.6705
d13dce39-51a4-4170-8b39-f06cb1f6adf6,primeira palestra foi ótima,Palestra,0.6705
d13dce39-51a4-4170-8b39-f06cb1f6adf6,tenho muito interesse na área de jogos,Interesse,0.4588
d13dce39-51a4-4170-8b39-f06cb1f6adf6,tenho muito interesse na área de jogos,Jogos,0.4588
d13dce39-51a4-4170-8b39-f06cb1f6adf6,tenho muito interesse na área de jogos,Area,0.4588
d13dce39-51a4-4170-8b39-f06cb1f6adf6,qual shampoo patrick usa,Shampoo,0.0
03164614-b683-45b1-98f0-7179e65cd4ed,alguém pelo amor de deus fala oque o patrick passa no cabelo,Patrick,0.743
03164614-b683-45b1-98f0-7179e65cd4ed,alguém pelo amor de deus fala oque o patrick passa no cabelo,Deus,0.743
03164614-b683-45b1-98f0-7179e65cd4ed,alguém pelo amor de deus fala oque o patrick passa no cabelo,Cabelo,0.743
03164614-b683-45b1-98f0-7179e65cd4ed,alguém pelo amor de deus fala oque o patrick passa no cabelo,Secom,0.743
34c8353a-bcb4-4553-8c2d-fac1c5311ccd,coffee break tá virando um evento a parte,Secom,0.0
34c8353a-bcb4-4553-8c2d-fac1c5311ccd,coffee break tá virando um evento a parte,Break,0.0
c3149f3b-36f2-4fbd-a033-c41f8e9fe534,o coffee break perfeito,Coffee,0.6705
c3149f3b-36f2-4fbd-a033-c41f8e9fe534,o coffee break perfeito,Break,0.6705
03164614-b683-45b1-98f0-7179e65cd4ed,acho que na próxima secom deveria ter uma dinâmica pra disputar as sobras do coffebreak,Dinamica,0.2732
03164614-b683-45b1-98f0-7179e65cd4ed,acho que na próxima secom deveria ter uma dinâmica pra disputar as sobras do coffebreak,Coffebreak,0.2732
03164614-b683-45b1-98f0-7179e65cd4ed,acho que na próxima secom deveria ter uma dinâmica pra disputar as sobras do coffebreak,Secom,0.2732
c3149f3b-36f2-4fbd-a033-c41f8e9fe534,o tempo da sipeec foi mto grande,Tempo,0.4588
c3149f3b-36f2-4fbd-a033-c41f8e9fe534,o tempo da sipeec foi mto grande,Mto,0.4588
c3149f3b-36f2-4fbd-a033-c41f8e9fe534,o tempo da sipeec foi mto grande,Secom,0.4588
c3149f3b-36f2-4fbd-a033-c41f8e9fe534,"quem sabe na próxima vez, poderíamos ter 3 minutos de fala apenas",Tempo,0.0
700f7b0c-46a5-4f88-b605-7015d0660e2b,bom dms,Dms,0.4588
4a38eef3-4375-45b4-b386-649cb518c20b,gente eu só peço isso qual é o shampoo que o patrick usa,Patrick,0.0
4a38eef3-4375-45b4-b386-649cb518c20b,gente eu só peço isso qual é o shampoo que o patrick usa,Shampoo,0.0
226440c8-ce0c-42b8-a37b-8435e915955d,animada com a palestra da levty,Palestra,0.0
226440c8-ce0c-42b8-a37b-8435e915955d,animada com a palestra da levty,Secom,0.0
5bc436a4-ec67-4216-87a7-d9152877d21f,ansiosa pela próxima palestra,Palestra,0.0
03164614-b683-45b1-98f0-7179e65cd4ed,ansioso pelos jogos de hoje,Jogos,0.3612
5bc436a4-ec67-4216-87a7-d9152877d21f,"lanchinho delicioso,",Lanche,0.4767
5bc436a4-ec67-4216-87a7-d9152877d21f,queria um docinho em algum dos dias 😋,Falta,0.0
5bc436a4-ec67-4216-87a7-d9152877d21f,queria um docinho em algum dos dias 😋,Secom,0.0
5bc436a4-ec67-4216-87a7-d9152877d21f,muito divertidas as palestras,Palestra,0.0
02af807d-7123-444e-b61e-89eaf92be60f,ansioso pelas palestras,Palestra,0.3612
5bc436a4-ec67-4216-87a7-d9152877d21f,ansiosa pela próxima palestra,Palestra,0.0
64a69630-bdc5-4e29-9090-492d31a34e0d,cadê o doce no coffee break,Coffee,0.4588
64a69630-bdc5-4e29-9090-492d31a34e0d,cadê o doce no coffee break,Break,0.4588
64a69630-bdc5-4e29-9090-492d31a34e0d,cadê o doce no coffee break,Secom,0.4588
219bdf7f-fa3a-4d8f-9e33-b83980cc7afb,liga o ar daqui de trás nmrllll,Nmrllll,0.0
d13dce39-51a4-4170-8b39-f06cb1f6adf6,ontem a sipeeec demorou mt foi cansativo poderia talvez diminuir o tempo das apresentações ano q vem ou dividir em dois,Tempo,-0.296
d13dce39-51a4-4170-8b39-f06cb1f6adf6,ontem a sipeeec demorou mt foi cansativo poderia talvez diminuir o tempo das apresentações ano q vem ou dividir em dois,Apresentacao,-0.296
d13dce39-51a4-4170-8b39-f06cb1f6adf6,ontem a sipeeec demorou mt foi cansativo poderia talvez diminuir o tempo das apresentações ano q vem ou dividir em dois,Secom,-0.296
7833a43c-88df-41ce-9608-368ecac536a1,"caramba, nem sabia que o cifras era de bh",Fotografo,0.0
7833a43c-88df-41ce-9608-368ecac536a1,"caramba, nem sabia que o cifras era de bh",Secom,0.0
092f2a22-65fe-4b1e-a8de-356ce785cea3,só por essa apresentação já deu pra perceber que o pessoal do letras é bacana demais,Secom,0.0
092f2a22-65fe-4b1e-a8de-356ce785cea3,só por essa apresentação já deu pra perceber que o pessoal do letras é bacana demais,Apresentacao,0.0
d13dce39-51a4-4170-8b39-f06cb1f6adf6,nao sabia que letras era de bh,Secom,-0.296
64a69630-bdc5-4e29-9090-492d31a34e0d,em que o letras academy é focado,Secom,0.3818
092f2a22-65fe-4b1e-a8de-356ce785cea3,gostaria de saber mais sobre o letras academy,Secom,0.0
0420c57a-0aa8-45b1-9166-f455c0711707,como é ter alguns produtos que o faturamento depende de contribuições voluntárias (ex: letras,Produtos,0.0
0420c57a-0aa8-45b1-9166-f455c0711707,como é ter alguns produtos que o faturamento depende de contribuições voluntárias (ex: letras,Secom,0.0
0420c57a-0aa8-45b1-9166-f455c0711707,como é ter alguns produtos que o faturamento depende de contribuições voluntárias (ex: letras,Acrescimo,0.0
0420c57a-0aa8-45b1-9166-f455c0711707,como é ter alguns produtos que o faturamento depende de contribuições voluntárias (ex: letras,Faturamento,0.0
226440c8-ce0c-42b8-a37b-8435e915955d,com qual frequência a empresa oferece oportunidade de estágio ou trainees,Frequencia,0.4215
226440c8-ce0c-42b8-a37b-8435e915955d,com qual frequência a empresa oferece oportunidade de estágio ou trainees,Oportunidade,0.4215
226440c8-ce0c-42b8-a37b-8435e915955d,com qual frequência a empresa oferece oportunidade de estágio ou trainees,Empresa,0.4215
226440c8-ce0c-42b8-a37b-8435e915955d,com qual frequência a empresa oferece oportunidade de estágio ou trainees,Secom,0.4215
226440c8-ce0c-42b8-a37b-8435e915955d,qual é a rotina de trabalho deles,Processo,0.0
226440c8-ce0c-42b8-a37b-8435e915955d,qual é a rotina de trabalho deles,Trabalho,0.0
ae0cbeae-1ff0-406f-a78a-a80a71120100,o o pessoal do letras é bom hein,Lol,0.4588
ae0cbeae-1ff0-406f-a78a-a80a71120100,o o pessoal do letras é bom hein,Secom,0.4588
a5551753-5cda-4641-bc94-7d92707ef19c,a palestra do letras é o melhor evento dessa secom até agora,Palestra,0.4404
a5551753-5cda-4641-bc94-7d92707ef19c,a palestra do letras é o melhor evento dessa secom até agora,Secom,0.4404
7568d4e3-7c42-4c07-9246-161f8f144017,imagina o brinde do letras ser um instrumento kkkkk,Instrumento,0.296
7568d4e3-7c42-4c07-9246-161f8f144017,imagina o brinde do letras ser um instrumento kkkkk,Secom,0.296
3f05e03e-45ce-4e65-b2f3-cf3a76e21fa1,até o momento a melhor palestra da secom,Tempo,0.4404
3f05e03e-45ce-4e65-b2f3-cf3a76e21fa1,até o momento a melhor palestra da secom,Palestra,0.4404
3f05e03e-45ce-4e65-b2f3-cf3a76e21fa1,até o momento a melhor palestra da secom,Secom,0.4404
99899b5a-eb3d-4d67-a64f-a143f824a709,"pergunta para o rods: na sua época de estudante aqui na ufv, você participou de um projeto integrador",Curso,0.128
99899b5a-eb3d-4d67-a64f-a143f824a709,"pergunta para o rods: na sua época de estudante aqui na ufv, você participou de um projeto integrador",Ufv,0.128
99899b5a-eb3d-4d67-a64f-a143f824a709,"pergunta para o rods: na sua época de estudante aqui na ufv, você participou de um projeto integrador",Tempo,0.128
99899b5a-eb3d-4d67-a64f-a143f824a709,"pergunta para o rods: na sua época de estudante aqui na ufv, você participou de um projeto integrador",Projetos,0.128
99899b5a-eb3d-4d67-a64f-a143f824a709,"pergunta para o rods: na sua época de estudante aqui na ufv, você participou de um projeto integrador",Rods,0.128
99899b5a-eb3d-4d67-a64f-a143f824a709,como foi a experiência,Experiencia,0.0
99899b5a-eb3d-4d67-a64f-a143f824a709,como você compararia isso a sua experiência numa equipe de verdade,Equipe,0.5267
99899b5a-eb3d-4d67-a64f-a143f824a709,como você compararia isso a sua experiência numa equipe de verdade,Experiencia,0.5267
99899b5a-eb3d-4d67-a64f-a143f824a709,como você compararia isso a sua experiência numa equipe de verdade,Lol,0.5267
5bc436a4-ec67-4216-87a7-d9152877d21f,muito legal essa palestra do letras,Palestra,0.128
5bc436a4-ec67-4216-87a7-d9152877d21f,muito legal essa palestra do letras,Secom,0.128
13c63d6c-e94d-4b8b-829b-3a6f523ac131,no uso do front vocês falaram do uso de sockets,Front,0.0
13c63d6c-e94d-4b8b-829b-3a6f523ac131,no uso do front vocês falaram do uso de sockets,Sockets,0.0
13c63d6c-e94d-4b8b-829b-3a6f523ac131,no uso do front vocês falaram do uso de sockets,Uso,0.0
13c63d6c-e94d-4b8b-829b-3a6f523ac131,vocês usam sockets puro ou algum middleware,Sockets,0.4588
13c63d6c-e94d-4b8b-829b-3a6f523ac131,vocês usam sockets puro ou algum middleware,Middleware,0.4588
13c63d6c-e94d-4b8b-829b-3a6f523ac131,"(achei interessante, não imaginava que isso era usado nesse contexto)",Contexto,0.128
8f243416-db6e-4185-8133-0e0433d6c30a,bom saber que temos mineiros em uma empresa tão grande,Mineiros,0.7425
8f243416-db6e-4185-8133-0e0433d6c30a,bom saber que temos mineiros em uma empresa tão grande,Empresa,0.7425
99899b5a-eb3d-4d67-a64f-a143f824a709,"nota na pergunta para o rods: pelo que a gláucia contou, o pi era muito mais caótico antigamente",Pergunta,-0.5859
99899b5a-eb3d-4d67-a64f-a143f824a709,"nota na pergunta para o rods: pelo que a gláucia contou, o pi era muito mais caótico antigamente",Glaucia,-0.5859
99899b5a-eb3d-4d67-a64f-a143f824a709,"nota na pergunta para o rods: pelo que a gláucia contou, o pi era muito mais caótico antigamente",Rods,-0.5859
99899b5a-eb3d-4d67-a64f-a143f824a709,"nota na pergunta para o rods: pelo que a gláucia contou, o pi era muito mais caótico antigamente",Secom,-0.5859
99899b5a-eb3d-4d67-a64f-a143f824a709,"hoje em dia são equipes separadas, de 8 a 10 pessoas",Equipe,0.0
99899b5a-eb3d-4d67-a64f-a143f824a709,"hoje em dia são equipes separadas, de 8 a 10 pessoas",Secom,0.0
b99c9940-1ccf-4ec6-963a-9a233fddde70,muito bacana esses exemplos para explicar,Exemplos,-0.1531
b99c9940-1ccf-4ec6-963a-9a233fddde70,diferenciar o back-end do front-end,Front,0.0
b99c9940-1ccf-4ec6-963a-9a233fddde70,diferenciar o back-end do front-end,Backend,0.0
8f243416-db6e-4185-8133-0e0433d6c30a,"sobre a palestra de mais cedo, nao sabia que era tao desafiador o mercado de jogos",Palestra,-0.079
8f243416-db6e-4185-8133-0e0433d6c30a,"sobre a palestra de mais cedo, nao sabia que era tao desafiador o mercado de jogos",Oportunidade,-0.079
8f243416-db6e-4185-8133-0e0433d6c30a,"sobre a palestra de mais cedo, nao sabia que era tao desafiador o mercado de jogos",Jogos,-0.079
8f243416-db6e-4185-8133-0e0433d6c30a,"sobre a palestra de mais cedo, nao sabia que era tao desafiador o mercado de jogos",Mercado,-0.079
8f243416-db6e-4185-8133-0e0433d6c30a,hahahahaha gosto de musica muito legal,Lol,0.4939
8f243416-db6e-4185-8133-0e0433d6c30a,hahahahaha gosto de musica muito legal,Musica,0.4939
513987ee-1026-4bd4-93aa-9d89d6d5bad4,qual sua música favorita do post malone,Musica,0.3818
513987ee-1026-4bd4-93aa-9d89d6d5bad4,qual sua música favorita do post malone,Falta,0.3818
513987ee-1026-4bd4-93aa-9d89d6d5bad4,qual sua música favorita do post malone,Post,0.3818
ae0cbeae-1ff0-406f-a78a-a80a71120100,o letras possui aplicativo,App,0.0
ae0cbeae-1ff0-406f-a78a-a80a71120100,o letras possui aplicativo,Secom,0.0
ae0cbeae-1ff0-406f-a78a-a80a71120100,o que tem no app de interessante além do site,App,0.4019
ae0cbeae-1ff0-406f-a78a-a80a71120100,o que tem no app de interessante além do site,Internet,0.4019
880b38ad-954a-499a-a76a-66fce8a17f66,"muito boa a palestra, exemplos excelentes",Palestra,0.4588
880b38ad-954a-499a-a76a-66fce8a17f66,"muito boa a palestra, exemplos excelentes",Exemplos,0.4588
513987ee-1026-4bd4-93aa-9d89d6d5bad4,qual shampoo o rodes usa,Rodes,0.0
ae0cbeae-1ff0-406f-a78a-a80a71120100,o negócio é linkin park,Park,0.0
ae0cbeae-1ff0-406f-a78a-a80a71120100,o negócio é linkin park,Empresa,0.0
4ce79311-38e9-401a-bb36-d1b6ad9ff2d3,o cara ouve lorde,Deus,0.0
4ce79311-38e9-401a-bb36-d1b6ad9ff2d3,o cara ouve lorde,Secom,0.0
ae0cbeae-1ff0-406f-a78a-a80a71120100,shampoo do rodes,Shampoo,0.0
ae0cbeae-1ff0-406f-a78a-a80a71120100,shampoo do rodes,Rodes,0.0
b99c9940-1ccf-4ec6-963a-9a233fddde70,quem não é fã de taylor swift em pleno 2024,Taylor,-0.296
30a1d1e4-da0d-4f67-9908-6bc16a47ebc4,gostei da dinâmica dos gostos musicais,Dinamica,0.5994
30a1d1e4-da0d-4f67-9908-6bc16a47ebc4,gostei da dinâmica dos gostos musicais,Secom,0.5994
513987ee-1026-4bd4-93aa-9d89d6d5bad4,"uso letras todos os dias, tenho prioridade na entrevista de emprego",Secom,0.0
513987ee-1026-4bd4-93aa-9d89d6d5bad4,"uso letras todos os dias, tenho prioridade na entrevista de emprego",Prioridade,0.0
513987ee-1026-4bd4-93aa-9d89d6d5bad4,"uso letras todos os dias, tenho prioridade na entrevista de emprego",Trabalho,0.0
513987ee-1026-4bd4-93aa-9d89d6d5bad4,"uso letras todos os dias, tenho prioridade na entrevista de emprego",Palestra,0.0
513987ee-1026-4bd4-93aa-9d89d6d5bad4,"uso letras todos os dias, tenho prioridade na entrevista de emprego",Uso,0.0
3e72f254-acab-4aec-ad73-bf9dff9c21ad,muito legal a palestra,Palestra,0.128
8f4c1ec8-e5ed-4ce2-90f1-84bbab673805,anao taylor swift nao,Taylor,-0.296
8f4c1ec8-e5ed-4ce2-90f1-84bbab673805,cade o kanye west,Cade,0.0
8f4c1ec8-e5ed-4ce2-90f1-84bbab673805,cade o kanye west,Taylor,0.0
513987ee-1026-4bd4-93aa-9d89d6d5bad4,é muito paia usar o letras apenas pra ler a tradução das músicas que a gata te manda,Musica,0.0
513987ee-1026-4bd4-93aa-9d89d6d5bad4,é muito paia usar o letras apenas pra ler a tradução das músicas que a gata te manda,Secom,0.0
513987ee-1026-4bd4-93aa-9d89d6d5bad4,(taylor swift 🤢),Taylor,0.0
3e72f254-acab-4aec-ad73-bf9dff9c21ad,palestrantes bem descontraídos,Palestra,0.2732
9aa2b218-1ce5-4019-8e59-cefd44bc9866,"o rodrigo teria algum dica de aprendizagem, projetos para portfólio",Portfolio,-0.1531
9aa2b218-1ce5-4019-8e59-cefd44bc9866,"o rodrigo teria algum dica de aprendizagem, projetos para portfólio",Projetos,-0.1531
9aa2b218-1ce5-4019-8e59-cefd44bc9866,"o rodrigo teria algum dica de aprendizagem, projetos para portfólio",Conhecimento,-0.1531
9aa2b218-1ce5-4019-8e59-cefd44bc9866,"o rodrigo teria algum dica de aprendizagem, projetos para portfólio",Secom,-0.1531
9aa2b218-1ce5-4019-8e59-cefd44bc9866,dicas para o começo na área da linguagem golang,Linguagem,-0.1531
9aa2b218-1ce5-4019-8e59-cefd44bc9866,dicas para o começo na área da linguagem golang,Area,-0.1531
9aa2b218-1ce5-4019-8e59-cefd44bc9866,dicas para o começo na área da linguagem golang,Dicas,-0.1531
9aa2b218-1ce5-4019-8e59-cefd44bc9866,dicas para o começo na área da linguagem golang,Secom,-0.1531
30a1d1e4-da0d-4f67-9908-6bc16a47ebc4,interessante ver como funciona o backend,Backend,0.4019
30a1d1e4-da0d-4f67-9908-6bc16a47ebc4,frontend em um site,Front,0.0
30a1d1e4-da0d-4f67-9908-6bc16a47ebc4,frontend em um site,Internet,0.0
7568d4e3-7c42-4c07-9246-161f8f144017,então o cache não necessariamente está executado o código,Codigo,-0.296
7568d4e3-7c42-4c07-9246-161f8f144017,então o cache não necessariamente está executado o código,Cache,-0.296
7568d4e3-7c42-4c07-9246-161f8f144017,usa já uma requisição anterior que está em um buffer,Buffer,0.0
7568d4e3-7c42-4c07-9246-161f8f144017,usa já uma requisição anterior que está em um buffer,Secom,0.0
13c63d6c-e94d-4b8b-829b-3a6f523ac131,no cache,Cache,0.0
13c63d6c-e94d-4b8b-829b-3a6f523ac131,"cdn, todo o serviço vem pronto ou vocês precisaram fazer/usar alguma aplicação específica para encontrar as melhores rotas, etc",Rotas,0.2263
13c63d6c-e94d-4b8b-829b-3a6f523ac131,"cdn, todo o serviço vem pronto ou vocês precisaram fazer/usar alguma aplicação específica para encontrar as melhores rotas, etc",Cdn,0.2263
13c63d6c-e94d-4b8b-829b-3a6f523ac131,"cdn, todo o serviço vem pronto ou vocês precisaram fazer/usar alguma aplicação específica para encontrar as melhores rotas, etc",Secom,0.2263
7568d4e3-7c42-4c07-9246-161f8f144017,certeza que foi o rodigo que fez o slide,Slides,0.25
7568d4e3-7c42-4c07-9246-161f8f144017,certeza que foi o rodigo que fez o slide,Secom,0.25
a8795f76-f29d-4a4e-ab33-de80f1fa7eaa,excelente palestra sobre boas práticas de otimização do pessoal da letras,Palestra,0.8658
a8795f76-f29d-4a4e-ab33-de80f1fa7eaa,excelente palestra sobre boas práticas de otimização do pessoal da letras,Processo,0.8658
a8795f76-f29d-4a4e-ab33-de80f1fa7eaa,excelente palestra sobre boas práticas de otimização do pessoal da letras,Secom,0.8658
eed4edbe-921c-4f9c-8148-1948d00197eb,palestras muito interessantes,Palestra,0.0
eed4edbe-921c-4f9c-8148-1948d00197eb,gostei muito da palestra do letras,Palestra,0.4215
eed4edbe-921c-4f9c-8148-1948d00197eb,gostei muito da palestra do letras,Secom,0.4215
eed4edbe-921c-4f9c-8148-1948d00197eb,fiquei mais interessado a respeito do mercado de jogos no brasil,Brasil,0.5859
eed4edbe-921c-4f9c-8148-1948d00197eb,fiquei mais interessado a respeito do mercado de jogos no brasil,Jogos,0.5859
eed4edbe-921c-4f9c-8148-1948d00197eb,fiquei mais interessado a respeito do mercado de jogos no brasil,Mercado,0.5859
eed4edbe-921c-4f9c-8148-1948d00197eb,fiquei mais interessado a respeito do mercado de jogos no brasil,Respeito,0.5859
eed4edbe-921c-4f9c-8148-1948d00197eb,gostaria de trabalhar em um sistema como o do letras,Secom,0.0
eed4edbe-921c-4f9c-8148-1948d00197eb,gostaria de trabalhar em um sistema como o do letras,Sistema,0.0
b99c9940-1ccf-4ec6-963a-9a233fddde70,muito legal essas maneiras mais eficientes de implementação de imagens no front-end,Fotografo,0.128
b99c9940-1ccf-4ec6-963a-9a233fddde70,muito legal essas maneiras mais eficientes de implementação de imagens no front-end,Front,0.128
b99c9940-1ccf-4ec6-963a-9a233fddde70,muito legal essas maneiras mais eficientes de implementação de imagens no front-end,Processo,0.128
b99c9940-1ccf-4ec6-963a-9a233fddde70,muito legal essas maneiras mais eficientes de implementação de imagens no front-end,Secom,0.128
eed4edbe-921c-4f9c-8148-1948d00197eb,requisições de banco de dados,Dados,-0.4767
eed4edbe-921c-4f9c-8148-1948d00197eb,requisições de banco de dados,Banco,-0.4767
eed4edbe-921c-4f9c-8148-1948d00197eb,requisições de banco de dados,Secom,-0.4767
eed4edbe-921c-4f9c-8148-1948d00197eb,áreas que já conhecemos no curso,Area,0.0
eed4edbe-921c-4f9c-8148-1948d00197eb,áreas que já conhecemos no curso,Curso,0.0
7568d4e3-7c42-4c07-9246-161f8f144017,interessante usar a técnica de sprite nesse contexto,Processo,0.4019
7568d4e3-7c42-4c07-9246-161f8f144017,interessante usar a técnica de sprite nesse contexto,Contexto,0.4019
7568d4e3-7c42-4c07-9246-161f8f144017,interessante usar a técnica de sprite nesse contexto,Pro,0.4019
092f2a22-65fe-4b1e-a8de-356ce785cea3,será que tem a possibilidade desses slides serem disponibilizados pra gente,Slides,0.0
092f2a22-65fe-4b1e-a8de-356ce785cea3,será que tem a possibilidade desses slides serem disponibilizados pra gente,Oportunidade,0.0
86cc2ad1-6ef4-4b63-8d8f-c512cc96589d,que dupla maravilhosa,Dupla,0.6705
eed4edbe-921c-4f9c-8148-1948d00197eb,ansioso para as palestras de mais tarde,Palestra,0.2263
12c8e1ec-c662-415a-b106-b64ccb7ece3f,como funciona o processo seletivo para estágio/trainee do letras,Processo,-0.5859
12c8e1ec-c662-415a-b106-b64ccb7ece3f,como funciona o processo seletivo para estágio/trainee do letras,Secom,-0.5859
a5551753-5cda-4641-bc94-7d92707ef19c,alguém trás a studiosol de novo ano que vem,Studiosol,0.0
f24a3531-506e-487a-84d2-614694703dfc,"ótima palestra, também amo taylor swift 
tenho 1,80m sei cozinhar",Palestra,0.875
f24a3531-506e-487a-84d2-614694703dfc,"ótima palestra, também amo taylor swift 
tenho 1,80m sei cozinhar",Taylor,0.875
f24a3531-506e-487a-84d2-614694703dfc,sou contra a cólica ✊🏽,Pelucia,0.0
13c63d6c-e94d-4b8b-829b-3a6f523ac131,como funcionaria para entrar na empresa de vocês,Musica,-0.1531
13c63d6c-e94d-4b8b-829b-3a6f523ac131,como funcionaria para entrar na empresa de vocês,Funcionaria,-0.1531
13c63d6c-e94d-4b8b-829b-3a6f523ac131,como funcionaria para entrar na empresa de vocês,Empresa,-0.1531
13c63d6c-e94d-4b8b-829b-3a6f523ac131,"seja como estagiário, junior, trainee",Secom,0.0
a66b96d8-e20d-4946-b233-a3a04992b2ab,podia ter o pdf das apresentações aqui no app pra gente baixar,App,0.0
a66b96d8-e20d-4946-b233-a3a04992b2ab,podia ter o pdf das apresentações aqui no app pra gente baixar,Pdf,0.0
a66b96d8-e20d-4946-b233-a3a04992b2ab,podia ter o pdf das apresentações aqui no app pra gente baixar,Apresentacao,0.0
f569f9d9-9281-4405-a4aa-084b33a9be5a,tenho uma dúvida sobre a palestra da letras,Palestra,-0.296
f569f9d9-9281-4405-a4aa-084b33a9be5a,tenho uma dúvida sobre a palestra da letras,Duvida,-0.296
f569f9d9-9281-4405-a4aa-084b33a9be5a,tenho uma dúvida sobre a palestra da letras,Secom,-0.296
f569f9d9-9281-4405-a4aa-084b33a9be5a,quais tecnologias principais são utilizadas para o frontend,Engenharia,-0.1531
f569f9d9-9281-4405-a4aa-084b33a9be5a,quais tecnologias principais são utilizadas para o frontend,Front,-0.1531
7568d4e3-7c42-4c07-9246-161f8f144017,não sabia que essas apresentações funcionavam por conta dessas meta tags,Secom,-0.296
7568d4e3-7c42-4c07-9246-161f8f144017,não sabia que essas apresentações funcionavam por conta dessas meta tags,Alfa,-0.296
7568d4e3-7c42-4c07-9246-161f8f144017,não sabia que essas apresentações funcionavam por conta dessas meta tags,Apresentacao,-0.296
513987ee-1026-4bd4-93aa-9d89d6d5bad4,quando vai sair a retrospectiva letras 2024,Anos,-0.0516
a5551753-5cda-4641-bc94-7d92707ef19c,tem como disponibilizar esses slides do letras,Slides,0.0
a5551753-5cda-4641-bc94-7d92707ef19c,tem como disponibilizar esses slides do letras,Secom,0.0
a66b96d8-e20d-4946-b233-a3a04992b2ab,muito legal falarem sobre seo,Secom,0.128
a66b96d8-e20d-4946-b233-a3a04992b2ab,primeira palestra que  citou isso,Palestra,0.0
df0c5066-4918-4384-bf21-9ba7343bf772,uma pergunta: qual a arquitetura é utilizada no frontend,Pergunta,0.0
df0c5066-4918-4384-bf21-9ba7343bf772,uma pergunta: qual a arquitetura é utilizada no frontend,Front,0.0
df0c5066-4918-4384-bf21-9ba7343bf772,uma pergunta: qual a arquitetura é utilizada no frontend,Estrutura,0.0
34d7ba0b-7b62-4439-b143-d7dd24797376,palestras muito interessantes,Palestra,0.0
99899b5a-eb3d-4d67-a64f-a143f824a709,rods dando uma baita aula sobre webdev,Webdev,0.34
99899b5a-eb3d-4d67-a64f-a143f824a709,rods dando uma baita aula sobre webdev,Curso,0.34
99899b5a-eb3d-4d67-a64f-a143f824a709,rods dando uma baita aula sobre webdev,Rods,0.34
99899b5a-eb3d-4d67-a64f-a143f824a709,rods dando uma baita aula sobre webdev,Secom,0.34
99899b5a-eb3d-4d67-a64f-a143f824a709,a ufv oscilando o wi-fi como se estivesse mandando um código morse 🤡 ironia dms,Wi-fi,-0.0516
99899b5a-eb3d-4d67-a64f-a143f824a709,a ufv oscilando o wi-fi como se estivesse mandando um código morse 🤡 ironia dms,Codigo,-0.0516
99899b5a-eb3d-4d67-a64f-a143f824a709,a ufv oscilando o wi-fi como se estivesse mandando um código morse 🤡 ironia dms,Dms,-0.0516
99899b5a-eb3d-4d67-a64f-a143f824a709,a ufv oscilando o wi-fi como se estivesse mandando um código morse 🤡 ironia dms,Ironia,-0.0516
34d7ba0b-7b62-4439-b143-d7dd24797376,adorei a ideia de fazer horas de extensão com jogos kkk,Tempo,-0.4404
34d7ba0b-7b62-4439-b143-d7dd24797376,adorei a ideia de fazer horas de extensão com jogos kkk,Projetos,-0.4404
34d7ba0b-7b62-4439-b143-d7dd24797376,adorei a ideia de fazer horas de extensão com jogos kkk,Jogos,-0.4404
34d7ba0b-7b62-4439-b143-d7dd24797376,adorei a ideia de fazer horas de extensão com jogos kkk,Secom,-0.4404
f24a3531-506e-487a-84d2-614694703dfc,o fifa em,Fifa,0.0
513987ee-1026-4bd4-93aa-9d89d6d5bad4,palestra chique,Palestra,0.2732
99899b5a-eb3d-4d67-a64f-a143f824a709,mandei uma pergunta,Pergunta,0.0
99899b5a-eb3d-4d67-a64f-a143f824a709,ela não subiu pq o wi-fi cortou na hora exata,Tempo,-0.296
99899b5a-eb3d-4d67-a64f-a143f824a709,ela não subiu pq o wi-fi cortou na hora exata,Wi-fi,-0.296
99899b5a-eb3d-4d67-a64f-a143f824a709,"perdi a pergunta,",Pergunta,0.0
99899b5a-eb3d-4d67-a64f-a143f824a709,😤bugzinho aí pros devs do app quebrarem a cabeça 👾,Gooogle,-0.4215
99899b5a-eb3d-4d67-a64f-a143f824a709,😤bugzinho aí pros devs do app quebrarem a cabeça 👾,App,-0.4215
99899b5a-eb3d-4d67-a64f-a143f824a709,😤bugzinho aí pros devs do app quebrarem a cabeça 👾,Secom,-0.4215
99899b5a-eb3d-4d67-a64f-a143f824a709,😤bugzinho aí pros devs do app quebrarem a cabeça 👾,Pro,-0.4215
7568d4e3-7c42-4c07-9246-161f8f144017,"me impressionei muito com essa palestra, muito boa",Palestra,0.4588
99899b5a-eb3d-4d67-a64f-a143f824a709,"pergunta: quando vocês estão alterando o código-fonte, não tem tipo um pré-servidor para fazerem upload",Upload,-0.4215
99899b5a-eb3d-4d67-a64f-a143f824a709,"pergunta: quando vocês estão alterando o código-fonte, não tem tipo um pré-servidor para fazerem upload",Pre-servidor,-0.4215
99899b5a-eb3d-4d67-a64f-a143f824a709,"pergunta: quando vocês estão alterando o código-fonte, não tem tipo um pré-servidor para fazerem upload",Codigo,-0.4215
99899b5a-eb3d-4d67-a64f-a143f824a709,"pergunta: quando vocês estão alterando o código-fonte, não tem tipo um pré-servidor para fazerem upload",Secom,-0.4215
99899b5a-eb3d-4d67-a64f-a143f824a709,testar o site,Internet,0.0
99899b5a-eb3d-4d67-a64f-a143f824a709,"do jeito que falaram, pareceu que ia direto pro servidor após os testes locais",Pro,0.2263
99899b5a-eb3d-4d67-a64f-a143f824a709,"do jeito que falaram, pareceu que ia direto pro servidor após os testes locais",Testes,0.2263
99899b5a-eb3d-4d67-a64f-a143f824a709,"do jeito que falaram, pareceu que ia direto pro servidor após os testes locais",Secom,0.2263
513987ee-1026-4bd4-93aa-9d89d6d5bad4,criatividade é um fator necessário para ser um desenvolvedor front end ou qualquer pessoa consegue se virar com o tempo,Secom,0.25
513987ee-1026-4bd4-93aa-9d89d6d5bad4,criatividade é um fator necessário para ser um desenvolvedor front end ou qualquer pessoa consegue se virar com o tempo,Estetica,0.25
513987ee-1026-4bd4-93aa-9d89d6d5bad4,criatividade é um fator necessário para ser um desenvolvedor front end ou qualquer pessoa consegue se virar com o tempo,Desenvolvedor,0.25
513987ee-1026-4bd4-93aa-9d89d6d5bad4,criatividade é um fator necessário para ser um desenvolvedor front end ou qualquer pessoa consegue se virar com o tempo,Pro,0.25
513987ee-1026-4bd4-93aa-9d89d6d5bad4,criatividade é um fator necessário para ser um desenvolvedor front end ou qualquer pessoa consegue se virar com o tempo,Tempo,0.25
a66b96d8-e20d-4946-b233-a3a04992b2ab,palestra excelente,Palestra,0.6249
b99c9940-1ccf-4ec6-963a-9a233fddde70,"ver a implementação dessas ferramentas na prática é muito interessante, saindo da teoria",Teoria,0.4019
b99c9940-1ccf-4ec6-963a-9a233fddde70,"ver a implementação dessas ferramentas na prática é muito interessante, saindo da teoria",Processo,0.4019
b99c9940-1ccf-4ec6-963a-9a233fddde70,"ver a implementação dessas ferramentas na prática é muito interessante, saindo da teoria",Ferramentas,0.4019
b99c9940-1ccf-4ec6-963a-9a233fddde70,mostrando como realmente são utilizadas no mercado,Mercado,0.0
d51c3bbb-185b-4a34-848a-607621bd7cc2,vocês fazem algum tipo de processo seletivo para estagio,Processo,-0.5859
d51c3bbb-185b-4a34-848a-607621bd7cc2,vocês fazem algum tipo de processo seletivo para estagio,Secom,-0.5859
b99c9940-1ccf-4ec6-963a-9a233fddde70,incrível essa palestra,Palestra,0.6705
8b532002-32a9-47b8-a068-f68ebed037cd,a palestra da letras foi muito mais interessante do que premeditei,Palestra,0.4019
8b532002-32a9-47b8-a068-f68ebed037cd,a palestra da letras foi muito mais interessante do que premeditei,Secom,0.4019
8b532002-32a9-47b8-a068-f68ebed037cd,muitos bons conselhos btw,Dicas,0.4588
c0f15389-3383-4e94-b413-2fd78bcd0b68,muito boa essa dupla,Dupla,0.4588
883f6e71-d69f-4eb4-8791-f3f68ee15315,qual o salário médio de um desenvolvedor front end hoje em dia,Desenvolvedor,0.0
883f6e71-d69f-4eb4-8791-f3f68ee15315,qual o salário médio de um desenvolvedor front end hoje em dia,Salario,0.0
02af807d-7123-444e-b61e-89eaf92be60f,a palestra do letras foi incrível,Palestra,0.6705
02af807d-7123-444e-b61e-89eaf92be60f,a palestra do letras foi incrível,Secom,0.6705
02af807d-7123-444e-b61e-89eaf92be60f,no letras o front do back é bem separado,Front,0.2732
02af807d-7123-444e-b61e-89eaf92be60f,no letras o front do back é bem separado,Backend,0.2732
02af807d-7123-444e-b61e-89eaf92be60f,no letras o front do back é bem separado,Secom,0.2732
02af807d-7123-444e-b61e-89eaf92be60f,"definido, um programador full stack se daria bem",Programacao,0.4939
02af807d-7123-444e-b61e-89eaf92be60f,"definido, um programador full stack se daria bem",Stack,0.4939
8aed64cf-df9c-4421-bff3-6c07fee239b1,ótima palestra,Palestra,0.6705
b99c9940-1ccf-4ec6-963a-9a233fddde70,muito legal essa dinâmica de sorteio,Dinamica,0.6369
b99c9940-1ccf-4ec6-963a-9a233fddde70,muito legal essa dinâmica de sorteio,Secom,0.6369
b99c9940-1ccf-4ec6-963a-9a233fddde70,sou a favor de um em cada apresentação hoje,Labs,0.4404
b99c9940-1ccf-4ec6-963a-9a233fddde70,sou a favor de um em cada apresentação hoje,Apresentacao,0.4404
3f05e03e-45ce-4e65-b2f3-cf3a76e21fa1,palestra da letras magnífica,Palestra,0.0
3f05e03e-45ce-4e65-b2f3-cf3a76e21fa1,palestra da letras magnífica,Secom,0.0
3f05e03e-45ce-4e65-b2f3-cf3a76e21fa1,ansioso pela palestra da levty,Palestra,0.3612
3f05e03e-45ce-4e65-b2f3-cf3a76e21fa1,ansioso pela palestra da levty,Secom,0.3612
3f05e03e-45ce-4e65-b2f3-cf3a76e21fa1,sydle,Sydle,0.0
3f05e03e-45ce-4e65-b2f3-cf3a76e21fa1,"coffebreak foi um pouco cedo,",Coffebreak,0.0
b843c3db-fc8f-45a6-8322-19b87391fa20,quero trabalhar na studiosol,Studiosol,0.0
b843c3db-fc8f-45a6-8322-19b87391fa20,bora para mais uma palestra incrível da levy,Palestra,0.5994
b843c3db-fc8f-45a6-8322-19b87391fa20,bora para mais uma palestra incrível da levy,Secom,0.5994
b843c3db-fc8f-45a6-8322-19b87391fa20,front fosse tamanho legal,Tamanho,0.128
b843c3db-fc8f-45a6-8322-19b87391fa20,front fosse tamanho legal,Front,0.128
50ab66a7-9677-44ec-b7d4-be69f3d11d87,muito bons os adesivos,Almoco,0.4588
50ab66a7-9677-44ec-b7d4-be69f3d11d87,palestra da levty agrr,Palestra,0.0
50ab66a7-9677-44ec-b7d4-be69f3d11d87,palestra da levty agrr,Secom,0.0
b843c3db-fc8f-45a6-8322-19b87391fa20,palestras muito interessantes,Palestra,0.0
8c83da8e-1478-4a91-ae10-7347cd55d06f,palestra de lei,Palestra,0.34
8c83da8e-1478-4a91-ae10-7347cd55d06f,palestra de lei,Secom,0.34
8c83da8e-1478-4a91-ae10-7347cd55d06f,tema muito interessante,Secom,0.4019
b843c3db-fc8f-45a6-8322-19b87391fa20,"eu amei as figurinhas da github, peguei o máximo que pude",Secom,0.6705
b843c3db-fc8f-45a6-8322-19b87391fa20,"eu amei as figurinhas da github, peguei o máximo que pude",Github,0.6705
b843c3db-fc8f-45a6-8322-19b87391fa20,"eu amei as figurinhas da github, peguei o máximo que pude",Animacao,0.6705
8c83da8e-1478-4a91-ae10-7347cd55d06f,interessado nessa levity,Levity,0.3612
b843c3db-fc8f-45a6-8322-19b87391fa20,"que evento incrível, secom melhor do que nunca, por mais anos assim",Anos,0.8126
a66b96d8-e20d-4946-b233-a3a04992b2ab,como foi sua trajetória de trainee para agile master,Agile,-0.1531
a66b96d8-e20d-4946-b233-a3a04992b2ab,como foi sua trajetória de trainee para agile master,Treinamento,-0.1531
a66b96d8-e20d-4946-b233-a3a04992b2ab,como foi sua trajetória de trainee para agile master,Caminho,-0.1531
883f6e71-d69f-4eb4-8791-f3f68ee15315,qual a principal função que um funcionário da levty desempenha,Funcao,0.0
883f6e71-d69f-4eb4-8791-f3f68ee15315,qual a principal função que um funcionário da levty desempenha,Funcionarios,0.0
883f6e71-d69f-4eb4-8791-f3f68ee15315,qual a principal função que um funcionário da levty desempenha,Secom,0.0
883f6e71-d69f-4eb4-8791-f3f68ee15315,quero trabalhar na levty,Secom,0.0
34c8353a-bcb4-4553-8c2d-fac1c5311ccd,esse horário de almoço de 13h às 13:30h ficou mal posicionado,Almoco,-0.4588
34c8353a-bcb4-4553-8c2d-fac1c5311ccd,esse horário de almoço de 13h às 13:30h ficou mal posicionado,Horario,-0.4588
34c8353a-bcb4-4553-8c2d-fac1c5311ccd,esse horário de almoço de 13h às 13:30h ficou mal posicionado,13:30h,-0.4588
34c8353a-bcb4-4553-8c2d-fac1c5311ccd,esse horário de almoço de 13h às 13:30h ficou mal posicionado,13h,-0.4588
34c8353a-bcb4-4553-8c2d-fac1c5311ccd,com o horário de funcionamento do ru,Horario,0.4215
34c8353a-bcb4-4553-8c2d-fac1c5311ccd,com o horário de funcionamento do ru,Processo,0.4215
226440c8-ce0c-42b8-a37b-8435e915955d,"o quão interessante experiências como o projeto integrados, a sydle/levty consideram",Sydle,0.4019
226440c8-ce0c-42b8-a37b-8435e915955d,"o quão interessante experiências como o projeto integrados, a sydle/levty consideram",Experiencia,0.4019
226440c8-ce0c-42b8-a37b-8435e915955d,"o quão interessante experiências como o projeto integrados, a sydle/levty consideram",Projetos,0.4019
226440c8-ce0c-42b8-a37b-8435e915955d,"o quão interessante experiências como o projeto integrados, a sydle/levty consideram",Secom,0.4019
226440c8-ce0c-42b8-a37b-8435e915955d,é algo q valeria a pena colocar no currículo para a empresa deles,Curso,-0.3657
226440c8-ce0c-42b8-a37b-8435e915955d,é algo q valeria a pena colocar no currículo para a empresa deles,Empresa,-0.3657
226440c8-ce0c-42b8-a37b-8435e915955d,é algo q valeria a pena colocar no currículo para a empresa deles,Pena,-0.3657
226440c8-ce0c-42b8-a37b-8435e915955d,gláucia teria orgulho dessa palestra,Palestra,0.34
226440c8-ce0c-42b8-a37b-8435e915955d,gláucia teria orgulho dessa palestra,Glaucia,0.34
226440c8-ce0c-42b8-a37b-8435e915955d,gláucia teria orgulho dessa palestra,Orgulho,0.34
a66b96d8-e20d-4946-b233-a3a04992b2ab,quando que a alteração do escopo durante o processo pode se tornar um problema,Processo,-0.7096
a66b96d8-e20d-4946-b233-a3a04992b2ab,quando que a alteração do escopo durante o processo pode se tornar um problema,Problema,-0.7096
a66b96d8-e20d-4946-b233-a3a04992b2ab,quando que a alteração do escopo durante o processo pode se tornar um problema,Secom,-0.7096
c83d77db-e69b-4b9a-af36-1e80aed4ea42,quais as diferenças de funções entre o scrum master,Funcao,0.0
c83d77db-e69b-4b9a-af36-1e80aed4ea42,quais as diferenças de funções entre o scrum master,Scrum,0.0
c83d77db-e69b-4b9a-af36-1e80aed4ea42,quais as diferenças de funções entre o scrum master,Secom,0.0
86cc2ad1-6ef4-4b63-8d8f-c512cc96589d,deve ser muito bom trabalhar na levty,Secom,0.4588
a66b96d8-e20d-4946-b233-a3a04992b2ab,o canal no teams com o cliente não gera cobrança excessiva,Equipe,-0.3612
a66b96d8-e20d-4946-b233-a3a04992b2ab,o canal no teams com o cliente não gera cobrança excessiva,Usuario,-0.3612
a66b96d8-e20d-4946-b233-a3a04992b2ab,o canal no teams com o cliente não gera cobrança excessiva,Cobranca,-0.3612
a66b96d8-e20d-4946-b233-a3a04992b2ab,o canal no teams com o cliente não gera cobrança excessiva,Canal,-0.3612
c83d77db-e69b-4b9a-af36-1e80aed4ea42,vocês usam o scrumban,Scrum,0.0
34c8353a-bcb4-4553-8c2d-fac1c5311ccd,já de olho no trainee 2025 da levty 🚀👩🏽‍💻,Olho,0.0
34c8353a-bcb4-4553-8c2d-fac1c5311ccd,já de olho no trainee 2025 da levty 🚀👩🏽‍💻,Secom,0.0
13c63d6c-e94d-4b8b-829b-3a6f523ac131,na levty vocês usaram/usam algum modelo de metodologia ágil para criar o de vocês,Almoco,-0.1531
13c63d6c-e94d-4b8b-829b-3a6f523ac131,na levty vocês usaram/usam algum modelo de metodologia ágil para criar o de vocês,Secom,-0.1531
13c63d6c-e94d-4b8b-829b-3a6f523ac131,na levty vocês usaram/usam algum modelo de metodologia ágil para criar o de vocês,Musica,-0.1531
13c63d6c-e94d-4b8b-829b-3a6f523ac131,na levty vocês usaram/usam algum modelo de metodologia ágil para criar o de vocês,Processo,-0.1531
13c63d6c-e94d-4b8b-829b-3a6f523ac131,na levty vocês usaram/usam algum modelo de metodologia ágil para criar o de vocês,Modelagem,-0.1531
c0f15389-3383-4e94-b413-2fd78bcd0b68,muito interessante o conteúdo apresentado,Secom,0.4019
a66b96d8-e20d-4946-b233-a3a04992b2ab,você acha que tem um tamanho ideal pra equipe,Tamanho,0.6705
a66b96d8-e20d-4946-b233-a3a04992b2ab,você acha que tem um tamanho ideal pra equipe,Equipe,0.6705
02af807d-7123-444e-b61e-89eaf92be60f,ótima palestra,Palestra,0.6705
4ce79311-38e9-401a-bb36-d1b6ad9ff2d3,processo de trainee parece interessante,Processo,-0.128
b6692dfb-d9b8-409b-ac8e-4ffe98e5a57b,poderiam dar dicas sobre como se portar num bate papo do processo seletivo,Processo,-0.4939
b6692dfb-d9b8-409b-ac8e-4ffe98e5a57b,poderiam dar dicas sobre como se portar num bate papo do processo seletivo,Dicas,-0.4939
b6692dfb-d9b8-409b-ac8e-4ffe98e5a57b,poderiam dar dicas sobre como se portar num bate papo do processo seletivo,Secom,-0.4939
50ab66a7-9677-44ec-b7d4-be69f3d11d87,muito boa a palestra,Palestra,0.4588
b6692dfb-d9b8-409b-ac8e-4ffe98e5a57b,"sobre preparação para o ambiente profissional, quais itens vocês consideram fundamentais para um perfil de colaborador",Secom,-0.296
b6692dfb-d9b8-409b-ac8e-4ffe98e5a57b,"sobre preparação para o ambiente profissional, quais itens vocês consideram fundamentais para um perfil de colaborador",Ambiente,-0.296
b6692dfb-d9b8-409b-ac8e-4ffe98e5a57b,"sobre preparação para o ambiente profissional, quais itens vocês consideram fundamentais para um perfil de colaborador",Trabalho,-0.296
b6692dfb-d9b8-409b-ac8e-4ffe98e5a57b,"sobre preparação para o ambiente profissional, quais itens vocês consideram fundamentais para um perfil de colaborador",Itens,-0.296
b6692dfb-d9b8-409b-ac8e-4ffe98e5a57b,"sobre preparação para o ambiente profissional, quais itens vocês consideram fundamentais para um perfil de colaborador",Alfa,-0.296
7833a43c-88df-41ce-9608-368ecac536a1,qual é a porcentagem de candidatos que conseguem a entrada para trainee,Porcentagem,-0.1531
7833a43c-88df-41ce-9608-368ecac536a1,qual é a porcentagem de candidatos que conseguem a entrada para trainee,Apresentacao,-0.1531
7833a43c-88df-41ce-9608-368ecac536a1,qual é a porcentagem de candidatos que conseguem a entrada para trainee,Candidato,-0.1531
b99c9940-1ccf-4ec6-963a-9a233fddde70,muito boa palestra,Palestra,0.4588
c3149f3b-36f2-4fbd-a033-c41f8e9fe534,palestra enriquecedora,Valorant,0.0
b6692dfb-d9b8-409b-ac8e-4ffe98e5a57b,qual a importância de um portfólio ou experiência profissional no processo seletivo da levty,Experiencia,-0.1779
b6692dfb-d9b8-409b-ac8e-4ffe98e5a57b,qual a importância de um portfólio ou experiência profissional no processo seletivo da levty,Portfolio,-0.1779
b6692dfb-d9b8-409b-ac8e-4ffe98e5a57b,qual a importância de um portfólio ou experiência profissional no processo seletivo da levty,Processo,-0.1779
b6692dfb-d9b8-409b-ac8e-4ffe98e5a57b,qual a importância de um portfólio ou experiência profissional no processo seletivo da levty,Secom,-0.1779
b99c9940-1ccf-4ec6-963a-9a233fddde70,"o sorteio, nada ainda",Secom,0.3818
50ab66a7-9677-44ec-b7d4-be69f3d11d87,quero entrar para a levty,Secom,-0.1531
d0881343-b903-4573-aee3-c821f2e201de,ótima palestra,Palestra,0.6705
d0881343-b903-4573-aee3-c821f2e201de,gostei das palestras studiosol,Palestra,0.4215
d0881343-b903-4573-aee3-c821f2e201de,gostei das palestras studiosol,Studiosol,0.4215
d0881343-b903-4573-aee3-c821f2e201de,adesivos do git muito legais,Almoco,0.0
d0881343-b903-4573-aee3-c821f2e201de,adesivos do git muito legais,Git,0.0
d0881343-b903-4573-aee3-c821f2e201de,podia ter duas secom no ano,Secom,0.0
b6692dfb-d9b8-409b-ac8e-4ffe98e5a57b,quais dicas você poderia dar para que possamos nos preparar para o mercado de trabalho,Mercado,-0.0258
b6692dfb-d9b8-409b-ac8e-4ffe98e5a57b,quais dicas você poderia dar para que possamos nos preparar para o mercado de trabalho,Dicas,-0.0258
b6692dfb-d9b8-409b-ac8e-4ffe98e5a57b,quais dicas você poderia dar para que possamos nos preparar para o mercado de trabalho,Trabalho,-0.0258
b6692dfb-d9b8-409b-ac8e-4ffe98e5a57b,"em relação ao processo seletivo da sydle, qual seria um item que considera indispensável para um possível candidato",Candidato,-0.3612
b6692dfb-d9b8-409b-ac8e-4ffe98e5a57b,"em relação ao processo seletivo da sydle, qual seria um item que considera indispensável para um possível candidato",Secom,-0.3612
b6692dfb-d9b8-409b-ac8e-4ffe98e5a57b,"em relação ao processo seletivo da sydle, qual seria um item que considera indispensável para um possível candidato",Produtos,-0.3612
b6692dfb-d9b8-409b-ac8e-4ffe98e5a57b,"em relação ao processo seletivo da sydle, qual seria um item que considera indispensável para um possível candidato",Processo,-0.3612
b6692dfb-d9b8-409b-ac8e-4ffe98e5a57b,"em relação ao processo seletivo da sydle, qual seria um item que considera indispensável para um possível candidato",Sydle,-0.3612
b6692dfb-d9b8-409b-ac8e-4ffe98e5a57b,"poderia dar algumas informações sobre os produtos da sydle, como o sydle one",Informacoes,0.0
b6692dfb-d9b8-409b-ac8e-4ffe98e5a57b,"poderia dar algumas informações sobre os produtos da sydle, como o sydle one",Produtos,0.0
b6692dfb-d9b8-409b-ac8e-4ffe98e5a57b,"poderia dar algumas informações sobre os produtos da sydle, como o sydle one",Sydle,0.0
d0881343-b903-4573-aee3-c821f2e201de,a secom esse ano está muito boa,Secom,0.4588
d0881343-b903-4573-aee3-c821f2e201de,ótimas palestras,Palestra,0.6705
d0881343-b903-4573-aee3-c821f2e201de,as palestras dos patrocinadores estão muito interessante,Palestra,0.4019
d0881343-b903-4573-aee3-c821f2e201de,as palestras dos patrocinadores estão muito interessante,Patrocinadores,0.4019
d0881343-b903-4573-aee3-c821f2e201de,ansioso para a maratonas desse ano,Maratona,0.2263
a5551753-5cda-4641-bc94-7d92707ef19c,a palestra da levty poderia ter sido mais interativa,Palestra,0.0
a5551753-5cda-4641-bc94-7d92707ef19c,a palestra da levty poderia ter sido mais interativa,Secom,0.0
a5551753-5cda-4641-bc94-7d92707ef19c,faltou dinamismo em comparação com os palestrantes anteriores,Palestra,-0.0258
a5551753-5cda-4641-bc94-7d92707ef19c,faltou dinamismo em comparação com os palestrantes anteriores,Dinamica,-0.0258
a5551753-5cda-4641-bc94-7d92707ef19c,faltou dinamismo em comparação com os palestrantes anteriores,Secom,-0.0258
a5551753-5cda-4641-bc94-7d92707ef19c,o que esperam de um dev pleno na sydle,Sydle,0.0
a5551753-5cda-4641-bc94-7d92707ef19c,o que esperam de um dev pleno na sydle,Daa,0.0
3f05e03e-45ce-4e65-b2f3-cf3a76e21fa1,o que mais esperam de um candidato trainee na sydle,Sydle,0.0
3f05e03e-45ce-4e65-b2f3-cf3a76e21fa1,o que mais esperam de um candidato trainee na sydle,Candidato,0.0
d0881343-b903-4573-aee3-c821f2e201de,o que a sydle busca em um profissional para se contratar,Trabalho,-0.1531
d0881343-b903-4573-aee3-c821f2e201de,o que a sydle busca em um profissional para se contratar,Sydle,-0.1531
b99c9940-1ccf-4ec6-963a-9a233fddde70,"por mais que tenha sido online, essa palestra foi muito bacana",Palestra,0.0
513987ee-1026-4bd4-93aa-9d89d6d5bad4,eh possível participar das 2 seletivas ao mesmo tempo,Tempo,0.3182
513987ee-1026-4bd4-93aa-9d89d6d5bad4,eh possível participar das 2 seletivas ao mesmo tempo,Secom,0.3182
513987ee-1026-4bd4-93aa-9d89d6d5bad4,sydle,Sydle,0.0
513987ee-1026-4bd4-93aa-9d89d6d5bad4,a identidade visual da sydle eh muito foda,Lol,0.6705
513987ee-1026-4bd4-93aa-9d89d6d5bad4,a identidade visual da sydle eh muito foda,Identidade,0.6705
513987ee-1026-4bd4-93aa-9d89d6d5bad4,a identidade visual da sydle eh muito foda,Sydle,0.6705
513987ee-1026-4bd4-93aa-9d89d6d5bad4,ter um bom linkedin influência muito nas seletivas,Linkedin,0.4588
513987ee-1026-4bd4-93aa-9d89d6d5bad4,ter um bom linkedin influência muito nas seletivas,Impacto,0.4588
513987ee-1026-4bd4-93aa-9d89d6d5bad4,ter um bom linkedin influência muito nas seletivas,Secom,0.4588
c0f15389-3383-4e94-b413-2fd78bcd0b68,"organização mau hoje, tempo excedeu demais",Organizacao,-0.2263
c0f15389-3383-4e94-b413-2fd78bcd0b68,"organização mau hoje, tempo excedeu demais",Tempo,-0.2263
45025e25-714c-447c-ad00-3f2880882d2b,primeiramente o horário ficou muito apertado,Horario,0.0
45025e25-714c-447c-ad00-3f2880882d2b,ficamos sem brinde sendo que teve uma rapaziada que nem viu nada da palestra,Palestra,0.296
45025e25-714c-447c-ad00-3f2880882d2b,ficamos sem brinde sendo que teve uma rapaziada que nem viu nada da palestra,Copilot,0.296
45025e25-714c-447c-ad00-3f2880882d2b,ficamos sem brinde sendo que teve uma rapaziada que nem viu nada da palestra,Secom,0.296
7833a43c-88df-41ce-9608-368ecac536a1,na próxima secom eu acho que seria melhor fazer a game jam,Jogos,0.4404
7833a43c-88df-41ce-9608-368ecac536a1,a maratona paralelos aos minicursos,Minicurso,0.0
7833a43c-88df-41ce-9608-368ecac536a1,a maratona paralelos aos minicursos,Maratona,0.0
ad08e116-810d-4533-a7c6-9782fcb55f6d,quais são as carreiras na área de dados,Dados,0.0
ad08e116-810d-4533-a7c6-9782fcb55f6d,quais são as carreiras na área de dados,Area,0.0
ad08e116-810d-4533-a7c6-9782fcb55f6d,quais são as carreiras na área de dados,Torneio,0.0
ad08e116-810d-4533-a7c6-9782fcb55f6d,quais a diferença entre elas,Secom,0.0
ad08e116-810d-4533-a7c6-9782fcb55f6d,quais conhecimentos que vc considera como  diferencial para trabalhar na area de ciencia de dados,Dados,-0.1531
ad08e116-810d-4533-a7c6-9782fcb55f6d,quais conhecimentos que vc considera como  diferencial para trabalhar na area de ciencia de dados,Laboratorios,-0.1531
ad08e116-810d-4533-a7c6-9782fcb55f6d,quais conhecimentos que vc considera como  diferencial para trabalhar na area de ciencia de dados,Area,-0.1531
ad08e116-810d-4533-a7c6-9782fcb55f6d,quais conhecimentos que vc considera como  diferencial para trabalhar na area de ciencia de dados,Conhecimento,-0.1531
023d3c99-a60f-4734-88e2-de4c9944c95a,muito legal essa palestra da dti,Palestra,0.128
023d3c99-a60f-4734-88e2-de4c9944c95a,muito legal essa palestra da dti,Secom,0.128
99899b5a-eb3d-4d67-a64f-a143f824a709,pergunta: que tipo de dados você extraía quando passou pela formação de engenharia elétrica,Dados,0.2732
99899b5a-eb3d-4d67-a64f-a143f824a709,pergunta: que tipo de dados você extraía quando passou pela formação de engenharia elétrica,Engenharia,0.2732
99899b5a-eb3d-4d67-a64f-a143f824a709,pergunta: que tipo de dados você extraía quando passou pela formação de engenharia elétrica,Secom,0.2732
883f6e71-d69f-4eb4-8791-f3f68ee15315,salve matheus,Matheus,0.0
8b532002-32a9-47b8-a068-f68ebed037cd,muito boa a palestra da dti,Palestra,0.4588
8b532002-32a9-47b8-a068-f68ebed037cd,muito boa a palestra da dti,Secom,0.4588
66333d64-e1a9-407d-b5ec-e97640fc0bfc,eu vejo que no treinamento de modelos existem vários técnicas,Treinamento,0.0
66333d64-e1a9-407d-b5ec-e97640fc0bfc,eu vejo que no treinamento de modelos existem vários técnicas,Processo,0.0
66333d64-e1a9-407d-b5ec-e97640fc0bfc,eu vejo que no treinamento de modelos existem vários técnicas,Modelagem,0.0
66333d64-e1a9-407d-b5ec-e97640fc0bfc,"metodologias pra ser realizada, como você disse, cada caso é diferente, como é feita essa seleção",Processo,0.5994
66333d64-e1a9-407d-b5ec-e97640fc0bfc,"metodologias pra ser realizada, como você disse, cada caso é diferente, como é feita essa seleção",Secom,0.5994
66333d64-e1a9-407d-b5ec-e97640fc0bfc,"metodologias pra ser realizada, como você disse, cada caso é diferente, como é feita essa seleção",Caso,0.5994
8b532002-32a9-47b8-a068-f68ebed037cd,o quanto de conhecimento da área é necessário pra alguém que tem a função de trabalhar com modelagem de dados,Funcao,0.0
8b532002-32a9-47b8-a068-f68ebed037cd,o quanto de conhecimento da área é necessário pra alguém que tem a função de trabalhar com modelagem de dados,Dados,0.0
8b532002-32a9-47b8-a068-f68ebed037cd,o quanto de conhecimento da área é necessário pra alguém que tem a função de trabalhar com modelagem de dados,Area,0.0
8b532002-32a9-47b8-a068-f68ebed037cd,o quanto de conhecimento da área é necessário pra alguém que tem a função de trabalhar com modelagem de dados,Conhecimento,0.0
8b532002-32a9-47b8-a068-f68ebed037cd,o quanto de conhecimento da área é necessário pra alguém que tem a função de trabalhar com modelagem de dados,Modelagem,0.0
8b532002-32a9-47b8-a068-f68ebed037cd,"por exemplo, o cientista de dados precisa saber engenharia pra extrair dados dessa área",Engenharia,0.0
8b532002-32a9-47b8-a068-f68ebed037cd,"por exemplo, o cientista de dados precisa saber engenharia pra extrair dados dessa área",Exemplos,0.0
8b532002-32a9-47b8-a068-f68ebed037cd,"por exemplo, o cientista de dados precisa saber engenharia pra extrair dados dessa área",Dados,0.0
8b532002-32a9-47b8-a068-f68ebed037cd,"por exemplo, o cientista de dados precisa saber engenharia pra extrair dados dessa área",Laboratorios,0.0
8b532002-32a9-47b8-a068-f68ebed037cd,"por exemplo, o cientista de dados precisa saber engenharia pra extrair dados dessa área",Area,0.0
34c8353a-bcb4-4553-8c2d-fac1c5311ccd,tem alguma previsão de quais áreas vão ser as próximas tendência daqui alguns anos,Area,-0.4215
34c8353a-bcb4-4553-8c2d-fac1c5311ccd,tem alguma previsão de quais áreas vão ser as próximas tendência daqui alguns anos,Anos,-0.4215
34c8353a-bcb4-4553-8c2d-fac1c5311ccd,tem alguma previsão de quais áreas vão ser as próximas tendência daqui alguns anos,Secom,-0.4215
8c83da8e-1478-4a91-ae10-7347cd55d06f,"cara, ramo interessante",Secom,0.4019
8aed64cf-df9c-4421-bff3-6c07fee239b1,ótima apresentação,Apresentacao,0.6705
78a0dc2a-07a3-41bb-a1a4-3731b2e51917,"boa palestra sobre dados, mostrou aplicações da area",App,0.4588
78a0dc2a-07a3-41bb-a1a4-3731b2e51917,"boa palestra sobre dados, mostrou aplicações da area",Dados,0.4588
78a0dc2a-07a3-41bb-a1a4-3731b2e51917,"boa palestra sobre dados, mostrou aplicações da area",Palestra,0.4588
8c83da8e-1478-4a91-ae10-7347cd55d06f,power bi é requisito sempre,Energia,0.0
8c83da8e-1478-4a91-ae10-7347cd55d06f,quais conhecimentos acha um deferencial pra entrar nesse ramo,Conhecimento,0.0
8c83da8e-1478-4a91-ae10-7347cd55d06f,quais conhecimentos acha um deferencial pra entrar nesse ramo,Secom,0.0
883f6e71-d69f-4eb4-8791-f3f68ee15315,o que é esse dispositivo na blusa do palestrante,Palestra,0.0
883f6e71-d69f-4eb4-8791-f3f68ee15315,o que é esse dispositivo na blusa do palestrante,Maquina,0.0
883f6e71-d69f-4eb4-8791-f3f68ee15315,o que é esse dispositivo na blusa do palestrante,Secom,0.0
ad08e116-810d-4533-a7c6-9782fcb55f6d,brasil tem tudo para decolar,Brasil,-0.1531
78a0dc2a-07a3-41bb-a1a4-3731b2e51917,estou adorando a palestra,Palestra,0.3818
78a0dc2a-07a3-41bb-a1a4-3731b2e51917,muito legal a visão que o palestrante deu sobre o mercado,Palestra,0.3818
78a0dc2a-07a3-41bb-a1a4-3731b2e51917,muito legal a visão que o palestrante deu sobre o mercado,Mercado,0.3818
78a0dc2a-07a3-41bb-a1a4-3731b2e51917,muito legal a visão que o palestrante deu sobre o mercado,Secom,0.3818
023d3c99-a60f-4734-88e2-de4c9944c95a,palestra inspiradora,Palestra,0.0
64a69630-bdc5-4e29-9090-492d31a34e0d,qual a taxa de permanência dos funcionários contratados,Git,0.0
64a69630-bdc5-4e29-9090-492d31a34e0d,qual a taxa de permanência dos funcionários contratados,Funcionarios,0.0
64a69630-bdc5-4e29-9090-492d31a34e0d,qual a taxa de permanência dos funcionários contratados,Faturamento,0.0
c83d77db-e69b-4b9a-af36-1e80aed4ea42,muito boa a palestra do natanael,Palestra,0.4588
8c83da8e-1478-4a91-ae10-7347cd55d06f,gostei da animação do palestrante,Palestra,0.4215
8c83da8e-1478-4a91-ae10-7347cd55d06f,gostei da animação do palestrante,Animacao,0.4215
219bdf7f-fa3a-4d8f-9e33-b83980cc7afb,sabe mto nmrl,Mto,0.0
e06ffaec-3d0b-45f5-85c5-94027d692f0f,o cara é bom mesmo,Secom,0.4588
ad08e116-810d-4533-a7c6-9782fcb55f6d,como identificar um problema a ser resolvido,Problema,-0.1531
d51c3bbb-185b-4a34-848a-607621bd7cc2,cara é muito bom,Secom,0.4588
b99c9940-1ccf-4ec6-963a-9a233fddde70,"palestra incrível, muito bacana a forma de apresentação",Palestra,0.6705
b99c9940-1ccf-4ec6-963a-9a233fddde70,"palestra incrível, muito bacana a forma de apresentação",Forma,0.6705
b99c9940-1ccf-4ec6-963a-9a233fddde70,"palestra incrível, muito bacana a forma de apresentação",Apresentacao,0.6705
b99c9940-1ccf-4ec6-963a-9a233fddde70,interação com nós alunos,Interacao,0.0
b99c9940-1ccf-4ec6-963a-9a233fddde70,interação com nós alunos,Curso,0.0
b6692dfb-d9b8-409b-ac8e-4ffe98e5a57b,"esse comentário é mais uma observação, no início da palestra foi falado sobre diversidade",Palestra,0.0
b6692dfb-d9b8-409b-ac8e-4ffe98e5a57b,"esse comentário é mais uma observação, no início da palestra foi falado sobre diversidade",Avaliacoes,0.0
b6692dfb-d9b8-409b-ac8e-4ffe98e5a57b,"esse comentário é mais uma observação, no início da palestra foi falado sobre diversidade",Diversidade,0.0
b6692dfb-d9b8-409b-ac8e-4ffe98e5a57b,"esse comentário é mais uma observação, no início da palestra foi falado sobre diversidade",Apresentacao,0.0
b6692dfb-d9b8-409b-ac8e-4ffe98e5a57b,"a diversidade é exatamente pessoas de raças, culturas, gêneros diferentes",Genero,0.0
b6692dfb-d9b8-409b-ac8e-4ffe98e5a57b,"a diversidade é exatamente pessoas de raças, culturas, gêneros diferentes",Culturas,0.0
b6692dfb-d9b8-409b-ac8e-4ffe98e5a57b,"a diversidade é exatamente pessoas de raças, culturas, gêneros diferentes",Secom,0.0
b6692dfb-d9b8-409b-ac8e-4ffe98e5a57b,"a diversidade é exatamente pessoas de raças, culturas, gêneros diferentes",Diversidade,0.0
b6692dfb-d9b8-409b-ac8e-4ffe98e5a57b,isso não é um problema,Problema,-0.5994
ad08e116-810d-4533-a7c6-9782fcb55f6d,como você extrai o melhor das pessoas ao seu redor,Melhor,0.6124
ad08e116-810d-4533-a7c6-9782fcb55f6d,como você extrai o melhor das pessoas ao seu redor,Secom,0.6124
b6692dfb-d9b8-409b-ac8e-4ffe98e5a57b,qual sua dica para a primeira experiência no mercado,Experiencia,-0.1531
b6692dfb-d9b8-409b-ac8e-4ffe98e5a57b,qual sua dica para a primeira experiência no mercado,Mercado,-0.1531
b6692dfb-d9b8-409b-ac8e-4ffe98e5a57b,qual sua dica para a primeira experiência no mercado,Secom,-0.1531
e06ffaec-3d0b-45f5-85c5-94027d692f0f,esse cara me deu motivação,Motivacao,0.34
e06ffaec-3d0b-45f5-85c5-94027d692f0f,esse cara me deu motivação,Secom,0.34
8aed64cf-df9c-4421-bff3-6c07fee239b1,boa apresentação,Apresentacao,0.4588
61b2f3d3-4265-4ca1-bf48-f6fb75a5348f,os problemas éticos relacionados as ias se concentram aos modelos de inteligência artificiais generativas,Inteligencia,0.0258
61b2f3d3-4265-4ca1-bf48-f6fb75a5348f,os problemas éticos relacionados as ias se concentram aos modelos de inteligência artificiais generativas,Problema,0.0258
61b2f3d3-4265-4ca1-bf48-f6fb75a5348f,os problemas éticos relacionados as ias se concentram aos modelos de inteligência artificiais generativas,Modelagem,0.0258
61b2f3d3-4265-4ca1-bf48-f6fb75a5348f,os problemas éticos relacionados as ias se concentram aos modelos de inteligência artificiais generativas,Secom,0.0258
61b2f3d3-4265-4ca1-bf48-f6fb75a5348f,como me tornar um profissional melhor usando a inteligências artificiais sem que as ias tomem maior parte da minha responsabilidade,Inteligencia,0.8316
61b2f3d3-4265-4ca1-bf48-f6fb75a5348f,como me tornar um profissional melhor usando a inteligências artificiais sem que as ias tomem maior parte da minha responsabilidade,Secom,0.8316
61b2f3d3-4265-4ca1-bf48-f6fb75a5348f,como me tornar um profissional melhor usando a inteligências artificiais sem que as ias tomem maior parte da minha responsabilidade,Prioridade,0.8316
61b2f3d3-4265-4ca1-bf48-f6fb75a5348f,como me tornar um profissional melhor usando a inteligências artificiais sem que as ias tomem maior parte da minha responsabilidade,Trabalho,0.8316
a66b96d8-e20d-4946-b233-a3a04992b2ab,com cursos on-line é possível aprender o suficiente sobre lgpd para aplicar em uma empresa,Suficiente,0.1779
a66b96d8-e20d-4946-b233-a3a04992b2ab,com cursos on-line é possível aprender o suficiente sobre lgpd para aplicar em uma empresa,Ufv,0.1779
a66b96d8-e20d-4946-b233-a3a04992b2ab,com cursos on-line é possível aprender o suficiente sobre lgpd para aplicar em uma empresa,Empresa,0.1779
a66b96d8-e20d-4946-b233-a3a04992b2ab,com cursos on-line é possível aprender o suficiente sobre lgpd para aplicar em uma empresa,Curso,0.1779
78a0dc2a-07a3-41bb-a1a4-3731b2e51917,que precauções devo tomar ao aceitar os termos de uso,Uso,0.3818
78a0dc2a-07a3-41bb-a1a4-3731b2e51917,que precauções devo tomar ao aceitar os termos de uso,Precaucoes,0.3818
78a0dc2a-07a3-41bb-a1a4-3731b2e51917,que precauções devo tomar ao aceitar os termos de uso,Secom,0.3818
a66b96d8-e20d-4946-b233-a3a04992b2ab,"palestra excelente, muito conhecimento compartilhado",Palestra,0.7579
a66b96d8-e20d-4946-b233-a3a04992b2ab,"palestra excelente, muito conhecimento compartilhado",Conhecimento,0.7579
e06ffaec-3d0b-45f5-85c5-94027d692f0f,muito importante a concientizar sobre isso,Processo,0.3182
78a0dc2a-07a3-41bb-a1a4-3731b2e51917,muito boa palestra,Palestra,0.4588
ad08e116-810d-4533-a7c6-9782fcb55f6d,"com base na lgpd, posso solicitar a uma empresa que me envia mensagens no whatsapp
 informações sobre onde ela obteve  o meu número",Comunicacao,0.0772
ad08e116-810d-4533-a7c6-9782fcb55f6d,"com base na lgpd, posso solicitar a uma empresa que me envia mensagens no whatsapp
 informações sobre onde ela obteve  o meu número",Numero,0.0772
ad08e116-810d-4533-a7c6-9782fcb55f6d,"com base na lgpd, posso solicitar a uma empresa que me envia mensagens no whatsapp
 informações sobre onde ela obteve  o meu número",Empresa,0.0772
ad08e116-810d-4533-a7c6-9782fcb55f6d,"com base na lgpd, posso solicitar a uma empresa que me envia mensagens no whatsapp
 informações sobre onde ela obteve  o meu número",Ufv,0.0772
ad08e116-810d-4533-a7c6-9782fcb55f6d,"com base na lgpd, posso solicitar a uma empresa que me envia mensagens no whatsapp
 informações sobre onde ela obteve  o meu número",Base,0.0772
ad08e116-810d-4533-a7c6-9782fcb55f6d,"com base na lgpd, posso solicitar a uma empresa que me envia mensagens no whatsapp
 informações sobre onde ela obteve  o meu número",Informacoes,0.0772
ad08e116-810d-4533-a7c6-9782fcb55f6d,"com base na lgpd, posso solicitar a uma empresa que me envia mensagens no whatsapp
 informações sobre onde ela obteve  o meu número",Whatsapp,0.0772
b99c9940-1ccf-4ec6-963a-9a233fddde70,muito boa palestra,Palestra,0.4588
47f0857b-7373-4457-b034-4eca2ed5efd9,muito boa a palestra,Palestra,0.4588
47f0857b-7373-4457-b034-4eca2ed5efd9,já utilizei muito o letras,Secom,0.0
47f0857b-7373-4457-b034-4eca2ed5efd9,melhor site de letras que já vi,Internet,0.4404
47f0857b-7373-4457-b034-4eca2ed5efd9,melhor site de letras que já vi,Secom,0.4404
47f0857b-7373-4457-b034-4eca2ed5efd9,as palestras hoje estão ótimas,Palestra,0.6705
47f0857b-7373-4457-b034-4eca2ed5efd9,gostaria muito da área de games,Jogos,0.0
47f0857b-7373-4457-b034-4eca2ed5efd9,gostaria muito da área de games,Area,0.0
47f0857b-7373-4457-b034-4eca2ed5efd9,a indústria de games está cada vez maior,Jogos,0.6369
47f0857b-7373-4457-b034-4eca2ed5efd9,a indústria de games está cada vez maior,Empresa,0.6369
47f0857b-7373-4457-b034-4eca2ed5efd9,a indústria de games está cada vez maior,Secom,0.6369
7cf13434-76d6-4046-96fd-1cfd9d429282,mt bom essa cabeludo sabe oq fala,Shrek,0.4588
8c83da8e-1478-4a91-ae10-7347cd55d06f,o verdadeiro goty de 2018 é os amigos que fizemos pelo caminho,Caminho,0.4767
8c83da8e-1478-4a91-ae10-7347cd55d06f,o verdadeiro goty de 2018 é os amigos que fizemos pelo caminho,Goty,0.4767
8c83da8e-1478-4a91-ae10-7347cd55d06f,o verdadeiro goty de 2018 é os amigos que fizemos pelo caminho,Secom,0.4767
8b532002-32a9-47b8-a068-f68ebed037cd,as palestras dessa secom estão de parabéns mesmo,Palestra,0.5994
78a0dc2a-07a3-41bb-a1a4-3731b2e51917,"esse método substitui os passos dos processos de desenvolvimento de software tradicionais (cascata, interativo, etc)",Cascata,0.0
78a0dc2a-07a3-41bb-a1a4-3731b2e51917,"esse método substitui os passos dos processos de desenvolvimento de software tradicionais (cascata, interativo, etc)",Passos,0.0
78a0dc2a-07a3-41bb-a1a4-3731b2e51917,"esse método substitui os passos dos processos de desenvolvimento de software tradicionais (cascata, interativo, etc)",Desenvolvimento,0.0
78a0dc2a-07a3-41bb-a1a4-3731b2e51917,"esse método substitui os passos dos processos de desenvolvimento de software tradicionais (cascata, interativo, etc)",App,0.0
78a0dc2a-07a3-41bb-a1a4-3731b2e51917,"esse método substitui os passos dos processos de desenvolvimento de software tradicionais (cascata, interativo, etc)",Processo,0.0
78a0dc2a-07a3-41bb-a1a4-3731b2e51917,eles são usados em conjunto,Secom,0.0
78a0dc2a-07a3-41bb-a1a4-3731b2e51917,muito boa a didática do palestrante,Distribuicao,0.4588
78a0dc2a-07a3-41bb-a1a4-3731b2e51917,muito boa a didática do palestrante,Palestra,0.4588
78a0dc2a-07a3-41bb-a1a4-3731b2e51917,exemplos muito claros,Exemplos,0.0
c83d77db-e69b-4b9a-af36-1e80aed4ea42,pq a sede da empresa fica em são josé dos campos,Empresa,0.0
c83d77db-e69b-4b9a-af36-1e80aed4ea42,pq a sede da empresa fica em são josé dos campos,Taylor,0.0
c83d77db-e69b-4b9a-af36-1e80aed4ea42,pq a sede da empresa fica em são josé dos campos,Secom,0.0
c83d77db-e69b-4b9a-af36-1e80aed4ea42,é uma questão de logística,Logistica,0.0
c83d77db-e69b-4b9a-af36-1e80aed4ea42,é uma questão de logística,Secom,0.0
8aed64cf-df9c-4421-bff3-6c07fee239b1,ótima apresentação de lgpd,Apresentacao,0.6705
8aed64cf-df9c-4421-bff3-6c07fee239b1,gostei dos memes na apresentação da hubs,Mehor,0.4215
8aed64cf-df9c-4421-bff3-6c07fee239b1,gostei dos memes na apresentação da hubs,Hubs,0.4215
8aed64cf-df9c-4421-bff3-6c07fee239b1,gostei dos memes na apresentação da hubs,Apresentacao,0.4215
f0158b5a-82ff-410c-81f2-d51f7e345b45,as palestras dessa secom estão top viu,Palestra,0.6124
78a0dc2a-07a3-41bb-a1a4-3731b2e51917,quais ferramentas de gerenciamento de processo vocês usam,Controle,-0.4939
78a0dc2a-07a3-41bb-a1a4-3731b2e51917,quais ferramentas de gerenciamento de processo vocês usam,Processo,-0.4939
78a0dc2a-07a3-41bb-a1a4-3731b2e51917,quais ferramentas de gerenciamento de processo vocês usam,Ferramentas,-0.4939
6694bc9c-4eab-4c6b-a7df-c40f8f42e39c,"eesa palestra tá muito interessante, vô melhorar o magic com base nisso ai",Magic,0.4215
6694bc9c-4eab-4c6b-a7df-c40f8f42e39c,"eesa palestra tá muito interessante, vô melhorar o magic com base nisso ai",Base,0.4215
6694bc9c-4eab-4c6b-a7df-c40f8f42e39c,"eesa palestra tá muito interessante, vô melhorar o magic com base nisso ai",Secom,0.4215
6694bc9c-4eab-4c6b-a7df-c40f8f42e39c,game jam ta boa fi,Labs,0.4588
6694bc9c-4eab-4c6b-a7df-c40f8f42e39c,game jam ta boa fi,Jogos,0.4588
c83d77db-e69b-4b9a-af36-1e80aed4ea42,tópicos importantes levantados nesse resumo da hub$,Hubs,0.0
c83d77db-e69b-4b9a-af36-1e80aed4ea42,tópicos importantes levantados nesse resumo da hub$,Secom,0.0
34c8353a-bcb4-4553-8c2d-fac1c5311ccd,"para os krs, em quanto tem é redefinido os objetivos",Objetivos,-0.1531
34c8353a-bcb4-4553-8c2d-fac1c5311ccd,"para os krs, em quanto tem é redefinido os objetivos",Secom,-0.1531
02af807d-7123-444e-b61e-89eaf92be60f,maratona divertidaaaa,Maratona,0.0
3e72f254-acab-4aec-ad73-bf9dff9c21ad,muito bom a maratona,Maratona,0.4588
3e72f254-acab-4aec-ad73-bf9dff9c21ad,ansiosa para o resultado da maratona amanhã,Resultado,-0.1531
3e72f254-acab-4aec-ad73-bf9dff9c21ad,ansiosa para o resultado da maratona amanhã,Maratona,-0.1531
daac9055-17a0-4775-bb21-9c0add9d45ec,a maratona desse ano foi muito legal,Maratona,0.128
daac9055-17a0-4775-bb21-9c0add9d45ec,a galera arrasou muito,Secom,0.6124
daac9055-17a0-4775-bb21-9c0add9d45ec,quero ver o minascoders no pódio,Minascoders,0.0
daac9055-17a0-4775-bb21-9c0add9d45ec,quero ver o minascoders no pódio,Secom,0.0
3e72f254-acab-4aec-ad73-bf9dff9c21ad,quero ver o minascoders no pódio amanhã,Minascoders,0.0
3e72f254-acab-4aec-ad73-bf9dff9c21ad,quero ver o minascoders no pódio amanhã,Secom,0.0
3e72f254-acab-4aec-ad73-bf9dff9c21ad,brindes muito legais,Secom,0.4215
50ab66a7-9677-44ec-b7d4-be69f3d11d87,muito boa a programação,Programacao,0.4588
50ab66a7-9677-44ec-b7d4-be69f3d11d87,fifa no auditório agora,Auditorio,0.0
50ab66a7-9677-44ec-b7d4-be69f3d11d87,kd o just dance nos jogos do auditório,Jogos,0.0
50ab66a7-9677-44ec-b7d4-be69f3d11d87,kd o just dance nos jogos do auditório,Solo,0.0
50ab66a7-9677-44ec-b7d4-be69f3d11d87,kd o just dance nos jogos do auditório,Auditorio,0.0
c0f15389-3383-4e94-b413-2fd78bcd0b68,campeonato de fifa muito bom,Campeonato,0.7096
c0f15389-3383-4e94-b413-2fd78bcd0b68,campeonato de fifa muito bom,Fifa,0.7096
c0f15389-3383-4e94-b413-2fd78bcd0b68,jogo de quem não quer ganhar contra quem perder,Jogos,0.0516
2841ae4b-ef6a-4661-94a3-9777a70ec034,"palestra de letras apresentado de forma excepcional, com muito conhecimento técnico",Palestra,0.6124
2841ae4b-ef6a-4661-94a3-9777a70ec034,"palestra de letras apresentado de forma excepcional, com muito conhecimento técnico",Conhecimento,0.6124
2841ae4b-ef6a-4661-94a3-9777a70ec034,"palestra de letras apresentado de forma excepcional, com muito conhecimento técnico",Forma,0.6124
2841ae4b-ef6a-4661-94a3-9777a70ec034,"palestra de letras apresentado de forma excepcional, com muito conhecimento técnico",Secom,0.6124
2841ae4b-ef6a-4661-94a3-9777a70ec034,prático vividos no mercado de trabalho,Mercado,0.0
2841ae4b-ef6a-4661-94a3-9777a70ec034,prático vividos no mercado de trabalho,Trabalho,0.0
2841ae4b-ef6a-4661-94a3-9777a70ec034,"metodologias ágeis pela levty foi muito boa, uma pena que o tempo impossibilitou de vê-la por completo",Tempo,0.2023
2841ae4b-ef6a-4661-94a3-9777a70ec034,"metodologias ágeis pela levty foi muito boa, uma pena que o tempo impossibilitou de vê-la por completo",Processo,0.2023
2841ae4b-ef6a-4661-94a3-9777a70ec034,"metodologias ágeis pela levty foi muito boa, uma pena que o tempo impossibilitou de vê-la por completo",Pena,0.2023
2841ae4b-ef6a-4661-94a3-9777a70ec034,"metodologias ágeis pela levty foi muito boa, uma pena que o tempo impossibilitou de vê-la por completo",Secom,0.2023
2841ae4b-ef6a-4661-94a3-9777a70ec034,"palestra da sydle faltou mais tempo, visto que preencheu todo o intervalo de almoço,",Almoco,-0.3612
2841ae4b-ef6a-4661-94a3-9777a70ec034,"palestra da sydle faltou mais tempo, visto que preencheu todo o intervalo de almoço,",Palestra,-0.3612
2841ae4b-ef6a-4661-94a3-9777a70ec034,"palestra da sydle faltou mais tempo, visto que preencheu todo o intervalo de almoço,",Intervalo,-0.3612
2841ae4b-ef6a-4661-94a3-9777a70ec034,"palestra da sydle faltou mais tempo, visto que preencheu todo o intervalo de almoço,",Tempo,-0.3612
2841ae4b-ef6a-4661-94a3-9777a70ec034,"palestra da sydle faltou mais tempo, visto que preencheu todo o intervalo de almoço,",Sydle,-0.3612
2841ae4b-ef6a-4661-94a3-9777a70ec034,é de uma temática fundamental,Secom,0.0
2841ae4b-ef6a-4661-94a3-9777a70ec034,abertura super bem apresentada,Apresentacao,0.8126
2841ae4b-ef6a-4661-94a3-9777a70ec034,"maratona de programação foi muito legal de participar, mesmo com as dores de cabeça",Secom,-0.3182
2841ae4b-ef6a-4661-94a3-9777a70ec034,"maratona de programação foi muito legal de participar, mesmo com as dores de cabeça",Dores,-0.3182
2841ae4b-ef6a-4661-94a3-9777a70ec034,"maratona de programação foi muito legal de participar, mesmo com as dores de cabeça",Programacao,-0.3182
2841ae4b-ef6a-4661-94a3-9777a70ec034,"maratona de programação foi muito legal de participar, mesmo com as dores de cabeça",Maratona,-0.3182
2841ae4b-ef6a-4661-94a3-9777a70ec034,"sipec fundamental para apresentar os projetos de iniciação científica presentes no campus,",Curso,-0.1531
2841ae4b-ef6a-4661-94a3-9777a70ec034,"sipec fundamental para apresentar os projetos de iniciação científica presentes no campus,",Projetos,-0.1531
2841ae4b-ef6a-4661-94a3-9777a70ec034,"sipec fundamental para apresentar os projetos de iniciação científica presentes no campus,",Apresentacao,-0.1531
2841ae4b-ef6a-4661-94a3-9777a70ec034,"sipec fundamental para apresentar os projetos de iniciação científica presentes no campus,",Secom,-0.1531
8f4c1ec8-e5ed-4ce2-90f1-84bbab673805,maratona da secom foi tudoo,Secom,0.0
8f4c1ec8-e5ed-4ce2-90f1-84bbab673805,maratona da secom foi tudoo,Maratona,0.0
8f4c1ec8-e5ed-4ce2-90f1-84bbab673805,philipe divando mt na organização da secom,Organizacao,0.0
8f4c1ec8-e5ed-4ce2-90f1-84bbab673805,philipe divando mt na organização da secom,Secom,0.0
daac9055-17a0-4775-bb21-9c0add9d45ec,melhor secom de todas,Secom,0.4404
8f4c1ec8-e5ed-4ce2-90f1-84bbab673805,coffe break surpresa da maratona tava bom dms,Maratona,0.6249
8f4c1ec8-e5ed-4ce2-90f1-84bbab673805,coffe break surpresa da maratona tava bom dms,Dms,0.6249
8f4c1ec8-e5ed-4ce2-90f1-84bbab673805,coffe break surpresa da maratona tava bom dms,Coffe,0.6249
daac9055-17a0-4775-bb21-9c0add9d45ec,philipe arrasou na organização,Organizacao,0.6124
daac9055-17a0-4775-bb21-9c0add9d45ec,philipe arrasou na organização,Philipe,0.6124
8f4c1ec8-e5ed-4ce2-90f1-84bbab673805,sydle arrasaram nos brindes,Secom,0.7783
8f4c1ec8-e5ed-4ce2-90f1-84bbab673805,sydle arrasaram nos brindes,Sydle,0.7783
a6ec5f50-aa66-4ad4-8b97-10a6f9eacaad,a organização da secom ficou 10,Organizacao,0.0
a6ec5f50-aa66-4ad4-8b97-10a6f9eacaad,a organização da secom ficou 10,Secom,0.0
eed4edbe-921c-4f9c-8148-1948d00197eb,prestes a começar o minicurso de inteligência artificial,Minicurso,0.4767
eed4edbe-921c-4f9c-8148-1948d00197eb,prestes a começar o minicurso de inteligência artificial,Inteligencia,0.4767
eed4edbe-921c-4f9c-8148-1948d00197eb,agora que as palestras passaram já é safe dizer que essa parte da secom foi muito legal,Palestra,0.128
eed4edbe-921c-4f9c-8148-1948d00197eb,agora que as palestras passaram já é safe dizer que essa parte da secom foi muito legal,Secom,0.128
eed4edbe-921c-4f9c-8148-1948d00197eb,gostei demais de todos os palestrantes,Palestra,0.4215
eed4edbe-921c-4f9c-8148-1948d00197eb,essa é a minha primeira secom,Secom,0.0
eed4edbe-921c-4f9c-8148-1948d00197eb,espero estar nas próximas também pois gostei muito,Secom,0.4215
eed4edbe-921c-4f9c-8148-1948d00197eb,professor philipe conseguiu organizar um ótimo evento mesmo sendo novo na faculdade,Curso,0.8074
eed4edbe-921c-4f9c-8148-1948d00197eb,professor philipe conseguiu organizar um ótimo evento mesmo sendo novo na faculdade,Professor,0.8074
eed4edbe-921c-4f9c-8148-1948d00197eb,sempre tive curiosidade a respeito do mercado de trabalho após o término do curso,Final,0.6249
eed4edbe-921c-4f9c-8148-1948d00197eb,sempre tive curiosidade a respeito do mercado de trabalho após o término do curso,Mercado,0.6249
eed4edbe-921c-4f9c-8148-1948d00197eb,sempre tive curiosidade a respeito do mercado de trabalho após o término do curso,Curso,0.6249
eed4edbe-921c-4f9c-8148-1948d00197eb,sempre tive curiosidade a respeito do mercado de trabalho após o término do curso,Pergunta,0.6249
eed4edbe-921c-4f9c-8148-1948d00197eb,sempre tive curiosidade a respeito do mercado de trabalho após o término do curso,Trabalho,0.6249
eed4edbe-921c-4f9c-8148-1948d00197eb,sempre tive curiosidade a respeito do mercado de trabalho após o término do curso,Respeito,0.6249
eed4edbe-921c-4f9c-8148-1948d00197eb,a secom serve pra dar uma certa iluminada nisso,Luz,0.0
eed4edbe-921c-4f9c-8148-1948d00197eb,a secom serve pra dar uma certa iluminada nisso,Secom,0.0
43aca24c-d788-497e-8521-06df728eeaf8,"essa maratona foi incrível, parabéns aos organizadores 🙏",Organizadores,0.8555
43aca24c-d788-497e-8521-06df728eeaf8,"essa maratona foi incrível, parabéns aos organizadores 🙏",Maratona,0.8555
43aca24c-d788-497e-8521-06df728eeaf8,queria poder ter participado da maratona,Maratona,0.0
43aca24c-d788-497e-8521-06df728eeaf8,da gamejam ao mesmo tempo (não ia funcionar),Tempo,0.0
43aca24c-d788-497e-8521-06df728eeaf8,da gamejam ao mesmo tempo (não ia funcionar),Jogos,0.0
43aca24c-d788-497e-8521-06df728eeaf8,"ansioso pelo minicurso de docker, vai ser brabão",Minicurso,0.3612
43aca24c-d788-497e-8521-06df728eeaf8,"ansioso pelo minicurso de docker, vai ser brabão",Docker,0.3612
15ae4086-4952-4aac-a16b-5c2852e5e523,vamos ver como será esse minicurso de web,Minicurso,0.0
15ae4086-4952-4aac-a16b-5c2852e5e523,o credenciamento não deveria já ter começado,Credenciamento,-0.296
9cc1a365-6476-4f22-bf74-2a453e1e8443,ontem foi engraçado a luz caindo na game jam kkk,Jogos,0.4404
9cc1a365-6476-4f22-bf74-2a453e1e8443,ontem foi engraçado a luz caindo na game jam kkk,Secom,0.4404
9cc1a365-6476-4f22-bf74-2a453e1e8443,ontem foi engraçado a luz caindo na game jam kkk,Luz,0.4404
15ae4086-4952-4aac-a16b-5c2852e5e523,"sem internet no primeiro dia, energia caindo ontem",Internet,0.296
15ae4086-4952-4aac-a16b-5c2852e5e523,"sem internet no primeiro dia, energia caindo ontem",Energia,0.296
15ae4086-4952-4aac-a16b-5c2852e5e523,pelo menos não afetou negativamente o evento como um todo,Falta,-0.296
15ae4086-4952-4aac-a16b-5c2852e5e523,"huh, não sabia que dava pra editar ou excluir comentários",Lol,-0.4767
15ae4086-4952-4aac-a16b-5c2852e5e523,"será que se excluir um ele para de contar pra missão, ou não altera",Secom,-0.5719
5c812191-4a89-40c2-ad20-11d17bed69a1,"adorei o aplicativo, está sendo super útil",App,0.7783
5c812191-4a89-40c2-ad20-11d17bed69a1,"adorei o aplicativo, está sendo super útil",Labs,0.7783
5c812191-4a89-40c2-ad20-11d17bed69a1,"ganhar brindes torna o evento muito mais atrativo, muito obrigado a todos os patrocinadores por proporcionar isso",Patrocinadores,0.8591
5c812191-4a89-40c2-ad20-11d17bed69a1,"ganhar brindes torna o evento muito mais atrativo, muito obrigado a todos os patrocinadores por proporcionar isso",Secom,0.8591
5c812191-4a89-40c2-ad20-11d17bed69a1,maiores agradecimentos ao philipe por ter feito esse evento perfeito,Philipe,0.6705
5c812191-4a89-40c2-ad20-11d17bed69a1,maiores agradecimentos ao philipe por ter feito esse evento perfeito,Labs,0.6705
e2b6d403-470e-4752-8767-48575bb10c67,a primeira palestra ontem sobre a indústria dos jogos me mostrou uma indústria que eu acreditava não ser muito grande em solo nacional,Palestra,0.2023
e2b6d403-470e-4752-8767-48575bb10c67,a primeira palestra ontem sobre a indústria dos jogos me mostrou uma indústria que eu acreditava não ser muito grande em solo nacional,Jogos,0.2023
e2b6d403-470e-4752-8767-48575bb10c67,a primeira palestra ontem sobre a indústria dos jogos me mostrou uma indústria que eu acreditava não ser muito grande em solo nacional,Solo,0.2023
e2b6d403-470e-4752-8767-48575bb10c67,a primeira palestra ontem sobre a indústria dos jogos me mostrou uma indústria que eu acreditava não ser muito grande em solo nacional,Empresa,0.2023
5c812191-4a89-40c2-ad20-11d17bed69a1,"agora não sei mais qual empresa virou um sonho, todas parecem muito boas kkkk",Sonho,0.2023
5c812191-4a89-40c2-ad20-11d17bed69a1,"agora não sei mais qual empresa virou um sonho, todas parecem muito boas kkkk",Empresa,0.2023
5c812191-4a89-40c2-ad20-11d17bed69a1,"agora não sei mais qual empresa virou um sonho, todas parecem muito boas kkkk",Secom,0.2023
5c812191-4a89-40c2-ad20-11d17bed69a1,é muito legal conhecer empresas,Empresa,0.128
e2b6d403-470e-4752-8767-48575bb10c67,"já na segunda palestra de ontem, foi bem interessante ver",Palestra,0.5859
e2b6d403-470e-4752-8767-48575bb10c67,saber mais sobre as pessoas que trabalham em grandes empresas como a letras,Empresa,0.296
e2b6d403-470e-4752-8767-48575bb10c67,saber mais sobre as pessoas que trabalham em grandes empresas como a letras,Secom,0.296
5c812191-4a89-40c2-ad20-11d17bed69a1,"adorei a apresentação do estúdio sol, aprendi muita coisa só de ver uma explicação superficial, imagina quando eu estiver trabalhando com eles, vai ser muito bom",Sol,0.4588
5c812191-4a89-40c2-ad20-11d17bed69a1,"adorei a apresentação do estúdio sol, aprendi muita coisa só de ver uma explicação superficial, imagina quando eu estiver trabalhando com eles, vai ser muito bom",Explicacao,0.4588
5c812191-4a89-40c2-ad20-11d17bed69a1,"adorei a apresentação do estúdio sol, aprendi muita coisa só de ver uma explicação superficial, imagina quando eu estiver trabalhando com eles, vai ser muito bom",Secom,0.4588
5c812191-4a89-40c2-ad20-11d17bed69a1,"adorei a apresentação do estúdio sol, aprendi muita coisa só de ver uma explicação superficial, imagina quando eu estiver trabalhando com eles, vai ser muito bom",Apresentacao,0.4588
e2b6d403-470e-4752-8767-48575bb10c67,"na terceira palestra, a demonstração dos métodos ágeis revelou algo bem importante para o desenvolvimento de um projeto",Desenvolvimento,0.439
e2b6d403-470e-4752-8767-48575bb10c67,"na terceira palestra, a demonstração dos métodos ágeis revelou algo bem importante para o desenvolvimento de um projeto",Palestra,0.439
e2b6d403-470e-4752-8767-48575bb10c67,"na terceira palestra, a demonstração dos métodos ágeis revelou algo bem importante para o desenvolvimento de um projeto",Apresentacao,0.439
e2b6d403-470e-4752-8767-48575bb10c67,"na terceira palestra, a demonstração dos métodos ágeis revelou algo bem importante para o desenvolvimento de um projeto",Projetos,0.439
e2b6d403-470e-4752-8767-48575bb10c67,"na terceira palestra, a demonstração dos métodos ágeis revelou algo bem importante para o desenvolvimento de um projeto",Processo,0.439
e2b6d403-470e-4752-8767-48575bb10c67,bem que podia ter um prêmio pro 3° lugar do campeonato de,Campeonato,0.8074
e2b6d403-470e-4752-8767-48575bb10c67,bem que podia ter um prêmio pro 3° lugar do campeonato de,Secom,0.8074
e2b6d403-470e-4752-8767-48575bb10c67,bem que podia ter um prêmio pro 3° lugar do campeonato de,Pro,0.8074
a6ec5f50-aa66-4ad4-8b97-10a6f9eacaad,a maratona ontem foi boa dms slc,Dms,0.4588
a6ec5f50-aa66-4ad4-8b97-10a6f9eacaad,a maratona ontem foi boa dms slc,Maratona,0.4588
a6ec5f50-aa66-4ad4-8b97-10a6f9eacaad,os brindes tão muito bons,Secom,0.7251
a6ec5f50-aa66-4ad4-8b97-10a6f9eacaad,a palestra do letras,Palestra,0.0
a6ec5f50-aa66-4ad4-8b97-10a6f9eacaad,a palestra do letras,Secom,0.0
a6ec5f50-aa66-4ad4-8b97-10a6f9eacaad,studio sol foi muito boa,Sol,0.4588
a6ec5f50-aa66-4ad4-8b97-10a6f9eacaad,inspiradora em relação a conseguir trabalho em uma empresa legal,Trabalho,0.128
a6ec5f50-aa66-4ad4-8b97-10a6f9eacaad,inspiradora em relação a conseguir trabalho em uma empresa legal,Empresa,0.128
a6ec5f50-aa66-4ad4-8b97-10a6f9eacaad,inspiradora em relação a conseguir trabalho em uma empresa legal,Secom,0.128
a6ec5f50-aa66-4ad4-8b97-10a6f9eacaad,animada para o minicurso,Minicurso,-0.1531
a6ec5f50-aa66-4ad4-8b97-10a6f9eacaad,a secom podia acabar nunca mais para não ter que ter aula de calculo,Matheus,-0.4215
a6ec5f50-aa66-4ad4-8b97-10a6f9eacaad,a secom podia acabar nunca mais para não ter que ter aula de calculo,Curso,-0.4215
4b3d0b61-ee1b-4468-8785-a9d80b5bb850,a maratona foi muito divertida,Maratona,0.4019
4b3d0b61-ee1b-4468-8785-a9d80b5bb850,adorei ganhar baloes,Baloes,0.5859
4b3d0b61-ee1b-4468-8785-a9d80b5bb850,teve salgadinho,Secom,0.0
4b3d0b61-ee1b-4468-8785-a9d80b5bb850,altas expectativas para o dia 3,Secom,-0.1531
4b3d0b61-ee1b-4468-8785-a9d80b5bb850,animado para o ultimo diaa,Final,0.3182
4b3d0b61-ee1b-4468-8785-a9d80b5bb850,animado para o ultimo diaa,Daa,0.3182
a6ec5f50-aa66-4ad4-8b97-10a6f9eacaad,time aseta merece ganhar prêmio também,Tempo,0.8689
a6ec5f50-aa66-4ad4-8b97-10a6f9eacaad,time aseta merece ganhar prêmio também,Campeonato,0.8689
a6ec5f50-aa66-4ad4-8b97-10a6f9eacaad,espero q o cofee break seja diferente hoje,Coffe,0.0
a6ec5f50-aa66-4ad4-8b97-10a6f9eacaad,queria andar de skate,Skate,0.0
4b3d0b61-ee1b-4468-8785-a9d80b5bb850,docker docker docker,Docker,0.0
4b3d0b61-ee1b-4468-8785-a9d80b5bb850,tomara que hoje a luz nao acabe,Luz,-0.296
4b3d0b61-ee1b-4468-8785-a9d80b5bb850,"ultimo dia da secom, ja estou com saudade",Secom,0.25
9cc1a365-6476-4f22-bf74-2a453e1e8443,animado pra modelagem 3d,Modelagem,0.4404
4b3d0b61-ee1b-4468-8785-a9d80b5bb850,aumento para amanda,Amanda,-0.1531
4b3d0b61-ee1b-4468-8785-a9d80b5bb850,aumento para amanda,Aumento,-0.1531
9cc1a365-6476-4f22-bf74-2a453e1e8443,gostando demais da minha primeira secom,Secom,0.0
9cc1a365-6476-4f22-bf74-2a453e1e8443,gostei demais do app,App,0.4215
9cc1a365-6476-4f22-bf74-2a453e1e8443,"to gostando muito ate agr, falta só o curso",Almoco,-0.3612
9cc1a365-6476-4f22-bf74-2a453e1e8443,"to gostando muito ate agr, falta só o curso",Falta,-0.3612
9cc1a365-6476-4f22-bf74-2a453e1e8443,"to gostando muito ate agr, falta só o curso",Curso,-0.3612
02af807d-7123-444e-b61e-89eaf92be60f,ansioso pros minicurso,Pro,0.3612
34d7ba0b-7b62-4439-b143-d7dd24797376,adorei a maratona,Maratona,0.0
34d7ba0b-7b62-4439-b143-d7dd24797376,a energia caiu no final foi um ótimo encerramento kkk,Final,0.4019
34d7ba0b-7b62-4439-b143-d7dd24797376,a energia caiu no final foi um ótimo encerramento kkk,Energia,0.4019
34d7ba0b-7b62-4439-b143-d7dd24797376,os jogos de ontem estavam muito bons,Jogos,0.4588
08101ce6-e4af-4e12-81d5-87afcafc4b3b,gamejam deixou sequelas,Secom,0.0
08101ce6-e4af-4e12-81d5-87afcafc4b3b,as palestras estão muito boas,Palestra,0.4588
50ab66a7-9677-44ec-b7d4-be69f3d11d87,descomplicando o docker agr,Docker,0.0
08101ce6-e4af-4e12-81d5-87afcafc4b3b,só tem mini curso foda,Minicurso,0.6705
08101ce6-e4af-4e12-81d5-87afcafc4b3b,só tem mini curso foda,Curso,0.6705
84fb43ff-f2ca-4b32-b090-49467d8ae7a0,último dia de secom :(,Secom,-0.4404
84fb43ff-f2ca-4b32-b090-49467d8ae7a0,"minicurso de modelagem 3d, bom demais",Minicurso,0.4588
84fb43ff-f2ca-4b32-b090-49467d8ae7a0,"minicurso de modelagem 3d, bom demais",Modelagem,0.4588
02af807d-7123-444e-b61e-89eaf92be60f,curso de modelagem 3d tá bem legal,Modelagem,0.3818
02af807d-7123-444e-b61e-89eaf92be60f,curso de modelagem 3d tá bem legal,Curso,0.3818
d13dce39-51a4-4170-8b39-f06cb1f6adf6,curso de modelagem 3d mtt legal,Mto,0.128
d13dce39-51a4-4170-8b39-f06cb1f6adf6,curso de modelagem 3d mtt legal,Modelagem,0.128
d13dce39-51a4-4170-8b39-f06cb1f6adf6,curso de modelagem 3d mtt legal,Curso,0.128
d13dce39-51a4-4170-8b39-f06cb1f6adf6,coffe break so de tarde 😭😭,Coffe,0.0
d13dce39-51a4-4170-8b39-f06cb1f6adf6,quero mais brindes,Secom,0.4215
9b29ec6c-e5af-4b1c-b7f1-49779d06c73a,curso de modelagem 3d muito legal,Modelagem,0.128
9b29ec6c-e5af-4b1c-b7f1-49779d06c73a,curso de modelagem 3d muito legal,Curso,0.128
5c812191-4a89-40c2-ad20-11d17bed69a1,daora,Secom,0.0
d13dce39-51a4-4170-8b39-f06cb1f6adf6,quero brindes,Secom,0.4215
3e72f254-acab-4aec-ad73-bf9dff9c21ad,ansiosa para o encerramento,Final,-0.2732
3e72f254-acab-4aec-ad73-bf9dff9c21ad,quem será que vai estar no pódio das competições,Torneio,0.0
3e72f254-acab-4aec-ad73-bf9dff9c21ad,quem será que vai estar no pódio das competições,Secom,0.0
d13dce39-51a4-4170-8b39-f06cb1f6adf6,to ansiosa pros sorteios,Pro,0.0
61b2f3d3-4265-4ca1-bf48-f6fb75a5348f,o minicurso gasta muito de seu tempo com uma contextualização que poderia ser mais breve,Minicurso,0.0
61b2f3d3-4265-4ca1-bf48-f6fb75a5348f,o minicurso gasta muito de seu tempo com uma contextualização que poderia ser mais breve,Contexto,0.0
61b2f3d3-4265-4ca1-bf48-f6fb75a5348f,o minicurso gasta muito de seu tempo com uma contextualização que poderia ser mais breve,Tempo,0.0
daac9055-17a0-4775-bb21-9c0add9d45ec,o minicurso de ia está incrível,Minicurso,0.6705
8b532002-32a9-47b8-a068-f68ebed037cd,"o minicurso está sendo muito produtivo, já",Minicurso,0.0
8b532002-32a9-47b8-a068-f68ebed037cd,aprendi que eu não sei usar um terminal,Terminal,-0.296
4ce79311-38e9-401a-bb36-d1b6ad9ff2d3,maratona foi uma ótima experiência,Experiencia,0.6705
4ce79311-38e9-401a-bb36-d1b6ad9ff2d3,maratona foi uma ótima experiência,Maratona,0.6705
4ce79311-38e9-401a-bb36-d1b6ad9ff2d3,"muito bom o torneio de fifa, infelizmente a luz acabou",Fifa,0.0258
4ce79311-38e9-401a-bb36-d1b6ad9ff2d3,"muito bom o torneio de fifa, infelizmente a luz acabou",Torneio,0.0258
4ce79311-38e9-401a-bb36-d1b6ad9ff2d3,"muito bom o torneio de fifa, infelizmente a luz acabou",Luz,0.0258
4395eb8b-e6f9-4282-85dc-98453a11cc3e,bons brindes,Secom,0.7003
4395eb8b-e6f9-4282-85dc-98453a11cc3e,campeonato de fifa bacana,Campeonato,0.4404
4395eb8b-e6f9-4282-85dc-98453a11cc3e,campeonato de fifa bacana,Fifa,0.4404
4395eb8b-e6f9-4282-85dc-98453a11cc3e,evento show de bola,Secom,0.5423
c0f15389-3383-4e94-b413-2fd78bcd0b68,precisamos coffee break de manhã,Manha,0.0
c0f15389-3383-4e94-b413-2fd78bcd0b68,precisamos coffee break de manhã,Break,0.0
f7781785-ccfa-4120-856f-3781bcf14d45,incrível a palestra da alfa engenharia,Palestra,0.6705
f7781785-ccfa-4120-856f-3781bcf14d45,incrível a palestra da alfa engenharia,Alfa,0.6705
4395eb8b-e6f9-4282-85dc-98453a11cc3e,secom 2024 god,Deus,0.0
c922b921-1305-4fe3-b76c-649887d97eb4,torcendo para ganhar o sorteio,Secom,0.8442
c922b921-1305-4fe3-b76c-649887d97eb4,evitar colocar conflito de horários das palestras,Horario,-0.5423
c922b921-1305-4fe3-b76c-649887d97eb4,evitar colocar conflito de horários das palestras,Batalha,-0.5423
c922b921-1305-4fe3-b76c-649887d97eb4,evitar colocar conflito de horários das palestras,Palestra,-0.5423
c922b921-1305-4fe3-b76c-649887d97eb4,atividades,Atividades,0.2023
c922b921-1305-4fe3-b76c-649887d97eb4,gerenciar melhor a pausa parar almoço,Almoco,0.4404
c922b921-1305-4fe3-b76c-649887d97eb4,gerenciar melhor a pausa parar almoço,Git,0.4404
c922b921-1305-4fe3-b76c-649887d97eb4,mandar o que será necessário instalar nos pcs para as palestras,Palestra,-0.1531
c922b921-1305-4fe3-b76c-649887d97eb4,mandar o que será necessário instalar nos pcs para as palestras,Informatica,-0.1531
61b2f3d3-4265-4ca1-bf48-f6fb75a5348f,sem redundância,Redundancia,0.0
19f49226-5a60-463b-85d3-ac562e4eddc4,"a game jam foi incrível, experiência muito maneira participar",Experiencia,0.6705
19f49226-5a60-463b-85d3-ac562e4eddc4,"a game jam foi incrível, experiência muito maneira participar",Jogos,0.6705
19f49226-5a60-463b-85d3-ac562e4eddc4,"a game jam foi incrível, experiência muito maneira participar",Secom,0.6705
19f49226-5a60-463b-85d3-ac562e4eddc4,a luz de florestal atrapalhou a game jam,Jogos,0.0
19f49226-5a60-463b-85d3-ac562e4eddc4,a luz de florestal atrapalhou a game jam,Florestal,0.0
19f49226-5a60-463b-85d3-ac562e4eddc4,a luz de florestal atrapalhou a game jam,Luz,0.0
19f49226-5a60-463b-85d3-ac562e4eddc4,foi daora o encerramento,Final,-0.128
19f49226-5a60-463b-85d3-ac562e4eddc4,"muito maneira a iniciativa do torneio casual de games, ter uma competição mais leve é daora",Projetos,0.2023
19f49226-5a60-463b-85d3-ac562e4eddc4,"muito maneira a iniciativa do torneio casual de games, ter uma competição mais leve é daora",Jogos,0.2023
19f49226-5a60-463b-85d3-ac562e4eddc4,"muito maneira a iniciativa do torneio casual de games, ter uma competição mais leve é daora",Torneio,0.2023
19f49226-5a60-463b-85d3-ac562e4eddc4,"muito maneira a iniciativa do torneio casual de games, ter uma competição mais leve é daora",Secom,0.2023
19f49226-5a60-463b-85d3-ac562e4eddc4,"a palestra do gustavo viegas foi maneira, interessante ver o que a gente aprende em esof na indústria de fato",Almoco,0.4019
19f49226-5a60-463b-85d3-ac562e4eddc4,"a palestra do gustavo viegas foi maneira, interessante ver o que a gente aprende em esof na indústria de fato",Empresa,0.4019
19f49226-5a60-463b-85d3-ac562e4eddc4,"a palestra do gustavo viegas foi maneira, interessante ver o que a gente aprende em esof na indústria de fato",Secom,0.4019
19f49226-5a60-463b-85d3-ac562e4eddc4,"a palestra do gustavo viegas foi maneira, interessante ver o que a gente aprende em esof na indústria de fato",Lol,0.4019
19f49226-5a60-463b-85d3-ac562e4eddc4,"a palestra do gustavo viegas foi maneira, interessante ver o que a gente aprende em esof na indústria de fato",Gustavo,0.4019
19f49226-5a60-463b-85d3-ac562e4eddc4,"a palestra do gustavo viegas foi maneira, interessante ver o que a gente aprende em esof na indústria de fato",Palestra,0.4019
19f49226-5a60-463b-85d3-ac562e4eddc4,"minicurso de docker está sendo muito interessante, é uma ferramenta que facilita demais",Minicurso,0.4019
19f49226-5a60-463b-85d3-ac562e4eddc4,"minicurso de docker está sendo muito interessante, é uma ferramenta que facilita demais",Ferramentas,0.4019
19f49226-5a60-463b-85d3-ac562e4eddc4,"minicurso de docker está sendo muito interessante, é uma ferramenta que facilita demais",Docker,0.4019
61b2f3d3-4265-4ca1-bf48-f6fb75a5348f,"tema muito bom para conversa, gera ótimas discussões sobre o tema",Palestra,0.7845
61b2f3d3-4265-4ca1-bf48-f6fb75a5348f,"tema muito bom para conversa, gera ótimas discussões sobre o tema",Secom,0.7845
50ab66a7-9677-44ec-b7d4-be69f3d11d87,queria coffe break agr na manhã também,Manha,0.0
50ab66a7-9677-44ec-b7d4-be69f3d11d87,queria coffe break agr na manhã também,Coffe,0.0
61b2f3d3-4265-4ca1-bf48-f6fb75a5348f,explicação atende bem a todos os níveis de conhecimento sobre o tema,Explicacao,0.2732
61b2f3d3-4265-4ca1-bf48-f6fb75a5348f,explicação atende bem a todos os níveis de conhecimento sobre o tema,Conhecimento,0.2732
61b2f3d3-4265-4ca1-bf48-f6fb75a5348f,explicação atende bem a todos os níveis de conhecimento sobre o tema,Secom,0.2732
61b2f3d3-4265-4ca1-bf48-f6fb75a5348f,estou ansioso para a segunda parte do minicurso,Minicurso,0.2263
61b2f3d3-4265-4ca1-bf48-f6fb75a5348f,estou ansioso para a segunda parte do minicurso,Secom,0.2263
7833a43c-88df-41ce-9608-368ecac536a1,podia ter um coffe break de manhã tbm hein,Manha,0.0
7833a43c-88df-41ce-9608-368ecac536a1,podia ter um coffe break de manhã tbm hein,Coffe,0.0
8aed64cf-df9c-4421-bff3-6c07fee239b1,ótimo minicurso,Minicurso,0.6705
02af807d-7123-444e-b61e-89eaf92be60f,intervalo,Intervalo,0.0
4ce79311-38e9-401a-bb36-d1b6ad9ff2d3,minicurso de docker sendo muito produtivo,Minicurso,0.0
4ce79311-38e9-401a-bb36-d1b6ad9ff2d3,minicurso de docker sendo muito produtivo,Docker,0.0
02af807d-7123-444e-b61e-89eaf92be60f,muito difícil modelar boneco,Boneco,-0.1027
02af807d-7123-444e-b61e-89eaf92be60f,minicurso mt bom,Minicurso,0.4588
a1b2ff52-f806-4d79-b524-3d3fa3327116,boa palestra,Palestra,0.4588
a1b2ff52-f806-4d79-b524-3d3fa3327116,nice,Labs,0.0
0016d182-df26-4200-b287-2b9a2086516b,nice,Labs,0.0
2841ae4b-ef6a-4661-94a3-9777a70ec034,mini curso sendo apresentado de forma muito acelerada,Forma,0.0
2841ae4b-ef6a-4661-94a3-9777a70ec034,mini curso sendo apresentado de forma muito acelerada,Curso,0.0
2841ae4b-ef6a-4661-94a3-9777a70ec034,docker parece ser essencial para o mercado de trabalho,Trabalho,-0.1531
2841ae4b-ef6a-4661-94a3-9777a70ec034,docker parece ser essencial para o mercado de trabalho,Mercado,-0.1531
2841ae4b-ef6a-4661-94a3-9777a70ec034,docker parece ser essencial para o mercado de trabalho,Docker,-0.1531
2841ae4b-ef6a-4661-94a3-9777a70ec034,não houve a divulgação da hora,Tempo,-0.0258
2841ae4b-ef6a-4661-94a3-9777a70ec034,não houve a divulgação da hora,Secom,-0.0258
2841ae4b-ef6a-4661-94a3-9777a70ec034,dia da disputa do terceiro lugar do campeonato de lol,Lol,0.4939
2841ae4b-ef6a-4661-94a3-9777a70ec034,dia da disputa do terceiro lugar do campeonato de lol,Campeonato,0.4939
2841ae4b-ef6a-4661-94a3-9777a70ec034,dia da disputa do terceiro lugar do campeonato de lol,Batalha,0.4939
2841ae4b-ef6a-4661-94a3-9777a70ec034,dia da disputa do terceiro lugar do campeonato de lol,Secom,0.4939
2841ae4b-ef6a-4661-94a3-9777a70ec034,"o momento das partidas de fifa foi muito interessante, poderia haver mais nas próximas",Fifa,0.4019
2841ae4b-ef6a-4661-94a3-9777a70ec034,"o momento das partidas de fifa foi muito interessante, poderia haver mais nas próximas",Tempo,0.4019
2841ae4b-ef6a-4661-94a3-9777a70ec034,"o momento das partidas de fifa foi muito interessante, poderia haver mais nas próximas",Jogos,0.4019
2841ae4b-ef6a-4661-94a3-9777a70ec034,poderia haver um manejo melhor nos horários das palestras,Controle,0.4404
2841ae4b-ef6a-4661-94a3-9777a70ec034,poderia haver um manejo melhor nos horários das palestras,Horario,0.4404
2841ae4b-ef6a-4661-94a3-9777a70ec034,poderia haver um manejo melhor nos horários das palestras,Palestra,0.4404
2841ae4b-ef6a-4661-94a3-9777a70ec034,auditório obviamente não consegue suprir com a demanda de pessoas,Auditorio,-0.296
2841ae4b-ef6a-4661-94a3-9777a70ec034,auditório obviamente não consegue suprir com a demanda de pessoas,Mercado,-0.296
2841ae4b-ef6a-4661-94a3-9777a70ec034,auditório obviamente não consegue suprir com a demanda de pessoas,Secom,-0.296
2841ae4b-ef6a-4661-94a3-9777a70ec034,coffee break poderia ter mais saldados,Break,0.0
2841ae4b-ef6a-4661-94a3-9777a70ec034,coffee break poderia ter café,Coffee,0.0
2841ae4b-ef6a-4661-94a3-9777a70ec034,coffee break poderia ter café,Break,0.0
2841ae4b-ef6a-4661-94a3-9777a70ec034,os times convidados para os torneios de,Tempo,-0.1531
2841ae4b-ef6a-4661-94a3-9777a70ec034,os times convidados para os torneios de,Torneio,-0.1531
2841ae4b-ef6a-4661-94a3-9777a70ec034,-sports deveriam seguir as regras do campeonato,Campeonato,0.4404
2841ae4b-ef6a-4661-94a3-9777a70ec034,-sports deveriam seguir as regras do campeonato,Fifa,0.4404
2841ae4b-ef6a-4661-94a3-9777a70ec034,-sports deveriam seguir as regras do campeonato,Limitacoes,0.4404
45025e25-714c-447c-ad00-3f2880882d2b,ótimo minicurso,Minicurso,0.6705
45025e25-714c-447c-ad00-3f2880882d2b,podia ter pão no coffe break,Patrick,0.0
45025e25-714c-447c-ad00-3f2880882d2b,podia ter pão no coffe break,Coffe,0.0
45025e25-714c-447c-ad00-3f2880882d2b,podia ter mortadela no coffe break,Coffe,0.0
45025e25-714c-447c-ad00-3f2880882d2b,podia ter mortadela no coffe break,Secom,0.0
37ec55d9-b848-47bd-9a33-f64afd2dd867,acabou a luz ontem,Luz,0.0
37ec55d9-b848-47bd-9a33-f64afd2dd867,podia ter mais lanchinhos,Secom,0.0
37ec55d9-b848-47bd-9a33-f64afd2dd867,era bom um pão com salame,Patrick,0.4588
37ec55d9-b848-47bd-9a33-f64afd2dd867,era bom um pão com salame,Salame,0.4588
2841ae4b-ef6a-4661-94a3-9777a70ec034,como me colocam jogo de valorant no mesmo período que a final da libertadores,Final,0.0
2841ae4b-ef6a-4661-94a3-9777a70ec034,como me colocam jogo de valorant no mesmo período que a final da libertadores,Libertadores,0.0
2841ae4b-ef6a-4661-94a3-9777a70ec034,como me colocam jogo de valorant no mesmo período que a final da libertadores,Valorant,0.0
2841ae4b-ef6a-4661-94a3-9777a70ec034,como me colocam jogo de valorant no mesmo período que a final da libertadores,Jogos,0.0
2841ae4b-ef6a-4661-94a3-9777a70ec034,como me colocam jogo de valorant no mesmo período que a final da libertadores,Intervalo,0.0
37ec55d9-b848-47bd-9a33-f64afd2dd867,podia ter comida japonesa,Comida,0.0
8aed64cf-df9c-4421-bff3-6c07fee239b1,seria bom ter tido coffee break na manhã,Manha,0.4588
8aed64cf-df9c-4421-bff3-6c07fee239b1,seria bom ter tido coffee break na manhã,Break,0.4588
37ec55d9-b848-47bd-9a33-f64afd2dd867,último pra completar missão,Secom,0.0
45025e25-714c-447c-ad00-3f2880882d2b,só quero o brinde,Secom,0.296
45025e25-714c-447c-ad00-3f2880882d2b,próxima secom tem que diminuir esse número de comentários,Numero,0.0772
45025e25-714c-447c-ad00-3f2880882d2b,próxima secom tem que diminuir esse número de comentários,Secom,0.0772
4ce79311-38e9-401a-bb36-d1b6ad9ff2d3,coffe break podia ter outras opções de comida,Comida,0.0
4ce79311-38e9-401a-bb36-d1b6ad9ff2d3,coffe break podia ter outras opções de comida,Opcoes,0.0
4ce79311-38e9-401a-bb36-d1b6ad9ff2d3,coffe break podia ter outras opções de comida,Coffe,0.0
45025e25-714c-447c-ad00-3f2880882d2b,mais coffe break,Coffe,0.0
4ce79311-38e9-401a-bb36-d1b6ad9ff2d3,quais são os brindes,Secom,0.4215
8aed64cf-df9c-4421-bff3-6c07fee239b1,foi bem divertido acompanhar o campeonato de fifa de ontem,Campeonato,0.7845
8aed64cf-df9c-4421-bff3-6c07fee239b1,foi bem divertido acompanhar o campeonato de fifa de ontem,Fifa,0.7845
8aed64cf-df9c-4421-bff3-6c07fee239b1,pena que a luz caiu,Luz,-0.6908
8aed64cf-df9c-4421-bff3-6c07fee239b1,pena que a luz caiu,Pena,-0.6908
7cf13434-76d6-4046-96fd-1cfd9d429282,mt bom o relatorio,Relatorio,0.4588
7cf13434-76d6-4046-96fd-1cfd9d429282,bao,Secom,0.0
7cf13434-76d6-4046-96fd-1cfd9d429282,aoba,Almoco,0.0
5c812191-4a89-40c2-ad20-11d17bed69a1,bao dms,Secom,0.0
24c725a4-20aa-4ce4-9d18-b194d3bdd5be,segunda dia também foi repleto de muitas palestras legais,Palestra,0.0
5c812191-4a89-40c2-ad20-11d17bed69a1,like like like,Secom,0.0
24c725a4-20aa-4ce4-9d18-b194d3bdd5be,o evento da gamejam foi muito legal,Jogos,0.128
86cc2ad1-6ef4-4b63-8d8f-c512cc96589d,essa secom tá insanaaaaa,Secom,0.0
86cc2ad1-6ef4-4b63-8d8f-c512cc96589d,a maratona foi tão divertida,Maratona,0.4576
15ae4086-4952-4aac-a16b-5c2852e5e523,"sem spam, né gente",Spam,-0.3612
34d7ba0b-7b62-4439-b143-d7dd24797376,os minicursos estão muito legais,Minicurso,0.0
34d7ba0b-7b62-4439-b143-d7dd24797376,adorei essa dinâmica dos minicursos serem na prática,Minicurso,0.2732
34d7ba0b-7b62-4439-b143-d7dd24797376,adorei essa dinâmica dos minicursos serem na prática,Processo,0.2732
34d7ba0b-7b62-4439-b143-d7dd24797376,adorei essa dinâmica dos minicursos serem na prática,Dinamica,0.2732
43aca24c-d788-497e-8521-06df728eeaf8,o minicurso de docker é o melhor de todos,Minicurso,0.4404
43aca24c-d788-497e-8521-06df728eeaf8,o minicurso de docker é o melhor de todos,Docker,0.4404
cafe1afc-d59d-4b35-bde1-38d1f5815f74,f de fifa,Fifa,0.0
43aca24c-d788-497e-8521-06df728eeaf8,"o lab 1 não tem ar condicionado, isso foi triste",Laboratorios,-0.6597
cafe1afc-d59d-4b35-bde1-38d1f5815f74,minicurso de modelagem tá incrivel,Minicurso,0.6705
cafe1afc-d59d-4b35-bde1-38d1f5815f74,minicurso de modelagem tá incrivel,Modelagem,0.6705
cafe1afc-d59d-4b35-bde1-38d1f5815f74,beat saber,Beat,0.0
cafe1afc-d59d-4b35-bde1-38d1f5815f74,sabre de luz,Luz,0.0
cafe1afc-d59d-4b35-bde1-38d1f5815f74,sabre de luz,Secom,0.0
cafe1afc-d59d-4b35-bde1-38d1f5815f74,valeuuuuu cemig,Lol,0.0
43aca24c-d788-497e-8521-06df728eeaf8,ansioso pelo resultado da maratona,Resultado,0.3612
43aca24c-d788-497e-8521-06df728eeaf8,ansioso pelo resultado da maratona,Maratona,0.3612
cafe1afc-d59d-4b35-bde1-38d1f5815f74,palestras incriveis do segundo dia,Palestra,0.6705
cafe1afc-d59d-4b35-bde1-38d1f5815f74,coffe break a tarde vou morrer de fome,Tempo,-0.7783
cafe1afc-d59d-4b35-bde1-38d1f5815f74,coffe break a tarde vou morrer de fome,Fome,-0.7783
cafe1afc-d59d-4b35-bde1-38d1f5815f74,coffe break a tarde vou morrer de fome,Coffe,-0.7783
cafe1afc-d59d-4b35-bde1-38d1f5815f74,franguinho no almoço,Almoco,0.0
43aca24c-d788-497e-8521-06df728eeaf8,os jogos da gamejam tão poggers,Jogos,0.0
43aca24c-d788-497e-8521-06df728eeaf8,os jogos da gamejam tão poggers,Poggers,0.0
cafe1afc-d59d-4b35-bde1-38d1f5815f74,meu boneco tá parecendo uma abobora,Boneco,0.0
cafe1afc-d59d-4b35-bde1-38d1f5815f74,meu boneco tá parecendo uma abobora,Abelha,0.0
cafe1afc-d59d-4b35-bde1-38d1f5815f74,se eu não ganhar o sorteio hoje é absurdo,Secom,0.3612
19f49226-5a60-463b-85d3-ac562e4eddc4,ansioso pro encerramento,Final,0.25
19f49226-5a60-463b-85d3-ac562e4eddc4,o resultado da gamejam,Jogos,0.0
19f49226-5a60-463b-85d3-ac562e4eddc4,o resultado da gamejam,Resultado,0.0
cafe1afc-d59d-4b35-bde1-38d1f5815f74,mc agenda vamoooo,Agenda,0.0
43aca24c-d788-497e-8521-06df728eeaf8,"faltou botton da levity ontem, falaram q iriam deixar separado",Levity,-0.3612
43aca24c-d788-497e-8521-06df728eeaf8,"faltou botton da levity ontem, falaram q iriam deixar separado",Bots,-0.3612
19f49226-5a60-463b-85d3-ac562e4eddc4,"acho que o coffe brake de tarde é muito melhor, não ocupa o espaço do almoço kkkkkkk",Almoco,0.1779
19f49226-5a60-463b-85d3-ac562e4eddc4,"acho que o coffe brake de tarde é muito melhor, não ocupa o espaço do almoço kkkkkkk",Secom,0.1779
19f49226-5a60-463b-85d3-ac562e4eddc4,"acho que o coffe brake de tarde é muito melhor, não ocupa o espaço do almoço kkkkkkk",Brake,0.1779
19f49226-5a60-463b-85d3-ac562e4eddc4,"acho que o coffe brake de tarde é muito melhor, não ocupa o espaço do almoço kkkkkkk",Coffe,0.1779
19f49226-5a60-463b-85d3-ac562e4eddc4,"acho que o coffe brake de tarde é muito melhor, não ocupa o espaço do almoço kkkkkkk",Tempo,0.1779
50a1eb8e-50fb-4cc4-b79b-6b4b2a4a8c61,a gamejam foi simplesmente incrível,Jogos,0.6705
50a1eb8e-50fb-4cc4-b79b-6b4b2a4a8c61,os jogos da galera estavam muito bacanas,Jogos,0.0
50a1eb8e-50fb-4cc4-b79b-6b4b2a4a8c61,os jogos da galera estavam muito bacanas,Secom,0.0
50a1eb8e-50fb-4cc4-b79b-6b4b2a4a8c61,a queda de luz ontem de noite foi sinistra,Luz,-0.1531
50a1eb8e-50fb-4cc4-b79b-6b4b2a4a8c61,a queda de luz ontem de noite foi sinistra,Secom,-0.1531
50a1eb8e-50fb-4cc4-b79b-6b4b2a4a8c61,"se não tivesse tido a queda de luz, o jogo da gamejam estaria pronto pra liberar no mercado",Luz,-0.0772
50a1eb8e-50fb-4cc4-b79b-6b4b2a4a8c61,"se não tivesse tido a queda de luz, o jogo da gamejam estaria pronto pra liberar no mercado",Jogos,-0.0772
50a1eb8e-50fb-4cc4-b79b-6b4b2a4a8c61,"se não tivesse tido a queda de luz, o jogo da gamejam estaria pronto pra liberar no mercado",Mercado,-0.0772
50a1eb8e-50fb-4cc4-b79b-6b4b2a4a8c61,"se não tivesse tido a queda de luz, o jogo da gamejam estaria pronto pra liberar no mercado",Secom,-0.0772
50a1eb8e-50fb-4cc4-b79b-6b4b2a4a8c61,os salgadinhos de ontem também estavam ótimos,Secom,0.6705
43aca24c-d788-497e-8521-06df728eeaf8,faltou uma coquinha ontem na maratona ein,Secom,-0.3612
43aca24c-d788-497e-8521-06df728eeaf8,faltou uma coquinha ontem na maratona ein,Maratona,-0.3612
43aca24c-d788-497e-8521-06df728eeaf8,faltou uma coquinha ontem na maratona ein,Coffe,-0.3612
50a1eb8e-50fb-4cc4-b79b-6b4b2a4a8c61,o quadro da secom ficou ótimo,Fotografo,0.6705
b99c9940-1ccf-4ec6-963a-9a233fddde70,torneio ontem de fifa tava daora,Fifa,0.0
b99c9940-1ccf-4ec6-963a-9a233fddde70,torneio ontem de fifa tava daora,Torneio,0.0
b99c9940-1ccf-4ec6-963a-9a233fddde70,torneio ontem de fifa tava daora,Secom,0.0
b99c9940-1ccf-4ec6-963a-9a233fddde70,"esse cronograma da secom ficou perfeito, muitas coisas",Horario,0.6705
b99c9940-1ccf-4ec6-963a-9a233fddde70,"esse cronograma da secom ficou perfeito, muitas coisas",Secom,0.6705
b99c9940-1ccf-4ec6-963a-9a233fddde70,bem distribuídos no curto espaço de tempo,Tempo,0.2732
b99c9940-1ccf-4ec6-963a-9a233fddde70,bem distribuídos no curto espaço de tempo,Secom,0.2732
b99c9940-1ccf-4ec6-963a-9a233fddde70,hoje a ufv tem q amassar na final de lol,Final,0.4588
b99c9940-1ccf-4ec6-963a-9a233fddde70,hoje a ufv tem q amassar na final de lol,Ufv,0.4588
b99c9940-1ccf-4ec6-963a-9a233fddde70,hoje a ufv tem q amassar na final de lol,Lol,0.4588
226440c8-ce0c-42b8-a37b-8435e915955d,animada com a cerimônia de encerramento,Cerimonia,0.0516
226440c8-ce0c-42b8-a37b-8435e915955d,animada com a cerimônia de encerramento,Final,0.0516
12c8e1ec-c662-415a-b106-b64ccb7ece3f,nos coffee-break poderia ter outra opção de bebida além de coca-cola,Almoco,0.0
12c8e1ec-c662-415a-b106-b64ccb7ece3f,nos coffee-break poderia ter outra opção de bebida além de coca-cola,Cocas,0.0
12c8e1ec-c662-415a-b106-b64ccb7ece3f,nos coffee-break poderia ter outra opção de bebida além de coca-cola,Coffee,0.0
50a1eb8e-50fb-4cc4-b79b-6b4b2a4a8c61,extremamente ansioso para os resultados da gamejam,Jogos,0.2298
50a1eb8e-50fb-4cc4-b79b-6b4b2a4a8c61,extremamente ansioso para os resultados da gamejam,Resultado,0.2298
12c8e1ec-c662-415a-b106-b64ccb7ece3f,essa edição vem se destacando muito pelos palestrantes escolhidos,Almoco,0.0
12c8e1ec-c662-415a-b106-b64ccb7ece3f,essa edição vem se destacando muito pelos palestrantes escolhidos,Palestra,0.0
96a82185-2b89-4f00-9bf9-ab5b2fa5c8ce,melhor evento de florestal,Florestal,0.4404
50a1eb8e-50fb-4cc4-b79b-6b4b2a4a8c61,extremamente ansioso para os resultados da maratona,Resultado,0.2298
50a1eb8e-50fb-4cc4-b79b-6b4b2a4a8c61,extremamente ansioso para os resultados da maratona,Maratona,0.2298
34d7ba0b-7b62-4439-b143-d7dd24797376,gostei muito dessa temática de jogos,Jogos,0.4215
34d7ba0b-7b62-4439-b143-d7dd24797376,gostei muito dessa temática de jogos,Secom,0.4215
34d7ba0b-7b62-4439-b143-d7dd24797376,competição,Torneio,0.0
12c8e1ec-c662-415a-b106-b64ccb7ece3f,a qualidade das palestras estão muito boas,Qualidade,0.4588
12c8e1ec-c662-415a-b106-b64ccb7ece3f,a qualidade das palestras estão muito boas,Palestra,0.4588
96a82185-2b89-4f00-9bf9-ab5b2fa5c8ce,os lanches do coffebrek são os melhores,Lanche,0.0
96a82185-2b89-4f00-9bf9-ab5b2fa5c8ce,os lanches do coffebrek são os melhores,Coffebrek,0.0
12c8e1ec-c662-415a-b106-b64ccb7ece3f,o gamejam foi uma ótima adição ao evento,Jogos,0.6705
12c8e1ec-c662-415a-b106-b64ccb7ece3f,o gamejam foi uma ótima adição ao evento,Secom,0.6705
12c8e1ec-c662-415a-b106-b64ccb7ece3f,poderia ter tido uma apresentação presencial dos projetos desenvolvidos pelas equipes no gamejam,Equipe,0.0
12c8e1ec-c662-415a-b106-b64ccb7ece3f,poderia ter tido uma apresentação presencial dos projetos desenvolvidos pelas equipes no gamejam,Projetos,0.0
12c8e1ec-c662-415a-b106-b64ccb7ece3f,poderia ter tido uma apresentação presencial dos projetos desenvolvidos pelas equipes no gamejam,Jogos,0.0
12c8e1ec-c662-415a-b106-b64ccb7ece3f,poderia ter tido uma apresentação presencial dos projetos desenvolvidos pelas equipes no gamejam,Apresentacao,0.0
96a82185-2b89-4f00-9bf9-ab5b2fa5c8ce,"a palestra do fábio freitas foi a melhor, muito explicativa",Almoco,0.4404
96a82185-2b89-4f00-9bf9-ab5b2fa5c8ce,"a palestra do fábio freitas foi a melhor, muito explicativa",Palestra,0.4404
96a82185-2b89-4f00-9bf9-ab5b2fa5c8ce,senti o auditório no segundo dia bem vazio,Auditorio,0.0772
12c8e1ec-c662-415a-b106-b64ccb7ece3f,trazer pessoas do mercado para palestrar foi muito cativante,Mercado,-0.1531
12c8e1ec-c662-415a-b106-b64ccb7ece3f,trazer pessoas do mercado para palestrar foi muito cativante,Secom,-0.1531
b843c3db-fc8f-45a6-8322-19b87391fa20,achei muito legal os campeonatos amistoso do segundo dia,Campeonato,0.5719
34d7ba0b-7b62-4439-b143-d7dd24797376,seria muito bom se próximo ano dividissem q sipeec em duas partes,Secom,0.4588
311c27a8-5c81-4b58-a7b6-27f29c34ac6f,palestras muito interessantes,Palestra,0.0
311c27a8-5c81-4b58-a7b6-27f29c34ac6f,enriquecedoras para aqueles que se interessam por i,Valorant,-0.1531
96a82185-2b89-4f00-9bf9-ab5b2fa5c8ce,ano que vem o campeonato de esports poderia ser maior,Campeonato,0.7964
96a82185-2b89-4f00-9bf9-ab5b2fa5c8ce,ano que vem o campeonato de esports poderia ser maior,Fifa,0.7964
b843c3db-fc8f-45a6-8322-19b87391fa20,parabéns para o philipe pela organização,Organizacao,0.5106
b843c3db-fc8f-45a6-8322-19b87391fa20,parabéns para o philipe pela organização,Philipe,0.5106
50a1eb8e-50fb-4cc4-b79b-6b4b2a4a8c61,os temas dos minicursos estão sensacionais,Minicurso,0.0
50a1eb8e-50fb-4cc4-b79b-6b4b2a4a8c61,os temas dos minicursos estão sensacionais,Secom,0.0
34d7ba0b-7b62-4439-b143-d7dd24797376,"eu amei as figurinhas do git, peguei várias",Git,0.6705
34d7ba0b-7b62-4439-b143-d7dd24797376,"eu amei as figurinhas do git, peguei várias",Animacao,0.6705
96a82185-2b89-4f00-9bf9-ab5b2fa5c8ce,ano que vem seria bom ter um microfone melhor,Microfone,0.7096
311c27a8-5c81-4b58-a7b6-27f29c34ac6f,"lanche do coffe break estava muito bom, faltou apenas uma alternativa de bebida para aqueles que não tomam refri",Secom,-0.3182
311c27a8-5c81-4b58-a7b6-27f29c34ac6f,"lanche do coffe break estava muito bom, faltou apenas uma alternativa de bebida para aqueles que não tomam refri",Dicas,-0.3182
311c27a8-5c81-4b58-a7b6-27f29c34ac6f,"lanche do coffe break estava muito bom, faltou apenas uma alternativa de bebida para aqueles que não tomam refri",Coffe,-0.3182
50a1eb8e-50fb-4cc4-b79b-6b4b2a4a8c61,"vou chegar morto em casa,",Casa,-0.6705
311c27a8-5c81-4b58-a7b6-27f29c34ac6f,"adorei a dinâmica dos apitos na sipec, deixou a apresentação mais interativa",Apresentacao,0.2732
311c27a8-5c81-4b58-a7b6-27f29c34ac6f,"adorei a dinâmica dos apitos na sipec, deixou a apresentação mais interativa",Dinamica,0.2732
311c27a8-5c81-4b58-a7b6-27f29c34ac6f,"adorei a dinâmica dos apitos na sipec, deixou a apresentação mais interativa",Secom,0.2732
b843c3db-fc8f-45a6-8322-19b87391fa20,"cada mini curso um melhor que o outro, muito obrigado por todo esse conhecimento",Minicurso,0.7003
b843c3db-fc8f-45a6-8322-19b87391fa20,"cada mini curso um melhor que o outro, muito obrigado por todo esse conhecimento",Conhecimento,0.7003
b843c3db-fc8f-45a6-8322-19b87391fa20,"cada mini curso um melhor que o outro, muito obrigado por todo esse conhecimento",Curso,0.7003
b843c3db-fc8f-45a6-8322-19b87391fa20,experiência,Experiencia,0.0
b843c3db-fc8f-45a6-8322-19b87391fa20,"estela seu mini curso é o melhor de todos disparado, front end é vida",Final,0.4404
b843c3db-fc8f-45a6-8322-19b87391fa20,"estela seu mini curso é o melhor de todos disparado, front end é vida",Vida,0.4404
b843c3db-fc8f-45a6-8322-19b87391fa20,"estela seu mini curso é o melhor de todos disparado, front end é vida",Curso,0.4404
b843c3db-fc8f-45a6-8322-19b87391fa20,"estela seu mini curso é o melhor de todos disparado, front end é vida",Minicurso,0.4404
b843c3db-fc8f-45a6-8322-19b87391fa20,"estela seu mini curso é o melhor de todos disparado, front end é vida",Front,0.4404
50a1eb8e-50fb-4cc4-b79b-6b4b2a4a8c61,o coffee break a tarde ficou melhor porque não atrapalha o almoço,Almoco,0.1779
50a1eb8e-50fb-4cc4-b79b-6b4b2a4a8c61,o coffee break a tarde ficou melhor porque não atrapalha o almoço,Tempo,0.1779
50a1eb8e-50fb-4cc4-b79b-6b4b2a4a8c61,o coffee break a tarde ficou melhor porque não atrapalha o almoço,Coffee,0.1779
50a1eb8e-50fb-4cc4-b79b-6b4b2a4a8c61,o coffee break a tarde ficou melhor porque não atrapalha o almoço,Break,0.1779
34d7ba0b-7b62-4439-b143-d7dd24797376,uma dica para próxima secom por favor n coloquem palestras na hora do almoço,Almoco,0.3182
34d7ba0b-7b62-4439-b143-d7dd24797376,uma dica para próxima secom por favor n coloquem palestras na hora do almoço,Secom,0.3182
34d7ba0b-7b62-4439-b143-d7dd24797376,uma dica para próxima secom por favor n coloquem palestras na hora do almoço,Labs,0.3182
34d7ba0b-7b62-4439-b143-d7dd24797376,uma dica para próxima secom por favor n coloquem palestras na hora do almoço,Palestra,0.3182
34d7ba0b-7b62-4439-b143-d7dd24797376,uma dica para próxima secom por favor n coloquem palestras na hora do almoço,Tempo,0.3182
96a82185-2b89-4f00-9bf9-ab5b2fa5c8ce,o jogo de lol hj vai ser o melhor,Lol,0.7096
96a82185-2b89-4f00-9bf9-ab5b2fa5c8ce,o jogo de lol hj vai ser o melhor,Jogos,0.7096
96a82185-2b89-4f00-9bf9-ab5b2fa5c8ce,"valor mc agenda, coloquem a okt no lugar deles",Valorant,0.34
96a82185-2b89-4f00-9bf9-ab5b2fa5c8ce,"valor mc agenda, coloquem a okt no lugar deles",Secom,0.34
96a82185-2b89-4f00-9bf9-ab5b2fa5c8ce,"valor mc agenda, coloquem a okt no lugar deles",Agenda,0.34
b99c9940-1ccf-4ec6-963a-9a233fddde70,já tá cedo pra pedir o coffee-break,Coffee,0.0
96a82185-2b89-4f00-9bf9-ab5b2fa5c8ce,o site do shrek é o melhor já criado,Shrek,0.4404
96a82185-2b89-4f00-9bf9-ab5b2fa5c8ce,o site do shrek é o melhor já criado,Internet,0.4404
b843c3db-fc8f-45a6-8322-19b87391fa20,"edição da secom excelente,  muitos eventos",Almoco,0.6249
b843c3db-fc8f-45a6-8322-19b87391fa20,"edição da secom excelente,  muitos eventos",Eventos,0.6249
b843c3db-fc8f-45a6-8322-19b87391fa20,"edição da secom excelente,  muitos eventos",Secom,0.6249
b843c3db-fc8f-45a6-8322-19b87391fa20,atividades interessantes,Atividades,0.2023
96a82185-2b89-4f00-9bf9-ab5b2fa5c8ce,"ano que vem a final do valorant tem que ser presencial, teria muito mais emoção",Valorant,0.3612
96a82185-2b89-4f00-9bf9-ab5b2fa5c8ce,"ano que vem a final do valorant tem que ser presencial, teria muito mais emoção",Final,0.3612
96a82185-2b89-4f00-9bf9-ab5b2fa5c8ce,"ano que vem a final do valorant tem que ser presencial, teria muito mais emoção",Emocoes,0.3612
96a82185-2b89-4f00-9bf9-ab5b2fa5c8ce,os salgados do coffebreak estavam maravilhosos,Coffebreak,0.6705
96a82185-2b89-4f00-9bf9-ab5b2fa5c8ce,os salgados do coffebreak estavam maravilhosos,Secom,0.6705
b843c3db-fc8f-45a6-8322-19b87391fa20,"estou doido para ver as premiações do final da secom, veremos os vencedores",Final,0.3612
b843c3db-fc8f-45a6-8322-19b87391fa20,"estou doido para ver as premiações do final da secom, veremos os vencedores",Campeonato,0.3612
b843c3db-fc8f-45a6-8322-19b87391fa20,"estou doido para ver as premiações do final da secom, veremos os vencedores",Secom,0.3612
b843c3db-fc8f-45a6-8322-19b87391fa20,"estou doido para ver as premiações do final da secom, veremos os vencedores",Pre-servidor,0.3612
b843c3db-fc8f-45a6-8322-19b87391fa20,pra quem será os brindes,Secom,0.4215
96a82185-2b89-4f00-9bf9-ab5b2fa5c8ce,ano que vem poderia ter uma interação maior com os outros cursos,Interacao,0.6369
96a82185-2b89-4f00-9bf9-ab5b2fa5c8ce,ano que vem poderia ter uma interação maior com os outros cursos,Curso,0.6369
b99c9940-1ccf-4ec6-963a-9a233fddde70,curso de web hoje tá sendo muito daora,Secom,0.0
b99c9940-1ccf-4ec6-963a-9a233fddde70,curso de web hoje tá sendo muito daora,Internet,0.0
b99c9940-1ccf-4ec6-963a-9a233fddde70,curso de web hoje tá sendo muito daora,Curso,0.0
311c27a8-5c81-4b58-a7b6-27f29c34ac6f,tempo limite de cada apresentação poderia ser um pouco menor,Tempo,-0.3818
311c27a8-5c81-4b58-a7b6-27f29c34ac6f,tempo limite de cada apresentação poderia ser um pouco menor,Limitacoes,-0.3818
311c27a8-5c81-4b58-a7b6-27f29c34ac6f,tempo limite de cada apresentação poderia ser um pouco menor,Apresentacao,-0.3818
311c27a8-5c81-4b58-a7b6-27f29c34ac6f,a palestra sobre desmistificação de i,Palestra,0.0
311c27a8-5c81-4b58-a7b6-27f29c34ac6f,a palestra sobre desmistificação de i,Desmistificacao,0.0
96a82185-2b89-4f00-9bf9-ab5b2fa5c8ce,"a palestra do time do letras foi muito boa, com muita informação",Tempo,0.4588
96a82185-2b89-4f00-9bf9-ab5b2fa5c8ce,"a palestra do time do letras foi muito boa, com muita informação",Palestra,0.4588
96a82185-2b89-4f00-9bf9-ab5b2fa5c8ce,"a palestra do time do letras foi muito boa, com muita informação",Secom,0.4588
96a82185-2b89-4f00-9bf9-ab5b2fa5c8ce,conceitos,Secom,0.0
311c27a8-5c81-4b58-a7b6-27f29c34ac6f,talvez dividir o sipec em dois dias seria uma opção interessante,Almoco,0.4019
311c27a8-5c81-4b58-a7b6-27f29c34ac6f,talvez dividir o sipec em dois dias seria uma opção interessante,Secom,0.4019
96a82185-2b89-4f00-9bf9-ab5b2fa5c8ce,"a palestra da alfa engenharia foi muito boa, porque o palestrante tinha muito conhecimento",Engenharia,0.4588
96a82185-2b89-4f00-9bf9-ab5b2fa5c8ce,"a palestra da alfa engenharia foi muito boa, porque o palestrante tinha muito conhecimento",Palestra,0.4588
96a82185-2b89-4f00-9bf9-ab5b2fa5c8ce,"a palestra da alfa engenharia foi muito boa, porque o palestrante tinha muito conhecimento",Alfa,0.4588
96a82185-2b89-4f00-9bf9-ab5b2fa5c8ce,"a palestra da alfa engenharia foi muito boa, porque o palestrante tinha muito conhecimento",Conhecimento,0.4588
96a82185-2b89-4f00-9bf9-ab5b2fa5c8ce,muito domínio da fala,Dominio,0.2023
96a82185-2b89-4f00-9bf9-ab5b2fa5c8ce,muito domínio da fala,Palestra,0.2023
96a82185-2b89-4f00-9bf9-ab5b2fa5c8ce,os alunos estão muito engajados na secom desse ano,Secom,0.0
96a82185-2b89-4f00-9bf9-ab5b2fa5c8ce,os alunos estão muito engajados na secom desse ano,Curso,0.0
311c27a8-5c81-4b58-a7b6-27f29c34ac6f,palestra do studio sol foi muito boa,Palestra,0.4588
311c27a8-5c81-4b58-a7b6-27f29c34ac6f,palestra do studio sol foi muito boa,Studiosol,0.4588
311c27a8-5c81-4b58-a7b6-27f29c34ac6f,palestra do studio sol foi muito boa,Sol,0.4588
311c27a8-5c81-4b58-a7b6-27f29c34ac6f,material muito enriquecedor,Material,0.0
311c27a8-5c81-4b58-a7b6-27f29c34ac6f,palestrantes extremamente carismáticos,Palestra,0.0
96a82185-2b89-4f00-9bf9-ab5b2fa5c8ce,"podiam melhorar a quantidade de intervalos, tem momentos que é necessário sair no meio de uma palestra para ir no banheiro ou beber água",Numero,0.2732
96a82185-2b89-4f00-9bf9-ab5b2fa5c8ce,"podiam melhorar a quantidade de intervalos, tem momentos que é necessário sair no meio de uma palestra para ir no banheiro ou beber água",Secom,0.2732
96a82185-2b89-4f00-9bf9-ab5b2fa5c8ce,"podiam melhorar a quantidade de intervalos, tem momentos que é necessário sair no meio de uma palestra para ir no banheiro ou beber água",Banheiro,0.2732
96a82185-2b89-4f00-9bf9-ab5b2fa5c8ce,"podiam melhorar a quantidade de intervalos, tem momentos que é necessário sair no meio de uma palestra para ir no banheiro ou beber água",Palestra,0.2732
96a82185-2b89-4f00-9bf9-ab5b2fa5c8ce,"podiam melhorar a quantidade de intervalos, tem momentos que é necessário sair no meio de uma palestra para ir no banheiro ou beber água",Agua,0.2732
96a82185-2b89-4f00-9bf9-ab5b2fa5c8ce,"podiam melhorar a quantidade de intervalos, tem momentos que é necessário sair no meio de uma palestra para ir no banheiro ou beber água",Intervalo,0.2732
96a82185-2b89-4f00-9bf9-ab5b2fa5c8ce,"podiam melhorar a quantidade de intervalos, tem momentos que é necessário sair no meio de uma palestra para ir no banheiro ou beber água",Tempo,0.2732
311c27a8-5c81-4b58-a7b6-27f29c34ac6f,"a maratona foi muito divertida, talvez poderiam disponibilizar mais tempo",Tempo,0.4019
311c27a8-5c81-4b58-a7b6-27f29c34ac6f,"a maratona foi muito divertida, talvez poderiam disponibilizar mais tempo",Maratona,0.4019
96a82185-2b89-4f00-9bf9-ab5b2fa5c8ce,time a seta melhor do campeonato de esports,Tempo,0.7003
96a82185-2b89-4f00-9bf9-ab5b2fa5c8ce,time a seta melhor do campeonato de esports,Campeonato,0.7003
96a82185-2b89-4f00-9bf9-ab5b2fa5c8ce,time a seta melhor do campeonato de esports,Fifa,0.7003
96a82185-2b89-4f00-9bf9-ab5b2fa5c8ce,time a seta melhor do campeonato de esports,Secom,0.7003
96a82185-2b89-4f00-9bf9-ab5b2fa5c8ce,kloiuros injustiçados pela comição,Kloiuros,0.0
96a82185-2b89-4f00-9bf9-ab5b2fa5c8ce,kloiuros injustiçados pela comição,Secom,0.0
b99c9940-1ccf-4ec6-963a-9a233fddde70,hoje eu ganho um sorteio,Secom,0.7184
311c27a8-5c81-4b58-a7b6-27f29c34ac6f,queria ter assistido mais palestras do dia da indústria porém o horário conflitou com outros eventos,Horario,0.0
311c27a8-5c81-4b58-a7b6-27f29c34ac6f,queria ter assistido mais palestras do dia da indústria porém o horário conflitou com outros eventos,Eventos,0.0
311c27a8-5c81-4b58-a7b6-27f29c34ac6f,queria ter assistido mais palestras do dia da indústria porém o horário conflitou com outros eventos,Palestra,0.0
311c27a8-5c81-4b58-a7b6-27f29c34ac6f,queria ter assistido mais palestras do dia da indústria porém o horário conflitou com outros eventos,Empresa,0.0
8f4c1ec8-e5ed-4ce2-90f1-84bbab673805,minicurso de ia tá muito bom,Minicurso,0.4588
311c27a8-5c81-4b58-a7b6-27f29c34ac6f,adorei os brindes,Secom,0.4215
3f05e03e-45ce-4e65-b2f3-cf3a76e21fa1,até o momento o mini curso está muito interessante,Tempo,0.4019
3f05e03e-45ce-4e65-b2f3-cf3a76e21fa1,até o momento o mini curso está muito interessante,Minicurso,0.4019
3f05e03e-45ce-4e65-b2f3-cf3a76e21fa1,até o momento o mini curso está muito interessante,Curso,0.4019
3f05e03e-45ce-4e65-b2f3-cf3a76e21fa1,gostaria de um coffe break hoje,Coffe,0.0
311c27a8-5c81-4b58-a7b6-27f29c34ac6f,"a palestra sobre o mercado de jogos foi muito interessante,",Palestra,0.4019
311c27a8-5c81-4b58-a7b6-27f29c34ac6f,"a palestra sobre o mercado de jogos foi muito interessante,",Jogos,0.4019
311c27a8-5c81-4b58-a7b6-27f29c34ac6f,"a palestra sobre o mercado de jogos foi muito interessante,",Mercado,0.4019
311c27a8-5c81-4b58-a7b6-27f29c34ac6f,foi muito legal reconhecer alguns dos jogos desenvolvidos pela umbu games,Jogos,0.128
311c27a8-5c81-4b58-a7b6-27f29c34ac6f,foi muito legal reconhecer alguns dos jogos desenvolvidos pela umbu games,Secom,0.128
311c27a8-5c81-4b58-a7b6-27f29c34ac6f,temas das palestras foram muito legais,Palestra,0.0
311c27a8-5c81-4b58-a7b6-27f29c34ac6f,temas das palestras foram muito legais,Secom,0.0
c0f15389-3383-4e94-b413-2fd78bcd0b68,só agradeço a essa organização maravilhosa,Organizacao,0.6705
3f05e03e-45ce-4e65-b2f3-cf3a76e21fa1,hoje eu quero um prêmio :(,Campeonato,0.1027
311c27a8-5c81-4b58-a7b6-27f29c34ac6f,minicurso da estela está muito legall,Minicurso,0.0
311c27a8-5c81-4b58-a7b6-27f29c34ac6f,minicurso da estela está muito legall,Secom,0.0
3f05e03e-45ce-4e65-b2f3-cf3a76e21fa1,podiam separar o minicurso em dois dias,Minicurso,0.0
3f05e03e-45ce-4e65-b2f3-cf3a76e21fa1,podiam separar o minicurso em dois dias,Secom,0.0
3f05e03e-45ce-4e65-b2f3-cf3a76e21fa1,ansioso para a cerimônia de encerramento,Cerimonia,0.2732
3f05e03e-45ce-4e65-b2f3-cf3a76e21fa1,ansioso para a cerimônia de encerramento,Final,0.2732
3f05e03e-45ce-4e65-b2f3-cf3a76e21fa1,ainda não fui respondido sobre qual o shampoo do  patrick,Patrick,-0.296
3f05e03e-45ce-4e65-b2f3-cf3a76e21fa1,ainda não fui respondido sobre qual o shampoo do  patrick,Shampoo,-0.296
64a69630-bdc5-4e29-9090-492d31a34e0d,blender é muito daora,Secom,0.0
64a69630-bdc5-4e29-9090-492d31a34e0d,devia ter sido 7hr de mini curso,Minicurso,0.0
64a69630-bdc5-4e29-9090-492d31a34e0d,devia ter sido 7hr de mini curso,Curso,0.0
64a69630-bdc5-4e29-9090-492d31a34e0d,oq vai ter de premio na mymobiconf,Campeonato,0.5106
64a69630-bdc5-4e29-9090-492d31a34e0d,oq vai ter de premio na mymobiconf,Mymobiconf,0.5106
f7781785-ccfa-4120-856f-3781bcf14d45,muito inspirador esse dia da indústria,Empresa,0.4215
f7781785-ccfa-4120-856f-3781bcf14d45,começando o curso de ia generativa,Curso,0.0
f7781785-ccfa-4120-856f-3781bcf14d45,a hora não passa…,Tempo,-0.296
f7781785-ccfa-4120-856f-3781bcf14d45,interessante demais a introdução ao minicurso,Minicurso,0.4019
f7781785-ccfa-4120-856f-3781bcf14d45,interessante demais a introdução ao minicurso,Apresentacao,0.4019
64a69630-bdc5-4e29-9090-492d31a34e0d,minicurso de animação 3d é o melhor,Minicurso,0.4404
64a69630-bdc5-4e29-9090-492d31a34e0d,minicurso de animação 3d é o melhor,Animacao,0.4404
f7781785-ccfa-4120-856f-3781bcf14d45,a hora da merenda,Tempo,0.0
f7781785-ccfa-4120-856f-3781bcf14d45,a hora da merenda,Merenda,0.0
f7781785-ccfa-4120-856f-3781bcf14d45,ansioso para premiação,Secom,0.2263
84fb43ff-f2ca-4b32-b090-49467d8ae7a0,ótimo minicurso de modelagem 3d,Minicurso,0.6705
84fb43ff-f2ca-4b32-b090-49467d8ae7a0,ótimo minicurso de modelagem 3d,Modelagem,0.6705
84fb43ff-f2ca-4b32-b090-49467d8ae7a0,pena que tá acabando a secom,Pena,-0.296
84fb43ff-f2ca-4b32-b090-49467d8ae7a0,ansiosa pro coffee break,Break,0.0
84fb43ff-f2ca-4b32-b090-49467d8ae7a0,"os brindes, é que hr",Secom,0.4215
7568d4e3-7c42-4c07-9246-161f8f144017,muito bom aprender sobre a história das ia's generativas,Anos,0.4588
7568d4e3-7c42-4c07-9246-161f8f144017,me surpreendi com o mini-curso,Minicurso,0.0
7568d4e3-7c42-4c07-9246-161f8f144017,pena que a internet não está funcionando mais,Internet,-0.5267
7568d4e3-7c42-4c07-9246-161f8f144017,pena que a internet não está funcionando mais,Pena,-0.5267
880b38ad-954a-499a-a76a-66fce8a17f66,minicurso de docker ta top demais,Minicurso,0.6124
880b38ad-954a-499a-a76a-66fce8a17f66,minicurso de docker ta top demais,Docker,0.6124
ad08e116-810d-4533-a7c6-9782fcb55f6d,internet da ufv tá razoável hoje,Ufv,0.0
ad08e116-810d-4533-a7c6-9782fcb55f6d,internet da ufv tá razoável hoje,Internet,0.0
ad08e116-810d-4533-a7c6-9782fcb55f6d,até agr o curso de i,Curso,0.0
f0d8b18c-371e-4a9b-bc88-6efb85341837,espero a cerimônia de encerramento para completar esse excelente evento,Cerimonia,0.5719
f0d8b18c-371e-4a9b-bc88-6efb85341837,espero a cerimônia de encerramento para completar esse excelente evento,Final,0.5719
6694bc9c-4eab-4c6b-a7df-c40f8f42e39c,o minicurso de blender ta muito divertido,Minicurso,0.4404
30a1d1e4-da0d-4f67-9908-6bc16a47ebc4,kkkk gostaria de trabalhar na levty em,Secom,0.0
6694bc9c-4eab-4c6b-a7df-c40f8f42e39c,"esse adiamento da game jam prejudicou o sono do patrick coitado, ta mortinho",Patrick,0.0
6694bc9c-4eab-4c6b-a7df-c40f8f42e39c,"esse adiamento da game jam prejudicou o sono do patrick coitado, ta mortinho",Horario,0.0
6694bc9c-4eab-4c6b-a7df-c40f8f42e39c,"esse adiamento da game jam prejudicou o sono do patrick coitado, ta mortinho",Jogos,0.0
6694bc9c-4eab-4c6b-a7df-c40f8f42e39c,"esse adiamento da game jam prejudicou o sono do patrick coitado, ta mortinho",Secom,0.0
30a1d1e4-da0d-4f67-9908-6bc16a47ebc4,o ângelo realmente entende bastante sobre docker,Docker,0.0
30a1d1e4-da0d-4f67-9908-6bc16a47ebc4,o ângelo realmente entende bastante sobre docker,Angelo,0.0
6694bc9c-4eab-4c6b-a7df-c40f8f42e39c,ansioso pra final de lol em breve 🫡,Final,0.6705
6694bc9c-4eab-4c6b-a7df-c40f8f42e39c,ansioso pra final de lol em breve 🫡,Secom,0.6705
6694bc9c-4eab-4c6b-a7df-c40f8f42e39c,ansioso pra final de lol em breve 🫡,Lol,0.6705
c0f15389-3383-4e94-b413-2fd78bcd0b68,parabéns ao professor phelipe pela organização este ano,Organizacao,0.5994
c0f15389-3383-4e94-b413-2fd78bcd0b68,parabéns ao professor phelipe pela organização este ano,Professor,0.5994
03164614-b683-45b1-98f0-7179e65cd4ed,o curso de ia ta bem legal,Curso,0.3818
03164614-b683-45b1-98f0-7179e65cd4ed,ta faltando ar condicionado pra essas salas em,Secom,0.0
03164614-b683-45b1-98f0-7179e65cd4ed,ansioso pela final de lol,Final,0.6705
03164614-b683-45b1-98f0-7179e65cd4ed,ansioso pela final de lol,Lol,0.6705
03164614-b683-45b1-98f0-7179e65cd4ed,"mc agenda, avante",Agenda,0.0
03164614-b683-45b1-98f0-7179e65cd4ed,oque será que o patrick fez ontem quando não tinha luz,Patrick,-0.296
03164614-b683-45b1-98f0-7179e65cd4ed,oque será que o patrick fez ontem quando não tinha luz,Luz,-0.296
30a1d1e4-da0d-4f67-9908-6bc16a47ebc4,"pelo que vi dos meus amigos, a produção 3d está bem legal",Secom,0.6908
03164614-b683-45b1-98f0-7179e65cd4ed,philipe mandou muito nessa secom em,Philipe,0.0
03164614-b683-45b1-98f0-7179e65cd4ed,philipe mandou muito nessa secom em,Secom,0.0
03164614-b683-45b1-98f0-7179e65cd4ed,cadê o coffebreak da manhã,Manha,0.0
03164614-b683-45b1-98f0-7179e65cd4ed,cadê o coffebreak da manhã,Coffebreak,0.0
6694bc9c-4eab-4c6b-a7df-c40f8f42e39c,"ansioso pra ver os jogos da game jam, espero que o patrick esteja bem depois dessa noite corrida",Patrick,0.5574
6694bc9c-4eab-4c6b-a7df-c40f8f42e39c,"ansioso pra ver os jogos da game jam, espero que o patrick esteja bem depois dessa noite corrida",Jogos,0.5574
6694bc9c-4eab-4c6b-a7df-c40f8f42e39c,"ansioso pra ver os jogos da game jam, espero que o patrick esteja bem depois dessa noite corrida",Torneio,0.5574
6694bc9c-4eab-4c6b-a7df-c40f8f42e39c,"ansioso pra ver os jogos da game jam, espero que o patrick esteja bem depois dessa noite corrida",Luz,0.5574
6694bc9c-4eab-4c6b-a7df-c40f8f42e39c,se eu não ganhar nenhum sorteio vô achar paia em,Secom,0.6369
30a1d1e4-da0d-4f67-9908-6bc16a47ebc4,ansioso pelos resultados da maratona de programação,Programacao,0.3612
30a1d1e4-da0d-4f67-9908-6bc16a47ebc4,ansioso pelos resultados da maratona de programação,Resultado,0.3612
30a1d1e4-da0d-4f67-9908-6bc16a47ebc4,ansioso pelos resultados da maratona de programação,Maratona,0.3612
30a1d1e4-da0d-4f67-9908-6bc16a47ebc4,da game jam,Jogos,0.0
6694bc9c-4eab-4c6b-a7df-c40f8f42e39c,alguem me arruma uma mochila da sydle 😔,Mochila,0.0
6694bc9c-4eab-4c6b-a7df-c40f8f42e39c,alguem me arruma uma mochila da sydle 😔,Sydle,0.0
7568d4e3-7c42-4c07-9246-161f8f144017,não voltou o curso de ia ainda,Curso,-0.296
6694bc9c-4eab-4c6b-a7df-c40f8f42e39c,"esse almocinho pesou em, que bom que os minicursos voltam 13:30, deu pra descansar",Almoco,0.4588
6694bc9c-4eab-4c6b-a7df-c40f8f42e39c,"esse almocinho pesou em, que bom que os minicursos voltam 13:30, deu pra descansar",Minicurso,0.4588
6694bc9c-4eab-4c6b-a7df-c40f8f42e39c,vambora mc agenda,Agenda,0.0
6694bc9c-4eab-4c6b-a7df-c40f8f42e39c,vambora mc agenda,Vambora,0.0
19f49226-5a60-463b-85d3-ac562e4eddc4,"o material dos minicursos poderia ser disponibilizado depois, a gente só pode escolher um então seria interessante saber mais sobre os outros assuntos",Material,0.4019
19f49226-5a60-463b-85d3-ac562e4eddc4,"o material dos minicursos poderia ser disponibilizado depois, a gente só pode escolher um então seria interessante saber mais sobre os outros assuntos",Minicurso,0.4019
19f49226-5a60-463b-85d3-ac562e4eddc4,"o material dos minicursos poderia ser disponibilizado depois, a gente só pode escolher um então seria interessante saber mais sobre os outros assuntos",Interacao,0.4019
19f49226-5a60-463b-85d3-ac562e4eddc4,"o material dos minicursos poderia ser disponibilizado depois, a gente só pode escolher um então seria interessante saber mais sobre os outros assuntos",Secom,0.4019
99899b5a-eb3d-4d67-a64f-a143f824a709,cheguei atrasado no minicurso 🤡 maravilha,Minicurso,0.1779
99899b5a-eb3d-4d67-a64f-a143f824a709,pelo menos a internet está mais estável agora à tarde,Tempo,0.296
99899b5a-eb3d-4d67-a64f-a143f824a709,pelo menos a internet está mais estável agora à tarde,Falta,0.296
99899b5a-eb3d-4d67-a64f-a143f824a709,pelo menos a internet está mais estável agora à tarde,Internet,0.296
43aca24c-d788-497e-8521-06df728eeaf8,poderia ter uma garrafinha de café nos minicursos,Minicurso,0.0
43aca24c-d788-497e-8521-06df728eeaf8,poderia ter uma garrafinha de café nos minicursos,Coffee,0.0
43aca24c-d788-497e-8521-06df728eeaf8,poderia ter uma garrafinha de café nos minicursos,Secom,0.0
43aca24c-d788-497e-8521-06df728eeaf8,os materiais dos minicursos poderiam ser liberados para todos no final,Material,-0.1531
43aca24c-d788-497e-8521-06df728eeaf8,os materiais dos minicursos poderiam ser liberados para todos no final,Minicurso,-0.1531
43aca24c-d788-497e-8521-06df728eeaf8,os materiais dos minicursos poderiam ser liberados para todos no final,Final,-0.1531
99899b5a-eb3d-4d67-a64f-a143f824a709,"aí, organizadores da secom, acho há alguns questionários duplicados por aqui",Organizadores,-0.1027
99899b5a-eb3d-4d67-a64f-a143f824a709,"aí, organizadores da secom, acho há alguns questionários duplicados por aqui",Pergunta,-0.1027
99899b5a-eb3d-4d67-a64f-a143f824a709,"aí, organizadores da secom, acho há alguns questionários duplicados por aqui",Secom,-0.1027
99899b5a-eb3d-4d67-a64f-a143f824a709,acabei de preencher os formulários da palestra do letras,Palestra,0.0
99899b5a-eb3d-4d67-a64f-a143f824a709,acabei de preencher os formulários da palestra do letras,Forma,0.0
99899b5a-eb3d-4d67-a64f-a143f824a709,acabei de preencher os formulários da palestra do letras,Secom,0.0
99899b5a-eb3d-4d67-a64f-a143f824a709,"da do hubs,",Hubs,0.0
99899b5a-eb3d-4d67-a64f-a143f824a709,tenho certeza de que já os preenchi antes 🤔,Pre-servidor,0.25
50a1eb8e-50fb-4cc4-b79b-6b4b2a4a8c61,secom foi maneira,Secom,0.0
5bc436a4-ec67-4216-87a7-d9152877d21f,o mini curso de web é o melhor,Minicurso,0.4404
5bc436a4-ec67-4216-87a7-d9152877d21f,o mini curso de web é o melhor,Internet,0.4404
5bc436a4-ec67-4216-87a7-d9152877d21f,o mini curso de web é o melhor,Curso,0.4404
5bc436a4-ec67-4216-87a7-d9152877d21f,estela arrasou no curso de web,Curso,0.6124
5bc436a4-ec67-4216-87a7-d9152877d21f,hj o tempo de almoço foi bom,Almoco,0.4588
5bc436a4-ec67-4216-87a7-d9152877d21f,hj o tempo de almoço foi bom,Tempo,0.4588
5bc436a4-ec67-4216-87a7-d9152877d21f,pena q nem todos os labs tem ar condicionado,Labs,-0.296
5bc436a4-ec67-4216-87a7-d9152877d21f,pena q nem todos os labs tem ar condicionado,Pena,-0.296
7568d4e3-7c42-4c07-9246-161f8f144017,seria interessante liberar as apresentações das palestras,Palestra,0.4019
7568d4e3-7c42-4c07-9246-161f8f144017,seria interessante liberar as apresentações das palestras,Apresentacao,0.4019
7568d4e3-7c42-4c07-9246-161f8f144017,mini cursos,Minicurso,0.0
5bc436a4-ec67-4216-87a7-d9152877d21f,a secom desse ano foi a melhor,Secom,0.4404
5bc436a4-ec67-4216-87a7-d9152877d21f,philipe,Philipe,0.0
5bc436a4-ec67-4216-87a7-d9152877d21f,"os alunos ralaram mt pra fazer,",Curso,0.0
5bc436a4-ec67-4216-87a7-d9152877d21f,a secom desse ano foi incrível,Secom,0.6705
5bc436a4-ec67-4216-87a7-d9152877d21f,espero q os brindes sejam bons igual a secom hahah,Lol,0.7003
5bc436a4-ec67-4216-87a7-d9152877d21f,espero q os brindes sejam bons igual a secom hahah,Secom,0.7003
913cf695-2ce7-40c2-a996-ce8bff7ee32c,"arrasaram nessa secom, top",Secom,0.8402
d51c3bbb-185b-4a34-848a-607621bd7cc2,minicurso de 3d foda dms,Minicurso,0.6705
d51c3bbb-185b-4a34-848a-607621bd7cc2,minicurso de 3d foda dms,Lol,0.6705
d51c3bbb-185b-4a34-848a-607621bd7cc2,melhor minicurso é o de modelagem,Minicurso,0.4404
d51c3bbb-185b-4a34-848a-607621bd7cc2,melhor minicurso é o de modelagem,Modelagem,0.4404
d51c3bbb-185b-4a34-848a-607621bd7cc2,tomara que a okt perca de noite,Luz,0.0
d51c3bbb-185b-4a34-848a-607621bd7cc2,tomara que a okt perca de noite,Secom,0.0
19f49226-5a60-463b-85d3-ac562e4eddc4,os jogos desenvolvidos na game jam serão mostrados,Jogos,0.0
f0d8b18c-371e-4a9b-bc88-6efb85341837,ótimos seminários,Seminarios,0.6705
f0d8b18c-371e-4a9b-bc88-6efb85341837,evento da gamejam,Jogos,0.0
f0d8b18c-371e-4a9b-bc88-6efb85341837,"gamejam com um tema bem interessante, que dá espaço para muitas ideias criativas",Projetos,0.4939
f0d8b18c-371e-4a9b-bc88-6efb85341837,"gamejam com um tema bem interessante, que dá espaço para muitas ideias criativas",Secom,0.4939
f0d8b18c-371e-4a9b-bc88-6efb85341837,"o único problema foi o tempo, porém realmente não há nada que possa ser feito nesse quesito",Tempo,-0.3642
f0d8b18c-371e-4a9b-bc88-6efb85341837,"o único problema foi o tempo, porém realmente não há nada que possa ser feito nesse quesito",Problema,-0.3642
f0d8b18c-371e-4a9b-bc88-6efb85341837,"o único problema foi o tempo, porém realmente não há nada que possa ser feito nesse quesito",Secom,-0.3642
f0d8b18c-371e-4a9b-bc88-6efb85341837,esperando os resultados da gamejam para saber quais jogos foram produzidos,Jogos,-0.1531
f0d8b18c-371e-4a9b-bc88-6efb85341837,esperando os resultados da gamejam para saber quais jogos foram produzidos,Resultado,-0.1531
19f49226-5a60-463b-85d3-ac562e4eddc4,"a secom desse ano foi perfeita, o philipe fez um ótimo trabalho",Philipe,0.875
19f49226-5a60-463b-85d3-ac562e4eddc4,"a secom desse ano foi perfeita, o philipe fez um ótimo trabalho",Trabalho,0.875
19f49226-5a60-463b-85d3-ac562e4eddc4,"a secom desse ano foi perfeita, o philipe fez um ótimo trabalho",Secom,0.875
f24a3531-506e-487a-84d2-614694703dfc,o lanche,Lanche,0.0
f24a3531-506e-487a-84d2-614694703dfc,curso muito bom,Curso,0.4588
092f2a22-65fe-4b1e-a8de-356ce785cea3,muito bacana o minicurso,Minicurso,0.0
092f2a22-65fe-4b1e-a8de-356ce785cea3,não vejo a hora de começar o coffee-break,Tempo,-0.296
092f2a22-65fe-4b1e-a8de-356ce785cea3,não vejo a hora de começar o coffee-break,Coffee,-0.296
092f2a22-65fe-4b1e-a8de-356ce785cea3,mó fome,Fome,-0.4404
7833a43c-88df-41ce-9608-368ecac536a1,pro minicurso ficar 100% só falta um ar condicionado no lab 1,Minicurso,-0.3612
7833a43c-88df-41ce-9608-368ecac536a1,pro minicurso ficar 100% só falta um ar condicionado no lab 1,Laboratorios,-0.3612
daac9055-17a0-4775-bb21-9c0add9d45ec,o curso de ia está muito interessante,Curso,0.4019
a8795f76-f29d-4a4e-ab33-de80f1fa7eaa,a maratona ontem foi uma verdadeira batalha,Batalha,0.3818
a8795f76-f29d-4a4e-ab33-de80f1fa7eaa,a maratona ontem foi uma verdadeira batalha,Maratona,0.3818
daac9055-17a0-4775-bb21-9c0add9d45ec,ansiosa para ver o resultado da game jam,Jogos,-0.1531
daac9055-17a0-4775-bb21-9c0add9d45ec,ansiosa para ver o resultado da game jam,Resultado,-0.1531
092f2a22-65fe-4b1e-a8de-356ce785cea3,quem será que vai ganhar a maratona,Maratona,0.5859
a8795f76-f29d-4a4e-ab33-de80f1fa7eaa,os times da maratona deram tudo de si,Tempo,0.0
a8795f76-f29d-4a4e-ab33-de80f1fa7eaa,os times da maratona deram tudo de si,Maratona,0.0
daac9055-17a0-4775-bb21-9c0add9d45ec,será que o minascoders vai tá no pódio da maratona,Minascoders,0.0
daac9055-17a0-4775-bb21-9c0add9d45ec,será que o minascoders vai tá no pódio da maratona,Maratona,0.0
daac9055-17a0-4775-bb21-9c0add9d45ec,será que o minascoders vai tá no pódio da maratona,Secom,0.0
a8795f76-f29d-4a4e-ab33-de80f1fa7eaa,o lanche da maratona foi ótimo,Lanche,0.6705
a8795f76-f29d-4a4e-ab33-de80f1fa7eaa,o lanche da maratona foi ótimo,Maratona,0.6705
daac9055-17a0-4775-bb21-9c0add9d45ec,vamos ter melissa garota propaganda da claro de novo em 2025,Lol,0.1531
daac9055-17a0-4775-bb21-9c0add9d45ec,vamos ter melissa garota propaganda da claro de novo em 2025,Meninas,0.1531
daac9055-17a0-4775-bb21-9c0add9d45ec,vamos ter melissa garota propaganda da claro de novo em 2025,Novo,0.1531
a8795f76-f29d-4a4e-ab33-de80f1fa7eaa,os minicursos estão sendo incríveis,Minicurso,0.6705
092f2a22-65fe-4b1e-a8de-356ce785cea3,quem será que vai ganhar a game jam,Jogos,0.5859
3e72f254-acab-4aec-ad73-bf9dff9c21ad,minicurso muito legal,Minicurso,0.128
a8795f76-f29d-4a4e-ab33-de80f1fa7eaa,o minicurso de modelagem 3d é muito desafiador,Minicurso,0.1531
a8795f76-f29d-4a4e-ab33-de80f1fa7eaa,o minicurso de modelagem 3d é muito desafiador,Oportunidade,0.1531
a8795f76-f29d-4a4e-ab33-de80f1fa7eaa,o minicurso de modelagem 3d é muito desafiador,Modelagem,0.1531
a8795f76-f29d-4a4e-ab33-de80f1fa7eaa,as tecnologias abordadas nos minicursos são incríveis,Engenharia,0.6705
a8795f76-f29d-4a4e-ab33-de80f1fa7eaa,as tecnologias abordadas nos minicursos são incríveis,Minicurso,0.6705
7833a43c-88df-41ce-9608-368ecac536a1,resultado da maratona vai ser no encerramento,Final,-0.128
7833a43c-88df-41ce-9608-368ecac536a1,resultado da maratona vai ser no encerramento,Resultado,-0.128
7833a43c-88df-41ce-9608-368ecac536a1,resultado da maratona vai ser no encerramento,Maratona,-0.128
8f4c1ec8-e5ed-4ce2-90f1-84bbab673805,secom ficando mil vezes melhor com o anuncio da campus mobile hein,Tempo,0.4404
8f4c1ec8-e5ed-4ce2-90f1-84bbab673805,secom ficando mil vezes melhor com o anuncio da campus mobile hein,Curso,0.4404
8f4c1ec8-e5ed-4ce2-90f1-84bbab673805,secom ficando mil vezes melhor com o anuncio da campus mobile hein,Mobile,0.4404
8f4c1ec8-e5ed-4ce2-90f1-84bbab673805,secom ficando mil vezes melhor com o anuncio da campus mobile hein,Secom,0.4404
8f4c1ec8-e5ed-4ce2-90f1-84bbab673805,ansiosa pro encerramento,Final,-0.128
3e72f254-acab-4aec-ad73-bf9dff9c21ad,"a secom está sendo muito boa, parabéns para comissão organizadora",Secom,0.743
219bdf7f-fa3a-4d8f-9e33-b83980cc7afb,vai ter continuação do camp de fifinha hj,Camp,0.0
219bdf7f-fa3a-4d8f-9e33-b83980cc7afb,vai ter continuação do camp de fifinha hj,Git,0.0
219bdf7f-fa3a-4d8f-9e33-b83980cc7afb,beat saber foi bom dms nmrl,Beat,0.4588
219bdf7f-fa3a-4d8f-9e33-b83980cc7afb,beat saber foi bom dms nmrl,Dms,0.4588
a8795f76-f29d-4a4e-ab33-de80f1fa7eaa,um café durante os minicursos era uma boa,Minicurso,0.4588
a8795f76-f29d-4a4e-ab33-de80f1fa7eaa,um café durante os minicursos era uma boa,Coffee,0.4588
8f4c1ec8-e5ed-4ce2-90f1-84bbab673805,quero só ver se vai ter a narração da final da maratona,Final,0.0
8f4c1ec8-e5ed-4ce2-90f1-84bbab673805,quero só ver se vai ter a narração da final da maratona,Narracao,0.0
8f4c1ec8-e5ed-4ce2-90f1-84bbab673805,quero só ver se vai ter a narração da final da maratona,Maratona,0.0
219bdf7f-fa3a-4d8f-9e33-b83980cc7afb,felipão mandou mto nessa secom👏👏👏👏👏,Mto,0.0
219bdf7f-fa3a-4d8f-9e33-b83980cc7afb,felipão mandou mto nessa secom👏👏👏👏👏,Secom,0.0
3e72f254-acab-4aec-ad73-bf9dff9c21ad,ansiosa para ver o resultado da maratona,Resultado,-0.1531
3e72f254-acab-4aec-ad73-bf9dff9c21ad,ansiosa para ver o resultado da maratona,Maratona,-0.1531
219bdf7f-fa3a-4d8f-9e33-b83980cc7afb,cancelaram aula de cálculo 🙏,Matheus,0.0
219bdf7f-fa3a-4d8f-9e33-b83980cc7afb,cancelaram aula de cálculo 🙏,Curso,0.0
219bdf7f-fa3a-4d8f-9e33-b83980cc7afb,hj lolzim vai ter narração,Suquinho,0.0
219bdf7f-fa3a-4d8f-9e33-b83980cc7afb,hj lolzim vai ter narração,Narracao,0.0
219bdf7f-fa3a-4d8f-9e33-b83980cc7afb,esse nmr do sorteio n tá bugado n,Nmrllll,0.3818
219bdf7f-fa3a-4d8f-9e33-b83980cc7afb,esse nmr do sorteio n tá bugado n,Secom,0.3818
7833a43c-88df-41ce-9608-368ecac536a1,"essa parte da gameficação adicionou muito pro mymobiconf, eu fico abrindo o app o tempo todo pra ver se tem missão kkkkk",App,0.0
7833a43c-88df-41ce-9608-368ecac536a1,"essa parte da gameficação adicionou muito pro mymobiconf, eu fico abrindo o app o tempo todo pra ver se tem missão kkkkk",Tempo,0.0
7833a43c-88df-41ce-9608-368ecac536a1,"essa parte da gameficação adicionou muito pro mymobiconf, eu fico abrindo o app o tempo todo pra ver se tem missão kkkkk",Jogos,0.0
7833a43c-88df-41ce-9608-368ecac536a1,"essa parte da gameficação adicionou muito pro mymobiconf, eu fico abrindo o app o tempo todo pra ver se tem missão kkkkk",Secom,0.0
3e72f254-acab-4aec-ad73-bf9dff9c21ad,muito legal o minicurso,Minicurso,0.128
99899b5a-eb3d-4d67-a64f-a143f824a709,aquela quedinha de energia só pra assustar no minicurso 👀,Minicurso,0.296
99899b5a-eb3d-4d67-a64f-a143f824a709,aquela quedinha de energia só pra assustar no minicurso 👀,Energia,0.296
99899b5a-eb3d-4d67-a64f-a143f824a709,aquela quedinha de energia só pra assustar no minicurso 👀,Secom,0.296
99899b5a-eb3d-4d67-a64f-a143f824a709,"a energia caiu nos três dias do evento, pelo menos uma vez 😅 philipe tá azarado, coitado",Philipe,-0.3182
99899b5a-eb3d-4d67-a64f-a143f824a709,"a energia caiu nos três dias do evento, pelo menos uma vez 😅 philipe tá azarado, coitado",Falta,-0.3182
99899b5a-eb3d-4d67-a64f-a143f824a709,"a energia caiu nos três dias do evento, pelo menos uma vez 😅 philipe tá azarado, coitado",Energia,-0.3182
99899b5a-eb3d-4d67-a64f-a143f824a709,"a energia caiu nos três dias do evento, pelo menos uma vez 😅 philipe tá azarado, coitado",Secom,-0.3182
d3028b07-211a-405d-9f82-13b8d82aeff8,torneio de fifa ontem foi muito bom,Fifa,0.4588
d3028b07-211a-405d-9f82-13b8d82aeff8,torneio de fifa ontem foi muito bom,Torneio,0.4588
d3028b07-211a-405d-9f82-13b8d82aeff8,pena que a queda de luz não deixou ter o mk1,Luz,-0.6124
d3028b07-211a-405d-9f82-13b8d82aeff8,pena que a queda de luz não deixou ter o mk1,Secom,-0.6124
d3028b07-211a-405d-9f82-13b8d82aeff8,pena que a queda de luz não deixou ter o mk1,Mk1,-0.6124
d3028b07-211a-405d-9f82-13b8d82aeff8,pena que a queda de luz não deixou ter o mk1,Pena,-0.6124
d3028b07-211a-405d-9f82-13b8d82aeff8,"maratona de programação super disputada, mal posso saber quem vai ganhar",Programacao,0.6908
d3028b07-211a-405d-9f82-13b8d82aeff8,"maratona de programação super disputada, mal posso saber quem vai ganhar",Maratona,0.6908
d3028b07-211a-405d-9f82-13b8d82aeff8,"minicurso de ia generativa, sensacional",Minicurso,-0.0772
78a0dc2a-07a3-41bb-a1a4-3731b2e51917,muito bom o minicurso,Minicurso,0.4588
78a0dc2a-07a3-41bb-a1a4-3731b2e51917,muito bom o conteúdo do minicurso,Minicurso,0.4588
78a0dc2a-07a3-41bb-a1a4-3731b2e51917,muito bom o conteúdo do minicurso,Secom,0.4588
78a0dc2a-07a3-41bb-a1a4-3731b2e51917,pena que caiu a luz,Luz,-0.6908
78a0dc2a-07a3-41bb-a1a4-3731b2e51917,pena que caiu a luz,Pena,-0.6908
78a0dc2a-07a3-41bb-a1a4-3731b2e51917,internet doa laboratórios estava ruim,Laboratorios,-0.7783
78a0dc2a-07a3-41bb-a1a4-3731b2e51917,internet doa laboratórios estava ruim,Internet,-0.7783
78a0dc2a-07a3-41bb-a1a4-3731b2e51917,quero brinde hojeeee,Secom,0.296
78a0dc2a-07a3-41bb-a1a4-3731b2e51917,ansioso pelo coffe break,Coffe,0.3612
61b2f3d3-4265-4ca1-bf48-f6fb75a5348f,"prática muito boa, divertida",Processo,0.6908
78a0dc2a-07a3-41bb-a1a4-3731b2e51917,hj da mc agenda,Agenda,0.0
64a69630-bdc5-4e29-9090-492d31a34e0d,meu boneco 3d ficou top,Boneco,0.6124
d3028b07-211a-405d-9f82-13b8d82aeff8,faltou um ar nos laboratórios ein,Laboratorios,-0.3612
d3028b07-211a-405d-9f82-13b8d82aeff8,faltou um ar nos laboratórios ein,Secom,-0.3612
d3028b07-211a-405d-9f82-13b8d82aeff8,que calor absurdo 🥵,Calor,0.0772
d3028b07-211a-405d-9f82-13b8d82aeff8,"a internet no campus ja foi ruim antes, hoje parece pior",Internet,-0.8225
d3028b07-211a-405d-9f82-13b8d82aeff8,"a internet no campus ja foi ruim antes, hoje parece pior",Curso,-0.8225
f24a3531-506e-487a-84d2-614694703dfc,minicursos muito bons,Minicurso,0.4588
f24a3531-506e-487a-84d2-614694703dfc,internet ruim,Internet,-0.5423
f24a3531-506e-487a-84d2-614694703dfc,o lanche em,Lanche,0.0
f24a3531-506e-487a-84d2-614694703dfc,vou ganhar o sorteio,Secom,0.7506
61b2f3d3-4265-4ca1-bf48-f6fb75a5348f,"sobre o evento como um todo, os brindes foram muito bons",Secom,0.7003
d3028b07-211a-405d-9f82-13b8d82aeff8,essas quests do app estão um pouco repetitivas,App,0.0
d3028b07-211a-405d-9f82-13b8d82aeff8,essas quests do app estão um pouco repetitivas,Repetitivas,0.0
d3028b07-211a-405d-9f82-13b8d82aeff8,essas quests do app estão um pouco repetitivas,Quests,0.0
61b2f3d3-4265-4ca1-bf48-f6fb75a5348f,"achei pouca a quantidade de coffe breaks no evento, apesar de entender que o orçamento possivelmente está apertado",Numero,0.0
61b2f3d3-4265-4ca1-bf48-f6fb75a5348f,"achei pouca a quantidade de coffe breaks no evento, apesar de entender que o orçamento possivelmente está apertado",Orcamento,0.0
61b2f3d3-4265-4ca1-bf48-f6fb75a5348f,"achei pouca a quantidade de coffe breaks no evento, apesar de entender que o orçamento possivelmente está apertado",Coffe,0.0
61b2f3d3-4265-4ca1-bf48-f6fb75a5348f,ótima oportunidade para interagir com pessoas de fora do campus,Curso,0.7717
61b2f3d3-4265-4ca1-bf48-f6fb75a5348f,ótima oportunidade para interagir com pessoas de fora do campus,Oportunidade,0.7717
61b2f3d3-4265-4ca1-bf48-f6fb75a5348f,ótima oportunidade para interagir com pessoas de fora do campus,Secom,0.7717
d3028b07-211a-405d-9f82-13b8d82aeff8,meu ssd chora com esses modelos de ia para gerar imagens,Fotografo,-0.4588
d3028b07-211a-405d-9f82-13b8d82aeff8,meu ssd chora com esses modelos de ia para gerar imagens,Ssd,-0.4588
d3028b07-211a-405d-9f82-13b8d82aeff8,meu ssd chora com esses modelos de ia para gerar imagens,Modelagem,-0.4588
d3028b07-211a-405d-9f82-13b8d82aeff8,ainda quero saber qual o shampoo do patrick,Patrick,0.0
d3028b07-211a-405d-9f82-13b8d82aeff8,ainda quero saber qual o shampoo do patrick,Shampoo,0.0
61b2f3d3-4265-4ca1-bf48-f6fb75a5348f,incrível as imensas possibilidades no uso dos modelos de ia generativa com comfyui,Oportunidade,0.6705
61b2f3d3-4265-4ca1-bf48-f6fb75a5348f,incrível as imensas possibilidades no uso dos modelos de ia generativa com comfyui,Modelagem,0.6705
61b2f3d3-4265-4ca1-bf48-f6fb75a5348f,incrível as imensas possibilidades no uso dos modelos de ia generativa com comfyui,Uso,0.6705
4a38eef3-4375-45b4-b386-649cb518c20b,po blender eh maneirinho slk,Secom,-0.5574
61b2f3d3-4265-4ca1-bf48-f6fb75a5348f,imaginei ter uma visão mais voltada pra desenvolvimento de ias generativas com esse minicurso,Minicurso,0.2732
61b2f3d3-4265-4ca1-bf48-f6fb75a5348f,imaginei ter uma visão mais voltada pra desenvolvimento de ias generativas com esse minicurso,Desenvolvimento,0.2732
61b2f3d3-4265-4ca1-bf48-f6fb75a5348f,imaginei ter uma visão mais voltada pra desenvolvimento de ias generativas com esse minicurso,Secom,0.2732
61b2f3d3-4265-4ca1-bf48-f6fb75a5348f,"entretanto, apesar da proposta não ser a que eu esperava, o curso foi bem proveitoso",Projetos,0.3612
61b2f3d3-4265-4ca1-bf48-f6fb75a5348f,"entretanto, apesar da proposta não ser a que eu esperava, o curso foi bem proveitoso",Curso,0.3612
61b2f3d3-4265-4ca1-bf48-f6fb75a5348f,"contextualizados, uma pena que só posso fazer comentários de 200 caracteres",Caracteres,-0.296
61b2f3d3-4265-4ca1-bf48-f6fb75a5348f,"contextualizados, uma pena que só posso fazer comentários de 200 caracteres",Pena,-0.296
8f243416-db6e-4185-8133-0e0433d6c30a,otimo minicurso de modelagem 3d,Minicurso,0.6705
8f243416-db6e-4185-8133-0e0433d6c30a,otimo minicurso de modelagem 3d,Modelagem,0.6705
226440c8-ce0c-42b8-a37b-8435e915955d,a secom está sendo incrível,Secom,0.6705
61b2f3d3-4265-4ca1-bf48-f6fb75a5348f,doido demais o treinamento de ia a partir de um ruido aleatório,Treinamento,0.0
61b2f3d3-4265-4ca1-bf48-f6fb75a5348f,doido demais o treinamento de ia a partir de um ruido aleatório,Aleatorio,0.0
61b2f3d3-4265-4ca1-bf48-f6fb75a5348f,doido demais o treinamento de ia a partir de um ruido aleatório,Git,0.0
226440c8-ce0c-42b8-a37b-8435e915955d,"triste que esta acabando, poderia durar mais dias akkaakka",Secom,-0.4939
226440c8-ce0c-42b8-a37b-8435e915955d,queria ver os trabalhos dos participantes da gamejan,Participantes,0.0
226440c8-ce0c-42b8-a37b-8435e915955d,queria ver os trabalhos dos participantes da gamejan,Jogos,0.0
226440c8-ce0c-42b8-a37b-8435e915955d,queria ver os trabalhos dos participantes da gamejan,Trabalho,0.0
092f2a22-65fe-4b1e-a8de-356ce785cea3,atrasar o final,Final,0.0
092f2a22-65fe-4b1e-a8de-356ce785cea3,o coffee-break foi triste demais 😢,Coffee,-0.4939
226440c8-ce0c-42b8-a37b-8435e915955d,ansiosa pelo coffe break,Coffe,0.0
61b2f3d3-4265-4ca1-bf48-f6fb75a5348f,"as palestras foram inspiradoras, especialmente sobre ia,",Palestra,0.0
61b2f3d3-4265-4ca1-bf48-f6fb75a5348f,"poderiam ter aprofundado em uma parte mais útil para a nossa formação, sem generalizar muito",Secom,0.3182
a8795f76-f29d-4a4e-ab33-de80f1fa7eaa,um energético seria excelente agora,Energia,0.7906
61b2f3d3-4265-4ca1-bf48-f6fb75a5348f,o torneio de,Torneio,0.0
61b2f3d3-4265-4ca1-bf48-f6fb75a5348f,"-sports foi uma ótima ideia para integração, trazer alunos de fora do campus trouxe uma ótima oportunidade de se conectar com outras pessoas",Curso,0.8519
61b2f3d3-4265-4ca1-bf48-f6fb75a5348f,"-sports foi uma ótima ideia para integração, trazer alunos de fora do campus trouxe uma ótima oportunidade de se conectar com outras pessoas",Secom,0.8519
61b2f3d3-4265-4ca1-bf48-f6fb75a5348f,"-sports foi uma ótima ideia para integração, trazer alunos de fora do campus trouxe uma ótima oportunidade de se conectar com outras pessoas",Oportunidade,0.8519
61b2f3d3-4265-4ca1-bf48-f6fb75a5348f,"-sports foi uma ótima ideia para integração, trazer alunos de fora do campus trouxe uma ótima oportunidade de se conectar com outras pessoas",Interacao,0.8519
61b2f3d3-4265-4ca1-bf48-f6fb75a5348f,"-sports foi uma ótima ideia para integração, trazer alunos de fora do campus trouxe uma ótima oportunidade de se conectar com outras pessoas",Projetos,0.8519
61b2f3d3-4265-4ca1-bf48-f6fb75a5348f,"-sports foi uma ótima ideia para integração, trazer alunos de fora do campus trouxe uma ótima oportunidade de se conectar com outras pessoas",Fifa,0.8519
a8795f76-f29d-4a4e-ab33-de80f1fa7eaa,ansioso para o resultado da maratona,Resultado,0.2263
a8795f76-f29d-4a4e-ab33-de80f1fa7eaa,ansioso para o resultado da maratona,Maratona,0.2263
a8795f76-f29d-4a4e-ab33-de80f1fa7eaa,a final do lol vai ser incrível,Final,0.8176
a8795f76-f29d-4a4e-ab33-de80f1fa7eaa,a final do lol vai ser incrível,Lol,0.8176
61b2f3d3-4265-4ca1-bf48-f6fb75a5348f,a qualidade dos lanches servidos nos coffe breaks está excepcional,Qualidade,0.6124
61b2f3d3-4265-4ca1-bf48-f6fb75a5348f,a qualidade dos lanches servidos nos coffe breaks está excepcional,Lanche,0.6124
61b2f3d3-4265-4ca1-bf48-f6fb75a5348f,a qualidade dos lanches servidos nos coffe breaks está excepcional,Coffe,0.6124
8f243416-db6e-4185-8133-0e0433d6c30a,hoje a internet contribuiu,Internet,0.0
61b2f3d3-4265-4ca1-bf48-f6fb75a5348f,hoje a oktopus gaming vai aprender por que a premiação do segundo lugar existe,Jogos,0.0
61b2f3d3-4265-4ca1-bf48-f6fb75a5348f,hoje a oktopus gaming vai aprender por que a premiação do segundo lugar existe,Oktopus,0.0
61b2f3d3-4265-4ca1-bf48-f6fb75a5348f,hoje a oktopus gaming vai aprender por que a premiação do segundo lugar existe,Secom,0.0
8f243416-db6e-4185-8133-0e0433d6c30a,tomara que tenha sorte no sorteio,Labs,0.5574
8f243416-db6e-4185-8133-0e0433d6c30a,tomara que tenha sorte no sorteio,Secom,0.5574
7568d4e3-7c42-4c07-9246-161f8f144017,nossa que droga a energia ficar caindo sempre,Droga,-0.296
7568d4e3-7c42-4c07-9246-161f8f144017,nossa que droga a energia ficar caindo sempre,Energia,-0.296
4a38eef3-4375-45b4-b386-649cb518c20b,a luz ta como,Luz,0.0
4a38eef3-4375-45b4-b386-649cb518c20b,quero sorteio,Secom,0.3818
8f4c1ec8-e5ed-4ce2-90f1-84bbab673805,cade o coffe break,Cade,0.0
8f4c1ec8-e5ed-4ce2-90f1-84bbab673805,cade o coffe break,Coffe,0.0
8f4c1ec8-e5ed-4ce2-90f1-84bbab673805,essa luz que nao para de cair,Luz,-0.4215
8f4c1ec8-e5ed-4ce2-90f1-84bbab673805,ngm merece essa energia de florestal,Florestal,0.5994
8f4c1ec8-e5ed-4ce2-90f1-84bbab673805,ngm merece essa energia de florestal,Nmrllll,0.5994
8f4c1ec8-e5ed-4ce2-90f1-84bbab673805,ngm merece essa energia de florestal,Energia,0.5994
b9ce085c-74f8-412e-8a55-1391f0867ebd,foi muito legal essa edição da secom,Almoco,0.128
b9ce085c-74f8-412e-8a55-1391f0867ebd,foi muito legal essa edição da secom,Secom,0.128
db3fa0bb-880f-4501-90a0-33595a9c9087,calor d+,Calor,0.4588
b6692dfb-d9b8-409b-ac8e-4ffe98e5a57b,minicurso muito bom,Minicurso,0.4588
883f6e71-d69f-4eb4-8791-f3f68ee15315,só pra parabenizar a stela pelo mini curso,Minicurso,0.0
883f6e71-d69f-4eb4-8791-f3f68ee15315,só pra parabenizar a stela pelo mini curso,Stela,0.0
883f6e71-d69f-4eb4-8791-f3f68ee15315,só pra parabenizar a stela pelo mini curso,Curso,0.0
b6692dfb-d9b8-409b-ac8e-4ffe98e5a57b,tive alguns problemas com o espaço disponível do meu hd para o minicurso de ia,Minicurso,-0.5574
b6692dfb-d9b8-409b-ac8e-4ffe98e5a57b,tive alguns problemas com o espaço disponível do meu hd para o minicurso de ia,Problema,-0.5574
b6692dfb-d9b8-409b-ac8e-4ffe98e5a57b,tive alguns problemas com o espaço disponível do meu hd para o minicurso de ia,Secom,-0.5574
883f6e71-d69f-4eb4-8791-f3f68ee15315,equipe mmc de parabéns,Equipe,0.5994
883f6e71-d69f-4eb4-8791-f3f68ee15315,equipe mmc de parabéns,Ufv,0.5994
f0158b5a-82ff-410c-81f2-d51f7e345b45,"a gamejam foi muito legal, tem que ter todo ano",Jogos,0.128
b6692dfb-d9b8-409b-ac8e-4ffe98e5a57b,coffe break é sensacional,Coffe,-0.0772
883f6e71-d69f-4eb4-8791-f3f68ee15315,coment,Material,0.0
b6692dfb-d9b8-409b-ac8e-4ffe98e5a57b,esse pessoal do lanche tem que vir todo ano,Lanche,0.0
b6692dfb-d9b8-409b-ac8e-4ffe98e5a57b,esse pessoal do lanche tem que vir todo ano,Secom,0.0
092f2a22-65fe-4b1e-a8de-356ce785cea3,"tô com fome, quero merendar 🎶",Fome,-0.4404
b6692dfb-d9b8-409b-ac8e-4ffe98e5a57b,ansioso pelo sorteio,Secom,0.6249
47f0857b-7373-4457-b034-4eca2ed5efd9,botafogo,Secom,0.0
b6692dfb-d9b8-409b-ac8e-4ffe98e5a57b,a secom desse ano está sensacional,Secom,-0.0772
47f0857b-7373-4457-b034-4eca2ed5efd9,ansioso pelos prêmios,Campeonato,0.6705
d0881343-b903-4573-aee3-c821f2e201de,a maratona foi muito boa,Maratona,0.4588
47f0857b-7373-4457-b034-4eca2ed5efd9,palestras muitos produtivas,Palestra,0.0
47f0857b-7373-4457-b034-4eca2ed5efd9,palestras muitos produtivas,Desenvolvimento,0.0
d0881343-b903-4573-aee3-c821f2e201de,gostei muito dos mini cursos,Minicurso,0.4215
4a38eef3-4375-45b4-b386-649cb518c20b,to cao fome 🤤🤤,Secom,-0.4404
1b9ccae9-78fb-402b-9460-40ccad1af251,a energia ontem na game jam acabou com tudo,Jogos,0.296
1b9ccae9-78fb-402b-9460-40ccad1af251,a energia ontem na game jam acabou com tudo,Energia,0.296
1b9ccae9-78fb-402b-9460-40ccad1af251,a energia ontem na game jam acabou com tudo,Secom,0.296
d0881343-b903-4573-aee3-c821f2e201de,a secom esse ano esta muito boa,Secom,0.4588
30a1d1e4-da0d-4f67-9908-6bc16a47ebc4,estou ansioso para o coffee break :d,Coffee,0.6369
30a1d1e4-da0d-4f67-9908-6bc16a47ebc4,estou ansioso para o coffee break :d,Break,0.6369
1b9ccae9-78fb-402b-9460-40ccad1af251,ansioso para saber o resultado da gamejam,Jogos,0.2263
1b9ccae9-78fb-402b-9460-40ccad1af251,ansioso para saber o resultado da gamejam,Resultado,0.2263
1b9ccae9-78fb-402b-9460-40ccad1af251,a barriga ja esta roncando esperando peo coffe break,Coffe,0.0
1b9ccae9-78fb-402b-9460-40ccad1af251,a barriga ja esta roncando esperando peo coffe break,Pena,0.0
1b9ccae9-78fb-402b-9460-40ccad1af251,a barriga ja esta roncando esperando peo coffe break,Secom,0.0
13c63d6c-e94d-4b8b-829b-3a6f523ac131,minicurso de blender sensacional,Minicurso,-0.0772
8aed64cf-df9c-4421-bff3-6c07fee239b1,"ainda com as quedas de luz, o minicurso continuou firme",Luz,0.25
8aed64cf-df9c-4421-bff3-6c07fee239b1,"ainda com as quedas de luz, o minicurso continuou firme",Minicurso,0.25
8aed64cf-df9c-4421-bff3-6c07fee239b1,"ainda com as quedas de luz, o minicurso continuou firme",Secom,0.25
30a1d1e4-da0d-4f67-9908-6bc16a47ebc4,adorei o curso sobre docker,Docker,0.0
30a1d1e4-da0d-4f67-9908-6bc16a47ebc4,adorei o curso sobre docker,Curso,0.0
4a38eef3-4375-45b4-b386-649cb518c20b,docker tava bao tbm,Tbm,0.0
4a38eef3-4375-45b4-b386-649cb518c20b,docker tava bao tbm,Secom,0.0
4a38eef3-4375-45b4-b386-649cb518c20b,docker tava bao tbm,Docker,0.0
13c63d6c-e94d-4b8b-829b-3a6f523ac131,ansioso para os sorteios,Secom,0.2263
8aa87b6a-2c98-49aa-a2bf-45a61166e7e7,time a seta representou,Tempo,0.0
8aa87b6a-2c98-49aa-a2bf-45a61166e7e7,time a seta representou,Secom,0.0
311c27a8-5c81-4b58-a7b6-27f29c34ac6f,espero ganhar brindes no sorteio,Secom,0.8481
1b9ccae9-78fb-402b-9460-40ccad1af251,n'ao de pra baixar as coisas do curso de ia antes /-/) triste dms,Dms,-0.4939
1b9ccae9-78fb-402b-9460-40ccad1af251,n'ao de pra baixar as coisas do curso de ia antes /-/) triste dms,Curso,-0.4939
1b9ccae9-78fb-402b-9460-40ccad1af251,n'ao de pra baixar as coisas do curso de ia antes /-/) triste dms,/-/,-0.4939
1b9ccae9-78fb-402b-9460-40ccad1af251,n'ao de pra baixar as coisas do curso de ia antes /-/) triste dms,Secom,-0.4939
13c63d6c-e94d-4b8b-829b-3a6f523ac131,qual o shampoo que o patrick usa,Patrick,0.0
13c63d6c-e94d-4b8b-829b-3a6f523ac131,qual o shampoo que o patrick usa,Shampoo,0.0
8aed64cf-df9c-4421-bff3-6c07fee239b1,um pouco triste que ninguém escolheu aang: o último dominador de ar como animação favorita no minicurso de interface web,Almoco,-0.079
8aed64cf-df9c-4421-bff3-6c07fee239b1,um pouco triste que ninguém escolheu aang: o último dominador de ar como animação favorita no minicurso de interface web,Secom,-0.079
8aed64cf-df9c-4421-bff3-6c07fee239b1,um pouco triste que ninguém escolheu aang: o último dominador de ar como animação favorita no minicurso de interface web,Minicurso,-0.079
8aed64cf-df9c-4421-bff3-6c07fee239b1,um pouco triste que ninguém escolheu aang: o último dominador de ar como animação favorita no minicurso de interface web,Interface,-0.079
8aed64cf-df9c-4421-bff3-6c07fee239b1,um pouco triste que ninguém escolheu aang: o último dominador de ar como animação favorita no minicurso de interface web,Animacao,-0.079
8aed64cf-df9c-4421-bff3-6c07fee239b1,um pouco triste que ninguém escolheu aang: o último dominador de ar como animação favorita no minicurso de interface web,Pena,-0.079
8aa87b6a-2c98-49aa-a2bf-45a61166e7e7,campeonato de cs que ficou faltando,Campeonato,0.4404
1b9ccae9-78fb-402b-9460-40ccad1af251,cade a ic de geração de imagens com ia,Cade,0.0
1b9ccae9-78fb-402b-9460-40ccad1af251,cade a ic de geração de imagens com ia,Fotografo,0.0
1b9ccae9-78fb-402b-9460-40ccad1af251,cade a ic de geração de imagens com ia,Secom,0.0
8aed64cf-df9c-4421-bff3-6c07fee239b1,ansioso pelo coffee break,Coffee,0.3612
8aed64cf-df9c-4421-bff3-6c07fee239b1,ansioso pelo coffee break,Break,0.3612
8aa87b6a-2c98-49aa-a2bf-45a61166e7e7,campeonato de valorant foi muito top,Valorant,0.7845
8aa87b6a-2c98-49aa-a2bf-45a61166e7e7,campeonato de valorant foi muito top,Campeonato,0.7845
8aa87b6a-2c98-49aa-a2bf-45a61166e7e7,curti demais a palestra do letras,Palestra,0.0
8aa87b6a-2c98-49aa-a2bf-45a61166e7e7,curti demais a palestra do letras,Secom,0.0
13c63d6c-e94d-4b8b-829b-3a6f523ac131,coffe breaks sensacionais,Coffe,0.0
d0881343-b903-4573-aee3-c821f2e201de,aa figurinhas do git estavam fodas,Git,0.0
d0881343-b903-4573-aee3-c821f2e201de,aa figurinhas do git estavam fodas,Animacao,0.0
8aa87b6a-2c98-49aa-a2bf-45a61166e7e7,lanche tava top dms,Dms,0.6124
1b9ccae9-78fb-402b-9460-40ccad1af251,coffe break,Coffe,0.0
f0158b5a-82ff-410c-81f2-d51f7e345b45,o minicurso de blender foi muito daora,Minicurso,0.0
f0158b5a-82ff-410c-81f2-d51f7e345b45,o minicurso de blender foi muito daora,Secom,0.0
13c63d6c-e94d-4b8b-829b-3a6f523ac131,bora para essa final de lol,Final,0.34
13c63d6c-e94d-4b8b-829b-3a6f523ac131,bora para essa final de lol,Lol,0.34
311c27a8-5c81-4b58-a7b6-27f29c34ac6f,foi muito legal acompanhar o campeonato o esports,Campeonato,0.5267
311c27a8-5c81-4b58-a7b6-27f29c34ac6f,foi muito legal acompanhar o campeonato o esports,Fifa,0.5267
1b9ccae9-78fb-402b-9460-40ccad1af251,adorei o sandro,Secom,0.0
1b9ccae9-78fb-402b-9460-40ccad1af251,otimo mini curso,Minicurso,0.6705
1b9ccae9-78fb-402b-9460-40ccad1af251,otimo mini curso,Curso,0.6705
47f0857b-7373-4457-b034-4eca2ed5efd9,coffee brake melhor hora,Brake,0.4404
47f0857b-7373-4457-b034-4eca2ed5efd9,coffee brake melhor hora,Tempo,0.4404
13c63d6c-e94d-4b8b-829b-3a6f523ac131,qual patrick o shampoo usa,Shampoo,0.0
88254066-58d3-4049-ac9d-5b393c178080,melhor edição da secom,Almoco,0.4404
88254066-58d3-4049-ac9d-5b393c178080,melhor edição da secom,Secom,0.4404
47f0857b-7373-4457-b034-4eca2ed5efd9,o atlético vai cair,Fifa,0.0
f0158b5a-82ff-410c-81f2-d51f7e345b45,se a luz cair durante a final é wo na okt né,Final,0.0
f0158b5a-82ff-410c-81f2-d51f7e345b45,se a luz cair durante a final é wo na okt né,Secom,0.0
f0158b5a-82ff-410c-81f2-d51f7e345b45,se a luz cair durante a final é wo na okt né,Luz,0.0
311c27a8-5c81-4b58-a7b6-27f29c34ac6f,a camisa sa secom ficou muito boa,Camisa,0.4588
88254066-58d3-4049-ac9d-5b393c178080,mymobiconf salvou demais,Mymobiconf,0.4215
8aed64cf-df9c-4421-bff3-6c07fee239b1,qual o preparo capilar do patrick para a final de lol da secom,Patrick,0.34
8aed64cf-df9c-4421-bff3-6c07fee239b1,qual o preparo capilar do patrick para a final de lol da secom,Final,0.34
8aed64cf-df9c-4421-bff3-6c07fee239b1,qual o preparo capilar do patrick para a final de lol da secom,Lol,0.34
8aed64cf-df9c-4421-bff3-6c07fee239b1,qual o preparo capilar do patrick para a final de lol da secom,Secom,0.34
88254066-58d3-4049-ac9d-5b393c178080,a troca dos horários no último dia foi meio paia,Horario,0.0
88254066-58d3-4049-ac9d-5b393c178080,a troca dos horários no último dia foi meio paia,Troca,0.0
f0158b5a-82ff-410c-81f2-d51f7e345b45,programação dessa secom foi bala demais,Programacao,0.0
f0158b5a-82ff-410c-81f2-d51f7e345b45,programação dessa secom foi bala demais,Secom,0.0
1b9ccae9-78fb-402b-9460-40ccad1af251,pena que o curso do sandro acabou ;-; adorei as artes dele,Curso,-0.296
1b9ccae9-78fb-402b-9460-40ccad1af251,pena que o curso do sandro acabou ;-; adorei as artes dele,Secom,-0.296
1b9ccae9-78fb-402b-9460-40ccad1af251,pena que o curso do sandro acabou ;-; adorei as artes dele,Estetica,-0.296
1b9ccae9-78fb-402b-9460-40ccad1af251,pena que o curso do sandro acabou ;-; adorei as artes dele,Pena,-0.296
88254066-58d3-4049-ac9d-5b393c178080,palestras muito boas no dia da indústria,Palestra,0.4588
88254066-58d3-4049-ac9d-5b393c178080,palestras muito boas no dia da indústria,Empresa,0.4588
f0158b5a-82ff-410c-81f2-d51f7e345b45,cadê o coffee break,Coffee,0.0
f0158b5a-82ff-410c-81f2-d51f7e345b45,cadê o coffee break,Break,0.0
226440c8-ce0c-42b8-a37b-8435e915955d,a melhor parte é o encerramento,Final,0.34
226440c8-ce0c-42b8-a37b-8435e915955d,a melhor parte é o encerramento,Secom,0.34
226440c8-ce0c-42b8-a37b-8435e915955d,triste pelo último coffe break :(,Coffe,-0.7269
88254066-58d3-4049-ac9d-5b393c178080,palestras muito importantes,Palestra,0.0
88254066-58d3-4049-ac9d-5b393c178080,coffee break foi muito bom,Break,0.4588
88254066-58d3-4049-ac9d-5b393c178080,ansioso pelo sorteio,Secom,0.6249
1b9ccae9-78fb-402b-9460-40ccad1af251,gooogle deep dream nem lembrava,Gooogle,0.0
1b9ccae9-78fb-402b-9460-40ccad1af251,gooogle deep dream nem lembrava,Deep,0.0
88254066-58d3-4049-ac9d-5b393c178080,espero q o servidor funcione,Servidor,0.0
1b9ccae9-78fb-402b-9460-40ccad1af251,"mostrei o poc pro sandro, aprovado 🤝",Secom,0.25
1b9ccae9-78fb-402b-9460-40ccad1af251,"mostrei o poc pro sandro, aprovado 🤝",Falta,0.25
1b9ccae9-78fb-402b-9460-40ccad1af251,"mostrei o poc pro sandro, aprovado 🤝",Pro,0.25
7cf13434-76d6-4046-96fd-1cfd9d429282,partiu sampa,Milho,0.34
88254066-58d3-4049-ac9d-5b393c178080,o número de comentarios foi meio demais,Numero,0.0772
513987ee-1026-4bd4-93aa-9d89d6d5bad4,maratona foi zika,Maratona,0.0
1b9ccae9-78fb-402b-9460-40ccad1af251,ansioso pelos premios do my mob conf em 😳,Campeonato,0.6705
1b9ccae9-78fb-402b-9460-40ccad1af251,ansioso pelos premios do my mob conf em 😳,Mob,0.6705
f0158b5a-82ff-410c-81f2-d51f7e345b45,qual o shampoo do douglas,Shampoo,0.0
f0158b5a-82ff-410c-81f2-d51f7e345b45,qual o shampoo do douglas,Secom,0.0
513987ee-1026-4bd4-93aa-9d89d6d5bad4,esse dulol tá sem limites,Falta,0.0
513987ee-1026-4bd4-93aa-9d89d6d5bad4,esse dulol tá sem limites,Limitacoes,0.0
88254066-58d3-4049-ac9d-5b393c178080,acho q o servidor não tá aguentando o número de usuários de uma vez,Usuario,-0.2263
88254066-58d3-4049-ac9d-5b393c178080,acho q o servidor não tá aguentando o número de usuários de uma vez,Numero,-0.2263
88254066-58d3-4049-ac9d-5b393c178080,acho q o servidor não tá aguentando o número de usuários de uma vez,Servidor,-0.2263
1b9ccae9-78fb-402b-9460-40ccad1af251,quem tava na game jam vai ganhar bolsa copo,Mochila,0.5859
1b9ccae9-78fb-402b-9460-40ccad1af251,quem tava na game jam vai ganhar bolsa copo,Jogos,0.5859
1b9ccae9-78fb-402b-9460-40ccad1af251,quem tava na game jam vai ganhar bolsa copo,Secom,0.5859
1b9ccae9-78fb-402b-9460-40ccad1af251,pin da sydle,Sydle,0.0
513987ee-1026-4bd4-93aa-9d89d6d5bad4,minicurso de blender foi foda,Minicurso,0.6705
513987ee-1026-4bd4-93aa-9d89d6d5bad4,minicurso de blender foi foda,Lol,0.6705
513987ee-1026-4bd4-93aa-9d89d6d5bad4,camiseta maravilhosa,Camisa,0.6705
1b9ccae9-78fb-402b-9460-40ccad1af251,se a jam fosse em outro dia podia ter ido na palestra do studio sol ;-;,Sol,0.0
1b9ccae9-78fb-402b-9460-40ccad1af251,se a jam fosse em outro dia podia ter ido na palestra do studio sol ;-;,Palestra,0.0
1b9ccae9-78fb-402b-9460-40ccad1af251,se a jam fosse em outro dia podia ter ido na palestra do studio sol ;-;,Studiosol,0.0
1b9ccae9-78fb-402b-9460-40ccad1af251,se a jam fosse em outro dia podia ter ido na palestra do studio sol ;-;,Secom,0.0
f0158b5a-82ff-410c-81f2-d51f7e345b45,adorei a secom,Secom,0.0
513987ee-1026-4bd4-93aa-9d89d6d5bad4,isadora tá solteira,Secom,0.0
513987ee-1026-4bd4-93aa-9d89d6d5bad4,me contrata sydle,Sydle,0.0
8aa87b6a-2c98-49aa-a2bf-45a61166e7e7,time a seta mandou demais,Tempo,0.0
8aa87b6a-2c98-49aa-a2bf-45a61166e7e7,time a seta mandou demais,Secom,0.0
513987ee-1026-4bd4-93aa-9d89d6d5bad4,quero entrar na levty,Secom,0.0
8aa87b6a-2c98-49aa-a2bf-45a61166e7e7,infelizmente a luz acabou durante o fifa,Fifa,-0.4404
8aa87b6a-2c98-49aa-a2bf-45a61166e7e7,infelizmente a luz acabou durante o fifa,Luz,-0.4404
1b9ccae9-78fb-402b-9460-40ccad1af251,coquinha gelada :p,Coffe,0.25
513987ee-1026-4bd4-93aa-9d89d6d5bad4,fanta no coffe break pfvr,Ufv,0.0
513987ee-1026-4bd4-93aa-9d89d6d5bad4,fanta no coffe break pfvr,Coffe,0.0
513987ee-1026-4bd4-93aa-9d89d6d5bad4,thais pra presidente já,Presidente,0.0
513987ee-1026-4bd4-93aa-9d89d6d5bad4,thais pra presidente já,Thais,0.0
e539ea11-2f5f-48c0-8cd6-f269dd6ed844,tragam mais conteúdo de modelagem 3d,Modelagem,0.0
780e911b-3537-4deb-8eae-0ce33981b3d2,qual shampoo o patrick usa,Patrick,0.0
88254066-58d3-4049-ac9d-5b393c178080,excelente minicurso de 3d,Minicurso,0.6249
8aa87b6a-2c98-49aa-a2bf-45a61166e7e7,faltou apenas o campeonato de cs,Campeonato,0.1027
513987ee-1026-4bd4-93aa-9d89d6d5bad4,califórnia girls solou,California,0.0
780e911b-3537-4deb-8eae-0ce33981b3d2,qual patrick o shampoo usa,Shampoo,0.0
780e911b-3537-4deb-8eae-0ce33981b3d2,entrei na levty,Secom,0.0
e539ea11-2f5f-48c0-8cd6-f269dd6ed844,os minicursos deveriam ter mais tempo,Minicurso,0.0
e539ea11-2f5f-48c0-8cd6-f269dd6ed844,os minicursos deveriam ter mais tempo,Tempo,0.0
513987ee-1026-4bd4-93aa-9d89d6d5bad4,game jam cansou tá,Jogos,0.0
513987ee-1026-4bd4-93aa-9d89d6d5bad4,game jam cansou tá,Secom,0.0
780e911b-3537-4deb-8eae-0ce33981b3d2,"venham para o lesc, a ic de hardware trojan é bala",Trojan,-0.1531
780e911b-3537-4deb-8eae-0ce33981b3d2,"venham para o lesc, a ic de hardware trojan é bala",Ufv,-0.1531
780e911b-3537-4deb-8eae-0ce33981b3d2,"venham para o lesc, a ic de hardware trojan é bala",Secom,-0.1531
780e911b-3537-4deb-8eae-0ce33981b3d2,"venham para o lesc, a ic de hardware trojan é bala",Informatica,-0.1531
e539ea11-2f5f-48c0-8cd6-f269dd6ed844,a secom poderia durar uma semana inteira,Falta,0.0
e539ea11-2f5f-48c0-8cd6-f269dd6ed844,a secom poderia durar uma semana inteira,Semana,0.0
e539ea11-2f5f-48c0-8cd6-f269dd6ed844,ótima secom,Secom,0.6705
513987ee-1026-4bd4-93aa-9d89d6d5bad4,letras me contrata,Secom,0.0
513987ee-1026-4bd4-93aa-9d89d6d5bad4,campeonato de fifa foi zika,Campeonato,0.4404
513987ee-1026-4bd4-93aa-9d89d6d5bad4,campeonato de fifa foi zika,Fifa,0.4404
8aed64cf-df9c-4421-bff3-6c07fee239b1,esperando muito pela final de lol,Final,0.4588
8aed64cf-df9c-4421-bff3-6c07fee239b1,esperando muito pela final de lol,Lol,0.4588
8aa87b6a-2c98-49aa-a2bf-45a61166e7e7,muito legal a secom,Secom,0.128
1b9ccae9-78fb-402b-9460-40ccad1af251,fazer o poc ;-;,Falta,0.0
8aa87b6a-2c98-49aa-a2bf-45a61166e7e7,a secom do ano que bem vai ser bacana demais,Secom,0.2732
780e911b-3537-4deb-8eae-0ce33981b3d2,a ufv precisa melhorar essa internet,Ufv,0.4404
780e911b-3537-4deb-8eae-0ce33981b3d2,a ufv precisa melhorar essa internet,Internet,0.4404
8cc85085-4ed1-41f9-8428-601245633664,o minicurso foi super divertido,Minicurso,0.7783
8aed64cf-df9c-4421-bff3-6c07fee239b1,andar pelo campus de noite,Luz,0.0
8aed64cf-df9c-4421-bff3-6c07fee239b1,andar pelo campus de noite,Curso,0.0
8aed64cf-df9c-4421-bff3-6c07fee239b1,sem luz foi uma experiência,Experiencia,0.0
8aed64cf-df9c-4421-bff3-6c07fee239b1,sem luz foi uma experiência,Luz,0.0
8aed64cf-df9c-4421-bff3-6c07fee239b1,task finalizada,Atividades,0.0
e539ea11-2f5f-48c0-8cd6-f269dd6ed844,ótima palestra,Palestra,0.6705
8aa87b6a-2c98-49aa-a2bf-45a61166e7e7,muito boa a programação da secom,Programacao,0.4588
8aa87b6a-2c98-49aa-a2bf-45a61166e7e7,muito boa a programação da secom,Secom,0.4588
8cc85085-4ed1-41f9-8428-601245633664,as palestras do primeiro dia foram super importante para  o meu aprendizado,Palestra,0.6808
8cc85085-4ed1-41f9-8428-601245633664,as palestras do primeiro dia foram super importante para  o meu aprendizado,Conhecimento,0.6808
e539ea11-2f5f-48c0-8cd6-f269dd6ed844,brinds legais,Labs,0.0
8aa87b6a-2c98-49aa-a2bf-45a61166e7e7,a palestra da letras foi boa demais,Palestra,0.4588
8aa87b6a-2c98-49aa-a2bf-45a61166e7e7,a palestra da letras foi boa demais,Secom,0.4588
e539ea11-2f5f-48c0-8cd6-f269dd6ed844,queda de luz foi um problema,Luz,-0.5106
e539ea11-2f5f-48c0-8cd6-f269dd6ed844,queda de luz foi um problema,Problema,-0.5106
e539ea11-2f5f-48c0-8cd6-f269dd6ed844,queda de luz foi um problema,Secom,-0.5106
ad08e116-810d-4533-a7c6-9782fcb55f6d,final de secom,Final,0.0
ad08e116-810d-4533-a7c6-9782fcb55f6d,final de secom,Secom,0.0
e539ea11-2f5f-48c0-8cd6-f269dd6ed844,um coffee break por dia é pouco,Coffee,0.0
e539ea11-2f5f-48c0-8cd6-f269dd6ed844,um coffee break por dia é pouco,Break,0.0
e539ea11-2f5f-48c0-8cd6-f269dd6ed844,coloquem café no coffe break,Coffee,0.0
e539ea11-2f5f-48c0-8cd6-f269dd6ed844,coloquem café no coffe break,Coffe,0.0
780e911b-3537-4deb-8eae-0ce33981b3d2,coffee break está ótimo estava com mt fome,Fome,0.3818
780e911b-3537-4deb-8eae-0ce33981b3d2,coffee break está ótimo estava com mt fome,Break,0.3818
47cacf3f-e0f2-421b-a645-5e0efd6cc615,que venha o sorteio kk,Secom,0.6249
780e911b-3537-4deb-8eae-0ce33981b3d2,deveriam haver mais coffe breaks,Coffe,0.0
d0b2bc0d-178a-434a-9fc8-134d0ca5a1be,achei a quantidade de comentários ser 6 por dia muita sacanagem,Mochila,0.0
d0b2bc0d-178a-434a-9fc8-134d0ca5a1be,achei a quantidade de comentários ser 6 por dia muita sacanagem,Numero,0.0
47cacf3f-e0f2-421b-a645-5e0efd6cc615,sacagem o último coffe break,Coffe,0.0
47cacf3f-e0f2-421b-a645-5e0efd6cc615,ansioso para a próxima secom,Secom,0.2263
47cacf3f-e0f2-421b-a645-5e0efd6cc615,muito boa a palestra,Palestra,0.4588
d0b2bc0d-178a-434a-9fc8-134d0ca5a1be,exageraram na demanda pelo uso do mymobiconf,Mymobiconf,0.0
d0b2bc0d-178a-434a-9fc8-134d0ca5a1be,exageraram na demanda pelo uso do mymobiconf,Mercado,0.0
d0b2bc0d-178a-434a-9fc8-134d0ca5a1be,exageraram na demanda pelo uso do mymobiconf,Uso,0.0
08101ce6-e4af-4e12-81d5-87afcafc4b3b,kd a premiação da gamejam,Jogos,0.0
08101ce6-e4af-4e12-81d5-87afcafc4b3b,kd a premiação da gamejam,Secom,0.0
47cacf3f-e0f2-421b-a645-5e0efd6cc615,natanael muito foda,Lol,0.6705
8cc85085-4ed1-41f9-8428-601245633664,ansioso pelo sorteio,Secom,0.6249
08101ce6-e4af-4e12-81d5-87afcafc4b3b,adorei os mini cursos,Minicurso,0.0
47cacf3f-e0f2-421b-a645-5e0efd6cc615,virei muito fã da alfa engenharia,Alfa,0.0
d0b2bc0d-178a-434a-9fc8-134d0ca5a1be,"o aplicativo tá muito bom,",App,0.4588
d0b2bc0d-178a-434a-9fc8-134d0ca5a1be,sinto que 10 missões é bastante,Secom,0.0
8cc85085-4ed1-41f9-8428-601245633664,adorei palestra da sydle,Palestra,0.0
8cc85085-4ed1-41f9-8428-601245633664,adorei palestra da sydle,Sydle,0.0
08101ce6-e4af-4e12-81d5-87afcafc4b3b,luz caiu durante o mini curso,Minicurso,-0.5423
08101ce6-e4af-4e12-81d5-87afcafc4b3b,luz caiu durante o mini curso,Curso,-0.5423
08101ce6-e4af-4e12-81d5-87afcafc4b3b,luz caiu durante o mini curso,Luz,-0.5423
47cacf3f-e0f2-421b-a645-5e0efd6cc615,letras é foda demais,Lol,0.6705
47cacf3f-e0f2-421b-a645-5e0efd6cc615,letras é foda demais,Secom,0.6705
d0b2bc0d-178a-434a-9fc8-134d0ca5a1be,por mais palestras sobre jogos,Palestra,0.0
d0b2bc0d-178a-434a-9fc8-134d0ca5a1be,por mais palestras sobre jogos,Jogos,0.0
47cacf3f-e0f2-421b-a645-5e0efd6cc615,queria conhecer um pouco mais da levty,Secom,0.0
08101ce6-e4af-4e12-81d5-87afcafc4b3b,quando é a premiação da gamejam,Jogos,0.0
08101ce6-e4af-4e12-81d5-87afcafc4b3b,quando é a premiação da gamejam,Secom,0.0
47cacf3f-e0f2-421b-a645-5e0efd6cc615,ótimas apresentações,Apresentacao,0.6705
50ab66a7-9677-44ec-b7d4-be69f3d11d87,muito boa os mini cursos,Minicurso,0.4588
d0b2bc0d-178a-434a-9fc8-134d0ca5a1be,fiquei com a impressão de que teve muita palestra sobre ia,Palestra,-0.1027
d0b2bc0d-178a-434a-9fc8-134d0ca5a1be,fiquei com a impressão de que teve muita palestra sobre ia,Impressao,-0.1027
08101ce6-e4af-4e12-81d5-87afcafc4b3b,essa luz ta quebrada so pode,Luz,0.0
08101ce6-e4af-4e12-81d5-87afcafc4b3b,cade o quibe nos salgadinhos,Cade,0.0
08101ce6-e4af-4e12-81d5-87afcafc4b3b,cade o quibe nos salgadinhos,Secom,0.0
d0b2bc0d-178a-434a-9fc8-134d0ca5a1be,pra quem reclama pela energia ter acabado sem motivo nenhum,Explicacao,-0.1027
d0b2bc0d-178a-434a-9fc8-134d0ca5a1be,pra quem reclama pela energia ter acabado sem motivo nenhum,Energia,-0.1027
d0b2bc0d-178a-434a-9fc8-134d0ca5a1be,faltou o kibe nos salgados desse ano,Kibe,-0.3612
d0b2bc0d-178a-434a-9fc8-134d0ca5a1be,faltou o kibe nos salgados desse ano,Secom,-0.3612
e539ea11-2f5f-48c0-8cd6-f269dd6ed844,palestra do letras foi muito boa,Palestra,0.4588
e539ea11-2f5f-48c0-8cd6-f269dd6ed844,palestra do letras foi muito boa,Secom,0.4588
d0b2bc0d-178a-434a-9fc8-134d0ca5a1be,todo mundo gostaria de um acréscimo nos salgados de enroladinho de salsicha,Acrescimo,0.0
d0b2bc0d-178a-434a-9fc8-134d0ca5a1be,todo mundo gostaria de um acréscimo nos salgados de enroladinho de salsicha,Salsicha,0.0
d0b2bc0d-178a-434a-9fc8-134d0ca5a1be,todo mundo gostaria de um acréscimo nos salgados de enroladinho de salsicha,Secom,0.0
50ab66a7-9677-44ec-b7d4-be69f3d11d87,coffe break,Coffe,0.0
8c83da8e-1478-4a91-ae10-7347cd55d06f,gg casca de bala,Secom,0.296
50ab66a7-9677-44ec-b7d4-be69f3d11d87,muito boa a secom,Secom,0.4588
e539ea11-2f5f-48c0-8cd6-f269dd6ed844,as semifinais do campeonato poderiam ter sido presenciais também,Semifinais,0.4404
e539ea11-2f5f-48c0-8cd6-f269dd6ed844,as semifinais do campeonato poderiam ter sido presenciais também,Campeonato,0.4404
50ab66a7-9677-44ec-b7d4-be69f3d11d87,dq a pouco tem encerramento,Final,-0.0571
08101ce6-e4af-4e12-81d5-87afcafc4b3b,podia ter um suco no lugar de algumas cocas,Cocas,0.0
08101ce6-e4af-4e12-81d5-87afcafc4b3b,podia ter um suco no lugar de algumas cocas,Secom,0.0
e539ea11-2f5f-48c0-8cd6-f269dd6ed844,a gamejam poderia ser 2 dias,Jogos,0.0
e539ea11-2f5f-48c0-8cd6-f269dd6ed844,a gamejam poderia ser 2 dias,Secom,0.0
08101ce6-e4af-4e12-81d5-87afcafc4b3b,o encerramento vai ser antes do jogo,Final,-0.128
08101ce6-e4af-4e12-81d5-87afcafc4b3b,o encerramento vai ser antes do jogo,Jogos,-0.128
e539ea11-2f5f-48c0-8cd6-f269dd6ed844,ótimas palestras,Palestra,0.6705
e539ea11-2f5f-48c0-8cd6-f269dd6ed844,o público ficou dividido,Auditorio,0.0
e11be943-a86d-4ae5-9d07-c0caafcde712,a primeira palestra foi muito boa,Palestra,0.4588
08101ce6-e4af-4e12-81d5-87afcafc4b3b,quem é oizadora,Almoco,0.0
ff1bbfdb-856b-4aa2-8987-fc056e4c1b9d,quero ver a serimonia,Secom,0.0
e11be943-a86d-4ae5-9d07-c0caafcde712,a segunda palestra foi boa,Palestra,0.4588
08101ce6-e4af-4e12-81d5-87afcafc4b3b,gamejam podia ter mais tempo,Tempo,0.0
e539ea11-2f5f-48c0-8cd6-f269dd6ed844,seus perguntas por dia é muito,Pergunta,0.0
f0d8b18c-371e-4a9b-bc88-6efb85341837,"excelente, esperando o encerramento com os prêmios",Final,0.765
f0d8b18c-371e-4a9b-bc88-6efb85341837,"excelente, esperando o encerramento com os prêmios",Campeonato,0.765
d0b2bc0d-178a-434a-9fc8-134d0ca5a1be,senti que faltou fotos durante os minicursos,Minicurso,-0.3612
d0b2bc0d-178a-434a-9fc8-134d0ca5a1be,senti que faltou fotos durante os minicursos,Fotografo,-0.3612
f0d8b18c-371e-4a9b-bc88-6efb85341837,com temas interessantes,Secom,0.0
e539ea11-2f5f-48c0-8cd6-f269dd6ed844,aparentemente a aba de comentários não aceita números,Almoco,0.0772
e539ea11-2f5f-48c0-8cd6-f269dd6ed844,aparentemente a aba de comentários não aceita números,Numero,0.0772
ff1bbfdb-856b-4aa2-8987-fc056e4c1b9d,comida japonesa na próxima secom,Secom,0.0
ff1bbfdb-856b-4aa2-8987-fc056e4c1b9d,comida japonesa na próxima secom,Comida,0.0
8cc85085-4ed1-41f9-8428-601245633664,muito boa a coxinha,Secom,0.4588
e11be943-a86d-4ae5-9d07-c0caafcde712,o coffe break tava bom,Coffe,0.4588
fa24bb59-6052-4876-861f-d817a99fd16e,gamejam foi uma ideia muito boa,Projetos,0.0258
fa24bb59-6052-4876-861f-d817a99fd16e,prazo da gamejam foi muito curto,Horario,0.0
fa24bb59-6052-4876-861f-d817a99fd16e,prazo da gamejam foi muito curto,Jogos,0.0
f0d8b18c-371e-4a9b-bc88-6efb85341837,climatização muito boa,Condicionador,0.4588
ff1bbfdb-856b-4aa2-8987-fc056e4c1b9d,misto quente era bom no coffee break,Coffee,0.4588
ff1bbfdb-856b-4aa2-8987-fc056e4c1b9d,misto quente era bom no coffee break,Misto,0.4588
ff1bbfdb-856b-4aa2-8987-fc056e4c1b9d,misto quente era bom no coffee break,Break,0.4588
fa24bb59-6052-4876-861f-d817a99fd16e,maratona foi legal demais,Maratona,0.128
fa24bb59-6052-4876-861f-d817a99fd16e,maratona podia ter tido pizza hehe,Lol,0.0
fa24bb59-6052-4876-861f-d817a99fd16e,maratona podia ter tido pizza hehe,Maratona,0.0
08101ce6-e4af-4e12-81d5-87afcafc4b3b,devia poder participar da gamejam,Jogos,0.0
08101ce6-e4af-4e12-81d5-87afcafc4b3b,maratona de prog juntos,Pro,0.0
08101ce6-e4af-4e12-81d5-87afcafc4b3b,maratona de prog juntos,Maratona,0.0
ff1bbfdb-856b-4aa2-8987-fc056e4c1b9d,nice,Labs,0.0
ff1bbfdb-856b-4aa2-8987-fc056e4c1b9d,super legal,Labs,0.6597
d0b2bc0d-178a-434a-9fc8-134d0ca5a1be,"se não tiver uma unidade de bombom na premiação desse ano, fizeram errado",Bombom,-0.6486
d0b2bc0d-178a-434a-9fc8-134d0ca5a1be,"se não tiver uma unidade de bombom na premiação desse ano, fizeram errado",Unity,-0.6486
d0b2bc0d-178a-434a-9fc8-134d0ca5a1be,"se não tiver uma unidade de bombom na premiação desse ano, fizeram errado",Secom,-0.6486
e11be943-a86d-4ae5-9d07-c0caafcde712,teve algumas apresentações legais,Apresentacao,0.0
ae0cbeae-1ff0-406f-a78a-a80a71120100,minicurso de docker muito bom,Minicurso,0.4588
ae0cbeae-1ff0-406f-a78a-a80a71120100,minicurso de docker muito bom,Docker,0.4588
ae0cbeae-1ff0-406f-a78a-a80a71120100,o ângelo é muito bom,Angelo,0.4588
ae0cbeae-1ff0-406f-a78a-a80a71120100,salgado gostosinho hein,Secom,0.0
fa24bb59-6052-4876-861f-d817a99fd16e,ideia: bolinho de chocolate de coffee break,Coffee,-0.4404
fa24bb59-6052-4876-861f-d817a99fd16e,ideia: bolinho de chocolate de coffee break,Secom,-0.4404
fa24bb59-6052-4876-861f-d817a99fd16e,ideia: bolinho de chocolate de coffee break,Projetos,-0.4404
fa24bb59-6052-4876-861f-d817a99fd16e,ideia: bolinho de chocolate de coffee break,Chocolate,-0.4404
fa24bb59-6052-4876-861f-d817a99fd16e,ideia: bolinho de chocolate de coffee break,Break,-0.4404
ae0cbeae-1ff0-406f-a78a-a80a71120100,matheus peixoto o ceonda secom,Secom,0.0
e11be943-a86d-4ae5-9d07-c0caafcde712,-sport é o melhor,Fifa,0.4404
fa24bb59-6052-4876-861f-d817a99fd16e,ideia: picole antes da maratona igual na maratona mineira,Projetos,-0.4404
fa24bb59-6052-4876-861f-d817a99fd16e,ideia: picole antes da maratona igual na maratona mineira,Maratona,-0.4404
ae0cbeae-1ff0-406f-a78a-a80a71120100,minicursos bem plaestrandos,Minicurso,0.2732
d0b2bc0d-178a-434a-9fc8-134d0ca5a1be,deixando meu voto para os mcagenda,Voto,-0.1531
d0b2bc0d-178a-434a-9fc8-134d0ca5a1be,deixando meu voto para os mcagenda,Agenda,-0.1531
e11be943-a86d-4ae5-9d07-c0caafcde712,a palestra do umbu foi legal,Palestra,0.128
e11be943-a86d-4ae5-9d07-c0caafcde712,a palestra do umbu foi legal,Secom,0.128
db3fa0bb-880f-4501-90a0-33595a9c9087,top essa edição da secom,Almoco,0.6124
db3fa0bb-880f-4501-90a0-33595a9c9087,top essa edição da secom,Secom,0.6124
ae0cbeae-1ff0-406f-a78a-a80a71120100,a liz acabou naoooooo,Secom,0.0
fa24bb59-6052-4876-861f-d817a99fd16e,curso de docker o melhor,Docker,0.4404
fa24bb59-6052-4876-861f-d817a99fd16e,curso de docker o melhor,Curso,0.4404
db3fa0bb-880f-4501-90a0-33595a9c9087,coffe break muito bom,Coffe,0.4588
420a6284-4a52-4d2d-82f1-f422cc31986b,muito legal a secom,Secom,0.128
e11be943-a86d-4ae5-9d07-c0caafcde712,a palestra da levty tava legal,Palestra,0.128
e11be943-a86d-4ae5-9d07-c0caafcde712,a palestra da levty tava legal,Secom,0.128
fa24bb59-6052-4876-861f-d817a99fd16e,o ministrante do curso de docker deu bombom para quem interagia,Bombom,-0.1531
fa24bb59-6052-4876-861f-d817a99fd16e,o ministrante do curso de docker deu bombom para quem interagia,Curso,-0.1531
fa24bb59-6052-4876-861f-d817a99fd16e,o ministrante do curso de docker deu bombom para quem interagia,Docker,-0.1531
fa24bb59-6052-4876-861f-d817a99fd16e,o ministrante do curso de docker deu bombom para quem interagia,Secom,-0.1531
fa24bb59-6052-4876-861f-d817a99fd16e,"acertava, achei muito boa a ideia para participar",Projetos,-0.128
d0b2bc0d-178a-434a-9fc8-134d0ca5a1be,tá liberado cantar parabéns no encerramento,Final,0.5267
fa24bb59-6052-4876-861f-d817a99fd16e,ter prêmio para desafio prático no final do minicurso (ex: docker teve um curso como prêmio) foi uma ideia ótima,Final,0.6808
fa24bb59-6052-4876-861f-d817a99fd16e,ter prêmio para desafio prático no final do minicurso (ex: docker teve um curso como prêmio) foi uma ideia ótima,Docker,0.6808
fa24bb59-6052-4876-861f-d817a99fd16e,ter prêmio para desafio prático no final do minicurso (ex: docker teve um curso como prêmio) foi uma ideia ótima,Curso,0.6808
fa24bb59-6052-4876-861f-d817a99fd16e,ter prêmio para desafio prático no final do minicurso (ex: docker teve um curso como prêmio) foi uma ideia ótima,Minicurso,0.6808
fa24bb59-6052-4876-861f-d817a99fd16e,ter prêmio para desafio prático no final do minicurso (ex: docker teve um curso como prêmio) foi uma ideia ótima,Oportunidade,0.6808
fa24bb59-6052-4876-861f-d817a99fd16e,ter prêmio para desafio prático no final do minicurso (ex: docker teve um curso como prêmio) foi uma ideia ótima,Campeonato,0.6808
fa24bb59-6052-4876-861f-d817a99fd16e,ter prêmio para desafio prático no final do minicurso (ex: docker teve um curso como prêmio) foi uma ideia ótima,Projetos,0.6808
420a6284-4a52-4d2d-82f1-f422cc31986b,"bonitinhos no topo, aproveitar",Topo,0.2023
420a6284-4a52-4d2d-82f1-f422cc31986b,"bonitinhos no topo, aproveitar",Secom,0.2023
420a6284-4a52-4d2d-82f1-f422cc31986b,parabenizar o professor phillipe pelo evento,Professor,0.0
e11be943-a86d-4ae5-9d07-c0caafcde712,a palestra da dti sobre dados tava muito boa,Dados,0.4588
e11be943-a86d-4ae5-9d07-c0caafcde712,a palestra da dti sobre dados tava muito boa,Palestra,0.4588
e11be943-a86d-4ae5-9d07-c0caafcde712,a palestra da dti sobre dados tava muito boa,Secom,0.4588
fa24bb59-6052-4876-861f-d817a99fd16e,arte linda do cracha,Cracha,0.5423
fa24bb59-6052-4876-861f-d817a99fd16e,arte linda do cracha,Estetica,0.5423
fa24bb59-6052-4876-861f-d817a99fd16e,decoração com baloes numa paleta ótima,Baloes,0.6705
fa24bb59-6052-4876-861f-d817a99fd16e,decoração com baloes numa paleta ótima,Cor,0.6705
fa24bb59-6052-4876-861f-d817a99fd16e,decoração com baloes numa paleta ótima,Decoracao,0.6705
fa24bb59-6052-4876-861f-d817a99fd16e,camisa do prêmio do,Campeonato,0.5106
fa24bb59-6052-4876-861f-d817a99fd16e,camisa do prêmio do,Camisa,0.5106
fa24bb59-6052-4876-861f-d817a99fd16e,sports perfeitw,Fifa,0.0
fa24bb59-6052-4876-861f-d817a99fd16e,no meu coração os bonitinhos ganharam o torneio de vava,Secom,0.0
fa24bb59-6052-4876-861f-d817a99fd16e,no meu coração os bonitinhos ganharam o torneio de vava,Torneio,0.0
fa24bb59-6052-4876-861f-d817a99fd16e,no meu coração os bonitinhos ganharam o torneio de vava,Coffe,0.0
e11be943-a86d-4ae5-9d07-c0caafcde712,a palestra sobre lgpd foi muito interessante,Ufv,0.4019
e11be943-a86d-4ae5-9d07-c0caafcde712,a palestra sobre lgpd foi muito interessante,Palestra,0.4019
db3fa0bb-880f-4501-90a0-33595a9c9087,curso de ia generativa muito bom,Curso,0.4588
ad08e116-810d-4533-a7c6-9782fcb55f6d,sem ideia do que comentar,Projetos,-0.4404
fa24bb59-6052-4876-861f-d817a99fd16e,distribuição de salgado rápida,Distribuicao,0.0
e11be943-a86d-4ae5-9d07-c0caafcde712,o coffee tava bom,Coffee,0.4588
fa24bb59-6052-4876-861f-d817a99fd16e,gostei de opções vegetarianas,Opcoes,0.4215
ad08e116-810d-4533-a7c6-9782fcb55f6d,curso de i,Curso,0.0
ad08e116-810d-4533-a7c6-9782fcb55f6d,a generativa foi excelente,Desenvolvimento,0.6249
99899b5a-eb3d-4d67-a64f-a143f824a709,hora do lanche 😋 secom que vem precisava ter coffee break de manhã,Tempo,0.0
99899b5a-eb3d-4d67-a64f-a143f824a709,hora do lanche 😋 secom que vem precisava ter coffee break de manhã,Lanche,0.0
99899b5a-eb3d-4d67-a64f-a143f824a709,hora do lanche 😋 secom que vem precisava ter coffee break de manhã,Manha,0.0
99899b5a-eb3d-4d67-a64f-a143f824a709,hora do lanche 😋 secom que vem precisava ter coffee break de manhã,Break,0.0
99899b5a-eb3d-4d67-a64f-a143f824a709,"de tarde, que nem nas outras edições",Almoco,0.0
99899b5a-eb3d-4d67-a64f-a143f824a709,"de tarde, que nem nas outras edições",Tempo,0.0
e11be943-a86d-4ae5-9d07-c0caafcde712,os brindes foram os melhores,Secom,0.4215
fa24bb59-6052-4876-861f-d817a99fd16e,gostei muito da cor da camisa,Camisa,0.4215
fa24bb59-6052-4876-861f-d817a99fd16e,gostei muito da cor da camisa,Cor,0.4215
a5551753-5cda-4641-bc94-7d92707ef19c,o curso de ia foi muito interessante,Curso,0.4019
fa24bb59-6052-4876-861f-d817a99fd16e,podia ter outras variedades de refri,Secom,0.0
fa24bb59-6052-4876-861f-d817a99fd16e,podia ter outras variedades de refri,Variedades,0.0
a5551753-5cda-4641-bc94-7d92707ef19c,talvez possa ter mais minicursos durante os 3 dias na próxima edição,Almoco,0.0
a5551753-5cda-4641-bc94-7d92707ef19c,talvez possa ter mais minicursos durante os 3 dias na próxima edição,Secom,0.0
e11be943-a86d-4ae5-9d07-c0caafcde712,o minicurso de docker tava muito boa,Minicurso,0.4588
e11be943-a86d-4ae5-9d07-c0caafcde712,o minicurso de docker tava muito boa,Docker,0.4588
a5551753-5cda-4641-bc94-7d92707ef19c,o coffee break estava ótimo mais poderia ser numa pausa no meio do minicurso,Coffee,0.6705
a5551753-5cda-4641-bc94-7d92707ef19c,o coffee break estava ótimo mais poderia ser numa pausa no meio do minicurso,Secom,0.6705
a5551753-5cda-4641-bc94-7d92707ef19c,o coffee break estava ótimo mais poderia ser numa pausa no meio do minicurso,Minicurso,0.6705
a5551753-5cda-4641-bc94-7d92707ef19c,o coffee break estava ótimo mais poderia ser numa pausa no meio do minicurso,Git,0.6705
a5551753-5cda-4641-bc94-7d92707ef19c,o coffee break estava ótimo mais poderia ser numa pausa no meio do minicurso,Break,0.6705
e11be943-a86d-4ae5-9d07-c0caafcde712,espero ganhar um sorteio,Secom,0.7506
a5551753-5cda-4641-bc94-7d92707ef19c,tem como trazer a studiosol ano que vem,Studiosol,0.0
6694bc9c-4eab-4c6b-a7df-c40f8f42e39c,o minicurso de blender foi incrível,Minicurso,0.6705
6694bc9c-4eab-4c6b-a7df-c40f8f42e39c,gostei do gato do patrick,Patrick,0.4215
6694bc9c-4eab-4c6b-a7df-c40f8f42e39c,gostei do gato do patrick,Gato,0.4215
e11be943-a86d-4ae5-9d07-c0caafcde712,a final vai ser a melhor,Final,0.4404
a5551753-5cda-4641-bc94-7d92707ef19c,my mobi conf ajudou muito durante a secom,Mobile,0.0
a5551753-5cda-4641-bc94-7d92707ef19c,my mobi conf ajudou muito durante a secom,Secom,0.0
e11be943-a86d-4ae5-9d07-c0caafcde712,tá muito boa a secom,Secom,0.4588
fa24bb59-6052-4876-861f-d817a99fd16e,torneio de,Torneio,0.0
fa24bb59-6052-4876-861f-d817a99fd16e,sports foi legal demais,Fifa,0.128
e11be943-a86d-4ae5-9d07-c0caafcde712,que horas acaba,Tempo,0.0
fa24bb59-6052-4876-861f-d817a99fd16e,os troféus ficaram muito bonitos,Campeonato,0.0
e11be943-a86d-4ae5-9d07-c0caafcde712,tem muitos  prêmios,Campeonato,0.4588
b9ce085c-74f8-412e-8a55-1391f0867ebd,estava esperando mini pizzza,Minicurso,0.0
1a2cfcd0-081c-413f-b184-3104f229f33d,oiii,Almoco,0.0
1a2cfcd0-081c-413f-b184-3104f229f33d,oisisisijs,Almoco,0.0
db3fa0bb-880f-4501-90a0-33595a9c9087,palestra da hub muito boa,Palestra,0.4588
db3fa0bb-880f-4501-90a0-33595a9c9087,palestra da hub muito boa,Hubs,0.4588
db3fa0bb-880f-4501-90a0-33595a9c9087,muito bom ver ex alunos,Curso,0.4588
34c8353a-bcb4-4553-8c2d-fac1c5311ccd,auditório climatizado,Auditorio,0.0
b9ce085c-74f8-412e-8a55-1391f0867ebd,táva muito frio na sala,Frio,0.0
b9ce085c-74f8-412e-8a55-1391f0867ebd,táva muito frio na sala,Secom,0.0
8b532002-32a9-47b8-a068-f68ebed037cd,"gostei do minicurso, no fim",Minicurso,0.4215
8b532002-32a9-47b8-a068-f68ebed037cd,"gostei do minicurso, no fim",Final,0.4215
1a2cfcd0-081c-413f-b184-3104f229f33d,timeaseta,Tempo,0.0
1a2cfcd0-081c-413f-b184-3104f229f33d,mior timeaseta,Tempo,0.0
db3fa0bb-880f-4501-90a0-33595a9c9087,sempre internet >>> outras,Internet,0.0
34c8353a-bcb4-4553-8c2d-fac1c5311ccd,cadê os brindes,Secom,0.4215
db3fa0bb-880f-4501-90a0-33595a9c9087,gamejam quase foi de arrasta,Almoco,0.0
8b532002-32a9-47b8-a068-f68ebed037cd,quanto troféu,Campeonato,0.0
b9ce085c-74f8-412e-8a55-1391f0867ebd,queria que tivesse distribuídos melhor durante uma semana inteira,Falta,0.4404
b9ce085c-74f8-412e-8a55-1391f0867ebd,queria que tivesse distribuídos melhor durante uma semana inteira,Semana,0.4404
b9ce085c-74f8-412e-8a55-1391f0867ebd,prêmios incríveis,Campeonato,0.8176
880b38ad-954a-499a-a76a-66fce8a17f66,minicurso de docker o melhor,Minicurso,0.4404
880b38ad-954a-499a-a76a-66fce8a17f66,minicurso de docker o melhor,Docker,0.4404
8b532002-32a9-47b8-a068-f68ebed037cd,queria ganhar aqueles prêmios alí,Campeonato,0.7783
880b38ad-954a-499a-a76a-66fce8a17f66,pedro lindo,Pedro,0.5423
b9ce085c-74f8-412e-8a55-1391f0867ebd,lindas as cores desse ano,Cores,0.5423
8b532002-32a9-47b8-a068-f68ebed037cd,eu queria a pelúcia,Pelucia,0.0
880b38ad-954a-499a-a76a-66fce8a17f66,organização muito boa,Organizacao,0.4588
34c8353a-bcb4-4553-8c2d-fac1c5311ccd,mais uma secom concluída,Final,0.0
880b38ad-954a-499a-a76a-66fce8a17f66,torneio de,Torneio,0.0
880b38ad-954a-499a-a76a-66fce8a17f66,-sports muito foda,Lol,0.6705
880b38ad-954a-499a-a76a-66fce8a17f66,-sports muito foda,Fifa,0.6705
880b38ad-954a-499a-a76a-66fce8a17f66,hoje tem mcagenda,Agenda,0.0
db3fa0bb-880f-4501-90a0-33595a9c9087,ansioso pros vencedores,Pro,0.6808
8b532002-32a9-47b8-a068-f68ebed037cd,o cara tá ali destinado a arrumar ali os troféus,Campeonato,0.0
8b532002-32a9-47b8-a068-f68ebed037cd,o cara tá ali destinado a arrumar ali os troféus,Secom,0.0
db3fa0bb-880f-4501-90a0-33595a9c9087,muitos premios bons,Campeonato,0.7184
db3fa0bb-880f-4501-90a0-33595a9c9087,ar condicionado no talo,Casa,0.0
689ae6f3-7314-4e99-96bf-585b2a9cfb77,oii,Almoco,0.0
db3fa0bb-880f-4501-90a0-33595a9c9087,"quente no minicurso, frio no auditório",Frio,0.0
db3fa0bb-880f-4501-90a0-33595a9c9087,"quente no minicurso, frio no auditório",Minicurso,0.0
db3fa0bb-880f-4501-90a0-33595a9c9087,"quente no minicurso, frio no auditório",Auditorio,0.0
689ae6f3-7314-4e99-96bf-585b2a9cfb77,amo a emily,Amanda,0.6705
689ae6f3-7314-4e99-96bf-585b2a9cfb77,amo a emily,Secom,0.6705
8b532002-32a9-47b8-a068-f68ebed037cd,achei uma pena o auditório não estar cheio para as palestras de ontem :v,Palestra,-0.6124
8b532002-32a9-47b8-a068-f68ebed037cd,achei uma pena o auditório não estar cheio para as palestras de ontem :v,Auditorio,-0.6124
8b532002-32a9-47b8-a068-f68ebed037cd,achei uma pena o auditório não estar cheio para as palestras de ontem :v,Pena,-0.6124
db3fa0bb-880f-4501-90a0-33595a9c9087,quero um alicate de crimpar,Secom,0.0
b9ce085c-74f8-412e-8a55-1391f0867ebd,frio,Frio,0.0
b9ce085c-74f8-412e-8a55-1391f0867ebd,excelentes fotógrafos,Fotografo,0.0
b9ce085c-74f8-412e-8a55-1391f0867ebd,felipe está de parabéns pela organização,Organizacao,0.5994
b9ce085c-74f8-412e-8a55-1391f0867ebd,felipe está de parabéns pela organização,Secom,0.5994
db3fa0bb-880f-4501-90a0-33595a9c9087,palestra da dti tava muito boa,Palestra,0.4588
db3fa0bb-880f-4501-90a0-33595a9c9087,palestra da dti tava muito boa,Secom,0.4588
b9ce085c-74f8-412e-8a55-1391f0867ebd,-sports foi bem divertido de ver,Fifa,0.6124
db3fa0bb-880f-4501-90a0-33595a9c9087,muitos premios,Campeonato,0.4588
db3fa0bb-880f-4501-90a0-33595a9c9087,frio d++🥶🥶,Frio,0.0
db3fa0bb-880f-4501-90a0-33595a9c9087,frio d++🥶🥶,D++,0.0
db3fa0bb-880f-4501-90a0-33595a9c9087,philipe ta combinando com os balões,Philipe,0.0
db3fa0bb-880f-4501-90a0-33595a9c9087,philipe ta combinando com os balões,Baloes,0.0
db3fa0bb-880f-4501-90a0-33595a9c9087,qual o shampoo que o patrick usa,Patrick,0.0
db3fa0bb-880f-4501-90a0-33595a9c9087,qual o shampoo que o patrick usa,Shampoo,0.0
db3fa0bb-880f-4501-90a0-33595a9c9087,patrick compartilha sua rotina capilar conosco,Compartilha,0.296
db3fa0bb-880f-4501-90a0-33595a9c9087,patrick compartilha sua rotina capilar conosco,Processo,0.296
b9ce085c-74f8-412e-8a55-1391f0867ebd,campeonato de fifa foi divertidinho,Campeonato,0.4404
b9ce085c-74f8-412e-8a55-1391f0867ebd,campeonato de fifa foi divertidinho,Fifa,0.4404
689ae6f3-7314-4e99-96bf-585b2a9cfb77,germano,Germano,0.0
b9ce085c-74f8-412e-8a55-1391f0867ebd,"queria que o mortal kombat tivesse rolado, pena que a luz não colaborou",Luz,-0.5267
b9ce085c-74f8-412e-8a55-1391f0867ebd,"queria que o mortal kombat tivesse rolado, pena que a luz não colaborou",Pena,-0.5267
b9ce085c-74f8-412e-8a55-1391f0867ebd,"queria que o mortal kombat tivesse rolado, pena que a luz não colaborou",Secom,-0.5267
689ae6f3-7314-4e99-96bf-585b2a9cfb77,amo second,Secom,0.6705
689ae6f3-7314-4e99-96bf-585b2a9cfb77,brindes,Secom,0.4215
689ae6f3-7314-4e99-96bf-585b2a9cfb77,philipe legal,Philipe,0.128
d51c3bbb-185b-4a34-848a-607621bd7cc2,joao lobo,Lol,-0.2023
c83d77db-e69b-4b9a-af36-1e80aed4ea42,infelizmente não consegui participar dos minicursos,Minicurso,-0.6249
8b532002-32a9-47b8-a068-f68ebed037cd,o presidente da setapp não perdeu tempo lá na palestra né,Setapp,-0.296
8b532002-32a9-47b8-a068-f68ebed037cd,o presidente da setapp não perdeu tempo lá na palestra né,Tempo,-0.296
8b532002-32a9-47b8-a068-f68ebed037cd,o presidente da setapp não perdeu tempo lá na palestra né,Palestra,-0.296
8b532002-32a9-47b8-a068-f68ebed037cd,o presidente da setapp não perdeu tempo lá na palestra né,Presidente,-0.296
689ae6f3-7314-4e99-96bf-585b2a9cfb77,amo a thaís,Thais,0.6705
689ae6f3-7314-4e99-96bf-585b2a9cfb77,amo a thaís,Secom,0.6705
689ae6f3-7314-4e99-96bf-585b2a9cfb77,amo a glaucia,Glaucia,0.6705
689ae6f3-7314-4e99-96bf-585b2a9cfb77,amo a glaucia,Secom,0.6705
c83d77db-e69b-4b9a-af36-1e80aed4ea42,"poxa, trocaram o horário do coffee-break",Horario,0.0
c83d77db-e69b-4b9a-af36-1e80aed4ea42,"poxa, trocaram o horário do coffee-break",Coffee,0.0
c83d77db-e69b-4b9a-af36-1e80aed4ea42,"poxa, trocaram o horário do coffee-break",Secom,0.0
c83d77db-e69b-4b9a-af36-1e80aed4ea42,acabaram as coisas assim que cheguei,Secom,0.0
689ae6f3-7314-4e99-96bf-585b2a9cfb77,amo o daniel,Daniel,0.6705
689ae6f3-7314-4e99-96bf-585b2a9cfb77,amo o daniel,Secom,0.6705
023d3c99-a60f-4734-88e2-de4c9944c95a,muito bom o minicurso,Minicurso,0.4588
d51c3bbb-185b-4a34-848a-607621bd7cc2,aroldo,Aroldo,0.0
689ae6f3-7314-4e99-96bf-585b2a9cfb77,amo o fabri,Secom,0.6705
fa22c635-07b6-4718-9309-2665ad2d1a12,essa primeira palestra foi incrível,Palestra,0.6705
d51c3bbb-185b-4a34-848a-607621bd7cc2,cade a tesoura aroldo,Cade,0.0
d51c3bbb-185b-4a34-848a-607621bd7cc2,cade a tesoura aroldo,Secom,0.0
689ae6f3-7314-4e99-96bf-585b2a9cfb77,amo a maria amélia,Maria,0.6705
689ae6f3-7314-4e99-96bf-585b2a9cfb77,amo a maria amélia,Secom,0.6705
c83d77db-e69b-4b9a-af36-1e80aed4ea42,hoje tem okt de novo,Novo,0.0
c83d77db-e69b-4b9a-af36-1e80aed4ea42,hoje tem okt de novo,Secom,0.0
689ae6f3-7314-4e99-96bf-585b2a9cfb77,amo a estela,Secom,0.6705
c83d77db-e69b-4b9a-af36-1e80aed4ea42,bora meu time okt,Tempo,0.0
d51c3bbb-185b-4a34-848a-607621bd7cc2,cade a tesoura aroldo,Cade,0.0
d51c3bbb-185b-4a34-848a-607621bd7cc2,cade a tesoura aroldo,Secom,0.0
c83d77db-e69b-4b9a-af36-1e80aed4ea42,lol já é da okt,Lol,0.4588
c83d77db-e69b-4b9a-af36-1e80aed4ea42,lol já é da okt,Secom,0.4588
fc6149e6-413e-458a-b1ed-ddd85a34c5a1,estou ansioso pela final de lol,Final,0.6705
fc6149e6-413e-458a-b1ed-ddd85a34c5a1,estou ansioso pela final de lol,Lol,0.6705
8b532002-32a9-47b8-a068-f68ebed037cd,o philipe mandou muito bem nesse evento,Philipe,0.2732
fc6149e6-413e-458a-b1ed-ddd85a34c5a1,obrigado a todos que assinaram meu crachá,Cracha,0.4404
fc6149e6-413e-458a-b1ed-ddd85a34c5a1,espero que tenhamos ano que vem pra eu os ver de novo kekekk,Secom,0.0
8b532002-32a9-47b8-a068-f68ebed037cd,"o professor organizador só se complicou um pouco marcando game jam, maratona",Jogos,0.0
8b532002-32a9-47b8-a068-f68ebed037cd,"o professor organizador só se complicou um pouco marcando game jam, maratona",Maratona,0.0
8b532002-32a9-47b8-a068-f68ebed037cd,"o professor organizador só se complicou um pouco marcando game jam, maratona",Professor,0.0
8b532002-32a9-47b8-a068-f68ebed037cd,as palestras dos patrocinadores ao mesmo tempo,Tempo,0.0
8b532002-32a9-47b8-a068-f68ebed037cd,as palestras dos patrocinadores ao mesmo tempo,Palestra,0.0
8b532002-32a9-47b8-a068-f68ebed037cd,as palestras dos patrocinadores ao mesmo tempo,Patrocinadores,0.0
cd9a5b5a-0583-4590-a133-863647e24ed2,amei os torneiros,Secom,0.6705
cd9a5b5a-0583-4590-a133-863647e24ed2,-sport,Fifa,0.0
cd9a5b5a-0583-4590-a133-863647e24ed2,mc agenda já é campeão,Agenda,0.25
fc6149e6-413e-458a-b1ed-ddd85a34c5a1,a palestra da sydle online foi muito em cima do almoço,Almoco,0.0
fc6149e6-413e-458a-b1ed-ddd85a34c5a1,a palestra da sydle online foi muito em cima do almoço,Palestra,0.0
fc6149e6-413e-458a-b1ed-ddd85a34c5a1,a palestra da sydle online foi muito em cima do almoço,Internet,0.0
fc6149e6-413e-458a-b1ed-ddd85a34c5a1,a palestra da sydle online foi muito em cima do almoço,Sydle,0.0
cd9a5b5a-0583-4590-a133-863647e24ed2,semana que vem vou sentir falta dessa coquinha,Coffe,-0.3612
cd9a5b5a-0583-4590-a133-863647e24ed2,semana que vem vou sentir falta dessa coquinha,Falta,-0.3612
cd9a5b5a-0583-4590-a133-863647e24ed2,semana que vem vou sentir falta dessa coquinha,Semana,-0.3612
fc6149e6-413e-458a-b1ed-ddd85a34c5a1,a daa levity foi otima do começo ao fim,Final,0.6705
fc6149e6-413e-458a-b1ed-ddd85a34c5a1,a daa levity foi otima do começo ao fim,Secom,0.6705
fc6149e6-413e-458a-b1ed-ddd85a34c5a1,a daa levity foi otima do começo ao fim,Levity,0.6705
fc6149e6-413e-458a-b1ed-ddd85a34c5a1,a daa levity foi otima do começo ao fim,Daa,0.6705
8b532002-32a9-47b8-a068-f68ebed037cd,a introdução de um torneio de,Torneio,0.0
8b532002-32a9-47b8-a068-f68ebed037cd,a introdução de um torneio de,Apresentacao,0.0
8b532002-32a9-47b8-a068-f68ebed037cd,-esports foi muito foda,Lol,0.6705
8b532002-32a9-47b8-a068-f68ebed037cd,-esports foi muito foda,Fifa,0.6705
cd9a5b5a-0583-4590-a133-863647e24ed2,amo demais a thaís,Thais,0.6705
cd9a5b5a-0583-4590-a133-863647e24ed2,"a glaucia, divas lindas",Dupla,0.5423
cd9a5b5a-0583-4590-a133-863647e24ed2,"a glaucia, divas lindas",Glaucia,0.5423
fc6149e6-413e-458a-b1ed-ddd85a34c5a1,seria legal se tivesse uma palestra sobre porg comp tmb da levity,Porg,0.128
fc6149e6-413e-458a-b1ed-ddd85a34c5a1,seria legal se tivesse uma palestra sobre porg comp tmb da levity,Palestra,0.128
fc6149e6-413e-458a-b1ed-ddd85a34c5a1,gostaria que nas palestras tivesse algo mais próximo de explos praticos,Explos,0.0
fc6149e6-413e-458a-b1ed-ddd85a34c5a1,gostaria que nas palestras tivesse algo mais próximo de explos praticos,Palestra,0.0
8b532002-32a9-47b8-a068-f68ebed037cd,"muito top, vey",Vey,0.6124
fa24bb59-6052-4876-861f-d817a99fd16e,amo meu namorado (guto),Labs,0.6705
fa24bb59-6052-4876-861f-d817a99fd16e,amo meu namorado (guto),Copilot,0.6705
fa24bb59-6052-4876-861f-d817a99fd16e,amo meu namorado (guto),Secom,0.6705
023d3c99-a60f-4734-88e2-de4c9944c95a,interessante ter tido coffee break a tarde,Tempo,0.4019
023d3c99-a60f-4734-88e2-de4c9944c95a,interessante ter tido coffee break a tarde,Break,0.4019
780e911b-3537-4deb-8eae-0ce33981b3d2,amo minha namorada (ana luísa moreira),Moreira,0.6705
780e911b-3537-4deb-8eae-0ce33981b3d2,amo minha namorada (ana luísa moreira),Secom,0.6705
8b532002-32a9-47b8-a068-f68ebed037cd,já ansioso pra próxima secom,Secom,0.3612
023d3c99-a60f-4734-88e2-de4c9944c95a,podia ter café no coffee break,Coffee,0.0
023d3c99-a60f-4734-88e2-de4c9944c95a,podia ter café no coffee break,Break,0.0
7833a43c-88df-41ce-9608-368ecac536a1,esses prêmios aí em cima tão massa pra caramba,Campeonato,0.6115
7833a43c-88df-41ce-9608-368ecac536a1,esses prêmios aí em cima tão massa pra caramba,Secom,0.6115
9a75dc4c-7a4e-49c6-b73b-62eafd9c8b73,minicurso do blender foi mt dahoraaaaa,Minicurso,0.0
9a75dc4c-7a4e-49c6-b73b-62eafd9c8b73,minicurso do blender foi mt dahoraaaaa,Blender,0.0
9a75dc4c-7a4e-49c6-b73b-62eafd9c8b73,ansioso pro encerramento,Final,0.25
9a75dc4c-7a4e-49c6-b73b-62eafd9c8b73,vamos ver se esse ano eu ganho um sorteio,Secom,0.7184
9a75dc4c-7a4e-49c6-b73b-62eafd9c8b73,essa final de league of legends promete,Final,0.2732
9a75dc4c-7a4e-49c6-b73b-62eafd9c8b73,essa final de league of legends promete,League,0.2732
9a75dc4c-7a4e-49c6-b73b-62eafd9c8b73,essa final de league of legends promete,Legends,0.2732
9a75dc4c-7a4e-49c6-b73b-62eafd9c8b73,xiii secom,Xiii,0.0
9a75dc4c-7a4e-49c6-b73b-62eafd9c8b73,daniel abençoa nois,Daniel,0.5574
9a75dc4c-7a4e-49c6-b73b-62eafd9c8b73,daniel abençoa nois,Abelha,0.5574
023d3c99-a60f-4734-88e2-de4c9944c95a,ano que vem não pode ter apito não,Almoco,-0.5267
023d3c99-a60f-4734-88e2-de4c9944c95a,maior algazarra esses apitos,Secom,0.6369
023d3c99-a60f-4734-88e2-de4c9944c95a,só o alarme já ta de bom tamanho na sipeec,Tamanho,0.1531
023d3c99-a60f-4734-88e2-de4c9944c95a,só o alarme já ta de bom tamanho na sipeec,Alarme,0.1531
023d3c99-a60f-4734-88e2-de4c9944c95a,só o alarme já ta de bom tamanho na sipeec,Secom,0.1531
fa22c635-07b6-4718-9309-2665ad2d1a12,minascoders é o melhor projeto sim,Projetos,0.6249
fa22c635-07b6-4718-9309-2665ad2d1a12,minascoders é o melhor projeto sim,Minascoders,0.6249
fa22c635-07b6-4718-9309-2665ad2d1a12,philipe arrasou na organização,Organizacao,0.6124
fa22c635-07b6-4718-9309-2665ad2d1a12,philipe arrasou na organização,Philipe,0.6124
fa22c635-07b6-4718-9309-2665ad2d1a12,vou sentir saudades da secom,Secom,0.25
fa22c635-07b6-4718-9309-2665ad2d1a12,cheia de novidades essa secom,Secom,0.0
fa22c635-07b6-4718-9309-2665ad2d1a12,que problemas legais esses da maratona,Problema,-0.4588
fa22c635-07b6-4718-9309-2665ad2d1a12,que problemas legais esses da maratona,Maratona,-0.4588
fa22c635-07b6-4718-9309-2665ad2d1a12,melhor evento da ufv,Ufv,0.4404
fa22c635-07b6-4718-9309-2665ad2d1a12,a secom já vai acabar,Secom,0.0
fa22c635-07b6-4718-9309-2665ad2d1a12,amei as palestras desse ano,Palestra,0.6705
fa22c635-07b6-4718-9309-2665ad2d1a12,o sipeec foi bom dms,Dms,0.4588
fa22c635-07b6-4718-9309-2665ad2d1a12,o sipeec foi bom dms,Secom,0.4588
fa22c635-07b6-4718-9309-2665ad2d1a12,que tanto de brindes,Secom,0.4215
fa22c635-07b6-4718-9309-2665ad2d1a12,esses apitos kkkk,Secom,0.0
fa22c635-07b6-4718-9309-2665ad2d1a12,o vídeo ficou muito fofo <3,Video,0.4404
fa22c635-07b6-4718-9309-2665ad2d1a12,que gracinha os troféus,Campeonato,0.6124
fa22c635-07b6-4718-9309-2665ad2d1a12,quero uma pelúcia do github,Pelucia,0.0
fa22c635-07b6-4718-9309-2665ad2d1a12,quero uma pelúcia do github,Github,0.0
fa22c635-07b6-4718-9309-2665ad2d1a12,quero brindes,Secom,0.4215
fc6149e6-413e-458a-b1ed-ddd85a34c5a1,trago um cara pra prog competitiva ano q vem,Torneio,0.0
fc6149e6-413e-458a-b1ed-ddd85a34c5a1,trago um cara pra prog competitiva ano q vem,Secom,0.0
fc6149e6-413e-458a-b1ed-ddd85a34c5a1,viemos pra jogar lol,Lol,0.4588
fc6149e6-413e-458a-b1ed-ddd85a34c5a1,"vocês são muito bons, que animação",Animacao,0.4588
fc6149e6-413e-458a-b1ed-ddd85a34c5a1,abraços ao batata do time de vava,Almoco,0.4939
fc6149e6-413e-458a-b1ed-ddd85a34c5a1,abraços ao batata do time de vava,Tempo,0.4939
fc6149e6-413e-458a-b1ed-ddd85a34c5a1,abraços ao batata do time de vava,Batata,0.4939
fc6149e6-413e-458a-b1ed-ddd85a34c5a1,muito legal a premiação,Secom,0.128
fc6149e6-413e-458a-b1ed-ddd85a34c5a1,agradecimento ao philip,Philipe,0.4767
fc6149e6-413e-458a-b1ed-ddd85a34c5a1,agradecimento ao philip,Labs,0.4767
fc6149e6-413e-458a-b1ed-ddd85a34c5a1,matto,Matto,0.0
fc6149e6-413e-458a-b1ed-ddd85a34c5a1,abraços,Almoco,0.4939
e539ea11-2f5f-48c0-8cd6-f269dd6ed844,narração muito imparcial graças a deus,Deus,0.5574
e539ea11-2f5f-48c0-8cd6-f269dd6ed844,narração muito imparcial graças a deus,Narracao,0.5574
e2b6d403-470e-4752-8767-48575bb10c67,quando a okt começa a jogar,Secom,0.0
86cc2ad1-6ef4-4b63-8d8f-c512cc96589d,quando o outro time entra no jogo,Tempo,0.0
86cc2ad1-6ef4-4b63-8d8f-c512cc96589d,quando o outro time entra no jogo,Jogos,0.0
5c812191-4a89-40c2-ad20-11d17bed69a1,quando que a okt entra no jogo,Jogos,0.0
5c812191-4a89-40c2-ad20-11d17bed69a1,quando que a okt entra no jogo,Secom,0.0
e2b6d403-470e-4752-8767-48575bb10c67,"esperando começar o jogo, só um time tá jogando",Tempo,0.2023
e2b6d403-470e-4752-8767-48575bb10c67,"esperando começar o jogo, só um time tá jogando",Jogos,0.2023
5c812191-4a89-40c2-ad20-11d17bed69a1,quando que a okt entra pra jogo,Jogos,0.0
5c812191-4a89-40c2-ad20-11d17bed69a1,quando que a okt entra pra jogo,Secom,0.0
86cc2ad1-6ef4-4b63-8d8f-c512cc96589d,mc agenda quer saber quando acaba o tutorial,Ferramentas,0.0772
86cc2ad1-6ef4-4b63-8d8f-c512cc96589d,mc agenda quer saber quando acaba o tutorial,Agenda,0.0772
e539ea11-2f5f-48c0-8cd6-f269dd6ed844,jonathan calado é um poeta,Poeta,0.0
e539ea11-2f5f-48c0-8cd6-f269dd6ed844,jonathan calado é um poeta,Jonathan,0.0
e539ea11-2f5f-48c0-8cd6-f269dd6ed844,narração imparcial graças a deus,Deus,0.5574
e539ea11-2f5f-48c0-8cd6-f269dd6ed844,narração imparcial graças a deus,Narracao,0.5574
e2b6d403-470e-4752-8767-48575bb10c67,quando acaba o treino,Treinamento,0.0
219bdf7f-fa3a-4d8f-9e33-b83980cc7afb,salve pro time da marotona spam caixota,Tempo,-0.3612
219bdf7f-fa3a-4d8f-9e33-b83980cc7afb,salve pro time da marotona spam caixota,Secom,-0.3612
219bdf7f-fa3a-4d8f-9e33-b83980cc7afb,salve pro time da marotona spam caixota,Marotona,-0.3612
5c812191-4a89-40c2-ad20-11d17bed69a1,manda salve para centro de florestal,Secom,-0.1531
1b9ccae9-78fb-402b-9460-40ccad1af251,(jogar contra bots),Bots,0.0
ae0cbeae-1ff0-406f-a78a-a80a71120100,não ligaram o monitor,Monitor,-0.296
219bdf7f-fa3a-4d8f-9e33-b83980cc7afb,salve pro time aseta,Tempo,0.0
219bdf7f-fa3a-4d8f-9e33-b83980cc7afb,roda uma caixinha no lol,Lol,0.4588
219bdf7f-fa3a-4d8f-9e33-b83980cc7afb,roda uma caixinha no lol,Secom,0.4588
4a38eef3-4375-45b4-b386-649cb518c20b,faz o salve do vasco,Secom,0.0
8aed64cf-df9c-4421-bff3-6c07fee239b1,qual o condicionador do douglas,Condicionador,0.0
8aed64cf-df9c-4421-bff3-6c07fee239b1,qual o condicionador do douglas,Secom,0.0
78a0dc2a-07a3-41bb-a1a4-3731b2e51917,"salve pro bragantino, paranaense",Secom,0.0
78a0dc2a-07a3-41bb-a1a4-3731b2e51917,"salve pro bragantino, paranaense",Pro,0.0
219bdf7f-fa3a-4d8f-9e33-b83980cc7afb,caixinhaa,Xiii,0.0
513987ee-1026-4bd4-93aa-9d89d6d5bad4,cadê o time da okt,Tempo,0.0
513987ee-1026-4bd4-93aa-9d89d6d5bad4,cadê o time da okt,Secom,0.0
513987ee-1026-4bd4-93aa-9d89d6d5bad4,engarrafamento na br,Secom,0.0
4a38eef3-4375-45b4-b386-649cb518c20b,manda salve pro meu tio arabe jalam bipal,Tio,0.0
4a38eef3-4375-45b4-b386-649cb518c20b,manda salve pro meu tio arabe jalam bipal,Secom,0.0
08101ce6-e4af-4e12-81d5-87afcafc4b3b,o jogo é jogado,Jogos,0.0
08101ce6-e4af-4e12-81d5-87afcafc4b3b,dulo rebenta,Secom,0.0
e2b6d403-470e-4752-8767-48575bb10c67,"se a rapaziada da agenda se candidatar pro correios eles passam crtz, só entrega rápida",Cracha,0.0
e2b6d403-470e-4752-8767-48575bb10c67,"se a rapaziada da agenda se candidatar pro correios eles passam crtz, só entrega rápida",Secom,0.0
e2b6d403-470e-4752-8767-48575bb10c67,"se a rapaziada da agenda se candidatar pro correios eles passam crtz, só entrega rápida",Copilot,0.0
e2b6d403-470e-4752-8767-48575bb10c67,"se a rapaziada da agenda se candidatar pro correios eles passam crtz, só entrega rápida",Agenda,0.0
ae0cbeae-1ff0-406f-a78a-a80a71120100,mais tenso que final de libertadores,Final,-0.3818
ae0cbeae-1ff0-406f-a78a-a80a71120100,mais tenso que final de libertadores,Libertadores,-0.3818
ae0cbeae-1ff0-406f-a78a-a80a71120100,slave pra pará de minas,Minascoders,-0.1531
ae0cbeae-1ff0-406f-a78a-a80a71120100,esse é o tal jogo que é melhor que dota 2 de usuário para ter uma ideia de como fazer um orçamento para limpar o nome da empresa para que eu possa fazer um novo anúncio,Usuario,-0.4215
ae0cbeae-1ff0-406f-a78a-a80a71120100,esse é o tal jogo que é melhor que dota 2 de usuário para ter uma ideia de como fazer um orçamento para limpar o nome da empresa para que eu possa fazer um novo anúncio,Empresa,-0.4215
ae0cbeae-1ff0-406f-a78a-a80a71120100,esse é o tal jogo que é melhor que dota 2 de usuário para ter uma ideia de como fazer um orçamento para limpar o nome da empresa para que eu possa fazer um novo anúncio,Secom,-0.4215
ae0cbeae-1ff0-406f-a78a-a80a71120100,esse é o tal jogo que é melhor que dota 2 de usuário para ter uma ideia de como fazer um orçamento para limpar o nome da empresa para que eu possa fazer um novo anúncio,Nome,-0.4215
ae0cbeae-1ff0-406f-a78a-a80a71120100,esse é o tal jogo que é melhor que dota 2 de usuário para ter uma ideia de como fazer um orçamento para limpar o nome da empresa para que eu possa fazer um novo anúncio,Orcamento,-0.4215
ae0cbeae-1ff0-406f-a78a-a80a71120100,esse é o tal jogo que é melhor que dota 2 de usuário para ter uma ideia de como fazer um orçamento para limpar o nome da empresa para que eu possa fazer um novo anúncio,Jogos,-0.4215
ae0cbeae-1ff0-406f-a78a-a80a71120100,esse é o tal jogo que é melhor que dota 2 de usuário para ter uma ideia de como fazer um orçamento para limpar o nome da empresa para que eu possa fazer um novo anúncio,Projetos,-0.4215
219bdf7f-fa3a-4d8f-9e33-b83980cc7afb,manda um salve pra bahia,Merenda,0.0
