participante,comentário
b9999e0a-60b7-4323-a00b-2c9319ddf8e6,#ansiosa
489050ba-f6ce-4f05-a8ce-d6bdee47371a,ansiosa para o início do evento
0075ff65-ea4f-498d-992f-ada2464aa615,ansiosa para o início do wit
0075ff65-ea4f-498d-992f-ada2464aa615,maceió é massa
df0c5066-4918-4384-bf21-9ba7343bf772,começa logo
df0c5066-4918-4384-bf21-9ba7343bf772,kkkkkkk
0b4761ba-7672-4bde-89c3-74f013f2b163,ansiosa desde já
a6584b5b-822e-4c85-be5b-e91db87dc16e,já  me preparando para amanhã
1e411a8b-4d32-4425-945d-09887c5071b8,muito feliz
1e411a8b-4d32-4425-945d-09887c5071b8,mais uma edição do wit preparada com muito carinho
1e411a8b-4d32-4425-945d-09887c5071b8,missões disponibilizadas
1e411a8b-4d32-4425-945d-09887c5071b8,partiu gamificação
0075ff65-ea4f-498d-992f-ada2464aa615,é  hoje
59ab6fbb-3356-44e7-a74e-e5bdbc89fab7,wit 2025 está para começar
59ab6fbb-3356-44e7-a74e-e5bdbc89fab7,storygirl presente no wit2025
f3eed192-b8ab-4094-942f-54e234fbb70b,ansiosaaa para o wit 💜💜
f3eed192-b8ab-4094-942f-54e234fbb70b,coletivo lovelace presente no wit 🫶🏻
bf25caf2-133a-4e49-af4f-273e12e2009e,já chegaremos no evento ❤️
bf25caf2-133a-4e49-af4f-273e12e2009e,ansiosa já 🧡
0b4761ba-7672-4bde-89c3-74f013f2b163,primeiro dia
0b4761ba-7672-4bde-89c3-74f013f2b163,vamos que vamos meninas
0b4761ba-7672-4bde-89c3-74f013f2b163,ansiosa para começar
9d149e84-581a-4008-996e-d3680d5bcd88,o aplicativo está ótimo
9d149e84-581a-4008-996e-d3680d5bcd88,"fiquei com dificuldade de colocar itens na agenda pra missão, pois já tinha colocado antes"
9d149e84-581a-4008-996e-d3680d5bcd88,ao tirar
9d149e84-581a-4008-996e-d3680d5bcd88,"marcar de novo, não deu certo"
a24b5393-ee39-4272-8f84-7f95fa794341,ansiosa pelas novidades do wit
8ac171ff-ae8c-4709-899e-93e23ba84729,amando aqui
599e5dc6-fa67-4845-a44e-539c244937fc,as meninas da gamificação são incríveis
8ac171ff-ae8c-4709-899e-93e23ba84729,só felicidades
06f1249e-61d1-4916-a745-f29b8095822b,"organização, animação"
06f1249e-61d1-4916-a745-f29b8095822b,"energia das meninas, tudo impecável"
06f1249e-61d1-4916-a745-f29b8095822b,maravilhoso ❤️❤️ tou amando fazer parte disso
06f1249e-61d1-4916-a745-f29b8095822b,animada pra aproveitar cada coisinha desse evento maravilhoso
b0bd5290-3dd4-4593-99b9-c1055814408b,super animada para aproveitar cada momento desse evento❤️
ed496342-5088-4e03-9bf6-270dbfd06758,abertura do wit tá com clima descontraído
ed496342-5088-4e03-9bf6-270dbfd06758,muito bonita decoração do palco <3
b8b92070-a5ba-4bca-ab6c-1976294cf8da,que felicidade estar junto a tantas mulheres potentes
b8b92070-a5ba-4bca-ab6c-1976294cf8da,arretadas
7ff8200d-cf7f-46b9-82e4-f6cf85fded45,está tudo lindo 💖
98407e6b-7f8d-4182-abe5-b3d92e3d6f11,excelente
98407e6b-7f8d-4182-abe5-b3d92e3d6f11,👏🏻👏🏻👏🏻
268e12fc-6012-41e0-9301-483b58059c69,"tá tudo muito lindo, vai ser incrível"
17a6d940-56ba-4d72-8c6b-3f765a91e6ac,"a palestra do wit está sensacional, que seja uma experiência proveitosa para conhecer mulheres em todo o brasil"
268e12fc-6012-41e0-9301-483b58059c69,podemos chegar a todos os lugares
268e12fc-6012-41e0-9301-483b58059c69,incrível
94e79e36-97e0-4aa4-b033-298dd22658d1,o wit 2025 já é sucesso
94e79e36-97e0-4aa4-b033-298dd22658d1,parabéns à organização do wit por cuidarem com tanto carinho do evento
01bdf958-26a8-4cbb-9001-f8323dd02301,que mulheres maravilhosas
5bb974d7-0d42-4ba7-b115-6f2821843ecc,que alegria poder participar do wit 2025
5bb974d7-0d42-4ba7-b115-6f2821843ecc,ansiosa por esses três dias
17a6d940-56ba-4d72-8c6b-3f765a91e6ac,espero sair desse evento bem representada por ser mulher na área de tecnologia
17a6d940-56ba-4d72-8c6b-3f765a91e6ac,que tenha mais visibilidade em relação aos debates
9a0b6f46-36e7-4cce-81e7-87d8c0dec201,a palestra do wit no congresso foi extremamente inspiradora
9a0b6f46-36e7-4cce-81e7-87d8c0dec201,ver mulheres compartilhando seus desafios na tecnologia reforça a importância de promover mais equidade
9a0b6f46-36e7-4cce-81e7-87d8c0dec201,representatividade na área
9a0b6f46-36e7-4cce-81e7-87d8c0dec201,que energia maravilhosa na palestra do wit
9a0b6f46-36e7-4cce-81e7-87d8c0dec201,sair desse espaço me fez lembrar por que escolhi estar na tecnologia
adec314d-1120-4e55-985a-8bdbbf48be55,"gurias na computação, presente"
1b58aa1e-e0c5-485a-8317-7bbe5c074e42,participar do wit é uma experiência enriquecedora
1b58aa1e-e0c5-485a-8317-7bbe5c074e42,inspiradora
1b58aa1e-e0c5-485a-8317-7bbe5c074e42,"estar ao lado de tantas mulheres incríveis, conhecendo suas trajetórias, desafios"
1b58aa1e-e0c5-485a-8317-7bbe5c074e42,conquistas na área da tecnologia
1bfbf56f-28e4-4dee-874f-83823030bda3,"segunda edição que participo do wit,"
1bfbf56f-28e4-4dee-874f-83823030bda3,"como na edição passada, o evento está lindo"
1bfbf56f-28e4-4dee-874f-83823030bda3,as mulheres que fazem isso acontecer são uma grande inspiração para mim
6e490da9-d604-49fa-b782-7cc09c1615d3,esse evento é extremamente importante para que mulheres de tecnologias se vejam representadas
6e490da9-d604-49fa-b782-7cc09c1615d3,espero em breve fazer parte do grupo de projetos associados às meninas digitais
6e490da9-d604-49fa-b782-7cc09c1615d3,muito significado estar num evento que valoriza mulheres na tecnologia
2c016692-1092-46cc-876c-ed6be5556315,evento inspirador
ae163e36-169f-44a1-8c73-558123924278,incrível ouvir de uma mulher na área de cibersegurança
ae163e36-169f-44a1-8c73-558123924278,inspiração
ae163e36-169f-44a1-8c73-558123924278,boa ideia de gamificação
ae163e36-169f-44a1-8c73-558123924278,dinâmica atraente
1adbc12f-bf03-4c55-8960-539251e80c9e,amando
934ac1e9-8a9e-4865-977f-b22e4bbce84e,uhuuul ansiosa por toda a programação
01bdf958-26a8-4cbb-9001-f8323dd02301,já quero brindeess
0075ff65-ea4f-498d-992f-ada2464aa615,muito show a abertura
c2b6bd29-c4b7-4ad9-ab56-0ec11fd42341,muita emoção neste inicio do wit
c90f49e7-30eb-4954-bad6-ff13e4342a57,ansiosa para todos esses dias
ed496342-5088-4e03-9bf6-270dbfd06758,abertura está cheia de momentos especiais 🤩
97bb898c-af32-4429-b56c-5914309a8775,muito feliz de conhecer mulheres tão incríveis
c90f49e7-30eb-4954-bad6-ff13e4342a57,amando tudo
beb83d0c-252a-427a-ad04-c09c36dde4bd,minha primeira vez
beb83d0c-252a-427a-ad04-c09c36dde4bd,já estou amando
ae4d3fbb-069f-4906-895d-6ff10de1bdb9,"ótima palestra de abertura, tudo muito bem explicado"
ae4d3fbb-069f-4906-895d-6ff10de1bdb9,a equipe é super divertida
ae4d3fbb-069f-4906-895d-6ff10de1bdb9,intrigante
412301d3-9406-4057-b8ca-f6c63f066ec3,evento extremamente necessário
412301d3-9406-4057-b8ca-f6c63f066ec3,adorei com certeza venho nas próximas edições
0708d7a9-ed61-4c3c-9a29-dd8d999363e3,adorando o wit <3
ec75f459-7b9d-4c5e-a6c6-7e8f15491c4b,estou adorando
ec75f459-7b9d-4c5e-a6c6-7e8f15491c4b,"palestras muito interessantes, parabens"
b276ced5-ff2f-4c66-821d-f7751ca3e6d8,amando a vibe boa do wit
6a932bef-bc47-4979-8361-01f0ca51d5bd,muito legal ver o wit lotado como sempre
c8ddbe59-a031-4194-add3-db3071ddcbef,amando a abertura do wit
c8ddbe59-a031-4194-add3-db3071ddcbef,meninas na computação
537d3fe2-2cd9-4d63-a1cf-6c6d288411ff,meu primeiro wit
537d3fe2-2cd9-4d63-a1cf-6c6d288411ff,estou amando
1b58aa1e-e0c5-485a-8317-7bbe5c074e42,"estar no wit foi mais do que participar de um evento — foi se reconhecer em histórias, se inspirar em trajetórias"
1b58aa1e-e0c5-485a-8317-7bbe5c074e42,renovar o compromisso com a transformação que queremos ver na tecnologia
d7cc7b23-8be1-497b-ae4a-23b538971629,evento maravilhoso
412301d3-9406-4057-b8ca-f6c63f066ec3,amei a ideia de sorteios
412301d3-9406-4057-b8ca-f6c63f066ec3,brindes
de8d707d-b7b7-43bd-9191-a060a88bb761,"que evento incrível, animada para as próximas atividades 🤩"
d7cc7b23-8be1-497b-ae4a-23b538971629,parabéns meninas
93780366-368f-4230-aa79-3ac4dca0bec6,meu 1° wit 🥰
d9d06ba9-ddc7-49e3-8ff8-cfc02ea63d0f,minha primeira vez participando do wit
d9d06ba9-ddc7-49e3-8ff8-cfc02ea63d0f,tô animada demaaais pra conhecer os projetos
d9d06ba9-ddc7-49e3-8ff8-cfc02ea63d0f,ver os artigos
69ff38b0-ff54-47d7-bee7-cccd757b6ed4,muito top
69ff38b0-ff54-47d7-bee7-cccd757b6ed4,ótimo evento
16d2d16a-6864-4d0c-afe3-d87991308ec5,"eu acho que pelo menos no último ano, além de ouvir comentários, o número de meninas na área da computação tem diminuido, ou seja, é muito bom a presença do wit para continuar ajudando as mulheres"
4270590b-ac53-434d-88eb-f948b87a7247,muito massa a inclusão que o wit
4270590b-ac53-434d-88eb-f948b87a7247,"o meninas digitais proporciona, por mais movimentos assim"
537d3fe2-2cd9-4d63-a1cf-6c6d288411ff,quero ser revisora do próximo wit
537d3fe2-2cd9-4d63-a1cf-6c6d288411ff,espero vcs no wit 2027 que será em manaus
537d3fe2-2cd9-4d63-a1cf-6c6d288411ff,fabiola somos as coordenadoras do csbc
16d2d16a-6864-4d0c-afe3-d87991308ec5,acho essa palestra super necessária
cd5e94b1-51c2-4147-a20b-9e1345a0adad,eu ameiii a abertura foi muito legal
cd5e94b1-51c2-4147-a20b-9e1345a0adad,eu amo estar nesses ambientes
cd5e94b1-51c2-4147-a20b-9e1345a0adad,me dá mais incentivo
cd5e94b1-51c2-4147-a20b-9e1345a0adad,entusiasmo em continuar na área
4270590b-ac53-434d-88eb-f948b87a7247,"muito bom ver tantas garotas entrando nesse mercado, que esse número continue crescendo"
d230aaa6-976f-49bd-bb8a-21d45dec64ab,parabéns sobre a iniciativa
cd5e94b1-51c2-4147-a20b-9e1345a0adad,"a pesquisa sobre cyber segurança eu amooo 
é a área que pretendo seguir com toda certeza"
d230aaa6-976f-49bd-bb8a-21d45dec64ab,gostei da escolha da michelle para a palestra de abertura
1bfbf56f-28e4-4dee-874f-83823030bda3,"amei a ideia do app da gamificação, é legal visualizar as missões que precisamos completar"
6c3e12ff-eaca-45fd-ab7c-b291f088c86e,quantas mulheres incríveis em um só lugar
6c3e12ff-eaca-45fd-ab7c-b291f088c86e,muito animada com a gamificação
d32d63c1-02f8-4d06-9fdb-6dfed1c37967,acho legal a ideia de mostrar por quem está por trás do evento
d32d63c1-02f8-4d06-9fdb-6dfed1c37967,é muito bom ver como várias mulheres se esforçaram para fazer esse evento acontecer com a melhor qualidade
908bb7b4-88ca-4d4c-83d1-513a4e11c569,estou participando pela primeira vez do wit
908bb7b4-88ca-4d4c-83d1-513a4e11c569,estou amandooo
908bb7b4-88ca-4d4c-83d1-513a4e11c569,que experiência incrível
5ca22f49-b601-4a36-81af-dba71e05cf97,mulheres maravilhosas
c5f537b2-2d25-4784-88c0-7d434cd447d9,o mermãs digitais já chegou por aqui
c5f537b2-2d25-4784-88c0-7d434cd447d9,estamos amandoooo 💜
908bb7b4-88ca-4d4c-83d1-513a4e11c569,csbc arrasou nos brindes
fa22c635-07b6-4718-9309-2665ad2d1a12,minascoders no wit
c5f537b2-2d25-4784-88c0-7d434cd447d9,o @mermasdigitais quer conhecer cada um de vocês
c5f537b2-2d25-4784-88c0-7d434cd447d9,"então já corre lá no instagram da um oi pra gente, mermã"
7afaf882-baa2-47f7-aa69-a15f8ad3452a,"minha primeira vez no csbc, estou super animada com a programação do wit"
4a257948-6c61-4d69-b2bf-45561ca9dc96,"parabéns a todas as mulheres que fizeram a evento acontecer, vocês são fundamental na representatividade"
4a257948-6c61-4d69-b2bf-45561ca9dc96,no senso de pertencimento da área da computação
d9d06ba9-ddc7-49e3-8ff8-cfc02ea63d0f,muito feliz em ver o meninas
d9d06ba9-ddc7-49e3-8ff8-cfc02ea63d0f,comp em peso aqui
ad354d54-21eb-4c8d-a1a9-d68dbfca98d4,top
ad354d54-21eb-4c8d-a1a9-d68dbfca98d4,legal
4a257948-6c61-4d69-b2bf-45561ca9dc96,"fico muito feliz de estar presente aqui, gostei bastante da organização de vocês, o aplicativo foi fundamental para isso"
df0c5066-4918-4384-bf21-9ba7343bf772,que maravilhoso
a5c89d02-dd46-4fb9-880f-0b2d4cb3fa2c,super interessante o tema da palestra
a5c89d02-dd46-4fb9-880f-0b2d4cb3fa2c,o protagonismo das mulheres em ti
7ccb708c-e1cd-4901-8baf-d7ab9d4f653c,muito legal
e9b594f7-6309-4190-9032-4dde803e2d6a,muito bom conhecer a história de outras mulheres na área👏👏👏
a5c89d02-dd46-4fb9-880f-0b2d4cb3fa2c,show
262af184-23c3-4cb4-8231-04a142217d69,muito inspirador
262af184-23c3-4cb4-8231-04a142217d69,mostra que nós mulheres podemos encontrar nosso lugar na tecnologia
7ccb708c-e1cd-4901-8baf-d7ab9d4f653c,parabéns meninas digitais
4c4af487-81e9-4e3a-8efc-b2d0f1b0b394,as palestras estão incríveis
4c4af487-81e9-4e3a-8efc-b2d0f1b0b394,muito inspiradoras ❤️
f37ffdc2-3f64-4b56-a935-4ddecee92321,muito bom poder participar do evento
6a932bef-bc47-4979-8361-01f0ca51d5bd,"palestra sensacional, uma visão pessoal de uma pesquisadora já consolidada"
170840c4-5893-454a-8433-5854baffd2cc,"quão gratificante é ver a diferença que o wit está fazendo, promovendo uma maior presença de mulheres nas áreas de tecnologia"
d90a7533-8a3c-4a1e-9221-2185fdeaec90,energia maravilhosa
d90a7533-8a3c-4a1e-9221-2185fdeaec90,muito bom ver mulheres na área de ti
4c4af487-81e9-4e3a-8efc-b2d0f1b0b394,"estou amando cada momento, tudo perfeito"
dbfa6a71-9259-4730-8103-7b846417ee6c,"evento muito interessante, ouvir mulher numa área ainda muito masculina é sempre bom"
d90a7533-8a3c-4a1e-9221-2185fdeaec90,inspirador ouvir todas as histórias dessas mulheres maravilhosas
b11326b5-9d5e-4d41-9e8a-fe4a2bd9bbb4,"evento inspirador, sensação incrível ver tantas mulheres maravilhosas"
170840c4-5893-454a-8433-5854baffd2cc,ansiosa pelo fórum meninas digitais
9365cf2e-64e9-49a0-bd3a-0d347b215820,o que ti motivo a seguir a carreira bastante domininada pelo o público masculino
9365cf2e-64e9-49a0-bd3a-0d347b215820,palestra está incrível ❤️❤️
e895817d-40ea-4597-a1bb-4bc2cf6cbe8d,é inspirador ver mulheres ocupando cargos tão importantes dentro da tecnologia 🥰✨
6f176fc5-6aae-47d6-ada8-2b685bef02b4,muito interessante
68e4ebcd-71fa-44a0-bd6b-1baa21fbb915,"abertura linda, evento maravilhoso"
6f176fc5-6aae-47d6-ada8-2b685bef02b4,👏🏽👏🏽👏🏽
7afaf882-baa2-47f7-aa69-a15f8ad3452a,evento incrível
936c9115-1651-46b3-8773-bdd88526fc2f,"amei a abertura, gamificaçao é tudo"
936c9115-1651-46b3-8773-bdd88526fc2f,tudo perfeito
e9b594f7-6309-4190-9032-4dde803e2d6a,a palestra da professora michelle wangham está maravilhosa
e9b594f7-6309-4190-9032-4dde803e2d6a,estou começando a ter interesse
e9b594f7-6309-4190-9032-4dde803e2d6a,olhar com mais carinho para a área de cibersegurança🩷
2c016692-1092-46cc-876c-ed6be5556315,palestra da michele tá massa
8e1a9311-52fe-4567-8c58-70f0e2281925,evento incrível
3406c3d7-f8f1-4db4-9d3f-06b9d53fa541,❤️❤️❤️
8e1a9311-52fe-4567-8c58-70f0e2281925,ameiiii esse livro
8e1a9311-52fe-4567-8c58-70f0e2281925,já queroooo
e11a154c-a026-49a9-9a71-ad45b5939df8,que evento lindo 🥰
53e90d93-f0bd-4877-9279-97a086ab6bc5,abertura muito linda
53e90d93-f0bd-4877-9279-97a086ab6bc5,inspiradora
53e90d93-f0bd-4877-9279-97a086ab6bc5,sempre bom ver mulheres dominando espaços na educação
53e90d93-f0bd-4877-9279-97a086ab6bc5,tecnologia 💞
3406c3d7-f8f1-4db4-9d3f-06b9d53fa541,uma experiência incrível 👏👏👏
e11a154c-a026-49a9-9a71-ad45b5939df8,o wit é maravilhoso
262af184-23c3-4cb4-8231-04a142217d69,importância de aprender a conciliar as tarefas do trabalho com a maternidade
262af184-23c3-4cb4-8231-04a142217d69,ambos de fato valem a pena
a57c1135-2ebb-4824-9625-c0bce163dddf,evento incrível 👏🔥
a57c1135-2ebb-4824-9625-c0bce163dddf,a gamificação esse ano está incrível
da7abf85-cae5-4a1a-83ef-e23b350da886,iniciei agora dentro do evento
da7abf85-cae5-4a1a-83ef-e23b350da886,estou amando
da7abf85-cae5-4a1a-83ef-e23b350da886,esta sendo bem animado
f37ffdc2-3f64-4b56-a935-4ddecee92321,muito ver jornadas
f37ffdc2-3f64-4b56-a935-4ddecee92321,desafios das mulheres no meio acadêmico
f37ffdc2-3f64-4b56-a935-4ddecee92321,profissional
f37ffdc2-3f64-4b56-a935-4ddecee92321,exemplos de superação
f37ffdc2-3f64-4b56-a935-4ddecee92321,persistência
67959b7b-0a25-4354-a35e-f5974a549323,é incrível estar rodeada de mulheres inspiradoras 🤩
4b19c21f-0936-4c69-ae25-18f84c9119a3,"é incrível conhecer a história de tantas mulheres na area, é inspirador"
4b19c21f-0936-4c69-ae25-18f84c9119a3,me estimula a crescer em ti
00da94da-eaf9-4790-a6fe-fe7b33931c70,"é tão importante esse compartilhamento da michelle, mostrando que não é fácil construir uma carreira de sucesso,"
00da94da-eaf9-4790-a6fe-fe7b33931c70,é possível
00da94da-eaf9-4790-a6fe-fe7b33931c70,uma realidade próxima de nós
5ca22f49-b601-4a36-81af-dba71e05cf97,michelle você é uma inspiração
ae4d3fbb-069f-4906-895d-6ff10de1bdb9,"a palestra da michelle wangham foi muito boa, a oratória dela prende a atenção"
ae4d3fbb-069f-4906-895d-6ff10de1bdb9,sua experiência de vida conseguiu me inspirar a crescer muito mais
adec314d-1120-4e55-985a-8bdbbf48be55,"a trajetória de michelle é, de fato, inspiradora"
d045f926-cf41-4757-ae96-89594f6e4870,to amando participar
6e668e80-7eda-405e-814d-d4b1dd4538c3,uma palestra realmente muito inspiradora
d045f926-cf41-4757-ae96-89594f6e4870,conheça o mermãs digitais 💜 @mermasdigitais
934ac1e9-8a9e-4865-977f-b22e4bbce84e,excelente palestra
934ac1e9-8a9e-4865-977f-b22e4bbce84e,muito interessante entender a vida da professora
934ac1e9-8a9e-4865-977f-b22e4bbce84e,como toda a sua carreira foi construída
849079b5-58a9-4408-b5d9-528fed2b6ac7,tudo muito lindo
849079b5-58a9-4408-b5d9-528fed2b6ac7,melhor evento do csbc 💗💗💗💗💗
599e5dc6-fa67-4845-a44e-539c244937fc,que evento incrível
b787555f-cd18-4a0b-9e20-493282185ddd,relatos de experiência por mulheres são sempre mais tocantes
560003d3-5b59-481c-85d2-838ef984b466,muito importante para incentivar as mulheres na área da tecnologia
e6d477bf-b603-42a7-985e-ac84356103b9,que grande mulher a michelle é
e6d477bf-b603-42a7-985e-ac84356103b9,me sinto inspirada em ver como outras mulheres tiveram/têm o mesmo sentimento que eu
e6d477bf-b603-42a7-985e-ac84356103b9,"que elas chegaram lá, assim como quero chegar um dia também"
c01cfc13-c80c-4c86-872a-da81361b3339,amei a palestra de abertura
c01cfc13-c80c-4c86-872a-da81361b3339,muito inspirador ver de perto a história da doutora
8f5325ba-18dd-4ae4-b9e8-c669f82c4571,muito boa
c55ff755-bd00-4af8-b6ed-ed43007446b3,muito bacana as pulseirinhas de cada região do brasil
3ad87374-5d6b-41e4-a901-00435a3f8c6e,a palestra apresentada realmente foi inspiradora
3ad87374-5d6b-41e4-a901-00435a3f8c6e,de um valor surpreendente
3ad87374-5d6b-41e4-a901-00435a3f8c6e,gostei muito de presenciar esse evento
8f5325ba-18dd-4ae4-b9e8-c669f82c4571,me sinto confortavel
8f5325ba-18dd-4ae4-b9e8-c669f82c4571,representada
6e668e80-7eda-405e-814d-d4b1dd4538c3,muito legal conhecer uma mulher tão forte
6e668e80-7eda-405e-814d-d4b1dd4538c3,inteligente
560003d3-5b59-481c-85d2-838ef984b466,inspiração para que outros sigam no propósito
3ecdcc60-1292-4833-9c99-08066e0a6e86,palestra de abertura foi muito inspiradora
342d6dfe-f757-4730-97bc-246b444e6474,queria falar sobre a inspiração que é michelle wangham
342d6dfe-f757-4730-97bc-246b444e6474,"o quanto foi lindo de conhecer sua história pessoal, acadêmica"
342d6dfe-f757-4730-97bc-246b444e6474,profissional
342d6dfe-f757-4730-97bc-246b444e6474,uma lição de como nós mulheres podemos seguir nossos sonhos
4b19c21f-0936-4c69-ae25-18f84c9119a3,é bom ter uma história tao linda pra se espelhar que nem a da michele
f6bf24cf-734d-4f0e-a735-4a08d53c2b85,história de vida inspiradora
c55ff755-bd00-4af8-b6ed-ed43007446b3,muito querida a mirella entregando marca-páginas pra gente
050da8f6-fd58-42b6-8066-82fb42c0fa4b,as recepcionistas que estão tomando conta das inscrições são muito tranquilas
050da8f6-fd58-42b6-8066-82fb42c0fa4b,estão de parabéns
3ad87374-5d6b-41e4-a901-00435a3f8c6e,obrigada a michelle por ter aceito esse convite
3ad87374-5d6b-41e4-a901-00435a3f8c6e,a história dela foi linda de escutar
3ad87374-5d6b-41e4-a901-00435a3f8c6e,poder ouvir sobre seu percurso
3ad87374-5d6b-41e4-a901-00435a3f8c6e,sua trajetória para chegar até aqui foi muito bom
a24b5393-ee39-4272-8f84-7f95fa794341,michelle inspirando mulheres
a24b5393-ee39-4272-8f84-7f95fa794341,muito bom
050da8f6-fd58-42b6-8066-82fb42c0fa4b,o evento é bem organizado
050da8f6-fd58-42b6-8066-82fb42c0fa4b,"tem grande atração a qualquer um que passe, chamando a atenção"
b11326b5-9d5e-4d41-9e8a-fe4a2bd9bbb4,conhecer a história
b11326b5-9d5e-4d41-9e8a-fe4a2bd9bbb4,trajetória das mulheres importantes é essencial para o crescimento individual
575e397c-e7d3-4587-9a09-46e3df1ccdf4,"história de vida inspiradora da michelle, muitas vezes a família pesa nas nossas decisões"
575e397c-e7d3-4587-9a09-46e3df1ccdf4,parabéns
3e429152-f456-498f-9abb-459b5388f42d,palestra incrível sobre a trajetória de uma mulher em cargo de liderança
342d6dfe-f757-4730-97bc-246b444e6474,uma oportunidade incrível de participar da edição wit de 2025 ⭐️
3e429152-f456-498f-9abb-459b5388f42d,evento lindo
3e429152-f456-498f-9abb-459b5388f42d,muito bem organizado
3e429152-f456-498f-9abb-459b5388f42d,muito feliz em prestigiar as palestrantes
3e429152-f456-498f-9abb-459b5388f42d,pessoas autoras
18539e11-61c0-49b8-9bc8-f628af7e8159,muito bom ouvir a experiência de vida da michelle
a6584b5b-822e-4c85-be5b-e91db87dc16e,palestra de michelle wangham é uma inspiração para todas as mulheres
192b32a5-e58c-4098-9904-78bda4615134,ótima palestra
a31c1cb8-e9bd-4faa-854e-3b114bbb62ed,palestra maravilhosa
a31c1cb8-e9bd-4faa-854e-3b114bbb62ed,muito bom estar presente
192b32a5-e58c-4098-9904-78bda4615134,não vejo a hora da próxima
0708d7a9-ed61-4c3c-9a29-dd8d999363e3,belíssima fala da michele
a31c1cb8-e9bd-4faa-854e-3b114bbb62ed,não vejo a hora de escutar o fórum das meninas digitais
3ecdcc60-1292-4833-9c99-08066e0a6e86,cunhantã digital em maceió
d02b6ff0-dcbf-4984-a11b-da3709dfc569,"ações importantíssimas, parabéns"
d02b6ff0-dcbf-4984-a11b-da3709dfc569,já quero meus selos
d32d63c1-02f8-4d06-9fdb-6dfed1c37967,a palestra da michelle wangham é inspiradora
d32d63c1-02f8-4d06-9fdb-6dfed1c37967,conhecer histórias
d32d63c1-02f8-4d06-9fdb-6dfed1c37967,saber toda a dedicação de mulheres incríveis hoje em dia me inspira a continuar
d32d63c1-02f8-4d06-9fdb-6dfed1c37967,querer ir crescendo cada vez mais igual elas
f2d72cbf-07dd-4592-9ed1-c74275748cb7,"ótima recepção, as meninas são muito educadas"
f2d72cbf-07dd-4592-9ed1-c74275748cb7,gentis
1130f3f4-1e33-482d-a327-745c63f1516b,ufs presente aqui
2d008ba4-8834-40ce-9c01-468181373d96,muito boa a palestra da prof michele
2d008ba4-8834-40ce-9c01-468181373d96,"incentiva bastante, aquece o coração ♥️"
1e2c4536-db1c-40f6-a514-717da937138d,"a organização do evento está incrível, as moças da recepção são calorosas"
1e2c4536-db1c-40f6-a514-717da937138d,explicam tudo muito bem
92884dd4-6d85-4439-b8ed-855f735d689a,ufs presente
92884dd4-6d85-4439-b8ed-855f735d689a,projeto codequeens
f2d72cbf-07dd-4592-9ed1-c74275748cb7,ótima oportunidade para se conectar com outras meninas
f2d72cbf-07dd-4592-9ed1-c74275748cb7,conhecer projetos de todo o brasil
92884dd4-6d85-4439-b8ed-855f735d689a,muito bom
1130f3f4-1e33-482d-a327-745c63f1516b,animada para as próximas palestras
5bb974d7-0d42-4ba7-b115-6f2821843ecc,excelente palestra
5bb974d7-0d42-4ba7-b115-6f2821843ecc,"parabéns, michelle"
1e2c4536-db1c-40f6-a514-717da937138d,"amo o fato de termos um evento só nosso, só das mulheres"
1e2c4536-db1c-40f6-a514-717da937138d,"não somos maioria,"
1e2c4536-db1c-40f6-a514-717da937138d,somos unidas
97bb898c-af32-4429-b56c-5914309a8775,bom demais ver os resultados do meninas digitais
97bb898c-af32-4429-b56c-5914309a8775,o impacto no país todinhos 💖
b787555f-cd18-4a0b-9e20-493282185ddd,os projetos acadêmicos deveriam ser mais valorizados no nosso país
b787555f-cd18-4a0b-9e20-493282185ddd,é enriquecedor
cf343695-2367-4236-b0ab-3c72d8222639,achei muito interessante acompanhar a experiência de sucesso de uma mulher na computação
cf343695-2367-4236-b0ab-3c72d8222639,palestra muito motivadora
cf343695-2367-4236-b0ab-3c72d8222639,motivadora
e4d0c31c-1009-4bce-8c78-8d6c2d7dce89,palestra muito dinamica
e4d0c31c-1009-4bce-8c78-8d6c2d7dce89,"boa, muito explicativa"
e4d0c31c-1009-4bce-8c78-8d6c2d7dce89,entusiasmante
65ac7c8a-1f08-47ab-bf2a-1f556fe3852c,muito importante este trabalho de incentivar a presença de mulheres na computação
e4d0c31c-1009-4bce-8c78-8d6c2d7dce89,"gosto muito da ideia dos desafios, estimula a presença"
e4d0c31c-1009-4bce-8c78-8d6c2d7dce89,participação mo evento
65ac7c8a-1f08-47ab-bf2a-1f556fe3852c,parabéns a todas envolvidas
79625db1-c0bb-49d6-aa29-76fd1dc284e8,"sempre gostei muito da área de inovação, achei legal a parte de ter no csbc essa inovação"
79625db1-c0bb-49d6-aa29-76fd1dc284e8,muito bom para as meninas conhecerem esses movimentos
2588a076-a47e-443c-a9f3-22057a7980f9,palestras extremamente necessárias
2588a076-a47e-443c-a9f3-22057a7980f9,"inspiradoras, especialmente para mulheres que, até pouco tempo, nao tinham espaço"
c04b5ba6-0939-443f-93db-54b15820e804,muito inspirador conhecer a trajetória de outras mulheres na pesquisa 💖💖
266dfd00-4b9e-447c-910d-0deebdb32501,tantos relatos lindos sendo compartilhados
266dfd00-4b9e-447c-910d-0deebdb32501,momento inspirador
2588a076-a47e-443c-a9f3-22057a7980f9,palestras interativas
2588a076-a47e-443c-a9f3-22057a7980f9,as palestrantes estão sempre preparadas para responder as perguntas
2588a076-a47e-443c-a9f3-22057a7980f9,dúvidas
266dfd00-4b9e-447c-910d-0deebdb32501,iniciativa muito importante
266dfd00-4b9e-447c-910d-0deebdb32501,necessária para incluir
266dfd00-4b9e-447c-910d-0deebdb32501,diversificar a área da tecnologia
fcf388a5-374c-4162-9e8a-44339d70be4a,"foi uma linda abertura do wit, espero que o projeto possa de expandir cada vez mais"
5671ae6e-ba88-4fbb-b2dd-5c0c4e65ce60,vai oi meninas
5671ae6e-ba88-4fbb-b2dd-5c0c4e65ce60,oi meninas sz tecnologia
f915d53b-56f7-4440-b578-d9bed05126be,evento lindo
70b31d7a-c046-4859-9881-10574c9611c1,esse é um evento muito importante
e6d477bf-b603-42a7-985e-ac84356103b9,pude participar de uma oficina da meninas digitais durante a snct 2022 no ifs em lagarto
e6d477bf-b603-42a7-985e-ac84356103b9,foi incrível
e6d477bf-b603-42a7-985e-ac84356103b9,esse projeto é incrível
e6d477bf-b603-42a7-985e-ac84356103b9,extremamente importante para comunidade feminina na computação
70b31d7a-c046-4859-9881-10574c9611c1,o wit é fundamental
f915d53b-56f7-4440-b578-d9bed05126be,#meninastecnologicasufmtnowit2025
10807ceb-11e8-4f81-84d2-84b264bbd0c2,"adorei a palestra da michelle wangham, muito inspiradora"
10807ceb-11e8-4f81-84d2-84b264bbd0c2,deixou uma bonita mensagem de não desistir dos sonhos
9f773bc4-a96d-41fd-a812-4cd40ae76ce4,evento maravilhoso
9f773bc4-a96d-41fd-a812-4cd40ae76ce4,fundamental
9f773bc4-a96d-41fd-a812-4cd40ae76ce4,#witcsbc2025
10807ceb-11e8-4f81-84d2-84b264bbd0c2,gostei quando exibiram os impactos do projeto em números
10807ceb-11e8-4f81-84d2-84b264bbd0c2,me despertou uma vontade de contribuir para aumentar essas porcentagens
9f773bc4-a96d-41fd-a812-4cd40ae76ce4,por menos vies na computação
9f773bc4-a96d-41fd-a812-4cd40ae76ce4,por mais mulheres
9f773bc4-a96d-41fd-a812-4cd40ae76ce4,#csbcwit2025
91a02681-4ee5-4892-ba90-686d7ff2b6ef,"amei os momentos, muito significativos"
91a02681-4ee5-4892-ba90-686d7ff2b6ef,acolhedores
91a02681-4ee5-4892-ba90-686d7ff2b6ef,muito lindo os momentos
c8b3d0a8-ff03-4d7f-bd59-b03a93f36656,momento muito importante
c8b3d0a8-ff03-4d7f-bd59-b03a93f36656,bastante interativo
c8b3d0a8-ff03-4d7f-bd59-b03a93f36656,interessante
c08bca4e-d84f-4567-b938-d29470fd6d02,"amando o evento, a estrutura, a animação ansiosa para acompanhar toda a programação"
8ace69cd-74b9-4738-b109-9ea8d441105c,muito bomm
8ace69cd-74b9-4738-b109-9ea8d441105c,estou adorando
a4d6da2d-6f2f-4b75-bfff-31310d0bbff0,massa
39c3a3e9-ded4-4f91-a9f8-b00e2c644d07,wit🔥
39c3a3e9-ded4-4f91-a9f8-b00e2c644d07,oi meninas presente 💋
a4d6da2d-6f2f-4b75-bfff-31310d0bbff0,legal de verdade 👌
c08bca4e-d84f-4567-b938-d29470fd6d02,"meu primeiro csbc, amando esse ambiente acadêmico, essa comunidade, tudo perfeito"
7b902c9d-46c3-49f2-b438-1db305423d2a,a palestra do produtor do manual do mundon foi mundo enriquecedora
7b902c9d-46c3-49f2-b438-1db305423d2a,a gamificação foi bem legal
eb7a2e85-37f5-4355-b66a-b99d1a9ac033,ótima palestra
eb7a2e85-37f5-4355-b66a-b99d1a9ac033,"representando o oi, meninas"
eb7a2e85-37f5-4355-b66a-b99d1a9ac033,(uern)
f429f390-79a1-4e84-9a93-87a43048d3d7,uma oportunidade de conhecer novos projetos
f429f390-79a1-4e84-9a93-87a43048d3d7,aprendizagem
47ac28d9-6e77-4392-b392-960bd5825559,evento maravilhosooo ❤️
cf03f7b1-8338-40a2-84f4-91ec5f988764,momento incrível
cf03f7b1-8338-40a2-84f4-91ec5f988764,"representando o oi, meninas"
47ac28d9-6e77-4392-b392-960bd5825559,muito bomm 🤩🤩🤩
251569e1-42c3-4c32-b8db-d8b8b9741d5b,adorando o fmd
eb7a2e85-37f5-4355-b66a-b99d1a9ac033,muito animada
eb7a2e85-37f5-4355-b66a-b99d1a9ac033,meu primeiro wit+fmd
cf03f7b1-8338-40a2-84f4-91ec5f988764,ótima palestra
75049fc4-0a03-4d80-9d70-6471c2c5a110,amei a abertura
66244247-28d9-4511-acc3-1eb53db22887,amo wit
66244247-28d9-4511-acc3-1eb53db22887,katie presente
75049fc4-0a03-4d80-9d70-6471c2c5a110,o momento de reunião dos projetos parceiros está sendo incrível
9e1aa993-64b6-4d6b-99d1-897ce3415327,excelentes falas
9e1aa993-64b6-4d6b-99d1-897ce3415327,projetos incríveis🥰
66244247-28d9-4511-acc3-1eb53db22887,ansiosa pra ver a camisaa
9e1aa993-64b6-4d6b-99d1-897ce3415327,já quero mais vezes💖💖
fd51eca2-7207-474a-8495-5c0e5f20aea5,parabéns aos projetos
b1c72158-d2a6-4239-87be-166fbeffc509,evento importante demaisss
f9ff0b83-ae39-447d-b0f0-4714731e87c0,evento muito divertidooo
f9ff0b83-ae39-447d-b0f0-4714731e87c0,parabéns pelas apresentaçõess💞
806f7369-1da2-4baa-9c95-7d4962b7f33e,muito bem organizado
806f7369-1da2-4baa-9c95-7d4962b7f33e,adorando a experiência
2dda6d0e-c0bf-4094-9dd0-82540de1cfaa,muito incrível ver todos esses projetos
76a1a1ae-7c41-4d19-a97f-a6eea914b48e,"o evento está maravilhoso, sempre muito inspirador participar"
53e90d93-f0bd-4877-9279-97a086ab6bc5,experiência incrívellll
a4ceb2fb-9e75-4db1-ace5-c82f92a1376e,muito interessante
20280073-68fe-4304-9f54-d23b1663fe33,foi inspirador
20280073-68fe-4304-9f54-d23b1663fe33,abre a cabeça para diversas possibilidades
20280073-68fe-4304-9f54-d23b1663fe33,metas
a4ceb2fb-9e75-4db1-ace5-c82f92a1376e,muita qualidade
76a1a1ae-7c41-4d19-a97f-a6eea914b48e,"importantíssima a experiência para nós, mulheres"
c04b5ba6-0939-443f-93db-54b15820e804,muito legal a ideia do momento de integração
8b928f09-aedb-4ce1-a365-4d56a0839c50,"gostaria de deixar uma sugestão:
disponibilizar os qrcode em diferentes locais da sala para não tumultuar a estrada"
e56b565e-2680-4f05-bfb5-f672c691d632,amei o fórum meninas digitais
1c7000ea-e558-4ef4-93d8-2c018ec84123,ansiosa para o evento do sudeste 💜
e56b565e-2680-4f05-bfb5-f672c691d632,muito legal o momento de integração com os projetos parceiros
2b305129-cc14-4538-8075-78b26f65f34f,"adorei o evento da wit, ele trouxe muito espaço para integração entre os projetos parceiros"
2b305129-cc14-4538-8075-78b26f65f34f,os participantes do painel
454aed9e-698f-45b7-bd91-93f4a4e6aa1d,muito interessante
454aed9e-698f-45b7-bd91-93f4a4e6aa1d,importante
454aed9e-698f-45b7-bd91-93f4a4e6aa1d,entendi tudo com clareza
631b69a6-0a28-4aac-93e4-ae024e5efc3b,o wit é um dos momentos que mais amo dentro do csbc
20280073-68fe-4304-9f54-d23b1663fe33,foi muito bom conhecer um pouquinho mais dos projetos do sudeste
20280073-68fe-4304-9f54-d23b1663fe33,as meninas também
20280073-68fe-4304-9f54-d23b1663fe33,foi bem interativo
20280073-68fe-4304-9f54-d23b1663fe33,integrador
07e26976-d2fa-43c9-8f74-2c155735f461,evento está maravilhoso
6d48edcf-e6d6-48d3-a2e0-e9296cb697f3,inspiradora
2b305129-cc14-4538-8075-78b26f65f34f,"a dinâmica de integração foi muito bem pensada, ótima oportunidade de interagir com outros projetos da minha região"
6d48edcf-e6d6-48d3-a2e0-e9296cb697f3,motivadora
1c7000ea-e558-4ef4-93d8-2c018ec84123,amei a integração entre projetos 💕
c01cfc13-c80c-4c86-872a-da81361b3339,muito legal conhecer os outros projetos da região
7ab458bd-970a-40e5-9525-ee10be806901,amei ❤️❤️❤️ a alegria de todas vocês
7ab458bd-970a-40e5-9525-ee10be806901,é empolgante a energia
7ab458bd-970a-40e5-9525-ee10be806901,os trabalhos realizados
ecf86f01-f235-4ce6-b218-43e9ae6ebb8f,palestra super inspiradora da michelle wangham
9517374b-5f4f-444c-92e3-177a0b866f14,"a palestra foi muito interessante, é maravilhoso ver mulheres fortes, dedicadas"
9517374b-5f4f-444c-92e3-177a0b866f14,inteligentes - esse tipo de coisa nos inspira
9517374b-5f4f-444c-92e3-177a0b866f14,"após a palestra me sinto inspirada a continuar na área de exatas,"
9517374b-5f4f-444c-92e3-177a0b866f14,sinto que outras meninas também
ecf86f01-f235-4ce6-b218-43e9ae6ebb8f,ansiosa para a programação da tarde
e895817d-40ea-4597-a1bb-4bc2cf6cbe8d,licode está no wit 2025 💜
f429f390-79a1-4e84-9a93-87a43048d3d7,ter oportunidade de conhecer
f429f390-79a1-4e84-9a93-87a43048d3d7,possibilidades de aprendizagem
4d59d2bb-694c-4bf2-b444-3b4b967095f1,o wit como sempre está maravilhoso
8b928f09-aedb-4ce1-a365-4d56a0839c50,a palestra foi muito inspiradora
8b928f09-aedb-4ce1-a365-4d56a0839c50,sempre bom
8b928f09-aedb-4ce1-a365-4d56a0839c50,animador ver a carreira de mulheres brilhantes
8b928f09-aedb-4ce1-a365-4d56a0839c50,atuantes em tantas áreas
8b1e1d3e-9c74-43ce-bbc4-77d5689bf024,tudo muito incrível
8b1e1d3e-9c74-43ce-bbc4-77d5689bf024,perfeitooo
489050ba-f6ce-4f05-a8ce-d6bdee47371a,motivadoras
489050ba-f6ce-4f05-a8ce-d6bdee47371a,o wit trás para nós ouvintes a vontade de incentivar mais mulheres
5244efbb-01d2-4f7e-b505-4fd32300baff,amei a programação da manhã
5244efbb-01d2-4f7e-b505-4fd32300baff,as novidades da gamificação estão maravilhosas
fa22c635-07b6-4718-9309-2665ad2d1a12,"que lindos esses pôsteres, projetos incríveis, todae de parabéns"
671f8ca1-38b7-401b-b96a-2dc047c32c4b,"o wit tem me maravilhada, por sua organização"
671f8ca1-38b7-401b-b96a-2dc047c32c4b,inovações durante o evento
cd69c32b-34d1-4906-ae5f-2ee3fe9d8a70,aplicativo muito interessante
cd69c32b-34d1-4906-ae5f-2ee3fe9d8a70,"estou gostando dele, parabéns"
671f8ca1-38b7-401b-b96a-2dc047c32c4b,coletivo lovelace x meninas digitais<3
3f3583d6-1037-423a-9a58-0b27ea89d428,os meninos da gamificação são muito legais
f6bf24cf-734d-4f0e-a735-4a08d53c2b85,pôsteres lindos
07e26976-d2fa-43c9-8f74-2c155735f461,evento ótimo
00785be0-171f-446a-9069-97212c12e0e3,vocês são incríveis
00785be0-171f-446a-9069-97212c12e0e3,amei a energia de vocês
00785be0-171f-446a-9069-97212c12e0e3,adorei a maneira como abordam os assuntos
00785be0-171f-446a-9069-97212c12e0e3,como conseguem fazer a gente refletir sobre
79625db1-c0bb-49d6-aa29-76fd1dc284e8,muito interessante o projeto por ser inovador
79625db1-c0bb-49d6-aa29-76fd1dc284e8,achei legal a sessão de autógrafos de livros por ter a interação entre o autor
79625db1-c0bb-49d6-aa29-76fd1dc284e8,o telespectador
76612240-be0f-4dff-bf33-a3c43cd8ed98,as palestras foram muito importantes para engajamento
93780366-368f-4230-aa79-3ac4dca0bec6,vocês são maravilhosas
c4d4555d-4b97-46e8-93fe-6ad239865bd6,a palestra foi ótima
c4d4555d-4b97-46e8-93fe-6ad239865bd6,a questão de síndrome do impostor é algo que já ouvi muito dentro da faculdade
c4d4555d-4b97-46e8-93fe-6ad239865bd6,é uma das principais causas de afastamento das meninas do curso
c4d4555d-4b97-46e8-93fe-6ad239865bd6,muito bom ter alguém para se inspirar
c4d4555d-4b97-46e8-93fe-6ad239865bd6,seguir
02e1032e-bbbf-4f0a-b350-645b9923a7f4,"eu gostei bastante que esse ano as camisas não são no último dia, para poder usar ela mais pelo congresso"
02e1032e-bbbf-4f0a-b350-645b9923a7f4,amei os artigos apresentados
9306534e-a4af-407c-a97e-3eab6fa1c918,muito interessante os projetos envolvidos na apresentação dos banners
3e11fb01-68a6-4df9-99ff-eb6fa17ea8e0,o wit é sem sombra de dúvidas a melhor coisa do csbc
0b73ddb5-b846-48b5-929f-94253a3d2b43,trabalhos muito inspiradores
0b73ddb5-b846-48b5-929f-94253a3d2b43,wit 2025 veio com tudo
2402b435-49a8-4e35-a936-fddc4e00aeb6,trabalho muito inspirador
2402b435-49a8-4e35-a936-fddc4e00aeb6,interessante
a6584b5b-822e-4c85-be5b-e91db87dc16e,estou adorando tudo
a6584b5b-822e-4c85-be5b-e91db87dc16e,"é a primeira participação no wit, a integração é maravilhosa"
0420c57a-0aa8-45b1-9166-f455c0711707,evento incrível
be28feaa-bc8c-45e6-b109-e943185c33f5,alguns banner revela a baixa presença feminina na tecnologia
be28feaa-bc8c-45e6-b109-e943185c33f5,projetos como meninas digitais são essenciais para mudar esse cenário com acolhimento
be28feaa-bc8c-45e6-b109-e943185c33f5,protagonismo
b3739f83-191f-483a-b695-efbe8e12def9,"amei demais, abriu muito minha mente sobre vários assuntos que eu nao tinha nenhum contato ou conhecimento"
e6c29589-e8e1-47aa-be9e-aecde3b1f82b,"perfeito, tá jncrivel"
e6c29589-e8e1-47aa-be9e-aecde3b1f82b,tudo muito bem organizado
9306534e-a4af-407c-a97e-3eab6fa1c918,palestra super importante da rafaela sobre representatividade feminina no mundo da tecnologia
2402b435-49a8-4e35-a936-fddc4e00aeb6,trabalho extremamente necessário
2402b435-49a8-4e35-a936-fddc4e00aeb6,inclusivo
0b73ddb5-b846-48b5-929f-94253a3d2b43,trabalho muito necessário
3e11fb01-68a6-4df9-99ff-eb6fa17ea8e0,a apresentação dos artigos está incrível
be28feaa-bc8c-45e6-b109-e943185c33f5,"com ênfase em representatividade:
ver mulheres liderando inspira"
be28feaa-bc8c-45e6-b109-e943185c33f5,a meninas digitais mostra que presença importa
be28feaa-bc8c-45e6-b109-e943185c33f5,que inclusão real começa com acolhimento
be28feaa-bc8c-45e6-b109-e943185c33f5,exemplo
be669223-c64d-4256-b488-d6a63a1f5117,"é muito incentivador ver outros projetos de meninas,"
be669223-c64d-4256-b488-d6a63a1f5117,percebo como eles são importantes para o fortalecimento
be669223-c64d-4256-b488-d6a63a1f5117,engajamento das meninas nos cursos de tecnologia
de8d707d-b7b7-43bd-9191-a060a88bb761,posters estão muito legais 💚
86deea25-a256-41b3-9189-10ce396e3deb,estou adorando o evento
8f0f4c0d-f2eb-4b18-8099-25bcd217a483,as meninas dando show na obi
bbce1d34-bf29-45d4-8ff1-5bc397a59a07,achei muito interessante
bbce1d34-bf29-45d4-8ff1-5bc397a59a07,inovador
be669223-c64d-4256-b488-d6a63a1f5117,se percebe a importância de criar espaços onde mulheres se sintam incluídas
be669223-c64d-4256-b488-d6a63a1f5117,empoderadas
bbce1d34-bf29-45d4-8ff1-5bc397a59a07,muitoo legal esse evento
86deea25-a256-41b3-9189-10ce396e3deb,triste porque perdi a palestra de manhã;(
4bc0a904-0a38-4b33-b1de-cab5ea9cf808,muito boa a palestra
4bc0a904-0a38-4b33-b1de-cab5ea9cf808,que massa o incentivo
c49c15fe-dc85-4357-b9ea-0311374c56f8,gostei
c49c15fe-dc85-4357-b9ea-0311374c56f8,integração legal
b3739f83-191f-483a-b695-efbe8e12def9,gostei bastante dos conteúdos abordados
15e5d92b-4326-4e8c-9499-c40fba495716,"alegra meu coração em saber que as mulheres estão se envolvendo em pesquisas da computação, programação"
15e5d92b-4326-4e8c-9499-c40fba495716,a cada novo congresso os números crescem
15e5d92b-4326-4e8c-9499-c40fba495716,crescem😍
15e5d92b-4326-4e8c-9499-c40fba495716,"que mais faculdades motivem mulheres nas stem, fundamental para essa nova geração"
352e47bd-d2bf-4541-a6ce-6498a321db06,iniciativa bem enriquecedora
5244efbb-01d2-4f7e-b505-4fd32300baff,muito alto nível os trabalhos da poeira sessão
9ea006aa-40fb-4edc-98dd-39d527a61d6d,muito bom
9ea006aa-40fb-4edc-98dd-39d527a61d6d,amei todas as palestras
429ddec8-9edb-4757-ab8b-fcdb61defd4e,muito bom
429ddec8-9edb-4757-ab8b-fcdb61defd4e,amei as apresentações dos artigos
8f0f4c0d-f2eb-4b18-8099-25bcd217a483,muito legal como estratégias de marketing podem modificar a percepção
8f0f4c0d-f2eb-4b18-8099-25bcd217a483,o alcance dos projetos parceiros do meninas digitais
4d59d2bb-694c-4bf2-b444-3b4b967095f1,o wit tem se mostrado a cada ano a sua relevância
4d59d2bb-694c-4bf2-b444-3b4b967095f1,parabéns pelo evento
8a9fc84a-4a91-46ee-b112-e39d627e2abd,foi ótimo participar da sessão de pôsteres wit
8a9fc84a-4a91-46ee-b112-e39d627e2abd,uma experiência de apresentação valiosa
8a9fc84a-4a91-46ee-b112-e39d627e2abd,amei os brindes da sessão técnica de artigos
8a9fc84a-4a91-46ee-b112-e39d627e2abd,a busca pelos adesivos foi divertida
8a9fc84a-4a91-46ee-b112-e39d627e2abd,além de prestigiar ótimas apresentações
67959b7b-0a25-4354-a35e-f5974a549323,"parabéns, meninas"
1ced77b3-b5de-4d74-8882-f7ffe3d9ec30,"palestra muito esclarecedora, adorei"
1ced77b3-b5de-4d74-8882-f7ffe3d9ec30,ansiosa para os próximos dias
3efe71e2-c0d5-4596-b566-0ef34e7ff13d,a parte da apresentação que assisti estava ótima
3efe71e2-c0d5-4596-b566-0ef34e7ff13d,"sobre o aplicativo acho q faltou uma divulgação melhor ou um link pelo email, eu mesma anotei o nome"
3efe71e2-c0d5-4596-b566-0ef34e7ff13d,"demorei muito a baixar pq estava correndo pelo evento, creio que colocar hj na mesa foi o ideal"
88bb321c-9db1-4e9f-aaad-320e88c5bd5d,"muito interessante, precisava ouvir isso"
88bb321c-9db1-4e9f-aaad-320e88c5bd5d,parabens
67959b7b-0a25-4354-a35e-f5974a549323,ansiosa para ver o wit hoje 😍
d045f926-cf41-4757-ae96-89594f6e4870,ótimo 💜💜💜
d045f926-cf41-4757-ae96-89594f6e4870,excelente apresentações 💜🥰
06f1249e-61d1-4916-a745-f29b8095822b,tá sendo uma experiência incrível participar do wit ❤️
a4526431-24ef-4045-8981-a19a451487ac,organização impecável
a4526431-24ef-4045-8981-a19a451487ac,adorando
06f1249e-61d1-4916-a745-f29b8095822b,vocês arrasaram na organização
06f1249e-61d1-4916-a745-f29b8095822b,planejamento ❤️
9d149e84-581a-4008-996e-d3680d5bcd88,mais um dia de muitas atividades 🤩
9d149e84-581a-4008-996e-d3680d5bcd88,gamificação é top
a4526431-24ef-4045-8981-a19a451487ac,o encontro dos projetos parceiros foi muito bom
9365cf2e-64e9-49a0-bd3a-0d347b215820,o evento tá incrível ❤️❤️
9365cf2e-64e9-49a0-bd3a-0d347b215820,"sem palavras para às meninas, sao muito maravilhosaaaas"
e11a154c-a026-49a9-9a71-ad45b5939df8,mais um dia cheio de conhecimento 🥰
e11a154c-a026-49a9-9a71-ad45b5939df8,mais um dia de wit 🥳
4270590b-ac53-434d-88eb-f948b87a7247,ansioso para mais um dia de wit
4270590b-ac53-434d-88eb-f948b87a7247,"bom dia, que hoje seja tão incrível quanto ontem"
75049fc4-0a03-4d80-9d70-6471c2c5a110,amei o momento de integração ontem
75049fc4-0a03-4d80-9d70-6471c2c5a110,a sessão de autógrafos foi incrível
16d2d16a-6864-4d0c-afe3-d87991308ec5,ansioso pra o segundo dia
16d2d16a-6864-4d0c-afe3-d87991308ec5,ótima palestra de ontem
934ac1e9-8a9e-4865-977f-b22e4bbce84e,bora pro segundo dia de wit
934ac1e9-8a9e-4865-977f-b22e4bbce84e,ansiosa pra ganhar a camiseta :)
6c3e12ff-eaca-45fd-ab7c-b291f088c86e,adorei as sessões de artigos ontem a noite
6c3e12ff-eaca-45fd-ab7c-b291f088c86e,bora pra mais um dia de evento incrível
b8b92070-a5ba-4bca-ab6c-1976294cf8da,mais um dia de wit
b8b92070-a5ba-4bca-ab6c-1976294cf8da,eu já estou começando a ficar com saudades
a4ceb2fb-9e75-4db1-ace5-c82f92a1376e,tudo maravilhoso parabéns
ed496342-5088-4e03-9bf6-270dbfd06758,super empolgada para pôsteres do projetos ✨
a4ceb2fb-9e75-4db1-ace5-c82f92a1376e,ótimo conteúdo
ed496342-5088-4e03-9bf6-270dbfd06758,adorando a integração dos projetos 🫶🏻
8ace69cd-74b9-4738-b109-9ea8d441105c,evento maravilhoso
8ace69cd-74b9-4738-b109-9ea8d441105c,incrível demais ❤️❤️
560003d3-5b59-481c-85d2-838ef984b466,bom dia
560003d3-5b59-481c-85d2-838ef984b466,mais um dia de palestras
560003d3-5b59-481c-85d2-838ef984b466,eventos para o aprendizado
5bb974d7-0d42-4ba7-b115-6f2821843ecc,ansiosa por este segundo dia de wit 💖
01bdf958-26a8-4cbb-9001-f8323dd02301,mais um dia de eventooo
560003d3-5b59-481c-85d2-838ef984b466,que deus abençoe esse dia
560003d3-5b59-481c-85d2-838ef984b466,que traga inspiração para os palestrantes
01bdf958-26a8-4cbb-9001-f8323dd02301,que camisa lindaa
cf03f7b1-8338-40a2-84f4-91ec5f988764,mais um dia do wit
cf03f7b1-8338-40a2-84f4-91ec5f988764,♡-♡
9a0b6f46-36e7-4cce-81e7-87d8c0dec201,ouvir tantas mulheres incríveis compartilhando suas trajetórias na tecnologia me motivou muito
9a0b6f46-36e7-4cce-81e7-87d8c0dec201,me fez refletir sobre o quanto ainda temos a conquistar
c8ddbe59-a031-4194-add3-db3071ddcbef,"oi, meninas no wit 💜"
5bb974d7-0d42-4ba7-b115-6f2821843ecc,empolgada com as palestras de hoje
eb7a2e85-37f5-4355-b66a-b99d1a9ac033,animada pra mais um dia de wit
9a0b6f46-36e7-4cce-81e7-87d8c0dec201,"foi um espaço real de troca, aprendizado"
9a0b6f46-36e7-4cce-81e7-87d8c0dec201,força
c8ddbe59-a031-4194-add3-db3071ddcbef,uern presente
eb7a2e85-37f5-4355-b66a-b99d1a9ac033,bom dia
eb7a2e85-37f5-4355-b66a-b99d1a9ac033,vamos para mais um dia de wit
f3eed192-b8ab-4094-942f-54e234fbb70b,"está tudo incrível, primeiro dia superou todas as expectativas 🫶🏻🫶🏻🫶🏻"
59ab6fbb-3356-44e7-a74e-e5bdbc89fab7,"feliz dia, wit"
07e26976-d2fa-43c9-8f74-2c155735f461,ótimo evento
07e26976-d2fa-43c9-8f74-2c155735f461,parabéns a todos
f3eed192-b8ab-4094-942f-54e234fbb70b,o wit está incrível 💜
a57c1135-2ebb-4824-9625-c0bce163dddf,ansioso para as atividades de hoje
a57c1135-2ebb-4824-9625-c0bce163dddf,que alegria em participar do evento
222af335-a31e-459b-aa3d-6ce592bff7b7,mt animado pra hj
222af335-a31e-459b-aa3d-6ce592bff7b7,incrivel
3ad87374-5d6b-41e4-a901-00435a3f8c6e,obrigada pela mensagem inspiradora
3ad87374-5d6b-41e4-a901-00435a3f8c6e,amei a palestra de hoje
ae4d3fbb-069f-4906-895d-6ff10de1bdb9,mais um dia pronta para as palestras
ae4d3fbb-069f-4906-895d-6ff10de1bdb9,integrações com as meninas digitais
e895817d-40ea-4597-a1bb-4bc2cf6cbe8d,ansiosa para o segundo dia do wit 😍
599e5dc6-fa67-4845-a44e-539c244937fc,bom dia
599e5dc6-fa67-4845-a44e-539c244937fc,mais um dia maravilhoso
599e5dc6-fa67-4845-a44e-539c244937fc,💜💜💜
d045f926-cf41-4757-ae96-89594f6e4870,ótimo 👍
59ab6fbb-3356-44e7-a74e-e5bdbc89fab7,patrocinio top do wit
59ab6fbb-3356-44e7-a74e-e5bdbc89fab7,"embraer, engie, eldorado, google, mindat, ella, bb"
f37ffdc2-3f64-4b56-a935-4ddecee92321,"evento muito bom, a diversidade dos projetos psra inclusão feminina é maravilhoso"
f37ffdc2-3f64-4b56-a935-4ddecee92321,que a cada ano cresça mais
2b305129-cc14-4538-8075-78b26f65f34f,a experiência do segundo dia do wit fez jus a expectativa criada pelo dia anterior
2b305129-cc14-4538-8075-78b26f65f34f,mais uma vez foi criado um ambiente de interação
2b305129-cc14-4538-8075-78b26f65f34f,"troca de experiência, conhecimento"
2b305129-cc14-4538-8075-78b26f65f34f,de acolhimento
f37ffdc2-3f64-4b56-a935-4ddecee92321,wit está sendo um dos melhores eventos do dia
671f8ca1-38b7-401b-b96a-2dc047c32c4b,"queria que tivessem mais broches do meninas digitais para comprar, não consegui comprar um :/"
671f8ca1-38b7-401b-b96a-2dc047c32c4b,muito bem organizado o evento
6e668e80-7eda-405e-814d-d4b1dd4538c3,tudo muito incrível
6e668e80-7eda-405e-814d-d4b1dd4538c3,o wit é o melhor evento do csbc
a2172412-8829-44fe-a1bb-c21eb82571aa,"os meninos que estavam responsáveis pela ramificação fora demais, explicaram pra gente com a maior calma"
a2172412-8829-44fe-a1bb-c21eb82571aa,animação
a2172412-8829-44fe-a1bb-c21eb82571aa,"achei que o formato de apresentação dos pôsteres ficou muito tumultuado,"
a2172412-8829-44fe-a1bb-c21eb82571aa,as apresentações foram incríveis
806f7369-1da2-4baa-9c95-7d4962b7f33e,evento incrível
806f7369-1da2-4baa-9c95-7d4962b7f33e,a organização está de parabéns
050da8f6-fd58-42b6-8066-82fb42c0fa4b,boa palestra
050da8f6-fd58-42b6-8066-82fb42c0fa4b,ótima abordagem de conteúdo em relação a 1° palestra do dia 23
050da8f6-fd58-42b6-8066-82fb42c0fa4b,boa apresentação
050da8f6-fd58-42b6-8066-82fb42c0fa4b,também explicação do projeto
050da8f6-fd58-42b6-8066-82fb42c0fa4b,"organização ótima, boa qualidade de infraestrutura"
050da8f6-fd58-42b6-8066-82fb42c0fa4b,"sala bem refrigerada
ótima ambientação"
192b32a5-e58c-4098-9904-78bda4615134,ótima palestra
192b32a5-e58c-4098-9904-78bda4615134,muito bom adquirir conhecimento
00da94da-eaf9-4790-a6fe-fe7b33931c70,ótimo conhecer mais sobre o renacee
4a257948-6c61-4d69-b2bf-45561ca9dc96,"parabéns pela organização meninas, gostei bastante da dinâmica das regiões"
4a257948-6c61-4d69-b2bf-45561ca9dc96,achei bastante diverso
4a257948-6c61-4d69-b2bf-45561ca9dc96,informativo
1e2c4536-db1c-40f6-a514-717da937138d,o ambiente do evento é muito amplo
1e2c4536-db1c-40f6-a514-717da937138d,"bem estruturado, bem equipado"
1e2c4536-db1c-40f6-a514-717da937138d,a organização das palestras está excepcional
9f773bc4-a96d-41fd-a812-4cd40ae76ce4,empolgada para mais um dia de evento
9f773bc4-a96d-41fd-a812-4cd40ae76ce4,#licrogirls
4c4af487-81e9-4e3a-8efc-b2d0f1b0b394,a mesa redonda está sendo muito interessante
4c4af487-81e9-4e3a-8efc-b2d0f1b0b394,"a organização do evento está perfeita, tudo incrível ❤️"
97bb898c-af32-4429-b56c-5914309a8775,muuuito feliz de ver as estudantes do projeto que faço parte no telão
97bb898c-af32-4429-b56c-5914309a8775,lindo demais 💖
17a6d940-56ba-4d72-8c6b-3f765a91e6ac,achei incrível conhecer pessoalmente o programa meninas digitais
17a6d940-56ba-4d72-8c6b-3f765a91e6ac,o wit como um todo
17a6d940-56ba-4d72-8c6b-3f765a91e6ac,saio do evento completamente inspirada por mulheres guerreiras nas áreas de steam
c5b8399a-a600-4d95-86c9-4de0d38c3d25,"muito bom, agradeço por trazer muitas informações"
90323ec9-1991-46bd-bc2a-4a3d8804cf71,achei tudo super didático
f2d72cbf-07dd-4592-9ed1-c74275748cb7,importante conhecer outros projetos que influenciam meninas em stem por todo o brasil
9f773bc4-a96d-41fd-a812-4cd40ae76ce4,dia de muito aprendizado
9f773bc4-a96d-41fd-a812-4cd40ae76ce4,#girls
90323ec9-1991-46bd-bc2a-4a3d8804cf71,"gostei muito mesmo, espero estar presente mais vezes"
f2d72cbf-07dd-4592-9ed1-c74275748cb7,palestras incríveis
90323ec9-1991-46bd-bc2a-4a3d8804cf71,muito bom
70b31d7a-c046-4859-9881-10574c9611c1,atividades muito interessantes
70b31d7a-c046-4859-9881-10574c9611c1,o wit é meu evento favorito
c5b8399a-a600-4d95-86c9-4de0d38c3d25,muito bommm
c5b8399a-a600-4d95-86c9-4de0d38c3d25,cada minuto vale a pena
90323ec9-1991-46bd-bc2a-4a3d8804cf71,amei participar
4d59d2bb-694c-4bf2-b444-3b4b967095f1,o fórum está maravilhoso
4d59d2bb-694c-4bf2-b444-3b4b967095f1,muito inspirador
29c31113-a01c-48e9-b475-a6963c13f3b6,extremamente interessante
29c31113-a01c-48e9-b475-a6963c13f3b6,"necessária, a estrutura magnifica"
00256042-e094-477c-b716-28f2b7e561de,amando o fórum
00256042-e094-477c-b716-28f2b7e561de,amando a apresentação dos projetos 😍
29c31113-a01c-48e9-b475-a6963c13f3b6,palestra maravilhosa
ce4b41b3-8b58-4d8c-9cb8-5bf7133c59d4,vale cada minuto
ce4b41b3-8b58-4d8c-9cb8-5bf7133c59d4,muito bom
6dd05336-2244-4230-bb22-31b592f2e3f8,achei bem esclarecedora
6dd05336-2244-4230-bb22-31b592f2e3f8,", como menina, me motivei a buscar mais oportunidades na área"
251569e1-42c3-4c32-b8db-d8b8b9741d5b,excelente dia
ce4b41b3-8b58-4d8c-9cb8-5bf7133c59d4,momento inspirador
262af184-23c3-4cb4-8231-04a142217d69,muito boa as palestras
262af184-23c3-4cb4-8231-04a142217d69,ótima experiência aprender com essas mulheres
54a3a419-9b19-44e8-8c62-7054a2142eba,tudo incrível
54a3a419-9b19-44e8-8c62-7054a2142eba,palestra muito interessante
02e1032e-bbbf-4f0a-b350-645b9923a7f4,amei
02e1032e-bbbf-4f0a-b350-645b9923a7f4,perfeitas
fe69c798-5373-4255-831b-9a1ce468c5d6,fórum meninas digitais está sendo muito interessante por ver como os projetos parceiros estão atuando
fe69c798-5373-4255-831b-9a1ce468c5d6,tendo resultados incríveis
c90f49e7-30eb-4954-bad6-ff13e4342a57,ansiosa para esse 2 dia
ce4b41b3-8b58-4d8c-9cb8-5bf7133c59d4,amei
c90f49e7-30eb-4954-bad6-ff13e4342a57,dia cheio de programações maravilhosas
c44a6e4a-9181-4d20-94cb-c3d5e05fd31c,muito bom
47ac28d9-6e77-4392-b392-960bd5825559,o wit é muito inspirador para nós meninas 🤩
4d59d2bb-694c-4bf2-b444-3b4b967095f1,gostei muito do projeto minascoders
4d59d2bb-694c-4bf2-b444-3b4b967095f1,muito inspirador
6e490da9-d604-49fa-b782-7cc09c1615d3,a organização esse ano está ainda mais impecável
6e490da9-d604-49fa-b782-7cc09c1615d3,que oportunidade incrível conhecer tantas mulheres inspiradoras
47ac28d9-6e77-4392-b392-960bd5825559,é maravilhoso saber que existem muitas outras meninas na área de computação ❤️
268e12fc-6012-41e0-9301-483b58059c69,muito bom ver o que os outros grupos estão fazendo
3406c3d7-f8f1-4db4-9d3f-06b9d53fa541,🩷🩷🩷
3406c3d7-f8f1-4db4-9d3f-06b9d53fa541,👏👏👏
6dd05336-2244-4230-bb22-31b592f2e3f8,muito bom o evento
268e12fc-6012-41e0-9301-483b58059c69,muitas ideias pra melhorar os projetos que coordeno
6dd05336-2244-4230-bb22-31b592f2e3f8,bem esclarecedor
6dd05336-2244-4230-bb22-31b592f2e3f8,inspirador
c44a6e4a-9181-4d20-94cb-c3d5e05fd31c,gostei muito das palestras
c44a6e4a-9181-4d20-94cb-c3d5e05fd31c,dos momentos de integração
c44a6e4a-9181-4d20-94cb-c3d5e05fd31c,network com as meninas
6dd05336-2244-4230-bb22-31b592f2e3f8,motivou muito
34191d68-5e12-4c00-aa49-d5df3fba23d2,evento maravilhoso
749521d4-f169-4aaa-9819-b044a00d1e34,"muito boa a palestra da rnp, a historia é inspiradora"
b787555f-cd18-4a0b-9e20-493282185ddd,é maravilhoso ver como esses projetos estão espalhados por todo o país
c44a6e4a-9181-4d20-94cb-c3d5e05fd31c,amei
4b19c21f-0936-4c69-ae25-18f84c9119a3,as palestras estao sendo incríveis
4b19c21f-0936-4c69-ae25-18f84c9119a3,nao conhecia de perto o projeto
4b19c21f-0936-4c69-ae25-18f84c9119a3,estou adorando
3e11fb01-68a6-4df9-99ff-eb6fa17ea8e0,muitos projetos incríveis
3e11fb01-68a6-4df9-99ff-eb6fa17ea8e0,parabéns a todos
3e11fb01-68a6-4df9-99ff-eb6fa17ea8e0,que projeto lindo
3e11fb01-68a6-4df9-99ff-eb6fa17ea8e0,parabéns
4b19c21f-0936-4c69-ae25-18f84c9119a3,"os posters foram incríveis, tive varias ideidas pra projetos"
7bdbb107-592f-478c-8b8d-412b4ac508ba,é realmente inspirador participar desses eventos com a wit
7bdbb107-592f-478c-8b8d-412b4ac508ba,muito bem organizado
ce865dbf-5b15-47b6-9578-7f6bdb3471c6,a palestra foi muito inovadora
ce865dbf-5b15-47b6-9578-7f6bdb3471c6,bem informativa
ce865dbf-5b15-47b6-9578-7f6bdb3471c6,a dinâmica da palestra não é chata
0b4761ba-7672-4bde-89c3-74f013f2b163,vamos mais um dia
0b4761ba-7672-4bde-89c3-74f013f2b163,o melhor evento do csbc
d230aaa6-976f-49bd-bb8a-21d45dec64ab,parabéns
d230aaa6-976f-49bd-bb8a-21d45dec64ab,muito bem
a4526431-24ef-4045-8981-a19a451487ac,os projetos apresentados foram muuto bons
d32d63c1-02f8-4d06-9fdb-6dfed1c37967,muito legal ver o crescimento de projetos de incetivo a meninas
bbce1d34-bf29-45d4-8ff1-5bc397a59a07,amei o evento
bbce1d34-bf29-45d4-8ff1-5bc397a59a07,inovador esse projeto
c55ff755-bd00-4af8-b6ed-ed43007446b3,muito inspirador ver projetos nacionais do meninas digitais
5244efbb-01d2-4f7e-b505-4fd32300baff,estou chegando pra mais um dia
5244efbb-01d2-4f7e-b505-4fd32300baff,uhuuu
67959b7b-0a25-4354-a35e-f5974a549323,muito bom conhecer todos esses projetos
ae4d3fbb-069f-4906-895d-6ff10de1bdb9,"o fórum foi super legal de assistir, para conhecer os projetos"
ae4d3fbb-069f-4906-895d-6ff10de1bdb9,entender as ideias de cada um
98407e6b-7f8d-4182-abe5-b3d92e3d6f11,muito bom
98407e6b-7f8d-4182-abe5-b3d92e3d6f11,ótimo
429ddec8-9edb-4757-ab8b-fcdb61defd4e,as professoras que têm projetos voltados ao em: algumas das meninas já se formaram
429ddec8-9edb-4757-ab8b-fcdb61defd4e,"se sim, elas se interessaram em seguir na área"
a24b5393-ee39-4272-8f84-7f95fa794341,conhecer os projetos nos fóruns é perfeito
c55ff755-bd00-4af8-b6ed-ed43007446b3,muito feliz de estar aqui 🤗
de8d707d-b7b7-43bd-9191-a060a88bb761,oportunidade incrível de conhecer outros projetos 🤩
2b305129-cc14-4538-8075-78b26f65f34f,adorei o espaço que foi aberto para o público tirar dúvidas em relação aos projetos
2b305129-cc14-4538-8075-78b26f65f34f,uma ótima oportunidade de interação
d90a7533-8a3c-4a1e-9221-2185fdeaec90,estou amando participar do wit
8f0f4c0d-f2eb-4b18-8099-25bcd217a483,muito importante os projetos parceiros compartilharem suas experiências de sucessos para inspirarem os outros
8b1e1d3e-9c74-43ce-bbc4-77d5689bf024,uma excelente troca de conhecimento
8b1e1d3e-9c74-43ce-bbc4-77d5689bf024,maravilhosas
00da94da-eaf9-4790-a6fe-fe7b33931c70,sensacional os projetos também chegarem em ambiente de vulnerabilidade socioeconômica
d90a7533-8a3c-4a1e-9221-2185fdeaec90,tá sendo incrível fazer parte disso tudo
a6584b5b-822e-4c85-be5b-e91db87dc16e,"adorei conhecer outros projetos, muitas possibilidades de parcerias"
3efe71e2-c0d5-4596-b566-0ef34e7ff13d,"as apresentações foram incríveis nesse primeira roda de conversa, estou ansiosa para a da embraer"
b0bd5290-3dd4-4593-99b9-c1055814408b,esse wit tá bom demais
2d008ba4-8834-40ce-9c01-468181373d96,ótimo fórum ♥️
20280073-68fe-4304-9f54-d23b1663fe33,tá sendo ótima
20280073-68fe-4304-9f54-d23b1663fe33,interativa
51dee22d-fc70-4bc4-b8ad-c757599b8ba8,experiência incrível
20280073-68fe-4304-9f54-d23b1663fe33,adoro a organização
20280073-68fe-4304-9f54-d23b1663fe33,o cuidado com o evento
c713c63b-4cef-4df5-8b95-372a1fabe5fa,"achei ótimo a palestra da parte da manhã, dirigida pela aleteia"
29c31113-a01c-48e9-b475-a6963c13f3b6,palestra incrível
29c31113-a01c-48e9-b475-a6963c13f3b6,necessária
29c31113-a01c-48e9-b475-a6963c13f3b6,parabéns
93780366-368f-4230-aa79-3ac4dca0bec6,mais um dia incrível
936c9115-1651-46b3-8773-bdd88526fc2f,amei a programação
bf25caf2-133a-4e49-af4f-273e12e2009e,"evento lindo, organização maravilhosa"
f9ff0b83-ae39-447d-b0f0-4714731e87c0,amando as dinâmicasss
f9ff0b83-ae39-447d-b0f0-4714731e87c0,muito boas palestras
bf25caf2-133a-4e49-af4f-273e12e2009e,parabéns a todas organizadoras do evento
4805f191-e04f-47a2-aca3-c39b484e29a5,gostei de conhecer os projetos
4805f191-e04f-47a2-aca3-c39b484e29a5,vou levar algumas ideias para os projetos que temos aqui
575e397c-e7d3-4587-9a09-46e3df1ccdf4,estou adorando o evento
575e397c-e7d3-4587-9a09-46e3df1ccdf4,oportunidade de reencontrar pessoas maravilhosas ❤️
79fef718-42f9-41fd-b7b1-36943233fdba,parabéns pelo evento
79fef718-42f9-41fd-b7b1-36943233fdba,muito inspirador
79fef718-42f9-41fd-b7b1-36943233fdba,amei a ideia de engajamento com estratégias de gamificação
79fef718-42f9-41fd-b7b1-36943233fdba,o acolhimento no evento foi ótimo
79fef718-42f9-41fd-b7b1-36943233fdba,parabéns
51dee22d-fc70-4bc4-b8ad-c757599b8ba8,palestra otimaaaa
631b69a6-0a28-4aac-93e4-ae024e5efc3b,"somos oi, meninas da uern"
631b69a6-0a28-4aac-93e4-ae024e5efc3b,estamos no segundo dia do wit
631b69a6-0a28-4aac-93e4-ae024e5efc3b,coloquem nosso adesivo no seu crachá 😍😍😍😍
699121e7-c258-43d0-9ede-fdbd0daeb1b5,excelente
699121e7-c258-43d0-9ede-fdbd0daeb1b5,gostaria de saber se há grupo de zap com os participantes dos projetos parceiros
699121e7-c258-43d0-9ede-fdbd0daeb1b5,projetos aprovados no cnpq
ccf1aa16-c6a5-4d78-85ab-a43ad8256de3,maravilhoso💗
0420c57a-0aa8-45b1-9166-f455c0711707,incrível ver a participação feminina em cargos de liderança na engie
631b69a6-0a28-4aac-93e4-ae024e5efc3b,"nossas meninas estão distribuindo nossos adesivos, nos ajudem a divulgar nosso projeto"
631b69a6-0a28-4aac-93e4-ae024e5efc3b,levem essa lembranca pra casa ❤️
631b69a6-0a28-4aac-93e4-ae024e5efc3b,"oi, meninas - uern"
429ddec8-9edb-4757-ab8b-fcdb61defd4e,o fórum foi incrível
0708d7a9-ed61-4c3c-9a29-dd8d999363e3,fórum maravilhoso
b787555f-cd18-4a0b-9e20-493282185ddd,"""começar trabalhando a base"" 
é exatamente isso que precisamos fazer se quisermos consolidar a ciência para o futuro"
c49c15fe-dc85-4357-b9ea-0311374c56f8,muito boa palestra da engie
c49c15fe-dc85-4357-b9ea-0311374c56f8,amei
4bc0a904-0a38-4b33-b1de-cab5ea9cf808,bom dms
c5f537b2-2d25-4784-88c0-7d434cd447d9,já queremos nossa camisaaa🫶🏼💙
4bc0a904-0a38-4b33-b1de-cab5ea9cf808,interessante
3e429152-f456-498f-9abb-459b5388f42d,"fiquei curiosa em relação a engie, nao sabia que eles tinham tantas ações positivas quanto a diversidade"
c5f537b2-2d25-4784-88c0-7d434cd447d9,"segundo diaaaa, podiam ter mais três 🤍"
1bfbf56f-28e4-4dee-874f-83823030bda3,que iniciativa incrível da engie
1bfbf56f-28e4-4dee-874f-83823030bda3,interessante trilha de carreiras femininas
d7cc7b23-8be1-497b-ae4a-23b538971629,esse ano está incrível
d7cc7b23-8be1-497b-ae4a-23b538971629,obrigada a toda organização
3e429152-f456-498f-9abb-459b5388f42d,já fui buscar mais informações sobre a engie
3e429152-f456-498f-9abb-459b5388f42d,ansiosa para acompanhar as oportunidades que aparecerão
936c9115-1651-46b3-8773-bdd88526fc2f,ansiosa para os posteres dos projetos parceiros
5244efbb-01d2-4f7e-b505-4fd32300baff,trajetórias inspiradoras
69ff38b0-ff54-47d7-bee7-cccd757b6ed4,muito bom
69ff38b0-ff54-47d7-bee7-cccd757b6ed4,excelente
c04b5ba6-0939-443f-93db-54b15820e804,muito enriquecedora a palestra
c04b5ba6-0939-443f-93db-54b15820e804,muito legal conhecer a história da nazaré ❤️
575e397c-e7d3-4587-9a09-46e3df1ccdf4,linda história de sucesso
575e397c-e7d3-4587-9a09-46e3df1ccdf4,ótimas lições a nazaré hahne nos presenteou
a31c1cb8-e9bd-4faa-854e-3b114bbb62ed,foi ótimo escutar a nazaré falando
a31c1cb8-e9bd-4faa-854e-3b114bbb62ed,me sentindo grata por participar desse evento de mulheres maravilhosas
2dda6d0e-c0bf-4094-9dd0-82540de1cfaa,partiu mais um dia de wit
00da94da-eaf9-4790-a6fe-fe7b33931c70,eu acho fantástico esse compartilhamento sobre as questões da maternidade durante a carreira
6933d6a3-26d4-4177-97e9-e7325d50bfaa,nazaré como foi retornar as atividades profissionais após a licença maternidade
2dda6d0e-c0bf-4094-9dd0-82540de1cfaa,evento maravilhoso
2dda6d0e-c0bf-4094-9dd0-82540de1cfaa,ansioso pela troca de brindes kkkkkk
5c7c797e-febc-42ad-883a-7aaefc221bb2,gostei muito da maneira como elas falaram da carreira
be28feaa-bc8c-45e6-b109-e943185c33f5,foi inspirador acompanhar discussões tão relevantes
be28feaa-bc8c-45e6-b109-e943185c33f5,"ver tantas iniciativas comprometidas com inclusão, diversidade"
be28feaa-bc8c-45e6-b109-e943185c33f5,transformação social
f968ccfe-0100-4760-818b-0d85fd912a70,"adorei a palestra, pude conhecer muitos projetos"
f968ccfe-0100-4760-818b-0d85fd912a70,achei muito interessante
1786d3f2-753e-4080-9072-ac468788a5fc,estou amando o evento do wit
1b58aa1e-e0c5-485a-8317-7bbe5c074e42,"participar do wit foi uma oportunidade única de aprendizado, conexão"
1b58aa1e-e0c5-485a-8317-7bbe5c074e42,inspiração
1b58aa1e-e0c5-485a-8317-7bbe5c074e42,cada fala reafirmou a importância de promover espaços que incentivem a presença
1b58aa1e-e0c5-485a-8317-7bbe5c074e42,a permanência de mulheres na tecno
5c7c797e-febc-42ad-883a-7aaefc221bb2,muito interessante a explicativa sobre o move to clound
1b58aa1e-e0c5-485a-8317-7bbe5c074e42,"tantas mulheres incríveis reunidas, trocando experiências, fortalecendo umas às outras"
1b58aa1e-e0c5-485a-8317-7bbe5c074e42,mostrando que lugar de mulher é onde ela quiser — inclusive (
1b58aa1e-e0c5-485a-8317-7bbe5c074e42,principalmente) na tecnologia
454aed9e-698f-45b7-bd91-93f4a4e6aa1d,muito legal a palestra
4107402a-0788-48e0-a8bc-b81a6df7bf64,muito obrigado pelo evento
454aed9e-698f-45b7-bd91-93f4a4e6aa1d,muito conhecimento compartilhado
4107402a-0788-48e0-a8bc-b81a6df7bf64,evento mto importante
a6584b5b-822e-4c85-be5b-e91db87dc16e,as ações da engie são interessantes
a6584b5b-822e-4c85-be5b-e91db87dc16e,geram oportunidades inclusivas
e9b594f7-6309-4190-9032-4dde803e2d6a,animada para hoje😄🩷🩷🩷
a4526431-24ef-4045-8981-a19a451487ac,inspiradora a palestra da engie
a4526431-24ef-4045-8981-a19a451487ac,muito bom
51dee22d-fc70-4bc4-b8ad-c757599b8ba8,palestra completa
0708d7a9-ed61-4c3c-9a29-dd8d999363e3,que palestra inspiradora
8a9fc84a-4a91-46ee-b112-e39d627e2abd,estou gostando muito da palestra da engie
a2172412-8829-44fe-a1bb-c21eb82571aa,a palestra das meninas da envie foi muito boa
a2172412-8829-44fe-a1bb-c21eb82571aa,inspiradora
9306534e-a4af-407c-a97e-3eab6fa1c918,palestra interessante que as meninas da engie apresentaram
3f3583d6-1037-423a-9a58-0b27ea89d428,"a palestra da engie foi maravilhosa, repleta de conhecimentos"
3f3583d6-1037-423a-9a58-0b27ea89d428,aprendizados
699121e7-c258-43d0-9ede-fdbd0daeb1b5,excelente palestra da engie
97b78585-66fb-4308-ac17-5dec3ad981db,palestra emocionante
97b78585-66fb-4308-ac17-5dec3ad981db,muito importante
97b78585-66fb-4308-ac17-5dec3ad981db,muito bom conhecer mulheres inspiradoras
de8d707d-b7b7-43bd-9191-a060a88bb761,muito legal conhecer mais sobre a engie 🤩
8b928f09-aedb-4ce1-a365-4d56a0839c50,"interessante demais a palestra da engie, ver que as empresas estão começando a se diversificar"
8b928f09-aedb-4ce1-a365-4d56a0839c50,isso que as mulheres exitam em se candidatar as vagas sem estar 100% dos requisitos é muito real
b26c0a2d-f5a9-4708-a4ec-8603756202d8,amei a palestra
b26c0a2d-f5a9-4708-a4ec-8603756202d8,vou passar as informações para minhas alunas
79fef718-42f9-41fd-b7b1-36943233fdba,parabéns pelas iniciativas de diversidade
170840c4-5893-454a-8433-5854baffd2cc,ansiosa para ganhar essa camisa lindaaa
00785be0-171f-446a-9069-97212c12e0e3,"maravilhosas, eu amei"
00785be0-171f-446a-9069-97212c12e0e3,estou adorando casa vez mais
41984732-0ee1-4644-b003-3309c119734d,muito importante esse tema
cc7e1a51-703f-4d8f-b49c-ee6447e0542d,palestras excepcionais
00785be0-171f-446a-9069-97212c12e0e3,"vocês são incríveis, uma palestra melhor que a outra"
41984732-0ee1-4644-b003-3309c119734d,perfeito
c01cfc13-c80c-4c86-872a-da81361b3339,muito muito muito legal a palestra da engie
c01cfc13-c80c-4c86-872a-da81361b3339,muitas dicas boas
cc7e1a51-703f-4d8f-b49c-ee6447e0542d,dúvidas esclarecidas
93780366-368f-4230-aa79-3ac4dca0bec6,"o que me falta mais é autoconfiança no meu próprio conhecimento, obrigada meninas"
9306534e-a4af-407c-a97e-3eab6fa1c918,ótimo conselho dado em relação ao ensino técnico que foi passado pela nazaré
170840c4-5893-454a-8433-5854baffd2cc,wit está sendo sensacional
c04b5ba6-0939-443f-93db-54b15820e804,"me identifiquei muito com a parte da timidez kkkkkk adorei a palestra das meninas, são conselhos muito valiosos ❤️"
b26c0a2d-f5a9-4708-a4ec-8603756202d8,"sou coordenadora de um projeto de extensão vinculado às meninas digitais,"
b26c0a2d-f5a9-4708-a4ec-8603756202d8,nunca olho os editais do cnpq
b26c0a2d-f5a9-4708-a4ec-8603756202d8,participar da mesa redonda me despertou para ficar de olho nesses editais
a2b933ed-8f43-4354-aa77-459b765af699,palestra muito inspiradora
c01cfc13-c80c-4c86-872a-da81361b3339,duas mulheres incríveis nazaré
c01cfc13-c80c-4c86-872a-da81361b3339,muito inspirador
5671ae6e-ba88-4fbb-b2dd-5c0c4e65ce60,eu quero entrar na engie
5671ae6e-ba88-4fbb-b2dd-5c0c4e65ce60,vamos meninas digitais
a24b5393-ee39-4272-8f84-7f95fa794341,engie brilhando como sempre
6933d6a3-26d4-4177-97e9-e7325d50bfaa,insights importantes da vida de uma profissional em ti na palestra engie
b2b4af06-4544-44ae-8b60-f90bdc1f0fe2,ansiosa pela camisa
b2b4af06-4544-44ae-8b60-f90bdc1f0fe2,pelo momento da foto
b2b4af06-4544-44ae-8b60-f90bdc1f0fe2,amei participar do painel
b2b4af06-4544-44ae-8b60-f90bdc1f0fe2,obrigada pelo convite
3ccb2413-c5f6-418c-bf49-a88e2e449ff0,muito bom o wit
c08bca4e-d84f-4567-b938-d29470fd6d02,está sendo muito maravilhoso
c08bca4e-d84f-4567-b938-d29470fd6d02,"amando muito a oportunidade de participar desse evento, incrível"
b26c0a2d-f5a9-4708-a4ec-8603756202d8,minhas alunas estão empolgadíssimas de sair na foto da meninas digitais
2b2df6db-e384-443a-a905-232ffc8dac58,o wit está incrível
2b2df6db-e384-443a-a905-232ffc8dac58,sou suspeita pra falar
537d3fe2-2cd9-4d63-a1cf-6c6d288411ff,o jantar de ontem foi muito especial
537d3fe2-2cd9-4d63-a1cf-6c6d288411ff,que alegria participar desse evento
5b1bd074-2e84-4caf-854b-505a36f8a606,parabéns perfeito
5b1bd074-2e84-4caf-854b-505a36f8a606,"gostei bastante, bons assuntos abordados"
1bfbf56f-28e4-4dee-874f-83823030bda3,amei a camiseta 👕 ✨️
5b1bd074-2e84-4caf-854b-505a36f8a606,parabéns
5b1bd074-2e84-4caf-854b-505a36f8a606,show
3f3583d6-1037-423a-9a58-0b27ea89d428,a blusa do wit é linda demais
7ab458bd-970a-40e5-9525-ee10be806901,"minha primeira vez, no evento"
7ab458bd-970a-40e5-9525-ee10be806901,amei tudo
1b4e9684-e087-4145-88d4-125c44975a1c,lindos relatos de trajetória profissional
1b4e9684-e087-4145-88d4-125c44975a1c,pessoal
7ab458bd-970a-40e5-9525-ee10be806901,"as palestras muito ricas, amei tudo"
3f3583d6-1037-423a-9a58-0b27ea89d428,organização do evento arrasou
1b4e9684-e087-4145-88d4-125c44975a1c,"a palestra foi maravilhosa, seria interessante se o meninas digitais tivesse iniciativas concretas para empregar nossa comunidade, criando parcerias com instituições privadas"
1b4e9684-e087-4145-88d4-125c44975a1c,programas parceiros
e9b594f7-6309-4190-9032-4dde803e2d6a,muito linda a camisa das meninas digitais ❤️❤️
af226d00-c366-4e2d-9c27-2b3ed3d78273,foi maravilhoso
af226d00-c366-4e2d-9c27-2b3ed3d78273,conhecimentos extremamente valiosos
908bb7b4-88ca-4d4c-83d1-513a4e11c569,amei a camisa das meninas digitais
908bb7b4-88ca-4d4c-83d1-513a4e11c569,a corrida do csbc foi top
af226d00-c366-4e2d-9c27-2b3ed3d78273,evento muito bem organizado
af226d00-c366-4e2d-9c27-2b3ed3d78273,oportuno para se sentir acolhida
cd5e94b1-51c2-4147-a20b-9e1345a0adad,eu amei o encontro dos projetos parceiros da meninonas digitais
cd5e94b1-51c2-4147-a20b-9e1345a0adad,estou ansiosa para a palestra da embraer 😍😍
af226d00-c366-4e2d-9c27-2b3ed3d78273,amei a camiseta das meninas digitais
af226d00-c366-4e2d-9c27-2b3ed3d78273,"o evento foi incrível, já estou ansiosa para o próximo ano"
1c7000ea-e558-4ef4-93d8-2c018ec84123,"camiseta linda demais, amei💜"
5c7c797e-febc-42ad-883a-7aaefc221bb2,camisa maravilhosa ❤️
e56b565e-2680-4f05-bfb5-f672c691d632,a camiseta é belíssima
489050ba-f6ce-4f05-a8ce-d6bdee47371a,"muito feliz em estar fazendo parte do wit esse ano, o mar azul da foto foi sensacional"
3853a3fa-b147-4e93-b479-539e9c2370b2,"adorei a animação da senhorinha na hora da fotografia, amei a receptivo"
8a9fc84a-4a91-46ee-b112-e39d627e2abd,amei a blusa do wit
97bb898c-af32-4429-b56c-5914309a8775,ansiosa pela apresentação dos banners
5c7c797e-febc-42ad-883a-7aaefc221bb2,muito obrigada meninas
06f1249e-61d1-4916-a745-f29b8095822b,amando participar ❤️
c5b8399a-a600-4d95-86c9-4de0d38c3d25,ameiii
2d008ba4-8834-40ce-9c01-468181373d96,maravilhoso ♥️
2d008ba4-8834-40ce-9c01-468181373d96,ótimo 💜
e6c29589-e8e1-47aa-be9e-aecde3b1f82b,adorei os temas
e6c29589-e8e1-47aa-be9e-aecde3b1f82b,"salas aconchegantes, só o ar que tá muito gelado"
d80527f2-da3b-4fdb-b561-ed54f7f044d9,estou adorando o evento
d80527f2-da3b-4fdb-b561-ed54f7f044d9,parabéns
d80527f2-da3b-4fdb-b561-ed54f7f044d9,projetos parceiros são maravilhosos
5ca22f49-b601-4a36-81af-dba71e05cf97,palestras muito boas
5ca22f49-b601-4a36-81af-dba71e05cf97,evento maravilhoso
8e1a9311-52fe-4567-8c58-70f0e2281925,renacee md é maravilhoso
fa22c635-07b6-4718-9309-2665ad2d1a12,muito legal ver os outros projetos do cnpq
fa22c635-07b6-4718-9309-2665ad2d1a12,engie me contrata
8e1a9311-52fe-4567-8c58-70f0e2281925,ansiosa pela foto oficial desse ano
fd51eca2-7207-474a-8495-5c0e5f20aea5,muito boa as histórias
fd51eca2-7207-474a-8495-5c0e5f20aea5,gostei bastante
fd51eca2-7207-474a-8495-5c0e5f20aea5,muito interessante
9ea006aa-40fb-4edc-98dd-39d527a61d6d,amei
9ea006aa-40fb-4edc-98dd-39d527a61d6d,incrível
b7c16dca-5c66-4a7b-8685-96474b1617e0,ansiosa para dar continuidade a segunda sessão de pôsteres
a2172412-8829-44fe-a1bb-c21eb82571aa,as camisas wit 2025 estão belíssimas🫶🏻
6d48edcf-e6d6-48d3-a2e0-e9296cb697f3,a foto foi um momento muito massa
c8194828-4572-4490-92ca-12b49d139fba,adorei as camisetas
bc2f024f-816c-4560-b2e7-fe905d1a0478,muito bom
71ba845f-dca4-4b80-a9fc-5012503262d8,palestras incríveis
bc2f024f-816c-4560-b2e7-fe905d1a0478,conteúdo riquíssimo
71ba845f-dca4-4b80-a9fc-5012503262d8,bastante agregador
71ba845f-dca4-4b80-a9fc-5012503262d8,amei!
bc2f024f-816c-4560-b2e7-fe905d1a0478,amei!!
71ba845f-dca4-4b80-a9fc-5012503262d8,mal posso esperar pelas próximas palestras
bc2f024f-816c-4560-b2e7-fe905d1a0478,ansiosa para nossa próxima sessão
be669223-c64d-4256-b488-d6a63a1f5117,muito interessante a ideia de gamificação com o aplicativo
be28feaa-bc8c-45e6-b109-e943185c33f5,"as palestras são ótimas retratando a realidades de muitas mulheres ,"
be28feaa-bc8c-45e6-b109-e943185c33f5,nos inspirado cada vez mais
be669223-c64d-4256-b488-d6a63a1f5117,"a camiseta está linda, adorei"
fcd08197-e61d-4cc4-8460-7859bc9ee761,um momento cheio de aprendizado
fcd08197-e61d-4cc4-8460-7859bc9ee761,amei
edb1ed7b-5a06-419c-bbb0-692a9fbf269e,gostei bastante da iniciativa de ensino de programação competitiva para meninas em escolas públicas
ecf86f01-f235-4ce6-b218-43e9ae6ebb8f,amei a apresentação de projetos
ecf86f01-f235-4ce6-b218-43e9ae6ebb8f,super inspiradores
ecf86f01-f235-4ce6-b218-43e9ae6ebb8f,sessão de posters muito linda
edb1ed7b-5a06-419c-bbb0-692a9fbf269e,as estatísticas são bastante otimistas
fcd08197-e61d-4cc4-8460-7859bc9ee761,momento enriquecedor
fcd08197-e61d-4cc4-8460-7859bc9ee761,gostei muito
7695e714-3a65-4d70-af59-1b2052e09d00,muito bom
7695e714-3a65-4d70-af59-1b2052e09d00,gostei
0fd4184b-054c-4f30-a68f-4f62688e40b4,primeira vez no congresso
0fd4184b-054c-4f30-a68f-4f62688e40b4,voltarei nos próximos com certeza
489050ba-f6ce-4f05-a8ce-d6bdee47371a,parabéns aos projetos parceiros
6f0e3eaf-fbf3-4cda-afac-5bea2ead2b37,parabéns pelo evento
6f0e3eaf-fbf3-4cda-afac-5bea2ead2b37,evento muito bem organizado
6f0e3eaf-fbf3-4cda-afac-5bea2ead2b37,gostei da exposição dos projetos parceiros
4775372c-ada6-4087-bb2c-70b01e4bd2f8,"palestra maravilhosa demais, muito conhecimento compartilhado ☺️"
7ff8200d-cf7f-46b9-82e4-f6cf85fded45,evento perfeito
92884dd4-6d85-4439-b8ed-855f735d689a,ótimo
92884dd4-6d85-4439-b8ed-855f735d689a,ufs aquii
1130f3f4-1e33-482d-a327-745c63f1516b,amei os pôsteres
81c3d4c8-2223-4ace-9cda-6620ed75bf1a,que bom ver tantos pôsteres de programas parceiros
7ff8200d-cf7f-46b9-82e4-f6cf85fded45,o segundo dia também está sendo incrível
575e397c-e7d3-4587-9a09-46e3df1ccdf4,adorei conhecer novos projetos parceiros durante a sessão de pôster
ccf1aa16-c6a5-4d78-85ab-a43ad8256de3,💗💗💗💗👩🏻‍💻
8b928f09-aedb-4ce1-a365-4d56a0839c50,estou amando a gameficação
51dee22d-fc70-4bc4-b8ad-c757599b8ba8,muito conhecimento
0075ff65-ea4f-498d-992f-ada2464aa615,muito bom  o evento
0075ff65-ea4f-498d-992f-ada2464aa615,programacao wit maravilhosa
464bbcb6-2b9f-498e-bfbd-4f0b6935e844,que evento lindo
464bbcb6-2b9f-498e-bfbd-4f0b6935e844,perfeito
464bbcb6-2b9f-498e-bfbd-4f0b6935e844,estou encantada 😍
464bbcb6-2b9f-498e-bfbd-4f0b6935e844,a coordenação do evento está de parabéns
464bbcb6-2b9f-498e-bfbd-4f0b6935e844,csbc em maceió é tudo de melhor 💞💞💞💞💞
adec314d-1120-4e55-985a-8bdbbf48be55,"parabéns, pela organização do evento"
adec314d-1120-4e55-985a-8bdbbf48be55,as pautas são muito relevantes
6d48edcf-e6d6-48d3-a2e0-e9296cb697f3,a exposição dos projetos parceiros foi um sucesssooooo
fe69c798-5373-4255-831b-9a1ce468c5d6,a sessão de pôsteres foi incrível
fe69c798-5373-4255-831b-9a1ce468c5d6,conhecer mulheres com força de vontade dá inspiração para fazer o mesmo
d9d06ba9-ddc7-49e3-8ff8-cfc02ea63d0f,amei a apresentação de banners
d9d06ba9-ddc7-49e3-8ff8-cfc02ea63d0f,conhecer os outros projetos
d9d06ba9-ddc7-49e3-8ff8-cfc02ea63d0f,falar sobre o meninas
d9d06ba9-ddc7-49e3-8ff8-cfc02ea63d0f,comp foi bom demais
d41245db-625f-483f-8dc9-03a25833c76c,❤️
d9d06ba9-ddc7-49e3-8ff8-cfc02ea63d0f,muito importante o relatório feito pela cide
d9d06ba9-ddc7-49e3-8ff8-cfc02ea63d0f,obrigada por trazerem ele para que a comunidade se conscientize cada vez mais
1ced77b3-b5de-4d74-8882-f7ffe3d9ec30,muito gratificante estar participando
1ced77b3-b5de-4d74-8882-f7ffe3d9ec30,sem comentários
adec314d-1120-4e55-985a-8bdbbf48be55,"devemos, sim, criar um ambiente em que todos se sintam bem-vindos"
adec314d-1120-4e55-985a-8bdbbf48be55,para isso é preciso compreender os porquês das diferenças de representatividade em relação à sociedade brasileira na sbc
4775372c-ada6-4087-bb2c-70b01e4bd2f8,"adorei a sessão de pôsteres, muitos trabalhos brilhantes 💜"
7ff8200d-cf7f-46b9-82e4-f6cf85fded45,💖💖💖
e56b565e-2680-4f05-bfb5-f672c691d632,a sessão de pôsteres foi inspiradora
e56b565e-2680-4f05-bfb5-f672c691d632,parabéns a todos os projetos parceiros
8f0f4c0d-f2eb-4b18-8099-25bcd217a483,importantíssimo ter o presidente da acm compreendendo a importância da diversidade na computação
352e47bd-d2bf-4541-a6ce-6498a321db06,ainda estamos por aqui
a963dd12-40da-4337-b329-0e358fc55b57,achei extremamente interessante
a963dd12-40da-4337-b329-0e358fc55b57,bem vindo ao evento
03a65761-df50-4a1d-b247-f846bd21c48e,eu amei
03a65761-df50-4a1d-b247-f846bd21c48e,adorei
352e47bd-d2bf-4541-a6ce-6498a321db06,extremamente interessante
1adbc12f-bf03-4c55-8960-539251e80c9e,segundo dia <3
bc4009b6-e6ad-4b08-8126-a0e91ba35f4b,adorei ver mulheres tão importantes
bc4009b6-e6ad-4b08-8126-a0e91ba35f4b,inteligentes nesse evento
bc4009b6-e6ad-4b08-8126-a0e91ba35f4b,obrigada por serem inspirações pra todas as meninas no congresso
3efe71e2-c0d5-4596-b566-0ef34e7ff13d,"já no início da apresentação da embraer me encantou os olhos, simplesmente incrível"
34f169b0-0592-49a9-adae-030f73515e9e,"pude aprender bastante sobre inclusão das mulheres na tecnologia, acredito que a palestra sanou diversas dúvidas pessoais minhas"
34f169b0-0592-49a9-adae-030f73515e9e,ótima palestra
34f169b0-0592-49a9-adae-030f73515e9e,muito grata por poder participar
38a3f457-2608-4b06-a8f5-f05a3c41b341,parabéns por esse evento incrível
38a3f457-2608-4b06-a8f5-f05a3c41b341,é muito bom ver as meninas de diferentes estados tão engajadas em um único propósito
bc4009b6-e6ad-4b08-8126-a0e91ba35f4b,segundo dia ❤️❤️
bc4009b6-e6ad-4b08-8126-a0e91ba35f4b,amei a palestra da embraer
bc4009b6-e6ad-4b08-8126-a0e91ba35f4b,top top top
464bbcb6-2b9f-498e-bfbd-4f0b6935e844,"genteee, que evento toppp"
464bbcb6-2b9f-498e-bfbd-4f0b6935e844,maravilhosoooooo
e6d477bf-b603-42a7-985e-ac84356103b9,parabéns pelo evento
1e411a8b-4d32-4425-945d-09887c5071b8,entrega das camisas hoje foi emocionante
e6d477bf-b603-42a7-985e-ac84356103b9,que emocionante
1e411a8b-4d32-4425-945d-09887c5071b8,segundo dia está terminando com sucesso❤️
6933d6a3-26d4-4177-97e9-e7325d50bfaa,marinalva você me representa
c23e3c88-36e4-4099-abc5-67195fb50d88,adorei a sessão de pôsteres
c23e3c88-36e4-4099-abc5-67195fb50d88,é muito interessante ver tantos trabalhos voltados para mulheres em um congresso de computação
c23e3c88-36e4-4099-abc5-67195fb50d88,"como mulher na área de computação, acho muito importante eventos como esse"
1c7000ea-e558-4ef4-93d8-2c018ec84123,sempre muito bom ver jogos sobre mulheres em stem💕
b7c16dca-5c66-4a7b-8685-96474b1617e0,"motivador a apresentação da embraer, tanto pelas oportunidades apresentadas,"
b7c16dca-5c66-4a7b-8685-96474b1617e0,"principalmente a história de vida da marinalva, uma inspiração em pessoa"
251569e1-42c3-4c32-b8db-d8b8b9741d5b,adorei a camiseta
251569e1-42c3-4c32-b8db-d8b8b9741d5b,manhã maravilhosa no wit
1130f3f4-1e33-482d-a327-745c63f1516b,o dia de hoje foi muito motivador
1130f3f4-1e33-482d-a327-745c63f1516b,poder ver tantos trabalhos das meninas nas áreas foi inspirador
b26c0a2d-f5a9-4708-a4ec-8603756202d8,a palestra da embraer foi fantástica
b26c0a2d-f5a9-4708-a4ec-8603756202d8,que lição de vuda emocionante
b26c0a2d-f5a9-4708-a4ec-8603756202d8,primeira pergunta do questionário de avaliação do wit não está permitindo marcar mais de 1 alternativa
262af184-23c3-4cb4-8231-04a142217d69,o tema é bem relevante
262af184-23c3-4cb4-8231-04a142217d69,trás perspectivas diferentes do que imaginava
262af184-23c3-4cb4-8231-04a142217d69,palestra clara
262af184-23c3-4cb4-8231-04a142217d69,objetiva
06f1249e-61d1-4916-a745-f29b8095822b,ontem foi o dia mais legal
06f1249e-61d1-4916-a745-f29b8095822b,"interativo, vou sair desse congresso inspirada a focar nos meus estudos pra crescer"
06f1249e-61d1-4916-a745-f29b8095822b,ganhar mais espaço na área ❤️
06f1249e-61d1-4916-a745-f29b8095822b,a camiseta
06f1249e-61d1-4916-a745-f29b8095822b,os brindes estão maravilhosos ❤️❤️❤️❤️
c23e3c88-36e4-4099-abc5-67195fb50d88,conheci pessoas incríveis com projetos incríveis
c23e3c88-36e4-4099-abc5-67195fb50d88,é muito importante
c23e3c88-36e4-4099-abc5-67195fb50d88,muito boa essa troca
c23e3c88-36e4-4099-abc5-67195fb50d88,o momento da foto oficial foi muito lindo
6e490da9-d604-49fa-b782-7cc09c1615d3,ansiosa para as apresentações de hoje
6e490da9-d604-49fa-b782-7cc09c1615d3,certamente será  incrível
6e490da9-d604-49fa-b782-7cc09c1615d3,a gamificacao está demais
526a01d7-32cb-4bbe-a7c8-77d7090f52fd,evento super legal
c23e3c88-36e4-4099-abc5-67195fb50d88,ansiosa para ver as apresentações de hoje
d7cc7b23-8be1-497b-ae4a-23b538971629,ótima organização
d7cc7b23-8be1-497b-ae4a-23b538971629,ansiosa para o próximo
4270590b-ac53-434d-88eb-f948b87a7247,ansioso para hoje
4270590b-ac53-434d-88eb-f948b87a7247,"bom dia, ansioso para as apresentações de hoje"
bf25caf2-133a-4e49-af4f-273e12e2009e,"hoje o dia vai ser emocionante, dia de apresentação"
bf25caf2-133a-4e49-af4f-273e12e2009e,"última dia, já estou com saudades"
5b1bd074-2e84-4caf-854b-505a36f8a606,ótimo trabalho
5b1bd074-2e84-4caf-854b-505a36f8a606,"continuem assim, evento perfeito"
a57c1135-2ebb-4824-9625-c0bce163dddf,ansioso para a premiação do evento 🙏
4bc0a904-0a38-4b33-b1de-cab5ea9cf808,palestras incríveis
4bc0a904-0a38-4b33-b1de-cab5ea9cf808,super legal
a57c1135-2ebb-4824-9625-c0bce163dddf,go mermãs
9ea006aa-40fb-4edc-98dd-39d527a61d6d,impressionante a diversidade de informações interessantes
9ea006aa-40fb-4edc-98dd-39d527a61d6d,incrível como essas palestras mudam a nossa visão
0075ff65-ea4f-498d-992f-ada2464aa615,os fórums do wit estão sendo muito bons
d045f926-cf41-4757-ae96-89594f6e4870,tá incrível 💜
d045f926-cf41-4757-ae96-89594f6e4870,mermãs digitais 💜
0075ff65-ea4f-498d-992f-ada2464aa615,evento excelente
e11a154c-a026-49a9-9a71-ad45b5939df8,último dia de wit 😢
170840c4-5893-454a-8433-5854baffd2cc,ansiosa pelas apresentações de hoje
e11a154c-a026-49a9-9a71-ad45b5939df8,bom dia ☀️
170840c4-5893-454a-8433-5854baffd2cc,esperando muito já pela premiação
170840c4-5893-454a-8433-5854baffd2cc,a edição de 2026
75049fc4-0a03-4d80-9d70-6471c2c5a110,o wit tá incrível
75049fc4-0a03-4d80-9d70-6471c2c5a110,os artigos são demais
75049fc4-0a03-4d80-9d70-6471c2c5a110,momentos incríveis
0b4761ba-7672-4bde-89c3-74f013f2b163,último dia vamos que vamos
0b4761ba-7672-4bde-89c3-74f013f2b163,partiu
97bb898c-af32-4429-b56c-5914309a8775,triste de já ser o último dia
67959b7b-0a25-4354-a35e-f5974a549323,uma pena hoje ser o último dia de wit
67959b7b-0a25-4354-a35e-f5974a549323,já estou pronta para o próximo 😍
16d2d16a-6864-4d0c-afe3-d87991308ec5,"adorei, participei de todos"
16d2d16a-6864-4d0c-afe3-d87991308ec5,quero mais broches
251569e1-42c3-4c32-b8db-d8b8b9741d5b,começando mais um dia no wit;)
050da8f6-fd58-42b6-8066-82fb42c0fa4b,salas bem localizadas
050da8f6-fd58-42b6-8066-82fb42c0fa4b,"organizadas, além de limpas"
050da8f6-fd58-42b6-8066-82fb42c0fa4b,com bom som
1e2c4536-db1c-40f6-a514-717da937138d,muito ansiosa pra apresentar nosso artigo
050da8f6-fd58-42b6-8066-82fb42c0fa4b,ótimas apresentações com diversidade de assuntos
050da8f6-fd58-42b6-8066-82fb42c0fa4b,"temas, além de pessoas"
1e2c4536-db1c-40f6-a514-717da937138d,"ótima organização, como sempre"
f3eed192-b8ab-4094-942f-54e234fbb70b,ainda tentando me recuperar da história de vida de marinalva 😭
f3eed192-b8ab-4094-942f-54e234fbb70b,palestra incrível do embraer 🤩🤩🤩
352e47bd-d2bf-4541-a6ce-6498a321db06,palestra incrível a da embraer
3efe71e2-c0d5-4596-b566-0ef34e7ff13d,ansiosa para as de hoje
3efe71e2-c0d5-4596-b566-0ef34e7ff13d,"mesmo vindo para outro evento, minha agenda hj é 100% wit"
5c7c797e-febc-42ad-883a-7aaefc221bb2,super ansiosa com o dia de hoje
cf03f7b1-8338-40a2-84f4-91ec5f988764,evento incrível
352e47bd-d2bf-4541-a6ce-6498a321db06,massa dms
cf03f7b1-8338-40a2-84f4-91ec5f988764,último dia
352e47bd-d2bf-4541-a6ce-6498a321db06,que pena q está acabando
a24b5393-ee39-4272-8f84-7f95fa794341,"que venha o último dia, wit já deixando saudades"
17a6d940-56ba-4d72-8c6b-3f765a91e6ac,expectativa a mil aqui no último dia de wit
268e12fc-6012-41e0-9301-483b58059c69,"último dia, 😍"
20280073-68fe-4304-9f54-d23b1663fe33,os artigos são extremamente importantes para aderirmos conhecimentos de outros temas
20280073-68fe-4304-9f54-d23b1663fe33,adequarmos em nosso projetos
d90a7533-8a3c-4a1e-9221-2185fdeaec90,"adorei o tema de inclusão, diversidade"
d90a7533-8a3c-4a1e-9221-2185fdeaec90,equidade
d90a7533-8a3c-4a1e-9221-2185fdeaec90,adorando participar do wit
6d48edcf-e6d6-48d3-a2e0-e9296cb697f3,já estou com saudade 🥲
a4ceb2fb-9e75-4db1-ace5-c82f92a1376e,tudo ótimo
6d48edcf-e6d6-48d3-a2e0-e9296cb697f3,que hoje seja um dia maravilhoso
ed496342-5088-4e03-9bf6-270dbfd06758,secção técnica 5 está com apresentações fantásticas ✨
a4ceb2fb-9e75-4db1-ace5-c82f92a1376e,maravilhoso
a4ceb2fb-9e75-4db1-ace5-c82f92a1376e,parabéns
ce4b41b3-8b58-4d8c-9cb8-5bf7133c59d4,sempre maravilhoso
ce4b41b3-8b58-4d8c-9cb8-5bf7133c59d4,perfeito
a6584b5b-822e-4c85-be5b-e91db87dc16e,até agora tudo maravilhoso
4c4af487-81e9-4e3a-8efc-b2d0f1b0b394,foram dias de muito conhecimento
4c4af487-81e9-4e3a-8efc-b2d0f1b0b394,boas experiências
38a3f457-2608-4b06-a8f5-f05a3c41b341,"último dia, tururuu"
4c4af487-81e9-4e3a-8efc-b2d0f1b0b394,estou voltando pra casa com muitas ideias
4c4af487-81e9-4e3a-8efc-b2d0f1b0b394,inovações
3ad87374-5d6b-41e4-a901-00435a3f8c6e,amei o dia de hj
3ad87374-5d6b-41e4-a901-00435a3f8c6e,espero que os próximos encontros sejam tão bons quanto
38a3f457-2608-4b06-a8f5-f05a3c41b341,já quero ir para o próximo
eb7a2e85-37f5-4355-b66a-b99d1a9ac033,"que evento incrível, vou sentir saudadee do csbc💖"
eb7a2e85-37f5-4355-b66a-b99d1a9ac033,todas as apresentações do wit impecáveis
671f8ca1-38b7-401b-b96a-2dc047c32c4b,está sendo um sonho
671f8ca1-38b7-401b-b96a-2dc047c32c4b,a energia ontem na hora da foto foi incrível
20280073-68fe-4304-9f54-d23b1663fe33,extremamente importante
17a6d940-56ba-4d72-8c6b-3f765a91e6ac,"assunto muito interessante sobre a síndrome do impostor, já passei por isso no começo da minha carreira como desenvolvedora"
17a6d940-56ba-4d72-8c6b-3f765a91e6ac,fui muito bem acolhida por mulheres incríveis
17a6d940-56ba-4d72-8c6b-3f765a91e6ac,empoderadas
17a6d940-56ba-4d72-8c6b-3f765a91e6ac,viva o wit
f968ccfe-0100-4760-818b-0d85fd912a70,adorei o evento
f968ccfe-0100-4760-818b-0d85fd912a70,ótimas palestras
f968ccfe-0100-4760-818b-0d85fd912a70,queria mais
5244efbb-01d2-4f7e-b505-4fd32300baff,trabalhos qualificados demais
5244efbb-01d2-4f7e-b505-4fd32300baff,o wit cresceu com sessões técnicas em paralelo
5244efbb-01d2-4f7e-b505-4fd32300baff,esta na hora de virar um simpósio hehehe
ed496342-5088-4e03-9bf6-270dbfd06758,wit está cheio de artigos maravilhosos ✨🫰🏻
38a3f457-2608-4b06-a8f5-f05a3c41b341,evento muito bom
5c7c797e-febc-42ad-883a-7aaefc221bb2,muito interessante o artigo sobre a síndrome da impostora
e56b565e-2680-4f05-bfb5-f672c691d632,uma pena que já é o último dia
e56b565e-2680-4f05-bfb5-f672c691d632,animada para o ano que vem
9e1aa993-64b6-4d6b-99d1-897ce3415327,evento maravilhoso
c08bca4e-d84f-4567-b938-d29470fd6d02,#csbc2025
9e1aa993-64b6-4d6b-99d1-897ce3415327,😍😍
9e1aa993-64b6-4d6b-99d1-897ce3415327,👏
ae4d3fbb-069f-4906-895d-6ff10de1bdb9,último dia de csbc
ae4d3fbb-069f-4906-895d-6ff10de1bdb9,"wit, ansiosa"
ae4d3fbb-069f-4906-895d-6ff10de1bdb9,triste ao mesmo tempo
39c3a3e9-ded4-4f91-a9f8-b00e2c644d07,#csbc2025
9e1aa993-64b6-4d6b-99d1-897ce3415327,💫❤️
c08bca4e-d84f-4567-b938-d29470fd6d02,minha a primeira vez no evento
c08bca4e-d84f-4567-b938-d29470fd6d02,"em congresso relacionados,"
c08bca4e-d84f-4567-b938-d29470fd6d02,"estou achando muito interessante as apresentações de artigos, dá mais motivação de estar na área acadêmica"
609ff990-2fc8-4802-9bc3-d805b042eab5,considerei a palestra importante para a minha compreensão da situação atual das mulheres na área stem
f37ffdc2-3f64-4b56-a935-4ddecee92321,o evento está sendo maravilhoso
f37ffdc2-3f64-4b56-a935-4ddecee92321,amei a camisa dessa edição do wit
609ff990-2fc8-4802-9bc3-d805b042eab5,gostei
adec314d-1120-4e55-985a-8bdbbf48be55,"gurias of code, presente"
adec314d-1120-4e55-985a-8bdbbf48be55,(sessão técnica 05)
adec314d-1120-4e55-985a-8bdbbf48be55,"a programação está excelente, contemplando diversidade"
adec314d-1120-4e55-985a-8bdbbf48be55,interseccionalidade
c8ddbe59-a031-4194-add3-db3071ddcbef,último dia wit :(
c8ddbe59-a031-4194-add3-db3071ddcbef,💜
d230aaa6-976f-49bd-bb8a-21d45dec64ab,vou voltar ano que vem
d230aaa6-976f-49bd-bb8a-21d45dec64ab,agradeço o apoio da embraer
d230aaa6-976f-49bd-bb8a-21d45dec64ab,a palestra da marinalva foi emocionante
454aed9e-698f-45b7-bd91-93f4a4e6aa1d,sessao maravilhosa
454aed9e-698f-45b7-bd91-93f4a4e6aa1d,muito feliz em estar no wit
454aed9e-698f-45b7-bd91-93f4a4e6aa1d,❤️
8ace69cd-74b9-4738-b109-9ea8d441105c,organização arrasou
8ace69cd-74b9-4738-b109-9ea8d441105c,muito massa o evento
5ca22f49-b601-4a36-81af-dba71e05cf97,artigos muito bons
5ca22f49-b601-4a36-81af-dba71e05cf97,quero ir pro próximo
8ac171ff-ae8c-4709-899e-93e23ba84729,amando o wit
325332d3-4d5a-4a5f-9767-efb22cbb4b1c,"palestrantes incríveis, aprendi muito com suas vivências"
b787555f-cd18-4a0b-9e20-493282185ddd,trabalhar com estatística
b787555f-cd18-4a0b-9e20-493282185ddd,dados demanda muito cuidado para não serem enviesado
b787555f-cd18-4a0b-9e20-493282185ddd,muito bom
325332d3-4d5a-4a5f-9767-efb22cbb4b1c,experiência maravilhosa de ouvir
325332d3-4d5a-4a5f-9767-efb22cbb4b1c,participar desse debate
3406c3d7-f8f1-4db4-9d3f-06b9d53fa541,💙💙💙
3406c3d7-f8f1-4db4-9d3f-06b9d53fa541,👏👏👏👏👏
325332d3-4d5a-4a5f-9767-efb22cbb4b1c,muito bom
5671ae6e-ba88-4fbb-b2dd-5c0c4e65ce60,vai codebloom
5671ae6e-ba88-4fbb-b2dd-5c0c4e65ce60,vai meninas
bbce1d34-bf29-45d4-8ff1-5bc397a59a07,💙💙
bbce1d34-bf29-45d4-8ff1-5bc397a59a07,💙💙💙
01bdf958-26a8-4cbb-9001-f8323dd02301,está acabando😭
bbce1d34-bf29-45d4-8ff1-5bc397a59a07,💙
7afaf882-baa2-47f7-aa69-a15f8ad3452a,💙💙💙
00785be0-171f-446a-9069-97212c12e0e3,maravilhosas ❤️
00785be0-171f-446a-9069-97212c12e0e3,adorei muito
01bdf958-26a8-4cbb-9001-f8323dd02301,💙💙
39c3a3e9-ded4-4f91-a9f8-b00e2c644d07,#wit
39c3a3e9-ded4-4f91-a9f8-b00e2c644d07,#mulheres
3ecdcc60-1292-4833-9c99-08066e0a6e86,apresentação sobre síndrome do impostor muito interessante
c90f49e7-30eb-4954-bad6-ff13e4342a57,empolgada para este dia
3ecdcc60-1292-4833-9c99-08066e0a6e86,quero brindes do wit
39c3a3e9-ded4-4f91-a9f8-b00e2c644d07,csbc2025
e4d0c31c-1009-4bce-8c78-8d6c2d7dce89,oi maninhas
e4d0c31c-1009-4bce-8c78-8d6c2d7dce89,amo
c90f49e7-30eb-4954-bad6-ff13e4342a57,"parabéns, fernanda"
c90f49e7-30eb-4954-bad6-ff13e4342a57,adorei sua palestra sobre a síndrome do impostor
f429f390-79a1-4e84-9a93-87a43048d3d7,oportunidade de conhecer outras realidades
f429f390-79a1-4e84-9a93-87a43048d3d7,ver que as questões que envolve nos mulheres nesta área está sendo debatido
251569e1-42c3-4c32-b8db-d8b8b9741d5b,amando as sessões técnicas
429ddec8-9edb-4757-ab8b-fcdb61defd4e,o artigos estão incríveis
f9ff0b83-ae39-447d-b0f0-4714731e87c0,"último dia, ja estou com saudades"
f9ff0b83-ae39-447d-b0f0-4714731e87c0,"amando os momentos de conversa, troca"
f9ff0b83-ae39-447d-b0f0-4714731e87c0,mesa redonda
34191d68-5e12-4c00-aa49-d5df3fba23d2,vamos pra mais um dia de csbc
9365cf2e-64e9-49a0-bd3a-0d347b215820,"os artigos estão muito bem feitos, a seleção foi ótima"
fcd08197-e61d-4cc4-8460-7859bc9ee761,gostei muito
9365cf2e-64e9-49a0-bd3a-0d347b215820,a cor da farda tá linda por demais ❤️
29c31113-a01c-48e9-b475-a6963c13f3b6,tudo lindo
fcd08197-e61d-4cc4-8460-7859bc9ee761,momento incrivel
40fe60dd-8567-464d-ae76-d066077f13a2,palestras interativas
40fe60dd-8567-464d-ae76-d066077f13a2,muito envolventes
40fe60dd-8567-464d-ae76-d066077f13a2,muito informativas
a24b5393-ee39-4272-8f84-7f95fa794341,já aguardando a ida a gramado
192b32a5-e58c-4098-9904-78bda4615134,muito importante
192b32a5-e58c-4098-9904-78bda4615134,sempre bom aprender
e9b594f7-6309-4190-9032-4dde803e2d6a,"último dia de wit, ja estou com saudades🥹🙏🩷🌻"
add7fd57-687a-4470-8299-2c592991f1cb,highschoolminas foi o mais interessante pra mim
add7fd57-687a-4470-8299-2c592991f1cb,a ideia de criar um jogo pra ajudar as meninas em segurança digital foi genial
b787555f-cd18-4a0b-9e20-493282185ddd,"aula de conceitos de algoritmos antes de entrar em uma linguagem específica é muito bom para não acostumar os alunos na linguagem ""mais fácil"""
fe69c798-5373-4255-831b-9a1ce468c5d6,o momento de apresentação dos artigos aprovados está sendo bastante inspirador
fe69c798-5373-4255-831b-9a1ce468c5d6,"ontem finalizei o dia com novas ideias para o projeto em que faço parte, para integrar mais mulheres"
1bfbf56f-28e4-4dee-874f-83823030bda3,sessão técnica 5 está inspiradora
1bfbf56f-28e4-4dee-874f-83823030bda3,"muito bom conhecer outras formas de levar a stem para o mundo, buscando diversidade de gênero"
c44a6e4a-9181-4d20-94cb-c3d5e05fd31c,muito bem
c44a6e4a-9181-4d20-94cb-c3d5e05fd31c,ameiii
0708d7a9-ed61-4c3c-9a29-dd8d999363e3,que trabalhos maravilhosos
ae4d3fbb-069f-4906-895d-6ff10de1bdb9,"ótima sessão de artigos, os trabalhos"
ae4d3fbb-069f-4906-895d-6ff10de1bdb9,projetos para ter uma maior inclusão feminina no mundo da ti são muito bons
ae4d3fbb-069f-4906-895d-6ff10de1bdb9,extremamente importantes
49506d82-9f58-4b30-828a-de6ce622a116,evento inspirador
49506d82-9f58-4b30-828a-de6ce622a116,cheia de ideias para inspirar
49506d82-9f58-4b30-828a-de6ce622a116,ajudar outras meninas
49506d82-9f58-4b30-828a-de6ce622a116,mulheres do meu agreste pernambucano a transformarem suas vidas
429ddec8-9edb-4757-ab8b-fcdb61defd4e,amei os artigos
7afaf882-baa2-47f7-aa69-a15f8ad3452a,muito bom
93780366-368f-4230-aa79-3ac4dca0bec6,"infelizmente hoje é o último dia, muito obrigada por tudo"
de8d707d-b7b7-43bd-9191-a060a88bb761,amei a iniciativa do gurias na comp de mostrar a trajetória de mulheres “comuns”
de8d707d-b7b7-43bd-9191-a060a88bb761,como é enriquecedor conhecer ideias de outros projetos
e4d0c31c-1009-4bce-8c78-8d6c2d7dce89,heyyy
e4d0c31c-1009-4bce-8c78-8d6c2d7dce89,lindaaaasa
266dfd00-4b9e-447c-910d-0deebdb32501,👏👏👏
266dfd00-4b9e-447c-910d-0deebdb32501,amei
266dfd00-4b9e-447c-910d-0deebdb32501,"oi, meninas"
266dfd00-4b9e-447c-910d-0deebdb32501,❤️
3efe71e2-c0d5-4596-b566-0ef34e7ff13d,podia distribuir os brindes por participação
526a01d7-32cb-4bbe-a7c8-77d7090f52fd,"nunca tinha participado de algo assim, super incrívellll"
526a01d7-32cb-4bbe-a7c8-77d7090f52fd,🥰
66454fbb-c04e-4822-a432-18c2dc0bd51e,evento muito importante
66454fbb-c04e-4822-a432-18c2dc0bd51e,muito bom
1b4e9684-e087-4145-88d4-125c44975a1c,ansioso para a premiação 👏🏽👏🏽
7afaf882-baa2-47f7-aa69-a15f8ad3452a,tema super necessário
7afaf882-baa2-47f7-aa69-a15f8ad3452a,amei!
1bfbf56f-28e4-4dee-874f-83823030bda3,que satisfação apresentar no wit
1b4e9684-e087-4145-88d4-125c44975a1c,"muito bom, adorei"
1b4e9684-e087-4145-88d4-125c44975a1c,"nota 10, apresentação pai d'egua"
54a3a419-9b19-44e8-8c62-7054a2142eba,.
367155bd-5555-4d88-a907-c18a083692b4,ótimooo
367155bd-5555-4d88-a907-c18a083692b4,ameiii
c81d774a-5525-4ce1-9bbf-a8b743959e28,"uma apresentação muito boa, gostei bastante"
c81d774a-5525-4ce1-9bbf-a8b743959e28,gostei muito
93780366-368f-4230-aa79-3ac4dca0bec6,espero ir ao próximo csbc
93780366-368f-4230-aa79-3ac4dca0bec6,estar com vcs
0708d7a9-ed61-4c3c-9a29-dd8d999363e3,que evento maravilhoso
1adbc12f-bf03-4c55-8960-539251e80c9e,dia cheio
54a3a419-9b19-44e8-8c62-7054a2142eba,temas muito atuais
0550020a-2c79-43e6-b4ad-9d818973b654,os temas abordados foram muito relevantes
1adbc12f-bf03-4c55-8960-539251e80c9e,<3
0550020a-2c79-43e6-b4ad-9d818973b654,teste
342d6dfe-f757-4730-97bc-246b444e6474,os artigos técnicos foram ótimos
7695e714-3a65-4d70-af59-1b2052e09d00,"muito boas, gostei muito"
97bb898c-af32-4429-b56c-5914309a8775,primeiras sessões técnicas foram incríveis
97bb898c-af32-4429-b56c-5914309a8775,super animada em fazer coisas novas na minha região
342d6dfe-f757-4730-97bc-246b444e6474,pronta para
342d6dfe-f757-4730-97bc-246b444e6474,mais um dia de wit
7695e714-3a65-4d70-af59-1b2052e09d00,sensacional
575e397c-e7d3-4587-9a09-46e3df1ccdf4,"wit arrasando trazendo essas mulheres de peso, super inspiradoras"
412301d3-9406-4057-b8ca-f6c63f066ec3,otimas palestras bem inspiradoras
412301d3-9406-4057-b8ca-f6c63f066ec3,profissionais que inspiram demais
412301d3-9406-4057-b8ca-f6c63f066ec3,vamos meninas digitais
00256042-e094-477c-b716-28f2b7e561de,palestras incríveis
8b928f09-aedb-4ce1-a365-4d56a0839c50,muito legal a exposição dos trabalhos da seção técnica
8b928f09-aedb-4ce1-a365-4d56a0839c50,várias ideias surgindo para o futuro a partir dessas pesquisas 💕
412301d3-9406-4057-b8ca-f6c63f066ec3,me sinto bem representada nas palestras
1130f3f4-1e33-482d-a327-745c63f1516b,já estou com saudade
8a9fc84a-4a91-46ee-b112-e39d627e2abd,muito bom ver mulheres compartilhando sua experiência profissional
8a9fc84a-4a91-46ee-b112-e39d627e2abd,é importante buscar mudanças institucionais que acolham as mulheres no mercado de trabalho
412301d3-9406-4057-b8ca-f6c63f066ec3,precisamos de mais mulheres na área de ti
d02b6ff0-dcbf-4984-a11b-da3709dfc569,perfeito
609ff990-2fc8-4802-9bc3-d805b042eab5,teste
d02b6ff0-dcbf-4984-a11b-da3709dfc569,amei
609ff990-2fc8-4802-9bc3-d805b042eab5,gostaria de saber se haverá outrs palestra com as mulheres da embraer
609ff990-2fc8-4802-9bc3-d805b042eab5,gostei muito do evento
d02b6ff0-dcbf-4984-a11b-da3709dfc569,grande experiência
d02b6ff0-dcbf-4984-a11b-da3709dfc569,muitos aprendizados
5bb974d7-0d42-4ba7-b115-6f2821843ecc,palestras muito inspiradoras
5bb974d7-0d42-4ba7-b115-6f2821843ecc,por mais mulheres na ti
6dd05336-2244-4230-bb22-31b592f2e3f8,estou amando o evento
6dd05336-2244-4230-bb22-31b592f2e3f8,tudo incrível por aqui
bc2f024f-816c-4560-b2e7-fe905d1a0478,mais um dia de wit
90323ec9-1991-46bd-bc2a-4a3d8804cf71,gostei muito
90323ec9-1991-46bd-bc2a-4a3d8804cf71,amei mesmo
cf343695-2367-4236-b0ab-3c72d8222639,precisamos fazer circular os nomes das mulheres
cf343695-2367-4236-b0ab-3c72d8222639,"falar bem das nossas colegas (de forma legítima), para que possam ser lembradas nas indicações a cargos"
cf343695-2367-4236-b0ab-3c72d8222639,posições importantes
bc2f024f-816c-4560-b2e7-fe905d1a0478,já estou com saudades do evento
ae163e36-169f-44a1-8c73-558123924278,palestras inspiradoras
5bb974d7-0d42-4ba7-b115-6f2821843ecc,a sororidade é essencial no mercado de trabalho: mulheres que se apoiam fortalecem toda a comunidade profissional
ae163e36-169f-44a1-8c73-558123924278,inspirações
c23e3c88-36e4-4099-abc5-67195fb50d88,roda de conversa muito emocionante
3e429152-f456-498f-9abb-459b5388f42d,mesa incrível
3e429152-f456-498f-9abb-459b5388f42d,muito interesse na embraer
47ac28d9-6e77-4392-b392-960bd5825559,as palestras estão sendo muito inspiradoras 👏🏻😍
e9b594f7-6309-4190-9032-4dde803e2d6a,"o apoio de outras mulheres é essencial, muito legal ter esse suporte"
ae163e36-169f-44a1-8c73-558123924278,apoio é essencial
d32d63c1-02f8-4d06-9fdb-6dfed1c37967,muito legal o evento
47ac28d9-6e77-4392-b392-960bd5825559,evento maravilhosooo 😍
ae163e36-169f-44a1-8c73-558123924278,mulheres incríveis
3e429152-f456-498f-9abb-459b5388f42d,mesa esplêndida
3e429152-f456-498f-9abb-459b5388f42d,espero um dia ser colega de trabalho dessas mulheres ole ter a oportunidade de fazer parte do time feminino da embraer
6c3e12ff-eaca-45fd-ab7c-b291f088c86e,ansiosa pra gravar o video com a collab de projetos 💕
d32d63c1-02f8-4d06-9fdb-6dfed1c37967,"espero poder vir ao wit 2026 🤭 a edição de 2025 foi incrível, espero poder vir mais vezes"
6c3e12ff-eaca-45fd-ab7c-b291f088c86e,demos uma fugidinha do congresso para passear hoje
6c3e12ff-eaca-45fd-ab7c-b291f088c86e,maceió é surreal
560003d3-5b59-481c-85d2-838ef984b466,sobre o projeto: fazer parcerias com os municípios também
560003d3-5b59-481c-85d2-838ef984b466,esse projeto não pode parar
268e12fc-6012-41e0-9301-483b58059c69,bora segurar a porta pra mais diversidade
a6584b5b-822e-4c85-be5b-e91db87dc16e,experiência enriquecedora
a6584b5b-822e-4c85-be5b-e91db87dc16e,inspiradora cada instituição levevar
a6584b5b-822e-4c85-be5b-e91db87dc16e,inspirar outras meninas
9d149e84-581a-4008-996e-d3680d5bcd88,tudo ótimo
9d149e84-581a-4008-996e-d3680d5bcd88,"gamificação maravilhosa, palestras divinas"
f9636527-826e-4f58-ad16-a9ca1a36b7ef,apenas parabenizar a organização pelo maravilhoso evento
f9636527-826e-4f58-ad16-a9ca1a36b7ef,desde a concepção até a execução durante o evento
5244efbb-01d2-4f7e-b505-4fd32300baff,essa gamificacap eh muito legal
5244efbb-01d2-4f7e-b505-4fd32300baff,já ficando com saudadesssss
342d6dfe-f757-4730-97bc-246b444e6474,a primeira mesa redonda do dia foi muito inspiradora
df0c5066-4918-4384-bf21-9ba7343bf772,amei meus prêmios
df0c5066-4918-4384-bf21-9ba7343bf772,essa gamificação foi 1000
342d6dfe-f757-4730-97bc-246b444e6474,muito bom conhecer projetos parceiros
41984732-0ee1-4644-b003-3309c119734d,projeto lindo
41984732-0ee1-4644-b003-3309c119734d,extremamente importante esse tipo de trabalho pra fortalecer a confiança das estudantes
489050ba-f6ce-4f05-a8ce-d6bdee47371a,parabéns aos trabalhos selecionados
489050ba-f6ce-4f05-a8ce-d6bdee47371a,"parabéns pelo evento, cada ano incrível"
f9636527-826e-4f58-ad16-a9ca1a36b7ef,muito orgulho de todas as meninas
f9636527-826e-4f58-ad16-a9ca1a36b7ef,mulheres que fazem nossa comunidade
e6d477bf-b603-42a7-985e-ac84356103b9,que evento maravilhoso
e6d477bf-b603-42a7-985e-ac84356103b9,uma pena passar tão rápido
e6d477bf-b603-42a7-985e-ac84356103b9,que venha o wit 2026
7695e714-3a65-4d70-af59-1b2052e09d00,parabéns ao wit
d9d06ba9-ddc7-49e3-8ff8-cfc02ea63d0f,estou amando conhecer os trabalhos
8f0f4c0d-f2eb-4b18-8099-25bcd217a483,nunca é tarde
8f0f4c0d-f2eb-4b18-8099-25bcd217a483,etarismo é outra forma de preconceito que devemos combater
8b928f09-aedb-4ce1-a365-4d56a0839c50,me identifiquei muito com as falas na mesa redonda sobre as mulheres evitarem 'sentar na mesa'
8b928f09-aedb-4ce1-a365-4d56a0839c50,me senti desafiada a buscar locais de mais destaque
2b305129-cc14-4538-8075-78b26f65f34f,lindo encerramento para um evento excelente
2b305129-cc14-4538-8075-78b26f65f34f,a experiência do wit nessa csbc foi encantadora
2b305129-cc14-4538-8075-78b26f65f34f,ano que vem estarei assistindo a wit de novo
d6141d77-fd57-499c-8ca3-ae4f364773f7,"otimos temas,"
d6141d77-fd57-499c-8ca3-ae4f364773f7,um evento muito importante no cenário da computação
1ced77b3-b5de-4d74-8882-f7ffe3d9ec30,ótima palestra
d6141d77-fd57-499c-8ca3-ae4f364773f7,ancioso pelos próximos
1ced77b3-b5de-4d74-8882-f7ffe3d9ec30,muito interessante
4a257948-6c61-4d69-b2bf-45561ca9dc96,ameeeei os brindes
4a257948-6c61-4d69-b2bf-45561ca9dc96,a camisa
4a257948-6c61-4d69-b2bf-45561ca9dc96,muito bom ter representatividade no mercado de trabalho gostei
a2172412-8829-44fe-a1bb-c21eb82571aa,"wit 2025, foi único, parabéns a todos só envolvidos"
a2172412-8829-44fe-a1bb-c21eb82571aa,é incrível ver a representatividade que o wit trás nesse evento
d6141d77-fd57-499c-8ca3-ae4f364773f7,"se hoje a computação é mais humana, mais ética"
d6141d77-fd57-499c-8ca3-ae4f364773f7,"mais criativa, devemos muito a elas"
cd5e94b1-51c2-4147-a20b-9e1345a0adad,eu amei a sessão 6 de trabalhos rsrs foi a minha
d6141d77-fd57-499c-8ca3-ae4f364773f7,a gameficação foi muito legal
cd5e94b1-51c2-4147-a20b-9e1345a0adad,também gostei demais da rosa de conversa da engen
1c7000ea-e558-4ef4-93d8-2c018ec84123,muito bons os projetos dessa sessão 💕
b787555f-cd18-4a0b-9e20-493282185ddd,aprendendo
b787555f-cd18-4a0b-9e20-493282185ddd,repassando
b787555f-cd18-4a0b-9e20-493282185ddd,muito bom
b787555f-cd18-4a0b-9e20-493282185ddd,com certeza utilizarei os conhecimentos aprendidos aqui nos meus projetos
b787555f-cd18-4a0b-9e20-493282185ddd,esperando por mais apresentações como essas
b787555f-cd18-4a0b-9e20-493282185ddd,foram todas muito boas
fe69c798-5373-4255-831b-9a1ce468c5d6,esta finalizado as apresentações de artigos aprovados na sala ipioca que com certeza todos presentes vão sair inspirados
89eaea42-ce76-461e-b7cf-fb1de9db9e79,"palestra significativa, parabéns"
575e397c-e7d3-4587-9a09-46e3df1ccdf4,o evento já está deixando saudades❤️
81c3d4c8-2223-4ace-9cda-6620ed75bf1a,gente
81c3d4c8-2223-4ace-9cda-6620ed75bf1a,queria comprar o lenço das meninas digitais
81c3d4c8-2223-4ace-9cda-6620ed75bf1a,não está vendendo mais
81c3d4c8-2223-4ace-9cda-6620ed75bf1a,que triste
81c3d4c8-2223-4ace-9cda-6620ed75bf1a,tento comprar desde o primeiro dia
81c3d4c8-2223-4ace-9cda-6620ed75bf1a,só no próximo csbc
8a9fc84a-4a91-46ee-b112-e39d627e2abd,ótimas trabalhos nas sessões técnicas
c8194828-4572-4490-92ca-12b49d139fba,adorei os copos de brinde
c8194828-4572-4490-92ca-12b49d139fba,muito lindos
c8194828-4572-4490-92ca-12b49d139fba,palestras muito boas
c8194828-4572-4490-92ca-12b49d139fba,parabéns
c8194828-4572-4490-92ca-12b49d139fba,"incrivel quantos projetos tem, muito bom ver tanta variedade"
d32d63c1-02f8-4d06-9fdb-6dfed1c37967,muito legal os stands aqui
d32d63c1-02f8-4d06-9fdb-6dfed1c37967,poder conhecer um pouco o que as empresas fazem ou até mesmo o do if mostrando os projetos da escola
1f1d6f52-3909-49f1-89bc-bc6ef9dbac47,muito bom a organização do evento
1f1d6f52-3909-49f1-89bc-bc6ef9dbac47,o coffe break gratuito
1f1d6f52-3909-49f1-89bc-bc6ef9dbac47,estou gostando bastante do meu primeiro congresso
1f1d6f52-3909-49f1-89bc-bc6ef9dbac47,muito bom a organização do evento
1f1d6f52-3909-49f1-89bc-bc6ef9dbac47,estou gostando bastante do evento do congresso
1f1d6f52-3909-49f1-89bc-bc6ef9dbac47,muito boa a organização do evento
d6141d77-fd57-499c-8ca3-ae4f364773f7,quero mais games nos eventos
c8194828-4572-4490-92ca-12b49d139fba,adorei a mesa redonda
c8194828-4572-4490-92ca-12b49d139fba,ansiosa pelo proximo evento
d6141d77-fd57-499c-8ca3-ae4f364773f7,passou tão rápido
d9d06ba9-ddc7-49e3-8ff8-cfc02ea63d0f,amando o evento
d9d06ba9-ddc7-49e3-8ff8-cfc02ea63d0f,animada pra apresentar jaja
fcf388a5-374c-4162-9e8a-44339d70be4a,"amei, todos os dias tiveram uma ótima programação"
fcf388a5-374c-4162-9e8a-44339d70be4a,ansiosa pelo wit 2026
8e1a9311-52fe-4567-8c58-70f0e2281925,último dia fechando com chave de ouro
8e1a9311-52fe-4567-8c58-70f0e2281925,ja quero ir no próximo ano
fd51eca2-7207-474a-8495-5c0e5f20aea5,muito bom
fd51eca2-7207-474a-8495-5c0e5f20aea5,massaaa
03a65761-df50-4a1d-b247-f846bd21c48e,lindo
03a65761-df50-4a1d-b247-f846bd21c48e,incrível
7695e714-3a65-4d70-af59-1b2052e09d00,mt bom
f2d72cbf-07dd-4592-9ed1-c74275748cb7,muito legal
f2d72cbf-07dd-4592-9ed1-c74275748cb7,obrigada pelo evento
c5fb57ce-db05-491d-81a2-9fd7ad9cbee3,ótima palestra
c5fb57ce-db05-491d-81a2-9fd7ad9cbee3,o wit é uma experiência incrível
34191d68-5e12-4c00-aa49-d5df3fba23d2,último dia de csbc
34191d68-5e12-4c00-aa49-d5df3fba23d2,que experiência
03a65761-df50-4a1d-b247-f846bd21c48e,"evento perto, quero mais"
03a65761-df50-4a1d-b247-f846bd21c48e,mudou minha vida
934ac1e9-8a9e-4865-977f-b22e4bbce84e,evento excelente
934ac1e9-8a9e-4865-977f-b22e4bbce84e,parabéns a organização
81c3d4c8-2223-4ace-9cda-6620ed75bf1a,adorei a inclusão do app este ano
81c3d4c8-2223-4ace-9cda-6620ed75bf1a,já quero em todos os eventos
fe69c798-5373-4255-831b-9a1ce468c5d6,finalizei minha participação no wit
fe69c798-5373-4255-831b-9a1ce468c5d6,foi uma experiência incrível 🫶🏻
c01cfc13-c80c-4c86-872a-da81361b3339,evento maravilhoso
c01cfc13-c80c-4c86-872a-da81361b3339,não vejo a hora do próximo
c55ff755-bd00-4af8-b6ed-ed43007446b3,daqui a pouco tem a apresentação do nosso artigo 🤞
c55ff755-bd00-4af8-b6ed-ed43007446b3,dia lindo em maceió
3e11fb01-68a6-4df9-99ff-eb6fa17ea8e0,wit tá fantástico
3e11fb01-68a6-4df9-99ff-eb6fa17ea8e0,"parabéns, pessoal"
0420c57a-0aa8-45b1-9166-f455c0711707,amei ganhar o chocolate
0420c57a-0aa8-45b1-9166-f455c0711707,a melhor gamificação do csbc
0420c57a-0aa8-45b1-9166-f455c0711707,amei os brindesss
0420c57a-0aa8-45b1-9166-f455c0711707,já estou ansiosa pra 2026
81c3d4c8-2223-4ace-9cda-6620ed75bf1a,xonada nos brindes deste ano 😍😍😍
81c3d4c8-2223-4ace-9cda-6620ed75bf1a,ansiosa para as proximas edicões
81c3d4c8-2223-4ace-9cda-6620ed75bf1a,"lindo o lenço das meninas digitais, pena que não está mais a venda"
88254066-58d3-4049-ac9d-5b393c178080,incrível a ideia do aplicativo
88254066-58d3-4049-ac9d-5b393c178080,ajudou muito na minha organização
35243cd2-0a35-403a-8ba7-cb6a6da282d7,"temática relevante, gostei"
f9636527-826e-4f58-ad16-a9ca1a36b7ef,o bittom mais lindoooo
7ab458bd-970a-40e5-9525-ee10be806901,maravilha de momento
7ab458bd-970a-40e5-9525-ee10be806901,amei a palestra
35243cd2-0a35-403a-8ba7-cb6a6da282d7,muito bem elaborado
35243cd2-0a35-403a-8ba7-cb6a6da282d7,de boa compreensão
89eaea42-ce76-461e-b7cf-fb1de9db9e79,o evento foi maravilhoso
89eaea42-ce76-461e-b7cf-fb1de9db9e79,muito significativo
89eaea42-ce76-461e-b7cf-fb1de9db9e79,parabéns pela organização
4d59d2bb-694c-4bf2-b444-3b4b967095f1,o evento está maravilhoso
4d59d2bb-694c-4bf2-b444-3b4b967095f1,palestras incríveis
c713c63b-4cef-4df5-8b95-372a1fabe5fa,a cláudia é extremamente fofa
c713c63b-4cef-4df5-8b95-372a1fabe5fa,incrível
97b78585-66fb-4308-ac17-5dec3ad981db,sessão de artigos hije de manhã foi muito boa
97b78585-66fb-4308-ac17-5dec3ad981db,adorei todos os artigos
c713c63b-4cef-4df5-8b95-372a1fabe5fa,"amei a sessão técnica da manhã, vários artigos ótimos"
c713c63b-4cef-4df5-8b95-372a1fabe5fa,"a organização do wit está de parabéns, está tudo incrível"
97b78585-66fb-4308-ac17-5dec3ad981db,"estou adorando conhecer novos projetos de todo o brasil, não sabia da imensidão disso tudo"
97b78585-66fb-4308-ac17-5dec3ad981db,amei a mesa redonda
c713c63b-4cef-4df5-8b95-372a1fabe5fa,"ansiosa pelas sessão técnicas da tarde, espero encontrar projetos inspiradores como encontrei de manhã"
97b78585-66fb-4308-ac17-5dec3ad981db,amei a gameficação do wit
97b78585-66fb-4308-ac17-5dec3ad981db,nunca tinha participado antes desse tipo de evento
c713c63b-4cef-4df5-8b95-372a1fabe5fa,"parabéns para a equipe responsável pela arte do wit nesse ano, está maravilhosa"
97b78585-66fb-4308-ac17-5dec3ad981db,evento acabando
97b78585-66fb-4308-ac17-5dec3ad981db,eu só consigo pensar no quão gratificante é estar aqui
97b78585-66fb-4308-ac17-5dec3ad981db,viemos juntas de brasília para maceió
97b78585-66fb-4308-ac17-5dec3ad981db,essa edição do csbc ficará marcada
fcf388a5-374c-4162-9e8a-44339d70be4a,parabéns à jbcs
fcf388a5-374c-4162-9e8a-44339d70be4a,mulheres inspiradoras #wit2025
fcf388a5-374c-4162-9e8a-44339d70be4a,amei encontrar os diversos projetos incluindo mulheres em tecnologia por todo o brasil
3f3583d6-1037-423a-9a58-0b27ea89d428,os brindes da gamificação são ótimos
3f3583d6-1037-423a-9a58-0b27ea89d428,💙
8ac171ff-ae8c-4709-899e-93e23ba84729,ótimo evento
b11326b5-9d5e-4d41-9e8a-fe4a2bd9bbb4,meninas digitais arrasaram
b787555f-cd18-4a0b-9e20-493282185ddd,que relato impactante
b787555f-cd18-4a0b-9e20-493282185ddd,me emocionei
b11326b5-9d5e-4d41-9e8a-fe4a2bd9bbb4,amei tudooo no wit
b787555f-cd18-4a0b-9e20-493282185ddd,isso sim é perseverança
b787555f-cd18-4a0b-9e20-493282185ddd,força
b787555f-cd18-4a0b-9e20-493282185ddd,a força de uma mulher
b787555f-cd18-4a0b-9e20-493282185ddd,impressionante
b787555f-cd18-4a0b-9e20-493282185ddd,"forte, que superação"
b11326b5-9d5e-4d41-9e8a-fe4a2bd9bbb4,importantíssimo escutar tudo que essas mulheres tem a dizer
b11326b5-9d5e-4d41-9e8a-fe4a2bd9bbb4,assistir as palestras só reforçam o quanto necessitamos de rede de apoio
b787555f-cd18-4a0b-9e20-493282185ddd,o estudo sempre abrindo portas para as pessoas
b787555f-cd18-4a0b-9e20-493282185ddd,"difícil, com certeza foi muito batalhadora"
b26c0a2d-f5a9-4708-a4ec-8603756202d8,que pena que está acabando
b26c0a2d-f5a9-4708-a4ec-8603756202d8,foi tudo feito com excelência
537d3fe2-2cd9-4d63-a1cf-6c6d288411ff,já estou ansiosa para o ano que vem
537d3fe2-2cd9-4d63-a1cf-6c6d288411ff,em 2027 todas vão virar cunhantã digital
b787555f-cd18-4a0b-9e20-493282185ddd,infelizmente a área de tecnologia ainda não é tão aberta para a diversidade
b787555f-cd18-4a0b-9e20-493282185ddd,precisamos mudar isso
b787555f-cd18-4a0b-9e20-493282185ddd,mesa redonda com mulheres impressionantes
b787555f-cd18-4a0b-9e20-493282185ddd,parabéns de verdade
b787555f-cd18-4a0b-9e20-493282185ddd,"maternidade, emprego, relacionamento familiar"
b787555f-cd18-4a0b-9e20-493282185ddd,"conjugal,"
b787555f-cd18-4a0b-9e20-493282185ddd,ainda serem pesquisadoras
b787555f-cd18-4a0b-9e20-493282185ddd,ser mulher não é fácil
92884dd4-6d85-4439-b8ed-855f735d689a,👏👏👏
92884dd4-6d85-4439-b8ed-855f735d689a,realmente
4e2209fc-edba-463c-87a8-cb990ff36067,"foi uma palestra bem legal, só o ar condicionado tava bem frio"
9f773bc4-a96d-41fd-a812-4cd40ae76ce4,top demais
4e2209fc-edba-463c-87a8-cb990ff36067,muitas pessoas na palestra fez com tivesse mais imersão
9f773bc4-a96d-41fd-a812-4cd40ae76ce4,encerramento com foco total
c04b5ba6-0939-443f-93db-54b15820e804,muito legal a diversidade na mesa redonda
a2b933ed-8f43-4354-aa77-459b765af699,evento excelente
c04b5ba6-0939-443f-93db-54b15820e804,muito tocante
c04b5ba6-0939-443f-93db-54b15820e804,inspirador ouvir esses relatos de mulheres tão fortes
c01cfc13-c80c-4c86-872a-da81361b3339,"mesa redonda trouxe muitos relatos fortes das mulheres, me identifiquei muito"
1c7000ea-e558-4ef4-93d8-2c018ec84123,evento maravilhoso 💜
a2b933ed-8f43-4354-aa77-459b765af699,amo muito o wit
7ff8200d-cf7f-46b9-82e4-f6cf85fded45,o terceiro dia está sendo maravilhoso
b787555f-cd18-4a0b-9e20-493282185ddd,que mesa maravilhoso
b787555f-cd18-4a0b-9e20-493282185ddd,"""eu precisava ser maior para mim"" levarei muito do que ouvi hoje para vida"
8ac171ff-ae8c-4709-899e-93e23ba84729,"é muito importante ver esse tipo de relato, nós mulheres não estamos sozinhas 🩷"
b787555f-cd18-4a0b-9e20-493282185ddd,"""antes de ser um bom profissional, seja um bom ser humano"" 
sem palavras para essas mulheres"
7ff8200d-cf7f-46b9-82e4-f6cf85fded45,amei muito
2dda6d0e-c0bf-4094-9dd0-82540de1cfaa,uhuuuuuu
2dda6d0e-c0bf-4094-9dd0-82540de1cfaa,vamos para a última do dia
a2b933ed-8f43-4354-aa77-459b765af699,mulheres inspiradoras
a2b933ed-8f43-4354-aa77-459b765af699,wit é o melhor evento
599e5dc6-fa67-4845-a44e-539c244937fc,stella 💜💜💜
599e5dc6-fa67-4845-a44e-539c244937fc,wit incrível
b787555f-cd18-4a0b-9e20-493282185ddd,"projetos interessantes, do tipo que servem de exemplo para que mais pessoas possam por em prática"
849079b5-58a9-4408-b5d9-528fed2b6ac7,amando os brindes
849079b5-58a9-4408-b5d9-528fed2b6ac7,os artigos são incríveis
849079b5-58a9-4408-b5d9-528fed2b6ac7,"aiii já quero o wit do ano que vem, ansiosa 🥹💗💗"
849079b5-58a9-4408-b5d9-528fed2b6ac7,"organização incrível, estão de parabens"
a2b933ed-8f43-4354-aa77-459b765af699,vou voltar para casa com muito aprendizado na bagagem
6e668e80-7eda-405e-814d-d4b1dd4538c3,amo demais
6e668e80-7eda-405e-814d-d4b1dd4538c3,lindas
b787555f-cd18-4a0b-9e20-493282185ddd,as meninas trazendo muito
c49c15fe-dc85-4357-b9ea-0311374c56f8,top
c49c15fe-dc85-4357-b9ea-0311374c56f8,amei o wit
01e8f053-615c-4bad-adf9-1dad61d8a4f3,palestra muito boa
01e8f053-615c-4bad-adf9-1dad61d8a4f3,excelente palestra
01e8f053-615c-4bad-adf9-1dad61d8a4f3,"palestra excelente, muito enriquecedora"
01e8f053-615c-4bad-adf9-1dad61d8a4f3,gostei muito da palestra 🙂
01e8f053-615c-4bad-adf9-1dad61d8a4f3,"palestra muito enriquecedora, amei"
01e8f053-615c-4bad-adf9-1dad61d8a4f3,"gostei muito da palestra, muito boa"
5808de75-5a35-4959-9cc8-d9ec79896c4b,otimo evento
5808de75-5a35-4959-9cc8-d9ec79896c4b,excelente
e4b0f1b6-9472-49ac-9885-1e4946cea893,evento maravilhoso
e4b0f1b6-9472-49ac-9885-1e4946cea893,até o próximo evento
e4b0f1b6-9472-49ac-9885-1e4946cea893,muito bom
e4b0f1b6-9472-49ac-9885-1e4946cea893,ótimo evento
