participante,comentário
88254066-58d3-4049-ac9d-5b393c178080,muito ansioso para o evento
88254066-58d3-4049-ac9d-5b393c178080,mal posso esperar para que a xiii secom comece logo
df0c5066-4918-4384-bf21-9ba7343bf772,a ia substituirá os desenvolvedores de software um dia
19f49226-5a60-463b-85d3-ac562e4eddc4,ias contendo preconceitos estão diretamente ligadas aos dados ou os próprios devs podem inserir esse problema
13c63d6c-e94d-4b8b-829b-3a6f523ac131,palestras muito interessantes sobre o tema de ia
4ce79311-38e9-401a-bb36-d1b6ad9ff2d3,"ótima palestra sobre inteligências artificiais, mostrando um panorama geral sobre o assunto"
37ec55d9-b848-47bd-9a33-f64afd2dd867,poderia realizar o torneio de lol
37ec55d9-b848-47bd-9a33-f64afd2dd867,vava com mais dias
9cc1a365-6476-4f22-bf74-2a453e1e8443,o cara dessa palestra da ia é muito carismático
9cc1a365-6476-4f22-bf74-2a453e1e8443,coffee break podia ter um cafezin ne
9cc1a365-6476-4f22-bf74-2a453e1e8443,animado pra sipeec
092f2a22-65fe-4b1e-a8de-356ce785cea3,ótima palestra sobre ia
092f2a22-65fe-4b1e-a8de-356ce785cea3,o coffee break poderia ser à tarde pra não atrapalhar o almoço
6694bc9c-4eab-4c6b-a7df-c40f8f42e39c,o trem ta bom nessa secom viu
6694bc9c-4eab-4c6b-a7df-c40f8f42e39c,"tô ansioso pra ver o patrick apresentando no sipeec, ele é bom demais"
7833a43c-88df-41ce-9608-368ecac536a1,a palestra está sendo muito boa
7833a43c-88df-41ce-9608-368ecac536a1,adorei o meme do fernando kkkkk
7833a43c-88df-41ce-9608-368ecac536a1,"nunca tinha usado o copilot, agr me animei a dar uma chance"
3e72f254-acab-4aec-ad73-bf9dff9c21ad,ansiosa para as próximas palestras
37ec55d9-b848-47bd-9a33-f64afd2dd867,está muito boa a secom
37ec55d9-b848-47bd-9a33-f64afd2dd867,faltou espaço
3f05e03e-45ce-4e65-b2f3-cf3a76e21fa1,até o momento parece muito promissor
08101ce6-e4af-4e12-81d5-87afcafc4b3b,"fiquei sem coffee break, poderia ter uma atenção maior nos próximos"
ad08e116-810d-4533-a7c6-9782fcb55f6d,tá indo bem
3f05e03e-45ce-4e65-b2f3-cf3a76e21fa1,"a única reclamação seria sobre o ar condicionado, que estava muito frio"
a5551753-5cda-4641-bc94-7d92707ef19c,a palestra de abertura foi muito interessante
a5551753-5cda-4641-bc94-7d92707ef19c,pertinente dado o contexto do mercado atual
3f05e03e-45ce-4e65-b2f3-cf3a76e21fa1,"as palestras foram boas,"
3f05e03e-45ce-4e65-b2f3-cf3a76e21fa1,"o microfone falhou bastante, apesar de com o passar do tempo melhorou"
a5551753-5cda-4641-bc94-7d92707ef19c,é necessário melhor o microfone para os próximos eventos
3f05e03e-45ce-4e65-b2f3-cf3a76e21fa1,ansioso para o sipeec
a5551753-5cda-4641-bc94-7d92707ef19c,"seria interessante trazer mais profissionais de empresas significantes da área, assim como o palestrante da github, nos próximos eventos"
7833a43c-88df-41ce-9608-368ecac536a1,ansioso pelas palestras da sipeec
47f0857b-7373-4457-b034-4eca2ed5efd9,muito bom o evento
47f0857b-7373-4457-b034-4eca2ed5efd9,as palestras foram ótimas
34c8353a-bcb4-4553-8c2d-fac1c5311ccd,muitos projetos interessantes no sipeec
47f0857b-7373-4457-b034-4eca2ed5efd9,gostei dos adesivos do github
47f0857b-7373-4457-b034-4eca2ed5efd9,o café estava muito bom
13c63d6c-e94d-4b8b-829b-3a6f523ac131,identidade visual do evento ficou muito bacana
47f0857b-7373-4457-b034-4eca2ed5efd9,parabenizar a organização do evento
13c63d6c-e94d-4b8b-829b-3a6f523ac131,"excelente programação, tendo atividades que nunca haviam sido feitas"
883f6e71-d69f-4eb4-8791-f3f68ee15315,organização top
883f6e71-d69f-4eb4-8791-f3f68ee15315,favor abaixar um pouco o ar
47f0857b-7373-4457-b034-4eca2ed5efd9,primeiro vez utilizando o mymobiconf
47f0857b-7373-4457-b034-4eca2ed5efd9,o aplicativo
47f0857b-7373-4457-b034-4eca2ed5efd9,muito bom
883f6e71-d69f-4eb4-8791-f3f68ee15315,o aplicativo está lindo
34c8353a-bcb4-4553-8c2d-fac1c5311ccd,sensacional a organização do evento
3e72f254-acab-4aec-ad73-bf9dff9c21ad,as palestras foram muito boas
883f6e71-d69f-4eb4-8791-f3f68ee15315,coffe break muito gostoso
883f6e71-d69f-4eb4-8791-f3f68ee15315,ansioso para as próximas palestras
883f6e71-d69f-4eb4-8791-f3f68ee15315,adorei a palestra o copilot
34c8353a-bcb4-4553-8c2d-fac1c5311ccd,o mymobiconf evoluiu muito em relação as versões anteriores
34c8353a-bcb4-4553-8c2d-fac1c5311ccd,parabéns a equipe
34c8353a-bcb4-4553-8c2d-fac1c5311ccd,"aprendi muito com o pedro lacerda, palestra sensacional"
513987ee-1026-4bd4-93aa-9d89d6d5bad4,todas as palestras até então foram bastante interessantes
513987ee-1026-4bd4-93aa-9d89d6d5bad4,educativos
34c8353a-bcb4-4553-8c2d-fac1c5311ccd,o quadro digital vai ser usado
f0158b5a-82ff-410c-81f2-d51f7e345b45,"ansioso para a apresentação do douglas diones, ele é mt bom"
3e72f254-acab-4aec-ad73-bf9dff9c21ad,ansiosa para as apresentações
c3149f3b-36f2-4fbd-a033-c41f8e9fe534,as palestras foram muito boas
d51c3bbb-185b-4a34-848a-607621bd7cc2,muito boa
d51c3bbb-185b-4a34-848a-607621bd7cc2,muito produtiva
d51c3bbb-185b-4a34-848a-607621bd7cc2,excelente
d51c3bbb-185b-4a34-848a-607621bd7cc2,top demais
d51c3bbb-185b-4a34-848a-607621bd7cc2,maravilhosa
d51c3bbb-185b-4a34-848a-607621bd7cc2,supimpa
88254066-58d3-4049-ac9d-5b393c178080,excelente as palestras de abertura
cd9a5b5a-0583-4590-a133-863647e24ed2,amei a palestra sobre desmitificar a inteligência artificial
88254066-58d3-4049-ac9d-5b393c178080,muito bom o sipeec
88254066-58d3-4049-ac9d-5b393c178080,gostei da ideia dos apitos
88254066-58d3-4049-ac9d-5b393c178080,o novo mymobiconf está incrível
cd9a5b5a-0583-4590-a133-863647e24ed2,"arrasaram com a distribuição de apitos, muito útil"
f0d8b18c-371e-4a9b-bc88-6efb85341837,"o questionário sobre aceleradores foi vista como grande aliada de redes neurais, aumentando o desempenho"
f0d8b18c-371e-4a9b-bc88-6efb85341837,otimização gerando maior rapidez dos cálculos envolvendo multiplicação de matrizes
12c8e1ec-c662-415a-b106-b64ccb7ece3f,as palestras se abertura desse ano abordaram tópicos muito interessantes
12c8e1ec-c662-415a-b106-b64ccb7ece3f,atuais
12c8e1ec-c662-415a-b106-b64ccb7ece3f,a escolha dos palestrantes foi muito boa
12c8e1ec-c662-415a-b106-b64ccb7ece3f,trazer alguém de uma empresa tão prestigiada como o git é inspirador
12c8e1ec-c662-415a-b106-b64ccb7ece3f,o evento esse ano está muito bem organizado
12c8e1ec-c662-415a-b106-b64ccb7ece3f,as atividades oferecidas esse ano são novas
12c8e1ec-c662-415a-b106-b64ccb7ece3f,muito engajantes
12c8e1ec-c662-415a-b106-b64ccb7ece3f,a primeira palestra foi muito interessante
f0d8b18c-371e-4a9b-bc88-6efb85341837,"o seminário sobre vlc fala de comunicação feita totalmente pelo espectro de luz visível, abrindo possibilidade para um meio de comunicação (provavelmente à curta distância) novo"
f0d8b18c-371e-4a9b-bc88-6efb85341837,efetivo
8f4c1ec8-e5ed-4ce2-90f1-84bbab673805,letícia arrasa demais
8f4c1ec8-e5ed-4ce2-90f1-84bbab673805,mt diva
3e72f254-acab-4aec-ad73-bf9dff9c21ad,letícia muito incrível
64a69630-bdc5-4e29-9090-492d31a34e0d,palestra do alan ficou muito complexa de entender
64a69630-bdc5-4e29-9090-492d31a34e0d,vai longe o minino
8f4c1ec8-e5ed-4ce2-90f1-84bbab673805,muito legal saber sobre as abelhas
8f4c1ec8-e5ed-4ce2-90f1-84bbab673805,a secom tá demais esse ano
64a69630-bdc5-4e29-9090-492d31a34e0d,como q vai colocar a mochila na abelha
64a69630-bdc5-4e29-9090-492d31a34e0d,qual shampoo o patrick usa
cafe1afc-d59d-4b35-bde1-38d1f5815f74,timaseta pra sempre ⬆️⬆️⬆️⬆️⬆️
f0158b5a-82ff-410c-81f2-d51f7e345b45,muito triste que o gabriel moisés monteiro bonfim não vai apresentar esse ano
cafe1afc-d59d-4b35-bde1-38d1f5815f74,hmmm coquinha
cafe1afc-d59d-4b35-bde1-38d1f5815f74,sauguado
cafe1afc-d59d-4b35-bde1-38d1f5815f74,adesivinhos do git tão 🔥
cafe1afc-d59d-4b35-bde1-38d1f5815f74,nacif é lenda
cafe1afc-d59d-4b35-bde1-38d1f5815f74,f luz
cafe1afc-d59d-4b35-bde1-38d1f5815f74,muito boa as palestras da manhã 🙏🏻
6694bc9c-4eab-4c6b-a7df-c40f8f42e39c,"orgulhoso demais da apresentação do patrick, esse garoto é gênio"
4ce79311-38e9-401a-bb36-d1b6ad9ff2d3,ótima iniciativa do projeto de
4ce79311-38e9-401a-bb36-d1b6ad9ff2d3,-sports
3e72f254-acab-4aec-ad73-bf9dff9c21ad,muito interessante o projeto astriflores
7833a43c-88df-41ce-9608-368ecac536a1,os projetos deste ano estão muito interessantes
092f2a22-65fe-4b1e-a8de-356ce785cea3,os projetos das ic's estão muito massa
880b38ad-954a-499a-a76a-66fce8a17f66,"palestras ate agora muito boas, parabéns"
13c63d6c-e94d-4b8b-829b-3a6f523ac131,diversidade muito boa de projetos apresentados na sipeec
7833a43c-88df-41ce-9608-368ecac536a1,quero ver a linguagem rascunho na disciplina de programação o quanto antes
880b38ad-954a-499a-a76a-66fce8a17f66,sipeec com muitos trabalhos interessantes
092f2a22-65fe-4b1e-a8de-356ce785cea3,muito interessantes esses projetos que têm impacto social
13c63d6c-e94d-4b8b-829b-3a6f523ac131,interessante
13c63d6c-e94d-4b8b-829b-3a6f523ac131,engraçada a dinâmica de controle de tempo das apresentações
13c63d6c-e94d-4b8b-829b-3a6f523ac131,projetos do lesc >>>>>>>
6694bc9c-4eab-4c6b-a7df-c40f8f42e39c,pra incentivar os
6694bc9c-4eab-4c6b-a7df-c40f8f42e39c,-sports todo mundo tem q torcer pro mc agenda na sexta-feira 🫡
092f2a22-65fe-4b1e-a8de-356ce785cea3,dudu antunes s2 é uma máquina
02af807d-7123-444e-b61e-89eaf92be60f,muito interessante os projetos apresentados no sipeec
f0158b5a-82ff-410c-81f2-d51f7e345b45,muito legal a presença dos jogos
f0158b5a-82ff-410c-81f2-d51f7e345b45,é claro também dos games nessa secom
6694bc9c-4eab-4c6b-a7df-c40f8f42e39c,"muito bom ver esses jogos todos na secom,"
6694bc9c-4eab-4c6b-a7df-c40f8f42e39c,senti falta de ver mais games
64a69630-bdc5-4e29-9090-492d31a34e0d,o mymobiconf vai ter um chat ao vivo para ser acompanhado durante a palestra
02af807d-7123-444e-b61e-89eaf92be60f,os apitos levantando o astral da galera
ae0cbeae-1ff0-406f-a78a-a80a71120100,muito legal as palestras
092f2a22-65fe-4b1e-a8de-356ce785cea3,"valeu, brenooo"
ae0cbeae-1ff0-406f-a78a-a80a71120100,muito gostoso o coffe brake
ae0cbeae-1ff0-406f-a78a-a80a71120100,muito boa as apresentações do sipeec
02af807d-7123-444e-b61e-89eaf92be60f,bonitinhos>>>>>>> okt
ae0cbeae-1ff0-406f-a78a-a80a71120100,o conteúdo dos slides foram bem importantes
ae0cbeae-1ff0-406f-a78a-a80a71120100,conteúdo bom
f0158b5a-82ff-410c-81f2-d51f7e345b45,qual vai ser o nome do time oficial de lol do curso
ae0cbeae-1ff0-406f-a78a-a80a71120100,o ar condicionado salvou demais
f0158b5a-82ff-410c-81f2-d51f7e345b45,quem fez esses modelos 3d maravilhosos do virtual labs
43aca24c-d788-497e-8521-06df728eeaf8,esse ar condicionado de tarde tá incrível
4a38eef3-4375-45b4-b386-649cb518c20b,queremos mais de um time de esports pro curso
219bdf7f-fa3a-4d8f-9e33-b83980cc7afb,de grande contribuição acadêmica as pesquisas apresentadas
219bdf7f-fa3a-4d8f-9e33-b83980cc7afb,muito boa
4a38eef3-4375-45b4-b386-649cb518c20b,cheio de gabriel no curso
64a69630-bdc5-4e29-9090-492d31a34e0d,quando fica pronto o novo lords of florestal
9cc1a365-6476-4f22-bf74-2a453e1e8443,as ic da computaçao quantica é bem interessante
5bc436a4-ec67-4216-87a7-d9152877d21f,mymobiconfy muito útil
f24a3531-506e-487a-84d2-614694703dfc,muito bom
7833a43c-88df-41ce-9608-368ecac536a1,eu coloco tags no github só por causa do zoéga
5bc436a4-ec67-4216-87a7-d9152877d21f,lanchinho delicioso
5bc436a4-ec67-4216-87a7-d9152877d21f,as palestras da sipeec estão super interessantes
9cc1a365-6476-4f22-bf74-2a453e1e8443,muito bons esses projetos da faculdade
5bc436a4-ec67-4216-87a7-d9152877d21f,pessoal da identidade visual foram maravilhosos
ad08e116-810d-4533-a7c6-9782fcb55f6d,uma i
ad08e116-810d-4533-a7c6-9782fcb55f6d,a para detectar emoções vai ser um diferencial do ufv virtuallabs
5bc436a4-ec67-4216-87a7-d9152877d21f,queria mais adesivos :(
ad08e116-810d-4533-a7c6-9782fcb55f6d,essa i
ad08e116-810d-4533-a7c6-9782fcb55f6d,a promete
219bdf7f-fa3a-4d8f-9e33-b83980cc7afb,interessante
219bdf7f-fa3a-4d8f-9e33-b83980cc7afb,legal
219bdf7f-fa3a-4d8f-9e33-b83980cc7afb,boa
f24a3531-506e-487a-84d2-614694703dfc,o ar condicionado tá gelado demais
219bdf7f-fa3a-4d8f-9e33-b83980cc7afb,genial
5bc436a4-ec67-4216-87a7-d9152877d21f,os projetos de iot são os melhores
eed4edbe-921c-4f9c-8148-1948d00197eb,a primeira palestra relacionada a inteligência artificial ministrada pelo pedro lacerda foi extremamente satisfatória
f24a3531-506e-487a-84d2-614694703dfc,que horas começa o fifa
9cc1a365-6476-4f22-bf74-2a453e1e8443,"slc, o virtual labs parece ser um projeto gigante"
34d7ba0b-7b62-4439-b143-d7dd24797376,muito boa a apresentação do pessoal da astraflores
34d7ba0b-7b62-4439-b143-d7dd24797376,muito boa a apresentação da ic do jogo da astraflores
6694bc9c-4eab-4c6b-a7df-c40f8f42e39c,o virtual labs é realmente o melhor projeto da ufv
023d3c99-a60f-4734-88e2-de4c9944c95a,o ar condicionado salvou
f7781785-ccfa-4120-856f-3781bcf14d45,que horas que é a hora da merenda
023d3c99-a60f-4734-88e2-de4c9944c95a,o negócio do apito eu achei overkill
b9ce085c-74f8-412e-8a55-1391f0867ebd,achei muito interessante o projeto de jogo para fomentar a reciclagem
b9ce085c-74f8-412e-8a55-1391f0867ebd,para saber diferenciar os tipos de lixos
023d3c99-a60f-4734-88e2-de4c9944c95a,"teve bastante assunto sobre ia nessa secom, isso mostra como o assunto está em alta"
8c83da8e-1478-4a91-ae10-7347cd55d06f,microfone trollando kkkkk
b9ce085c-74f8-412e-8a55-1391f0867ebd,outro que gostei muito foi o virtual labs tentar trazer ambientes de laboratório para que eles sejam mais acessíveis por meio de um computador é muito importante
c3149f3b-36f2-4fbd-a033-c41f8e9fe534,os apitos para controle de tempo ficaram muito bons
023d3c99-a60f-4734-88e2-de4c9944c95a,podia rolar um coffee-break a tarde tb
b9ce085c-74f8-412e-8a55-1391f0867ebd,"a palestra de desmistificação da iafoi incrível saber que aprender um pouco mais sobre os processos em que ela se encaixa,"
b9ce085c-74f8-412e-8a55-1391f0867ebd,suas aplicações
b9ce085c-74f8-412e-8a55-1391f0867ebd,um pouco do seu funcionamento foi absurdo
b9ce085c-74f8-412e-8a55-1391f0867ebd,"a ideia de iot para usar mochilinhas nas abelhas foi muito engraçado kkkkk,"
b9ce085c-74f8-412e-8a55-1391f0867ebd,muito interessante se der certo
3f05e03e-45ce-4e65-b2f3-cf3a76e21fa1,"até o momento o sipeec está encrivel, muitos projetos legais"
023d3c99-a60f-4734-88e2-de4c9944c95a,"legal esse multi-task learning, parece ser tipo redes neurais interligadas"
b9ce085c-74f8-412e-8a55-1391f0867ebd,eu estou amando a secom tudo até então está absurdamente incrível
b9ce085c-74f8-412e-8a55-1391f0867ebd,perfeito
4ce79311-38e9-401a-bb36-d1b6ad9ff2d3,apresentações muito legais
4ce79311-38e9-401a-bb36-d1b6ad9ff2d3,informativas
b9ce085c-74f8-412e-8a55-1391f0867ebd,gostei do tcc sobre ensinar um pouco sobre programação para as pessoas por meio de um jogo
c3149f3b-36f2-4fbd-a033-c41f8e9fe534,o pessoal está realmente arrasando nas apresentações da sipeec
4395eb8b-e6f9-4282-85dc-98453a11cc3e,todas as palestras excelentes
4395eb8b-e6f9-4282-85dc-98453a11cc3e,muito bem elaboradas
4395eb8b-e6f9-4282-85dc-98453a11cc3e,fiz uma apresentação no sipeec
4395eb8b-e6f9-4282-85dc-98453a11cc3e,apesar de muito nervoso deu tudo certo
4395eb8b-e6f9-4282-85dc-98453a11cc3e,ambiente muito bonito
4395eb8b-e6f9-4282-85dc-98453a11cc3e,decorado
4395eb8b-e6f9-4282-85dc-98453a11cc3e,microfone as vezes falhando
4395eb8b-e6f9-4282-85dc-98453a11cc3e,apresentações do sipeec muito interessantes
3f05e03e-45ce-4e65-b2f3-cf3a76e21fa1,"muito interessante os projetos, difícil escolher um"
4395eb8b-e6f9-4282-85dc-98453a11cc3e,cofee break bom
4395eb8b-e6f9-4282-85dc-98453a11cc3e,poderia ter opção de suco para aqueles que não bebem refrigerante
8c83da8e-1478-4a91-ae10-7347cd55d06f,achei meta poggers total skibidi os apito
c3149f3b-36f2-4fbd-a033-c41f8e9fe534,a segunda palestra do primeiro dia foi enriquecedora
c3149f3b-36f2-4fbd-a033-c41f8e9fe534,divertida
c3149f3b-36f2-4fbd-a033-c41f8e9fe534,o palestrante poderia voltar mais vezes
4ce79311-38e9-401a-bb36-d1b6ad9ff2d3,auditório esta bem gelado
f0d8b18c-371e-4a9b-bc88-6efb85341837,o seminário next cell prediction pode ser usado para várias aplicações com base na rotina do usuário
4ce79311-38e9-401a-bb36-d1b6ad9ff2d3,muito bom os apitos
9a75dc4c-7a4e-49c6-b73b-62eafd9c8b73,talvez deixar o ar condicionado no 24
9a75dc4c-7a4e-49c6-b73b-62eafd9c8b73,palestras de abertura muito interessantes
f0158b5a-82ff-410c-81f2-d51f7e345b45,mymobiconf tá malado dimai
f0d8b18c-371e-4a9b-bc88-6efb85341837,mymobiconf tem um potencial grande
f0d8b18c-371e-4a9b-bc88-6efb85341837,"pode ser usado para outras aplicações além do campus, especialmente com relação à seminários"
f0d8b18c-371e-4a9b-bc88-6efb85341837,organizações
8f243416-db6e-4185-8133-0e0433d6c30a,a camisa desse ano ficoummuito bonita
023d3c99-a60f-4734-88e2-de4c9944c95a,"mymobiconf sendo comentado nele mesmo, metacomentario"
8f243416-db6e-4185-8133-0e0433d6c30a,"achei a temperatura um pouco fria, estava embaixo de um dos ar condicionados"
8f243416-db6e-4185-8133-0e0433d6c30a,otimas palestras de abertura
02af807d-7123-444e-b61e-89eaf92be60f,mymobiconf melhor atualização
8f243416-db6e-4185-8133-0e0433d6c30a,gostei de ganhar um apito
02af807d-7123-444e-b61e-89eaf92be60f,arzinho condicionado fazendo milagres
8f243416-db6e-4185-8133-0e0433d6c30a,os salgados na hora do lanche estavam otimos
8f243416-db6e-4185-8133-0e0433d6c30a,ansioso pelo torneio de esport
6694bc9c-4eab-4c6b-a7df-c40f8f42e39c,gosto de refatoração 😳
4ce79311-38e9-401a-bb36-d1b6ad9ff2d3,sipeec sempre muito importante para dar ouvido aos projetos da faculdade
99899b5a-eb3d-4d67-a64f-a143f824a709,usando o mymobiconf na palestra sobre mymobiconf 😃
b843c3db-fc8f-45a6-8322-19b87391fa20,"adorei a apresentação da letícia cristina, uma apresentação incrível"
b843c3db-fc8f-45a6-8322-19b87391fa20,"uma ideia brilhante com muito futuro, pelo simples fato de utilizar a luz como principal meio, então parabéns"
9a75dc4c-7a4e-49c6-b73b-62eafd9c8b73,o app está muito bom
99899b5a-eb3d-4d67-a64f-a143f824a709,o design do mymobiconf realmente está muito melhor
99899b5a-eb3d-4d67-a64f-a143f824a709,ainda prefiro a logo quando era sans-serif
99899b5a-eb3d-4d67-a64f-a143f824a709,"fora isso, o app ficou perfeito"
b843c3db-fc8f-45a6-8322-19b87391fa20,"achei muito importante a apresentação da melissa alanis, devemos nos informar sobre um tema tão importante que é o nosso meio ambiente, vamos jogar"
b843c3db-fc8f-45a6-8322-19b87391fa20,aprender a salvar o nosso mundo
24c725a4-20aa-4ce4-9d18-b194d3bdd5be,"gostei bastante do assunto das palestras, por serem assuntos atuais me chamam maior a atenção"
a8795f76-f29d-4a4e-ab33-de80f1fa7eaa,finalmente o ar funciona legal
c3149f3b-36f2-4fbd-a033-c41f8e9fe534,a equipe do mymobiconf está de parabéns
b843c3db-fc8f-45a6-8322-19b87391fa20,"mymobiconf aparecendo em peso, arrasaram demais, parabéns por esse projeto incrível"
47cacf3f-e0f2-421b-a645-5e0efd6cc615,tá frio
b843c3db-fc8f-45a6-8322-19b87391fa20,cada professor dessa instituição possui trabalhos
b843c3db-fc8f-45a6-8322-19b87391fa20,"iniciações científicas incríveis, muita sorte de estar nessa universidade com tantas oportunidades"
47cacf3f-e0f2-421b-a645-5e0efd6cc615,tem alguém com apito de juiz de futebol aqui kkkkk
24c725a4-20aa-4ce4-9d18-b194d3bdd5be,o app esta muito bonito
24c725a4-20aa-4ce4-9d18-b194d3bdd5be,de fácil uso
7689c29b-b6e3-42b3-b39d-dc0e1598e652,estão todos de parabéns
7689c29b-b6e3-42b3-b39d-dc0e1598e652,super muito bom
7689c29b-b6e3-42b3-b39d-dc0e1598e652,muitos projetos
7689c29b-b6e3-42b3-b39d-dc0e1598e652,parabéns professores
47cacf3f-e0f2-421b-a645-5e0efd6cc615,boa!
7689c29b-b6e3-42b3-b39d-dc0e1598e652,palestrante do github muito bom
7689c29b-b6e3-42b3-b39d-dc0e1598e652,palestrante da ia muito bom
b843c3db-fc8f-45a6-8322-19b87391fa20,"tivemos uma recepção incrível nessa décima terceira secom, amei as palestras"
b843c3db-fc8f-45a6-8322-19b87391fa20,os projetos apresentados pelos alunos
b843c3db-fc8f-45a6-8322-19b87391fa20,"que evento incrível, que nos próximos anos continuem assim para melhorar"
24c725a4-20aa-4ce4-9d18-b194d3bdd5be,as palestras sobre ias foram bastante interessantes
cd9a5b5a-0583-4590-a133-863647e24ed2,saudades coffee break
b843c3db-fc8f-45a6-8322-19b87391fa20,"infelizmente não tinha suco no cofe breack, nós que não bebemos coca precisamos ser representados com um suquinho"
24c725a4-20aa-4ce4-9d18-b194d3bdd5be,bastante interessante ver todos os projetos de pesquisa existentes na área de informática no campus
24c725a4-20aa-4ce4-9d18-b194d3bdd5be,parabéns aos organizadores
cd9a5b5a-0583-4590-a133-863647e24ed2,a verdade é que o nesped é o melhor grupo da ufv >>>>>
24c725a4-20aa-4ce4-9d18-b194d3bdd5be,aplicativo está muito intuitivo
cd9a5b5a-0583-4590-a133-863647e24ed2,alguém aí tem um hidratante
3e72f254-acab-4aec-ad73-bf9dff9c21ad,muito legal conhecer sobre os projetos realizados
78a0dc2a-07a3-41bb-a1a4-3731b2e51917,muito boa a ideia do apito
cd9a5b5a-0583-4590-a133-863647e24ed2,amo o sexteto
47cacf3f-e0f2-421b-a645-5e0efd6cc615,poderia deixar o tempo para quem tá assistindo também
99899b5a-eb3d-4d67-a64f-a143f824a709,"fiquei tão entertido na apresentação do álvaro na sipeec que nem percebi que ele passou do tempo 😅 coitado, não conseguiu terminar"
f569f9d9-9281-4405-a4aa-084b33a9be5a,a palestra sobre o github foi muito boa
880b38ad-954a-499a-a76a-66fce8a17f66,ar condicionado salvou muito
f569f9d9-9281-4405-a4aa-084b33a9be5a,é interesse ver como as ia's tem estado cada vez mais presentes
47cacf3f-e0f2-421b-a645-5e0efd6cc615,"""roubaram o vini"", claramente um crime"
47cacf3f-e0f2-421b-a645-5e0efd6cc615,descobrir quem tá com o apito kk
f569f9d9-9281-4405-a4aa-084b33a9be5a,foi importante o palestrante ter falado sobre como usar o copilot
880b38ad-954a-499a-a76a-66fce8a17f66,mais gente tinha que estourar o tempo
f569f9d9-9281-4405-a4aa-084b33a9be5a,é importante saber das limitações da ia
2841ae4b-ef6a-4661-94a3-9777a70ec034,"ótimas palestras, houve alguns problemas técnicos"
2841ae4b-ef6a-4661-94a3-9777a70ec034,não impediu de obter os conhecimentos
f569f9d9-9281-4405-a4aa-084b33a9be5a,foi interessante saber sobre oportunidades no github como estudante
cd9a5b5a-0583-4590-a133-863647e24ed2,o campeonato de valorant vai ser transmitido online também
99899b5a-eb3d-4d67-a64f-a143f824a709,eu vi o eduardo isadora tropeçando na escada  👀 🤣
f569f9d9-9281-4405-a4aa-084b33a9be5a,"foi interessante saber sobre o que é de fato uma ia, sem se limitar a um robo ou algo complexo"
d3028b07-211a-405d-9f82-13b8d82aeff8,"palestra incrivel do pedro lacerda, convindem-o outras vezes"
d3028b07-211a-405d-9f82-13b8d82aeff8,ansioso para a final de valorant
7cf13434-76d6-4046-96fd-1cfd9d429282,minascoders arrasa
08101ce6-e4af-4e12-81d5-87afcafc4b3b,ta frio
84fb43ff-f2ca-4b32-b090-49467d8ae7a0,minascoders melhor programa 💚
880b38ad-954a-499a-a76a-66fce8a17f66,final fo valorant vai ser top
7cf13434-76d6-4046-96fd-1cfd9d429282,mymobiconf ta fofo
84fb43ff-f2ca-4b32-b090-49467d8ae7a0,sexteto <3
84fb43ff-f2ca-4b32-b090-49467d8ae7a0,lindaa a melissa
84fb43ff-f2ca-4b32-b090-49467d8ae7a0,muito boa a nova identidade visual
cd9a5b5a-0583-4590-a133-863647e24ed2,meu deus a melissa é muito linda 😍
99899b5a-eb3d-4d67-a64f-a143f824a709,breno encerrou a apresentação dele no sipeec com maestria 🤌
c83d77db-e69b-4b9a-af36-1e80aed4ea42,muito interessante a proposta do minascoders
02af807d-7123-444e-b61e-89eaf92be60f,minas coders é muito bommm
c83d77db-e69b-4b9a-af36-1e80aed4ea42,gostei da prévia do tcc da ana clara sobre a taxa de evasão feminina
eed4edbe-921c-4f9c-8148-1948d00197eb,"acredito que a sipeec sirva como porta de entrada pra alguns ramos de interesses que alguns alunos possam optar por seguir,"
eed4edbe-921c-4f9c-8148-1948d00197eb,"deste prisma, ela funciona perfeitamente"
64a69630-bdc5-4e29-9090-492d31a34e0d,cinco minutos por apresentação é muito tempo
c83d77db-e69b-4b9a-af36-1e80aed4ea42,philipe na área
88254066-58d3-4049-ac9d-5b393c178080,muito bom participar do sipeec
88254066-58d3-4049-ac9d-5b393c178080,"realmente, o mymobiconf é o melhor projeto de todos"
4b3d0b61-ee1b-4468-8785-a9d80b5bb850,minha primeira secom
4b3d0b61-ee1b-4468-8785-a9d80b5bb850,muito legal os projetos
4b3d0b61-ee1b-4468-8785-a9d80b5bb850,podia ter um coffee-break parte 2 em
7568d4e3-7c42-4c07-9246-161f8f144017,seria interessante haver um intervalo no sipeec
7568d4e3-7c42-4c07-9246-161f8f144017,"colocar o sipeec em 2 dias, ao invés de um"
4b3d0b61-ee1b-4468-8785-a9d80b5bb850,mymobiconf
4b3d0b61-ee1b-4468-8785-a9d80b5bb850,o app mais brabo
4b3d0b61-ee1b-4468-8785-a9d80b5bb850,faltam 2 comentários para completar a missão
daac9055-17a0-4775-bb21-9c0add9d45ec,o caio do lesc é um gatinho
4b3d0b61-ee1b-4468-8785-a9d80b5bb850,com essa mensagem eu finalizei as missões de hoje
4b3d0b61-ee1b-4468-8785-a9d80b5bb850,só o progresso
daac9055-17a0-4775-bb21-9c0add9d45ec,amei as apresentações do minascoders
d0881343-b903-4573-aee3-c821f2e201de,palestras muito interessantes
daac9055-17a0-4775-bb21-9c0add9d45ec,muito interessante a ideia do jogo da melissa
7568d4e3-7c42-4c07-9246-161f8f144017,muito interessante todas as apresentações
7568d4e3-7c42-4c07-9246-161f8f144017,sensacional o eduardo estar desenvolvendo uma linguagem de programação
7568d4e3-7c42-4c07-9246-161f8f144017,obrigado por mexer nos ar condicionado
50ab66a7-9677-44ec-b7d4-be69f3d11d87,muito boa essa sipeec
7568d4e3-7c42-4c07-9246-161f8f144017,nossa tem muita apresentação kkkkk
c83d77db-e69b-4b9a-af36-1e80aed4ea42,empresa jr é um diferencial na carreira do aluno
c83d77db-e69b-4b9a-af36-1e80aed4ea42,tá terminando
a1b2ff52-f806-4d79-b524-3d3fa3327116,ótimas palestras
880b38ad-954a-499a-a76a-66fce8a17f66,sorteio
a8795f76-f29d-4a4e-ab33-de80f1fa7eaa,da próxima alguém tem que fazer em menos de dois minutos
a8795f76-f29d-4a4e-ab33-de80f1fa7eaa,setapp tem que chamar ex-membros pra dar palestra
c83d77db-e69b-4b9a-af36-1e80aed4ea42,maratona de palestras/apresentações
a8795f76-f29d-4a4e-ab33-de80f1fa7eaa,apenas temas interessantes
50ab66a7-9677-44ec-b7d4-be69f3d11d87,🎉🎉
0016d182-df26-4200-b287-2b9a2086516b,abertura boa demais
0016d182-df26-4200-b287-2b9a2086516b,palestra sobre o my mobile conf foi boa tbm
0016d182-df26-4200-b287-2b9a2086516b,a palestra do cara do githubfoi mt boa
0016d182-df26-4200-b287-2b9a2086516b,a palestra do cara do cefet também foi boa
0016d182-df26-4200-b287-2b9a2086516b,altas expectativas pro time da okt
0016d182-df26-4200-b287-2b9a2086516b,evento muito bom
c3149f3b-36f2-4fbd-a033-c41f8e9fe534,torcendo para os bonitinhos ganharem
99899b5a-eb3d-4d67-a64f-a143f824a709,começando a secom com duas palestras incríveis
99899b5a-eb3d-4d67-a64f-a143f824a709,uma speedrun de sipeec
99899b5a-eb3d-4d67-a64f-a143f824a709,essa secom promete
daac9055-17a0-4775-bb21-9c0add9d45ec,acho que podia ter um intervalo durante a sipeec
cd9a5b5a-0583-4590-a133-863647e24ed2,vamo bonitinhooooosss
84fb43ff-f2ca-4b32-b090-49467d8ae7a0,#bonitinhos
84fb43ff-f2ca-4b32-b090-49467d8ae7a0,campeonato de
84fb43ff-f2ca-4b32-b090-49467d8ae7a0,-sports muito bom
d3028b07-211a-405d-9f82-13b8d82aeff8,vamooo bonitinhos
f0d8b18c-371e-4a9b-bc88-6efb85341837,os seminários em geral foram ótimos
f0d8b18c-371e-4a9b-bc88-6efb85341837,"mostraram os projetos de pesquisa de todos os orientadores, o tempo foi um limitador notório"
f0d8b18c-371e-4a9b-bc88-6efb85341837,o primeiro dia foi bem agradável com as palestras
f0d8b18c-371e-4a9b-bc88-6efb85341837,"a sipeec, ambiente confortável"
f0d8b18c-371e-4a9b-bc88-6efb85341837,"equipe ótima, providenciando tudo necessário para um bom evento"
50ab66a7-9677-44ec-b7d4-be69f3d11d87,campeonato de jogos tá bom
50ab66a7-9677-44ec-b7d4-be69f3d11d87,final de jogos agr
50ab66a7-9677-44ec-b7d4-be69f3d11d87,🎊🎉
8f4c1ec8-e5ed-4ce2-90f1-84bbab673805,"nossa, a letícia falou muito bem sobre o botz"
daac9055-17a0-4775-bb21-9c0add9d45ec,as apresentações da melissa foram perfeitas
daac9055-17a0-4775-bb21-9c0add9d45ec,acho que ano que vem a amanda tinha que apresentar o mymobiconf
daac9055-17a0-4775-bb21-9c0add9d45ec,as meninas do minascoders arrasaram nas apresentações
8f4c1ec8-e5ed-4ce2-90f1-84bbab673805,ana moreira falou muito bem do caça-doações
8f4c1ec8-e5ed-4ce2-90f1-84bbab673805,duda arrasou na apresentação de iot
8f4c1ec8-e5ed-4ce2-90f1-84bbab673805,muito interessante o projeto
7cf13434-76d6-4046-96fd-1cfd9d429282,uhh eh bonitinho
84fb43ff-f2ca-4b32-b090-49467d8ae7a0,"a ingred arrasou na apresentação, lindaaa"
d3028b07-211a-405d-9f82-13b8d82aeff8,vamo virar bonitinhos
d13dce39-51a4-4170-8b39-f06cb1f6adf6,primeiro dia de secom foi mt legal
d3028b07-211a-405d-9f82-13b8d82aeff8,que jogão de valorant
43aca24c-d788-497e-8521-06df728eeaf8,essa final foi boa d+ cara
43aca24c-d788-497e-8521-06df728eeaf8,essa secom tá insana
43aca24c-d788-497e-8521-06df728eeaf8,os melhores projetos foram os de iot ein 👀👀
43aca24c-d788-497e-8521-06df728eeaf8,apoio todo dia ter figurinha de manhã
43aca24c-d788-497e-8521-06df728eeaf8,gostaria de dizer que a linguagem que o dudu tá criando deveria se chamar educa
d0b2bc0d-178a-434a-9fc8-134d0ca5a1be,faltou só o evento dar copo pra galera
d0b2bc0d-178a-434a-9fc8-134d0ca5a1be,podiam tirar mais fotos de momentos aleatórios
d0b2bc0d-178a-434a-9fc8-134d0ca5a1be,"ar tava friozão, precisando levar roupa de frio amanhã"
d0b2bc0d-178a-434a-9fc8-134d0ca5a1be,"a ideia dos apitos, chocalhos"
d0b2bc0d-178a-434a-9fc8-134d0ca5a1be,brinquedos de cachorro foi genial
d0b2bc0d-178a-434a-9fc8-134d0ca5a1be,o coffee break foi muito perto do almoço
d0b2bc0d-178a-434a-9fc8-134d0ca5a1be,"triste o sorteio ser pelo aplicativo, meu número do crachá foi muito ganhável esse ano"
d13dce39-51a4-4170-8b39-f06cb1f6adf6,o coffe break podia ter sido mais cedo msmo
d13dce39-51a4-4170-8b39-f06cb1f6adf6,gostei das palestras de hoje
d13dce39-51a4-4170-8b39-f06cb1f6adf6,o design do mymobiconf ta muito bonitinho
03164614-b683-45b1-98f0-7179e65cd4ed,acho que devia ter mais salgado
d13dce39-51a4-4170-8b39-f06cb1f6adf6,"a blusa da secom desse ano ficou linda, adorei a cor"
03164614-b683-45b1-98f0-7179e65cd4ed,muito bom os apito pras apresentações que demoram kjkkjk
d13dce39-51a4-4170-8b39-f06cb1f6adf6,acho que na próxima secom ficaria muito legal uma blusa vinho
03164614-b683-45b1-98f0-7179e65cd4ed,achei bem legal as palestras serem voltadas pra essa parte de ia
03164614-b683-45b1-98f0-7179e65cd4ed,o coffebreak foi meio tarde
03164614-b683-45b1-98f0-7179e65cd4ed,"muito bom o design do app, parabéns aos envolvidos"
03164614-b683-45b1-98f0-7179e65cd4ed,ainda bem que escolheram azul marinho pra essas camisetas
e06ffaec-3d0b-45f5-85c5-94027d692f0f,"não gostei da derrota dos bonitinho, acho que foi marmelada"
4a38eef3-4375-45b4-b386-649cb518c20b,no meu coração os bonitinhos ganharam
e06ffaec-3d0b-45f5-85c5-94027d692f0f,pelo primeiro dia que eu fui achei incrível
e06ffaec-3d0b-45f5-85c5-94027d692f0f,principalmente os projetos de game
4a38eef3-4375-45b4-b386-649cb518c20b,mcagenda ganhando sexta
e06ffaec-3d0b-45f5-85c5-94027d692f0f,foi incrível
e06ffaec-3d0b-45f5-85c5-94027d692f0f,ano que vem quero mais camp
4a38eef3-4375-45b4-b386-649cb518c20b,bonitinhos só perdeu pq tinha bet envolvida
e06ffaec-3d0b-45f5-85c5-94027d692f0f,só o ar condicionado aue tava frio viu
4a38eef3-4375-45b4-b386-649cb518c20b,tava nada zé tava mó bom
a8795f76-f29d-4a4e-ab33-de80f1fa7eaa,mal posso esperar pelas palestras de amanhã
a8795f76-f29d-4a4e-ab33-de80f1fa7eaa,quem será que vai ganhar a maratona de programação
9b29ec6c-e5af-4b1c-b7f1-49779d06c73a,torneio secom de
9b29ec6c-e5af-4b1c-b7f1-49779d06c73a,-sports foi muito bom
9b29ec6c-e5af-4b1c-b7f1-49779d06c73a,mehor secom de todas
9b29ec6c-e5af-4b1c-b7f1-49779d06c73a,tem que ter edição do torneio secom de
9b29ec6c-e5af-4b1c-b7f1-49779d06c73a,-sports todo ano
eed4edbe-921c-4f9c-8148-1948d00197eb,gostei muito das palestras
eed4edbe-921c-4f9c-8148-1948d00197eb,o professor philipe organizou um ótimo evento junto da equipe organizadora
50ab66a7-9677-44ec-b7d4-be69f3d11d87,uuu
34d7ba0b-7b62-4439-b143-d7dd24797376,não seria uma má ideia aumenta a temperatura do ar condicionado
eed4edbe-921c-4f9c-8148-1948d00197eb,gostei de todas palestras
eed4edbe-921c-4f9c-8148-1948d00197eb,a primeira palestra de abertura foi a melhor de todas
ad08e116-810d-4533-a7c6-9782fcb55f6d,a ideia do apito foi genial
226440c8-ce0c-42b8-a37b-8435e915955d,as palestras sobre ia trouxeram perspectivas muito interessantes
ad08e116-810d-4533-a7c6-9782fcb55f6d,ufv virtual labs logo logo vai ser vitrine da ufv
ad08e116-810d-4533-a7c6-9782fcb55f6d,set-app
37ec55d9-b848-47bd-9a33-f64afd2dd867,bom
37ec55d9-b848-47bd-9a33-f64afd2dd867,legal
37ec55d9-b848-47bd-9a33-f64afd2dd867,incrível
37ec55d9-b848-47bd-9a33-f64afd2dd867,massa
37ec55d9-b848-47bd-9a33-f64afd2dd867,sensacional
37ec55d9-b848-47bd-9a33-f64afd2dd867,perfeito
03164614-b683-45b1-98f0-7179e65cd4ed,patrick esta com o cabelo extremamente sedoso novamente
4395eb8b-e6f9-4282-85dc-98453a11cc3e,torneio de
4395eb8b-e6f9-4282-85dc-98453a11cc3e,-sports foi legal pena que a não conseguimos levar a vitória pra casa
37ec55d9-b848-47bd-9a33-f64afd2dd867,muito bom
37ec55d9-b848-47bd-9a33-f64afd2dd867,parte fundamental
37ec55d9-b848-47bd-9a33-f64afd2dd867,muito muito bom
4395eb8b-e6f9-4282-85dc-98453a11cc3e,trofeis show de bola
13c63d6c-e94d-4b8b-829b-3a6f523ac131,final de valorant excepecional
9a75dc4c-7a4e-49c6-b73b-62eafd9c8b73,final de valorant foi insanaaaaa
9a75dc4c-7a4e-49c6-b73b-62eafd9c8b73,melhoraram o ar condicionado pro segundo dia
13c63d6c-e94d-4b8b-829b-3a6f523ac131,narrador
13c63d6c-e94d-4b8b-829b-3a6f523ac131,comentaristas muito brabos
4395eb8b-e6f9-4282-85dc-98453a11cc3e,ideia do apito bacana
9a75dc4c-7a4e-49c6-b73b-62eafd9c8b73,o ambiente está incrível
13c63d6c-e94d-4b8b-829b-3a6f523ac131,muito legal trazerem empresas de desenvolvimento de jogos para o evento
4395eb8b-e6f9-4282-85dc-98453a11cc3e,pipoquinha god
4395eb8b-e6f9-4282-85dc-98453a11cc3e,tem que fazer muito comentário
4395eb8b-e6f9-4282-85dc-98453a11cc3e,completando a missão
9a75dc4c-7a4e-49c6-b73b-62eafd9c8b73,ansioso pela palestra da sydle
3f05e03e-45ce-4e65-b2f3-cf3a76e21fa1,ansioso para as palestras das empresas
a6ec5f50-aa66-4ad4-8b97-10a6f9eacaad,ansiosa pra maratona de programação de hoje
13c63d6c-e94d-4b8b-829b-3a6f523ac131,realmente queria muito saber qual o shampoo do patrick (não ouvi direito ontem)
9a75dc4c-7a4e-49c6-b73b-62eafd9c8b73,qual shampoo o patrick usa
03164614-b683-45b1-98f0-7179e65cd4ed,qual o condicionador do patrick
d3028b07-211a-405d-9f82-13b8d82aeff8,qual o shampoo do patrick
9a75dc4c-7a4e-49c6-b73b-62eafd9c8b73,pessoal da comissão de
9a75dc4c-7a4e-49c6-b73b-62eafd9c8b73,-sports está de parabéns
43aca24c-d788-497e-8521-06df728eeaf8,"rapazeada, qual o shampoo do patrick"
15ae4086-4952-4aac-a16b-5c2852e5e523,que lore é essa sobre o shampoo que o patrick usa
226440c8-ce0c-42b8-a37b-8435e915955d,qual o shampoo do patrick
3f05e03e-45ce-4e65-b2f3-cf3a76e21fa1,qual o shampoo do patrick
3f05e03e-45ce-4e65-b2f3-cf3a76e21fa1,ele é muito belo
9cc1a365-6476-4f22-bf74-2a453e1e8443,animado pra essa palestra
ae0cbeae-1ff0-406f-a78a-a80a71120100,"caramba, qual shampoo o patrick usa"
15ae4086-4952-4aac-a16b-5c2852e5e523,qual o shampoo do patrick
780e911b-3537-4deb-8eae-0ce33981b3d2,"ótimo evento, estou amando até agora"
780e911b-3537-4deb-8eae-0ce33981b3d2,"entretanto tenho uma dúvida, o aluno patrick estava com o cabelo belo"
780e911b-3537-4deb-8eae-0ce33981b3d2,"sedoso, qual shampoo ele usa"
15ae4086-4952-4aac-a16b-5c2852e5e523,bem que podia começar mais tarde esse credenciamento né
a6ec5f50-aa66-4ad4-8b97-10a6f9eacaad,qual o shampoo o patrick usa
03164614-b683-45b1-98f0-7179e65cd4ed,gostei muito dos jogos
03164614-b683-45b1-98f0-7179e65cd4ed,senti falta dos games
15ae4086-4952-4aac-a16b-5c2852e5e523,"bom dia, como vocês estão"
50a1eb8e-50fb-4cc4-b79b-6b4b2a4a8c61,"meus bons, que shampoo o patrick usa"
f0158b5a-82ff-410c-81f2-d51f7e345b45,eu uso pantene🫡
780e911b-3537-4deb-8eae-0ce33981b3d2,"a final de valorant foi um dos melhores eventos que já participei no curso, deveriam haver mais"
8aed64cf-df9c-4421-bff3-6c07fee239b1,qual a preparação capilar do patrick pré-jogo
c0f15389-3383-4e94-b413-2fd78bcd0b68,muito bom
f0158b5a-82ff-410c-81f2-d51f7e345b45,"nós temos a game jam,"
f0158b5a-82ff-410c-81f2-d51f7e345b45,para aqueles interessados em fazer jogos
f0158b5a-82ff-410c-81f2-d51f7e345b45,não games
780e911b-3537-4deb-8eae-0ce33981b3d2,qual shamp
13c63d6c-e94d-4b8b-829b-3a6f523ac131,ansioso para a maratona de programação
c0f15389-3383-4e94-b413-2fd78bcd0b68,excelente estrutura
c0f15389-3383-4e94-b413-2fd78bcd0b68,ótimas música de intervalo
a5551753-5cda-4641-bc94-7d92707ef19c,qual o xampoo do patrick
15ae4086-4952-4aac-a16b-5c2852e5e523,curioso sobre como vai ser a gamejam
a5551753-5cda-4641-bc94-7d92707ef19c,podia ter um cofre break no meio do sipeec
15ae4086-4952-4aac-a16b-5c2852e5e523,esperando pela maratona de programação essa tarde
c0f15389-3383-4e94-b413-2fd78bcd0b68,final do valorant excepcional
689ae6f3-7314-4e99-96bf-585b2a9cfb77,qual o shampoo so patrick
689ae6f3-7314-4e99-96bf-585b2a9cfb77,fala agora
13c63d6c-e94d-4b8b-829b-3a6f523ac131,fotógrafo do dia 05 muito bom
13c63d6c-e94d-4b8b-829b-3a6f523ac131,mano sabe muito
780e911b-3537-4deb-8eae-0ce33981b3d2,precisamos de um time profissional de
780e911b-3537-4deb-8eae-0ce33981b3d2,-sports urgentemente
d51c3bbb-185b-4a34-848a-607621bd7cc2,qual shampoo o patrick usa
a5551753-5cda-4641-bc94-7d92707ef19c,o primeiro dia foi top
a5551753-5cda-4641-bc94-7d92707ef19c,só tava um pouco frio
f0158b5a-82ff-410c-81f2-d51f7e345b45,alguém tire a câmera daquele fotógrafo
d51c3bbb-185b-4a34-848a-607621bd7cc2,top
d51c3bbb-185b-4a34-848a-607621bd7cc2,bom demais
7d582411-e617-4105-8edf-bca7ee066eca,uma dúvida sincera qual o shampoo do patrick
c0f15389-3383-4e94-b413-2fd78bcd0b68,palestras sobre ia muito boa
c0f15389-3383-4e94-b413-2fd78bcd0b68,coffee break necessita de mais salgados
19f49226-5a60-463b-85d3-ac562e4eddc4,"bom dia família, só queria saber qual shampoo o patrick usa, o cabelo do cara é sedoso"
15ae4086-4952-4aac-a16b-5c2852e5e523,cofee break foi boa
15ae4086-4952-4aac-a16b-5c2852e5e523,podia ter mais uma vez no dia
84fb43ff-f2ca-4b32-b090-49467d8ae7a0,a secom tá otima
19f49226-5a60-463b-85d3-ac562e4eddc4,tema muito daora do gamejam
15ae4086-4952-4aac-a16b-5c2852e5e523,podem tirar a câmera desse fotógrafo mesmo
b63a6449-71ad-4d70-9775-5e3d90f6055a,o destino de todo professor de cdc é ficar calvo
19f49226-5a60-463b-85d3-ac562e4eddc4,"as palestras do dia 1 foram muito interessantes, interessantes saber mais sobre as ias"
f7781785-ccfa-4120-856f-3781bcf14d45,ar tá geladasso
f7781785-ccfa-4120-856f-3781bcf14d45,muito boa as palestras
226440c8-ce0c-42b8-a37b-8435e915955d,"senti saudade dos quibes no coffe break akakakakak
sem ele tava gostoso,"
226440c8-ce0c-42b8-a37b-8435e915955d,faltou o charme q o quibe traz
50a1eb8e-50fb-4cc4-b79b-6b4b2a4a8c61,a secom está muito braba esse ano
d13dce39-51a4-4170-8b39-f06cb1f6adf6,patrick nos conte qual shampoo vc usa
15ae4086-4952-4aac-a16b-5c2852e5e523,vida de professor é complicada
15ae4086-4952-4aac-a16b-5c2852e5e523,todos ficando calvos
15ae4086-4952-4aac-a16b-5c2852e5e523,ter que mudar meus planos pro futuro
e2b6d403-470e-4752-8767-48575bb10c67,as palestras do dia 1 foram dahoras
19f49226-5a60-463b-85d3-ac562e4eddc4,"a linguagem desenvolvida pelo eduardo antunes parece muito interessante, esperamos que no futuro esteja na matéria de lp da thaís"
8f243416-db6e-4185-8133-0e0433d6c30a,fotografa muito boa
226440c8-ce0c-42b8-a37b-8435e915955d,muito animada com a maratona hoje :)
8f243416-db6e-4185-8133-0e0433d6c30a,ansioso pelo lol hoje
f7781785-ccfa-4120-856f-3781bcf14d45,muito bom o primeiro dia
f7781785-ccfa-4120-856f-3781bcf14d45,ansioso pra amanhã
15ae4086-4952-4aac-a16b-5c2852e5e523,o troféu do torneio de
15ae4086-4952-4aac-a16b-5c2852e5e523,-sports é fofo
15ae4086-4952-4aac-a16b-5c2852e5e523,gostei da estética bissexual da secom
50a1eb8e-50fb-4cc4-b79b-6b4b2a4a8c61,como eu faço pra escrever 6 comentários por dia
50a1eb8e-50fb-4cc4-b79b-6b4b2a4a8c61,é muita coisa 😫😫
50a1eb8e-50fb-4cc4-b79b-6b4b2a4a8c61,o coffee break estava brabo
50a1eb8e-50fb-4cc4-b79b-6b4b2a4a8c61,muito bom
19f49226-5a60-463b-85d3-ac562e4eddc4,"foi muito gratificante apresentar na sipeec, o pessoal tava prestando atenção em todas as palestras"
13c63d6c-e94d-4b8b-829b-3a6f523ac131,pode participar da gamejam
13c63d6c-e94d-4b8b-829b-3a6f523ac131,da maratona de programação
8f243416-db6e-4185-8133-0e0433d6c30a,partida do valorant foi emocionante
02af807d-7123-444e-b61e-89eaf92be60f,a bolsa cantou
092f2a22-65fe-4b1e-a8de-356ce785cea3,ansiosa pelo coffee break
226440c8-ce0c-42b8-a37b-8435e915955d,qual projeto foi oficialmente declarado o melhor da faculdade
226440c8-ce0c-42b8-a37b-8435e915955d,"akakakakak
parece que ficou entre o mymobiconf, o virtual labs"
226440c8-ce0c-42b8-a37b-8435e915955d,a empresa junior
50a1eb8e-50fb-4cc4-b79b-6b4b2a4a8c61,pode esfriar um pouco mais o ar ein
4a38eef3-4375-45b4-b386-649cb518c20b,"mymobiconf tá melhor,"
4a38eef3-4375-45b4-b386-649cb518c20b,é só pq tá funcionando
219bdf7f-fa3a-4d8f-9e33-b83980cc7afb,cadê o frio de ontem
50a1eb8e-50fb-4cc4-b79b-6b4b2a4a8c61,os troféus da game jam estão incríveis 😮😮
4a38eef3-4375-45b4-b386-649cb518c20b,esperando botarem o ar em 17°
15ae4086-4952-4aac-a16b-5c2852e5e523,estou utilizando o aplicativo para expôr minhas opiniões
15ae4086-4952-4aac-a16b-5c2852e5e523,dúvidas sobre as palestras
15ae4086-4952-4aac-a16b-5c2852e5e523,bem que podiam comprar outro 🎤
f7781785-ccfa-4120-856f-3781bcf14d45,bora pra mais um dia
f7781785-ccfa-4120-856f-3781bcf14d45,ansioso pra palestra sobre o mercado de jogos
7cf13434-76d6-4046-96fd-1cfd9d429282,boa
7cf13434-76d6-4046-96fd-1cfd9d429282,muito bom
f7781785-ccfa-4120-856f-3781bcf14d45,muito sono
08101ce6-e4af-4e12-81d5-87afcafc4b3b,secom dos jogos 🎮🚀
4a38eef3-4375-45b4-b386-649cb518c20b,mercado de jogos mais importante q muitos outras indústrias
4a38eef3-4375-45b4-b386-649cb518c20b,esports não é esporte no brasil kkkkkkkkkkkkk
219bdf7f-fa3a-4d8f-9e33-b83980cc7afb,ligaaaa o aaaaaarrr
4a38eef3-4375-45b4-b386-649cb518c20b,dito isso não tem um  jogo aaa que seja bom atualmente
226440c8-ce0c-42b8-a37b-8435e915955d,números relacionados ao mercado de jogos me impressionam muito kakakakakaka
058b3f94-6774-45aa-bc57-07dacfd0704b,iniciações ciêntificas incriveis
058b3f94-6774-45aa-bc57-07dacfd0704b,ufv vai levar o campeonato de
058b3f94-6774-45aa-bc57-07dacfd0704b,-esportes
092f2a22-65fe-4b1e-a8de-356ce785cea3,não sabia que o mercado de jogos era tão grande assim
219bdf7f-fa3a-4d8f-9e33-b83980cc7afb,vai todo mundo ser solado hj no beat saber
058b3f94-6774-45aa-bc57-07dacfd0704b,"palestra necessária, muito didática"
058b3f94-6774-45aa-bc57-07dacfd0704b,inspiradora
19f49226-5a60-463b-85d3-ac562e4eddc4,interessante saber que a indústria de games é mais rentável que a cinematográfica
19f49226-5a60-463b-85d3-ac562e4eddc4,"a musical, não fazia ideia"
058b3f94-6774-45aa-bc57-07dacfd0704b,muito bom o copilot
64a69630-bdc5-4e29-9090-492d31a34e0d,quais os jogos mais populares no brasil
058b3f94-6774-45aa-bc57-07dacfd0704b,aprendizado de máquina é muito doido
058b3f94-6774-45aa-bc57-07dacfd0704b,muito boa
7833a43c-88df-41ce-9608-368ecac536a1,"sabia que o mercado de jogos era grande,"
7833a43c-88df-41ce-9608-368ecac536a1,não tão grande assim
64a69630-bdc5-4e29-9090-492d31a34e0d,qual o jogo mais famoso desenvolvido pela umbu
678d1b14-8c07-44f6-9f14-14fdbf7b4135,to achando bacana
678d1b14-8c07-44f6-9f14-14fdbf7b4135,"lugar bacana tb, geladinho"
678d1b14-8c07-44f6-9f14-14fdbf7b4135,palestra top
678d1b14-8c07-44f6-9f14-14fdbf7b4135,umbu me adotaaa
7833a43c-88df-41ce-9608-368ecac536a1,nunca imaginei que o faturamento de jogos era maior que o de filmes
7833a43c-88df-41ce-9608-368ecac536a1,"música, é muito doido isso"
678d1b14-8c07-44f6-9f14-14fdbf7b4135,fiquei sabendo que hoje tem gamejam 🫣🫣
30a1d1e4-da0d-4f67-9908-6bc16a47ebc4,ótimo nesped
219bdf7f-fa3a-4d8f-9e33-b83980cc7afb,coffebreak🤤
30a1d1e4-da0d-4f67-9908-6bc16a47ebc4,o lanche poderia ser diferente:(
4a38eef3-4375-45b4-b386-649cb518c20b,tô com fome 🤤
30a1d1e4-da0d-4f67-9908-6bc16a47ebc4,ótima palestra sobre ia
678d1b14-8c07-44f6-9f14-14fdbf7b4135,ansioso para hoje
30a1d1e4-da0d-4f67-9908-6bc16a47ebc4,gostei da ideia do apito
30a1d1e4-da0d-4f67-9908-6bc16a47ebc4,ar condicionado salvou demais
219bdf7f-fa3a-4d8f-9e33-b83980cc7afb,vem aí lol 2
30a1d1e4-da0d-4f67-9908-6bc16a47ebc4,cadeiras confortáveis
9cc1a365-6476-4f22-bf74-2a453e1e8443,palestra de jogos muito boa
c0f15389-3383-4e94-b413-2fd78bcd0b68,ótima palestra sobre um mercado de jogos
12c8e1ec-c662-415a-b106-b64ccb7ece3f,o evento esse ano está com uma estética muito bacana
12c8e1ec-c662-415a-b106-b64ccb7ece3f,o tema de jogos é algo muito interessante
092f2a22-65fe-4b1e-a8de-356ce785cea3,ótima palestra
30a1d1e4-da0d-4f67-9908-6bc16a47ebc4,ótimo conhecer sobre o mercado de jogos
9cc1a365-6476-4f22-bf74-2a453e1e8443,"o que seria ""jogos sérios"" que ele estava falando"
30a1d1e4-da0d-4f67-9908-6bc16a47ebc4,o fotógrafo sabe oque está fazendo
780e911b-3537-4deb-8eae-0ce33981b3d2,o wifi está horrível 😔
30a1d1e4-da0d-4f67-9908-6bc16a47ebc4,gostei do campeonato ontem
12c8e1ec-c662-415a-b106-b64ccb7ece3f,é interessante ver a integração do mercado de jogos
12c8e1ec-c662-415a-b106-b64ccb7ece3f,o setor acadêmico
880b38ad-954a-499a-a76a-66fce8a17f66,que palestra f*da
12c8e1ec-c662-415a-b106-b64ccb7ece3f,muito bacana trazer profissionais dentro do mercado de trabalho para falar um pouco mais
30a1d1e4-da0d-4f67-9908-6bc16a47ebc4,ansioso pelos games casuais de hoje
4ce79311-38e9-401a-bb36-d1b6ad9ff2d3,ótima palestra pra começar o dia
12c8e1ec-c662-415a-b106-b64ccb7ece3f,muito bom termos uma melhor refrigeração esse ano do espaço
7833a43c-88df-41ce-9608-368ecac536a1,"um feedback pro mymobiconf: os comentários poderiam ficar se atualizando, a gente tem que ficar saindo"
7833a43c-88df-41ce-9608-368ecac536a1,voltando da aba pra carregar os novos comentários
780e911b-3537-4deb-8eae-0ce33981b3d2,não sei nada de game development
780e911b-3537-4deb-8eae-0ce33981b3d2,vou participar da game jam 😎
12c8e1ec-c662-415a-b106-b64ccb7ece3f,"seria bom fechar o evento para o pessoal do curso, para conseguirmos disponibilizar mais vagas pra todos"
0420c57a-0aa8-45b1-9166-f455c0711707,qual o faturamento médio da umbu
780e911b-3537-4deb-8eae-0ce33981b3d2,"gente, se tiverem feedbacks sobre o app mandem no questionário do mymobiconf que acho que será melhor para o time visualizar por lá"
b99c9940-1ccf-4ec6-963a-9a233fddde70,"foi muito bacana entender como está projeto o futuro do desenvolvimento, com o auxílio das assistente ia"
9cc1a365-6476-4f22-bf74-2a453e1e8443,qual shampoo o patrick usa
b6692dfb-d9b8-409b-ac8e-4ffe98e5a57b,"qual sua dica de organização de uma equipe iniciante de desenvolvimento de jogos, quanto a quantidade de pessoal forma de trabalho, etc"
b6692dfb-d9b8-409b-ac8e-4ffe98e5a57b,qual sua experiência com jogos educacionais
b6692dfb-d9b8-409b-ac8e-4ffe98e5a57b,quais dicas pode dar para equipes que os desenvolvem
9a75dc4c-7a4e-49c6-b73b-62eafd9c8b73,a umbu já usou a  linguagem de programação lua
9a75dc4c-7a4e-49c6-b73b-62eafd9c8b73,qual a linguagem de programação que a umbu mais usou pra fazer jogos
d3028b07-211a-405d-9f82-13b8d82aeff8,parabéns pela palestra
0016d182-df26-4200-b287-2b9a2086516b,palestra boa
0016d182-df26-4200-b287-2b9a2086516b,mt boa mesmo
780e911b-3537-4deb-8eae-0ce33981b3d2,como vai ser a gamejam se a internet não está funcionando
4a38eef3-4375-45b4-b386-649cb518c20b,"o será que ele acha que o mercado de jogos está saturado com jogos aaa, com jogos indie recebendo mais avaliações positivas recentemente"
19f49226-5a60-463b-85d3-ac562e4eddc4,em quais linguagens de programação vocês desenvolvem os jogos
023d3c99-a60f-4734-88e2-de4c9944c95a,no brasil existem empresas que desenvolvem jogos do gênero visual novel
ad08e116-810d-4533-a7c6-9782fcb55f6d,há algum gênero de jogos brasileiros que se destaca em termos de faturamento ou popularidade
84fb43ff-f2ca-4b32-b090-49467d8ae7a0,muito boa a palestra sobre jogos
b6692dfb-d9b8-409b-ac8e-4ffe98e5a57b,"aqui na faculdade temos projetos de desenvolvimento de jogos educionais, seria possível obter algum contato com sua equipe para obter dicas"
b6692dfb-d9b8-409b-ac8e-4ffe98e5a57b,informações
0016d182-df26-4200-b287-2b9a2086516b,boas perguntas
0016d182-df26-4200-b287-2b9a2086516b,boa palestra para abrir o dia
5bc436a4-ec67-4216-87a7-d9152877d21f,muito legal a palestra sobre o mercado de jogos
84fb43ff-f2ca-4b32-b090-49467d8ae7a0,adorei
5bc436a4-ec67-4216-87a7-d9152877d21f,"vou levar esse ar condicionado pra casa, pode"
0016d182-df26-4200-b287-2b9a2086516b,ele administrou bem o tempo
0016d182-df26-4200-b287-2b9a2086516b,só achei o número de perguntas baixo
b6692dfb-d9b8-409b-ac8e-4ffe98e5a57b,qual sua opinião sobre as engines de desenvolvimento de jogos
b6692dfb-d9b8-409b-ac8e-4ffe98e5a57b,tem alguma dica sobre a unity
023d3c99-a60f-4734-88e2-de4c9944c95a,"legal a palestra, muito interessante mesmo"
780e911b-3537-4deb-8eae-0ce33981b3d2,parabéns para a equipe do mymobiconf
780e911b-3537-4deb-8eae-0ce33981b3d2,"para a equipe da organização do evento, esse ano está muito satisfatório participar da secom"
780e911b-3537-4deb-8eae-0ce33981b3d2,parabéns para o matheus peixoto pela ótima apresentação do evento
d3028b07-211a-405d-9f82-13b8d82aeff8,pi marcando presença na secom 2024
7cf13434-76d6-4046-96fd-1cfd9d429282,muito boa a palestra de jogos
9cc1a365-6476-4f22-bf74-2a453e1e8443,ótima palestra
880b38ad-954a-499a-a76a-66fce8a17f66,"parabens, otima palestra"
34c8353a-bcb4-4553-8c2d-fac1c5311ccd,o joão sabe muito
ad08e116-810d-4533-a7c6-9782fcb55f6d,muito boa a palestra
e539ea11-2f5f-48c0-8cd6-f269dd6ed844,"muito interessante, tragam mais palestras sobre o assunto de jogos"
4ce79311-38e9-401a-bb36-d1b6ad9ff2d3,coffe break podia ser a tarde ao invés de manhã
c922b921-1305-4fe3-b76c-649887d97eb4,muito boas as dicas
c922b921-1305-4fe3-b76c-649887d97eb4,bom
c922b921-1305-4fe3-b76c-649887d97eb4,excelente
c922b921-1305-4fe3-b76c-649887d97eb4,ar co dicionário frio
c922b921-1305-4fe3-b76c-649887d97eb4,a parte da tarde era obrigatória
c922b921-1305-4fe3-b76c-649887d97eb4,sim
c922b921-1305-4fe3-b76c-649887d97eb4,muito boa a palestra
ae0cbeae-1ff0-406f-a78a-a80a71120100,a palestra sobre games foi muito interessante
ae0cbeae-1ff0-406f-a78a-a80a71120100,coffe braek bom adorei o salgado de frango
c922b921-1305-4fe3-b76c-649887d97eb4,poderia diminuir a quantidade toda de de comentários
c922b921-1305-4fe3-b76c-649887d97eb4,diminuir o salgadonho de milho
c922b921-1305-4fe3-b76c-649887d97eb4,aumentar a salgadinho de salsicha
ae0cbeae-1ff0-406f-a78a-a80a71120100,ansioso para a maratona
c922b921-1305-4fe3-b76c-649887d97eb4,comentário
c922b921-1305-4fe3-b76c-649887d97eb4,muito bom
a5551753-5cda-4641-bc94-7d92707ef19c,"trazer palestras de temas variados para além de inteligência artificial, como foi no caso da umbu games, enriquece ainda mais o evento"
a8795f76-f29d-4a4e-ab33-de80f1fa7eaa,palestra incrível da umbu games
8b532002-32a9-47b8-a068-f68ebed037cd,a palestra sobre o mercado de jogos foi muito interessante
8b532002-32a9-47b8-a068-f68ebed037cd,como pode umbu ser tão grande
8b532002-32a9-47b8-a068-f68ebed037cd,ter feito tantos trabalhos interessantes
9a75dc4c-7a4e-49c6-b73b-62eafd9c8b73,vai ter ps5 hoje a noite
84fb43ff-f2ca-4b32-b090-49467d8ae7a0,"ps5 hoje a noite, ansiosa"
4ce79311-38e9-401a-bb36-d1b6ad9ff2d3,como vai funcionar os torneios hoje
45025e25-714c-447c-ad00-3f2880882d2b,boa palestra
45025e25-714c-447c-ad00-3f2880882d2b,ótima palestra
d13dce39-51a4-4170-8b39-f06cb1f6adf6,primeira palestra foi ótima
d13dce39-51a4-4170-8b39-f06cb1f6adf6,tenho muito interesse na área de jogos
45025e25-714c-447c-ad00-3f2880882d2b,muito bom
45025e25-714c-447c-ad00-3f2880882d2b,bom
45025e25-714c-447c-ad00-3f2880882d2b,ótimo
45025e25-714c-447c-ad00-3f2880882d2b,perfeito
d13dce39-51a4-4170-8b39-f06cb1f6adf6,qual shampoo patrick usa
03164614-b683-45b1-98f0-7179e65cd4ed,alguém pelo amor de deus fala oque o patrick passa no cabelo
34c8353a-bcb4-4553-8c2d-fac1c5311ccd,coffee break tá virando um evento a parte
c3149f3b-36f2-4fbd-a033-c41f8e9fe534,o coffee break perfeito
03164614-b683-45b1-98f0-7179e65cd4ed,acho que na próxima secom deveria ter uma dinâmica pra disputar as sobras do coffebreak
c3149f3b-36f2-4fbd-a033-c41f8e9fe534,o tempo da sipeec foi mto grande
c3149f3b-36f2-4fbd-a033-c41f8e9fe534,"quem sabe na próxima vez, poderíamos ter 3 minutos de fala apenas"
700f7b0c-46a5-4f88-b605-7015d0660e2b,bom dms
4a38eef3-4375-45b4-b386-649cb518c20b,gente eu só peço isso qual é o shampoo que o patrick usa
226440c8-ce0c-42b8-a37b-8435e915955d,animada com a palestra da levty
5bc436a4-ec67-4216-87a7-d9152877d21f,ansiosa pela próxima palestra
03164614-b683-45b1-98f0-7179e65cd4ed,ansioso pelos jogos de hoje
5bc436a4-ec67-4216-87a7-d9152877d21f,"lanchinho delicioso,"
5bc436a4-ec67-4216-87a7-d9152877d21f,queria um docinho em algum dos dias 😋
5bc436a4-ec67-4216-87a7-d9152877d21f,muito divertidas as palestras
02af807d-7123-444e-b61e-89eaf92be60f,ansioso pelas palestras
5bc436a4-ec67-4216-87a7-d9152877d21f,ansiosa pela próxima palestra
64a69630-bdc5-4e29-9090-492d31a34e0d,cadê o doce no coffee break
219bdf7f-fa3a-4d8f-9e33-b83980cc7afb,liga o ar daqui de trás nmrllll
d13dce39-51a4-4170-8b39-f06cb1f6adf6,ontem a sipeeec demorou mt foi cansativo poderia talvez diminuir o tempo das apresentações ano q vem ou dividir em dois
64a69630-bdc5-4e29-9090-492d31a34e0d,onde que eu olho em qual palestra eu to inscrito
7833a43c-88df-41ce-9608-368ecac536a1,"caramba, nem sabia que o cifras era de bh"
092f2a22-65fe-4b1e-a8de-356ce785cea3,só por essa apresentação já deu pra perceber que o pessoal do letras é bacana demais
d13dce39-51a4-4170-8b39-f06cb1f6adf6,nao sabia que letras era de bh
64a69630-bdc5-4e29-9090-492d31a34e0d,em que o letras academy é focado
092f2a22-65fe-4b1e-a8de-356ce785cea3,gostaria de saber mais sobre o letras academy
0420c57a-0aa8-45b1-9166-f455c0711707,como é ter alguns produtos que o faturamento depende de contribuições voluntárias (ex: letras
0420c57a-0aa8-45b1-9166-f455c0711707,cifra club)
226440c8-ce0c-42b8-a37b-8435e915955d,com qual frequência a empresa oferece oportunidade de estágio ou trainees
226440c8-ce0c-42b8-a37b-8435e915955d,qual é a rotina de trabalho deles
ae0cbeae-1ff0-406f-a78a-a80a71120100,o o pessoal do letras é bom hein
a5551753-5cda-4641-bc94-7d92707ef19c,a palestra do letras é o melhor evento dessa secom até agora
a5551753-5cda-4641-bc94-7d92707ef19c,"quem trouxe eles, está de parabéns"
7568d4e3-7c42-4c07-9246-161f8f144017,imagina o brinde do letras ser um instrumento kkkkk
3f05e03e-45ce-4e65-b2f3-cf3a76e21fa1,até o momento a melhor palestra da secom
99899b5a-eb3d-4d67-a64f-a143f824a709,"pergunta para o rods: na sua época de estudante aqui na ufv, você participou de um projeto integrador"
99899b5a-eb3d-4d67-a64f-a143f824a709,como foi a experiência
99899b5a-eb3d-4d67-a64f-a143f824a709,como você compararia isso a sua experiência numa equipe de verdade
5bc436a4-ec67-4216-87a7-d9152877d21f,muito legal essa palestra do letras
13c63d6c-e94d-4b8b-829b-3a6f523ac131,no uso do front vocês falaram do uso de sockets
13c63d6c-e94d-4b8b-829b-3a6f523ac131,vocês usam sockets puro ou algum middleware
13c63d6c-e94d-4b8b-829b-3a6f523ac131,"(achei interessante, não imaginava que isso era usado nesse contexto)"
8f243416-db6e-4185-8133-0e0433d6c30a,bom saber que temos mineiros em uma empresa tão grande
99899b5a-eb3d-4d67-a64f-a143f824a709,"nota na pergunta para o rods: pelo que a gláucia contou, o pi era muito mais caótico antigamente"
99899b5a-eb3d-4d67-a64f-a143f824a709,"hoje em dia são equipes separadas, de 8 a 10 pessoas"
b99c9940-1ccf-4ec6-963a-9a233fddde70,muito bacana esses exemplos para explicar
b99c9940-1ccf-4ec6-963a-9a233fddde70,diferenciar o back-end do front-end
8f243416-db6e-4185-8133-0e0433d6c30a,"sobre a palestra de mais cedo, nao sabia que era tao desafiador o mercado de jogos"
8f243416-db6e-4185-8133-0e0433d6c30a,hahahahaha gosto de musica muito legal
513987ee-1026-4bd4-93aa-9d89d6d5bad4,qual sua música favorita do post malone
ae0cbeae-1ff0-406f-a78a-a80a71120100,o letras possui aplicativo
ae0cbeae-1ff0-406f-a78a-a80a71120100,o que tem no app de interessante além do site
880b38ad-954a-499a-a76a-66fce8a17f66,"muito boa a palestra, exemplos excelentes"
513987ee-1026-4bd4-93aa-9d89d6d5bad4,qual shampoo o rodes usa
ae0cbeae-1ff0-406f-a78a-a80a71120100,o negócio é linkin park
4ce79311-38e9-401a-bb36-d1b6ad9ff2d3,o cara ouve lorde
ae0cbeae-1ff0-406f-a78a-a80a71120100,shampoo do rodes
b99c9940-1ccf-4ec6-963a-9a233fddde70,quem não é fã de taylor swift em pleno 2024
30a1d1e4-da0d-4f67-9908-6bc16a47ebc4,gostei da dinâmica dos gostos musicais
513987ee-1026-4bd4-93aa-9d89d6d5bad4,"uso letras todos os dias, tenho prioridade na entrevista de emprego"
3e72f254-acab-4aec-ad73-bf9dff9c21ad,muito legal a palestra
8f4c1ec8-e5ed-4ce2-90f1-84bbab673805,anao taylor swift nao
8f4c1ec8-e5ed-4ce2-90f1-84bbab673805,cade o kanye west
513987ee-1026-4bd4-93aa-9d89d6d5bad4,é muito paia usar o letras apenas pra ler a tradução das músicas que a gata te manda
513987ee-1026-4bd4-93aa-9d89d6d5bad4,vc n quer escutar
513987ee-1026-4bd4-93aa-9d89d6d5bad4,(taylor swift 🤢)
3e72f254-acab-4aec-ad73-bf9dff9c21ad,palestrantes bem descontraídos
9aa2b218-1ce5-4019-8e59-cefd44bc9866,"o rodrigo teria algum dica de aprendizagem, projetos para portfólio"
9aa2b218-1ce5-4019-8e59-cefd44bc9866,dicas para o começo na área da linguagem golang
30a1d1e4-da0d-4f67-9908-6bc16a47ebc4,interessante ver como funciona o backend
30a1d1e4-da0d-4f67-9908-6bc16a47ebc4,frontend em um site
092f2a22-65fe-4b1e-a8de-356ce785cea3,que palestra incrível
092f2a22-65fe-4b1e-a8de-356ce785cea3,amei esses dois
7568d4e3-7c42-4c07-9246-161f8f144017,então o cache não necessariamente está executado o código
7568d4e3-7c42-4c07-9246-161f8f144017,usa já uma requisição anterior que está em um buffer
13c63d6c-e94d-4b8b-829b-3a6f523ac131,no cache
13c63d6c-e94d-4b8b-829b-3a6f523ac131,"cdn, todo o serviço vem pronto ou vocês precisaram fazer/usar alguma aplicação específica para encontrar as melhores rotas, etc"
7568d4e3-7c42-4c07-9246-161f8f144017,certeza que foi o rodigo que fez o slide
a8795f76-f29d-4a4e-ab33-de80f1fa7eaa,excelente palestra sobre boas práticas de otimização do pessoal da letras
eed4edbe-921c-4f9c-8148-1948d00197eb,palestras muito interessantes
eed4edbe-921c-4f9c-8148-1948d00197eb,gostei muito da palestra do letras
eed4edbe-921c-4f9c-8148-1948d00197eb,fiquei mais interessado a respeito do mercado de jogos no brasil
eed4edbe-921c-4f9c-8148-1948d00197eb,gostaria de trabalhar em um sistema como o do letras
b99c9940-1ccf-4ec6-963a-9a233fddde70,muito legal essas maneiras mais eficientes de implementação de imagens no front-end
eed4edbe-921c-4f9c-8148-1948d00197eb,requisições de banco de dados
eed4edbe-921c-4f9c-8148-1948d00197eb,áreas que já conhecemos no curso
7568d4e3-7c42-4c07-9246-161f8f144017,interessante usar a técnica de sprite nesse contexto
092f2a22-65fe-4b1e-a8de-356ce785cea3,será que tem a possibilidade desses slides serem disponibilizados pra gente
f24a3531-506e-487a-84d2-614694703dfc,bom
86cc2ad1-6ef4-4b63-8d8f-c512cc96589d,que dupla maravilhosa
f24a3531-506e-487a-84d2-614694703dfc,top👏🏽👏🏽
eed4edbe-921c-4f9c-8148-1948d00197eb,ansioso para as palestras de mais tarde
12c8e1ec-c662-415a-b106-b64ccb7ece3f,como funciona o processo seletivo para estágio/trainee do letras
f24a3531-506e-487a-84d2-614694703dfc,ótimo
a5551753-5cda-4641-bc94-7d92707ef19c,alguém trás a studiosol de novo ano que vem
f24a3531-506e-487a-84d2-614694703dfc,"ótima palestra, também amo taylor swift 
tenho 1,80m sei cozinhar"
f24a3531-506e-487a-84d2-614694703dfc,sou contra a cólica ✊🏽
13c63d6c-e94d-4b8b-829b-3a6f523ac131,como funcionaria para entrar na empresa de vocês
13c63d6c-e94d-4b8b-829b-3a6f523ac131,"seja como estagiário, junior, trainee"
a66b96d8-e20d-4946-b233-a3a04992b2ab,podia ter o pdf das apresentações aqui no app pra gente baixar
f569f9d9-9281-4405-a4aa-084b33a9be5a,tenho uma dúvida sobre a palestra da letras
f569f9d9-9281-4405-a4aa-084b33a9be5a,quais tecnologias principais são utilizadas para o frontend
f569f9d9-9281-4405-a4aa-084b33a9be5a,como o framework que é utilizado
7568d4e3-7c42-4c07-9246-161f8f144017,não sabia que essas apresentações funcionavam por conta dessas meta tags
513987ee-1026-4bd4-93aa-9d89d6d5bad4,quando vai sair a retrospectiva letras 2024
a5551753-5cda-4641-bc94-7d92707ef19c,tem como disponibilizar esses slides do letras
a66b96d8-e20d-4946-b233-a3a04992b2ab,muito legal falarem sobre seo
a66b96d8-e20d-4946-b233-a3a04992b2ab,primeira palestra que  citou isso
df0c5066-4918-4384-bf21-9ba7343bf772,uma pergunta: qual a arquitetura é utilizada no frontend
34d7ba0b-7b62-4439-b143-d7dd24797376,secom está incrível
34d7ba0b-7b62-4439-b143-d7dd24797376,palestras muito interessantes
99899b5a-eb3d-4d67-a64f-a143f824a709,laryssa
99899b5a-eb3d-4d67-a64f-a143f824a709,rods dando uma baita aula sobre webdev
99899b5a-eb3d-4d67-a64f-a143f824a709,a ufv oscilando o wi-fi como se estivesse mandando um código morse 🤡 ironia dms
34d7ba0b-7b62-4439-b143-d7dd24797376,adorei a ideia de fazer horas de extensão com jogos kkk
f24a3531-506e-487a-84d2-614694703dfc,o fifa em
513987ee-1026-4bd4-93aa-9d89d6d5bad4,palestra chique
99899b5a-eb3d-4d67-a64f-a143f824a709,mandei uma pergunta
99899b5a-eb3d-4d67-a64f-a143f824a709,ela não subiu pq o wi-fi cortou na hora exata
99899b5a-eb3d-4d67-a64f-a143f824a709,"perdi a pergunta,"
99899b5a-eb3d-4d67-a64f-a143f824a709,ela não enviou
99899b5a-eb3d-4d67-a64f-a143f824a709,😤bugzinho aí pros devs do app quebrarem a cabeça 👾
7568d4e3-7c42-4c07-9246-161f8f144017,"me impressionei muito com essa palestra, muito boa"
7568d4e3-7c42-4c07-9246-161f8f144017,bem informativa
99899b5a-eb3d-4d67-a64f-a143f824a709,"pergunta: quando vocês estão alterando o código-fonte, não tem tipo um pré-servidor para fazerem upload"
99899b5a-eb3d-4d67-a64f-a143f824a709,testar o site
99899b5a-eb3d-4d67-a64f-a143f824a709,"do jeito que falaram, pareceu que ia direto pro servidor após os testes locais"
513987ee-1026-4bd4-93aa-9d89d6d5bad4,criatividade é um fator necessário para ser um desenvolvedor front end ou qualquer pessoa consegue se virar com o tempo
a66b96d8-e20d-4946-b233-a3a04992b2ab,palestra excelente
b99c9940-1ccf-4ec6-963a-9a233fddde70,"ver a implementação dessas ferramentas na prática é muito interessante, saindo da teoria"
b99c9940-1ccf-4ec6-963a-9a233fddde70,mostrando como realmente são utilizadas no mercado
d51c3bbb-185b-4a34-848a-607621bd7cc2,vocês fazem algum tipo de processo seletivo para estagio
86cc2ad1-6ef4-4b63-8d8f-c512cc96589d,que linda 😭😭😭
b99c9940-1ccf-4ec6-963a-9a233fddde70,incrível essa palestra
8b532002-32a9-47b8-a068-f68ebed037cd,a palestra da letras foi muito mais interessante do que premeditei
8b532002-32a9-47b8-a068-f68ebed037cd,muitos bons conselhos btw
c0f15389-3383-4e94-b413-2fd78bcd0b68,muito boa essa dupla
883f6e71-d69f-4eb4-8791-f3f68ee15315,qual o salário médio de um desenvolvedor front end hoje em dia
02af807d-7123-444e-b61e-89eaf92be60f,a palestra do letras foi incrível
02af807d-7123-444e-b61e-89eaf92be60f,no letras o front do back é bem separado
02af807d-7123-444e-b61e-89eaf92be60f,"definido, um programador full stack se daria bem"
8aed64cf-df9c-4421-bff3-6c07fee239b1,ótima palestra
b99c9940-1ccf-4ec6-963a-9a233fddde70,muito legal essa dinâmica de sorteio
b99c9940-1ccf-4ec6-963a-9a233fddde70,sou a favor de um em cada apresentação hoje
226440c8-ce0c-42b8-a37b-8435e915955d,ter tido sorteio foi legal demais
226440c8-ce0c-42b8-a37b-8435e915955d,espero um dia ganhar um
3f05e03e-45ce-4e65-b2f3-cf3a76e21fa1,palestra da letras magnífica
3f05e03e-45ce-4e65-b2f3-cf3a76e21fa1,ansioso pela palestra da levty
3f05e03e-45ce-4e65-b2f3-cf3a76e21fa1,sydle
3f05e03e-45ce-4e65-b2f3-cf3a76e21fa1,"coffebreak foi um pouco cedo,"
3f05e03e-45ce-4e65-b2f3-cf3a76e21fa1,estava bom
b843c3db-fc8f-45a6-8322-19b87391fa20,quero trabalhar na studiosol
b843c3db-fc8f-45a6-8322-19b87391fa20,que palestra incrível
b843c3db-fc8f-45a6-8322-19b87391fa20,bora para mais uma palestra incrível da levy
b843c3db-fc8f-45a6-8322-19b87391fa20,nunca pensei que back
b843c3db-fc8f-45a6-8322-19b87391fa20,front fosse tamanho legal
50ab66a7-9677-44ec-b7d4-be69f3d11d87,muito bons os adesivos
50ab66a7-9677-44ec-b7d4-be69f3d11d87,palestra da levty agrr
b843c3db-fc8f-45a6-8322-19b87391fa20,palestras muito interessantes
8c83da8e-1478-4a91-ae10-7347cd55d06f,palestra de lei
8c83da8e-1478-4a91-ae10-7347cd55d06f,tema muito interessante
b843c3db-fc8f-45a6-8322-19b87391fa20,"eu amei as figurinhas da github, peguei o máximo que pude"
8c83da8e-1478-4a91-ae10-7347cd55d06f,interessado nessa levity
b843c3db-fc8f-45a6-8322-19b87391fa20,"que evento incrível, secom melhor do que nunca, por mais anos assim"
a66b96d8-e20d-4946-b233-a3a04992b2ab,como foi sua trajetória de trainee para agile master
883f6e71-d69f-4eb4-8791-f3f68ee15315,qual a principal função que um funcionário da levty desempenha
883f6e71-d69f-4eb4-8791-f3f68ee15315,quero trabalhar na levty
34c8353a-bcb4-4553-8c2d-fac1c5311ccd,esse horário de almoço de 13h às 13:30h ficou mal posicionado
34c8353a-bcb4-4553-8c2d-fac1c5311ccd,com o horário de funcionamento do ru
226440c8-ce0c-42b8-a37b-8435e915955d,"o quão interessante experiências como o projeto integrados, a sydle/levty consideram"
226440c8-ce0c-42b8-a37b-8435e915955d,é algo q valeria a pena colocar no currículo para a empresa deles
226440c8-ce0c-42b8-a37b-8435e915955d,gláucia teria orgulho dessa palestra
a66b96d8-e20d-4946-b233-a3a04992b2ab,quando que a alteração do escopo durante o processo pode se tornar um problema
c83d77db-e69b-4b9a-af36-1e80aed4ea42,quais as diferenças de funções entre o scrum master
86cc2ad1-6ef4-4b63-8d8f-c512cc96589d,deve ser muito bom trabalhar na levty
a66b96d8-e20d-4946-b233-a3a04992b2ab,o canal no teams com o cliente não gera cobrança excessiva
c83d77db-e69b-4b9a-af36-1e80aed4ea42,vocês usam o scrumban
34c8353a-bcb4-4553-8c2d-fac1c5311ccd,já de olho no trainee 2025 da levty 🚀👩🏽‍💻
13c63d6c-e94d-4b8b-829b-3a6f523ac131,na levty vocês usaram/usam algum modelo de metodologia ágil para criar o de vocês
c0f15389-3383-4e94-b413-2fd78bcd0b68,muito interessante o conteúdo apresentado
a66b96d8-e20d-4946-b233-a3a04992b2ab,você acha que tem um tamanho ideal pra equipe
02af807d-7123-444e-b61e-89eaf92be60f,ótima palestra
e2b6d403-470e-4752-8767-48575bb10c67,muito bom
4ce79311-38e9-401a-bb36-d1b6ad9ff2d3,processo de trainee parece interessante
b6692dfb-d9b8-409b-ac8e-4ffe98e5a57b,poderiam dar dicas sobre como se portar num bate papo do processo seletivo
50ab66a7-9677-44ec-b7d4-be69f3d11d87,muito boa a palestra
b6692dfb-d9b8-409b-ac8e-4ffe98e5a57b,"sobre preparação para o ambiente profissional, quais itens vocês consideram fundamentais para um perfil de colaborador"
7833a43c-88df-41ce-9608-368ecac536a1,qual é a porcentagem de candidatos que conseguem a entrada para trainee
b99c9940-1ccf-4ec6-963a-9a233fddde70,muito boa palestra
b99c9940-1ccf-4ec6-963a-9a233fddde70,bem objetiva
c3149f3b-36f2-4fbd-a033-c41f8e9fe534,palestra enriquecedora
b6692dfb-d9b8-409b-ac8e-4ffe98e5a57b,qual a importância de um portfólio ou experiência profissional no processo seletivo da levty
b99c9940-1ccf-4ec6-963a-9a233fddde70,"o sorteio, nada ainda"
50ab66a7-9677-44ec-b7d4-be69f3d11d87,quero entrar para a levty
d0881343-b903-4573-aee3-c821f2e201de,ótima palestra
d0881343-b903-4573-aee3-c821f2e201de,gostei das palestras studiosol
d0881343-b903-4573-aee3-c821f2e201de,adesivos do git muito legais
d0881343-b903-4573-aee3-c821f2e201de,secom esse ano está muito boa
d0881343-b903-4573-aee3-c821f2e201de,podia ter duas secom no ano
b6692dfb-d9b8-409b-ac8e-4ffe98e5a57b,quais dicas você poderia dar para que possamos nos preparar para o mercado de trabalho
b6692dfb-d9b8-409b-ac8e-4ffe98e5a57b,"em relação ao processo seletivo da sydle, qual seria um item que considera indispensável para um possível candidato"
b6692dfb-d9b8-409b-ac8e-4ffe98e5a57b,"poderia dar algumas informações sobre os produtos da sydle, como o sydle one"
d0881343-b903-4573-aee3-c821f2e201de,a secom esse ano está muito boa
d0881343-b903-4573-aee3-c821f2e201de,ótimas palestras
d0881343-b903-4573-aee3-c821f2e201de,as palestras dos patrocinadores estão muito interessante
d0881343-b903-4573-aee3-c821f2e201de,ansioso para a maratonas desse ano
a5551753-5cda-4641-bc94-7d92707ef19c,a palestra da levty poderia ter sido mais interativa
a5551753-5cda-4641-bc94-7d92707ef19c,faltou dinamismo em comparação com os palestrantes anteriores
a5551753-5cda-4641-bc94-7d92707ef19c,o que esperam de um dev pleno na sydle
3f05e03e-45ce-4e65-b2f3-cf3a76e21fa1,o que mais esperam de um candidato trainee na sydle
d0881343-b903-4573-aee3-c821f2e201de,o que a sydle busca em um profissional para se contratar
b99c9940-1ccf-4ec6-963a-9a233fddde70,"por mais que tenha sido online, essa palestra foi muito bacana"
513987ee-1026-4bd4-93aa-9d89d6d5bad4,eh possível participar das 2 seletivas ao mesmo tempo
513987ee-1026-4bd4-93aa-9d89d6d5bad4,sydle
513987ee-1026-4bd4-93aa-9d89d6d5bad4,levty
513987ee-1026-4bd4-93aa-9d89d6d5bad4,a identidade visual da sydle eh muito foda
513987ee-1026-4bd4-93aa-9d89d6d5bad4,ter um bom linkedin influência muito nas seletivas
c0f15389-3383-4e94-b413-2fd78bcd0b68,"organização mau hoje, tempo excedeu demais"
45025e25-714c-447c-ad00-3f2880882d2b,primeiramente o horário ficou muito apertado
45025e25-714c-447c-ad00-3f2880882d2b,tivemos que sair mais cedo antes do ru fechar
45025e25-714c-447c-ad00-3f2880882d2b,ficamos sem brinde sendo que teve uma rapaziada que nem viu nada da palestra
45025e25-714c-447c-ad00-3f2880882d2b,ganhou brinde
7833a43c-88df-41ce-9608-368ecac536a1,na próxima secom eu acho que seria melhor fazer a game jam
7833a43c-88df-41ce-9608-368ecac536a1,a maratona paralelos aos minicursos
8c83da8e-1478-4a91-ae10-7347cd55d06f,gostando muito
ad08e116-810d-4533-a7c6-9782fcb55f6d,quais são as carreiras na área de dados
ad08e116-810d-4533-a7c6-9782fcb55f6d,quais a diferença entre elas
ad08e116-810d-4533-a7c6-9782fcb55f6d,quais conhecimentos que vc considera como  diferencial para trabalhar na area de ciencia de dados
023d3c99-a60f-4734-88e2-de4c9944c95a,muito legal essa palestra da dti
99899b5a-eb3d-4d67-a64f-a143f824a709,pergunta: que tipo de dados você extraía quando passou pela formação de engenharia elétrica
99899b5a-eb3d-4d67-a64f-a143f824a709,"ou melhor, com o que exatamente você estava trabalhando"
883f6e71-d69f-4eb4-8791-f3f68ee15315,salve pedrão
883f6e71-d69f-4eb4-8791-f3f68ee15315,salve matheus
8b532002-32a9-47b8-a068-f68ebed037cd,muito boa a palestra da dti
8b532002-32a9-47b8-a068-f68ebed037cd,muito informativa
66333d64-e1a9-407d-b5ec-e97640fc0bfc,eu vejo que no treinamento de modelos existem vários técnicas
66333d64-e1a9-407d-b5ec-e97640fc0bfc,"metodologias pra ser realizada, como você disse, cada caso é diferente, como é feita essa seleção"
8b532002-32a9-47b8-a068-f68ebed037cd,o quanto de conhecimento da área é necessário pra alguém que tem a função de trabalhar com modelagem de dados
8b532002-32a9-47b8-a068-f68ebed037cd,"por exemplo, o cientista de dados precisa saber engenharia pra extrair dados dessa área"
34c8353a-bcb4-4553-8c2d-fac1c5311ccd,tem alguma previsão de quais áreas vão ser as próximas tendência daqui alguns anos
8c83da8e-1478-4a91-ae10-7347cd55d06f,"cara, ramo interessante"
8aed64cf-df9c-4421-bff3-6c07fee239b1,ótima apresentação
78a0dc2a-07a3-41bb-a1a4-3731b2e51917,"boa palestra sobre dados, mostrou aplicações da area"
8c83da8e-1478-4a91-ae10-7347cd55d06f,power bi é requisito sempre
8c83da8e-1478-4a91-ae10-7347cd55d06f,quais conhecimentos acha um deferencial pra entrar nesse ramo
883f6e71-d69f-4eb4-8791-f3f68ee15315,o que é esse dispositivo na blusa do palestrante
ad08e116-810d-4533-a7c6-9782fcb55f6d,brasil tem tudo para decolar
78a0dc2a-07a3-41bb-a1a4-3731b2e51917,estou adorando a palestra
78a0dc2a-07a3-41bb-a1a4-3731b2e51917,muito legal a visão que o palestrante deu sobre o mercado
023d3c99-a60f-4734-88e2-de4c9944c95a,palestra inspiradora
78a0dc2a-07a3-41bb-a1a4-3731b2e51917,chama pra mais hackatons
84fb43ff-f2ca-4b32-b090-49467d8ae7a0,palestra muito boa
84fb43ff-f2ca-4b32-b090-49467d8ae7a0,secom cada dia melhor
64a69630-bdc5-4e29-9090-492d31a34e0d,qual a taxa de permanência dos funcionários contratados
c83d77db-e69b-4b9a-af36-1e80aed4ea42,ninguém faz nada sozinho
c83d77db-e69b-4b9a-af36-1e80aed4ea42,muito boa a palestra do natanael
8c83da8e-1478-4a91-ae10-7347cd55d06f,gostei da animação do palestrante
219bdf7f-fa3a-4d8f-9e33-b83980cc7afb,sabe mto nmrl
e06ffaec-3d0b-45f5-85c5-94027d692f0f,o cara é bom mesmo
023d3c99-a60f-4734-88e2-de4c9944c95a,muito interessante
ad08e116-810d-4533-a7c6-9782fcb55f6d,como identificar um problema a ser resolvido
d51c3bbb-185b-4a34-848a-607621bd7cc2,sabe demais
d51c3bbb-185b-4a34-848a-607621bd7cc2,cara é muito bom
b99c9940-1ccf-4ec6-963a-9a233fddde70,"palestra incrível, muito bacana a forma de apresentação"
b99c9940-1ccf-4ec6-963a-9a233fddde70,interação com nós alunos
b6692dfb-d9b8-409b-ac8e-4ffe98e5a57b,"esse comentário é mais uma observação, no início da palestra foi falado sobre diversidade"
b6692dfb-d9b8-409b-ac8e-4ffe98e5a57b,"a diversidade é exatamente pessoas de raças, culturas, gêneros diferentes"
b6692dfb-d9b8-409b-ac8e-4ffe98e5a57b,isso não é um problema
ad08e116-810d-4533-a7c6-9782fcb55f6d,como você extrai o melhor das pessoas ao seu redor
b6692dfb-d9b8-409b-ac8e-4ffe98e5a57b,qual sua dica para a primeira experiência no mercado
e06ffaec-3d0b-45f5-85c5-94027d692f0f,esse cara me deu motivação
8aed64cf-df9c-4421-bff3-6c07fee239b1,boa apresentação
61b2f3d3-4265-4ca1-bf48-f6fb75a5348f,os problemas éticos relacionados as ias se concentram aos modelos de inteligência artificiais generativas
61b2f3d3-4265-4ca1-bf48-f6fb75a5348f,como me tornar um profissional melhor usando a inteligências artificiais sem que as ias tomem maior parte da minha responsabilidade
a66b96d8-e20d-4946-b233-a3a04992b2ab,com cursos on-line é possível aprender o suficiente sobre lgpd para aplicar em uma empresa
78a0dc2a-07a3-41bb-a1a4-3731b2e51917,que precauções devo tomar ao aceitar os termos de uso
a66b96d8-e20d-4946-b233-a3a04992b2ab,"palestra excelente, muito conhecimento compartilhado"
e06ffaec-3d0b-45f5-85c5-94027d692f0f,muito importante a concientizar sobre isso
78a0dc2a-07a3-41bb-a1a4-3731b2e51917,muito boa palestra
ad08e116-810d-4533-a7c6-9782fcb55f6d,"com base na lgpd, posso solicitar a uma empresa que me envia mensagens no whatsapp
 informações sobre onde ela obteve  o meu número"
b99c9940-1ccf-4ec6-963a-9a233fddde70,muito boa palestra
47f0857b-7373-4457-b034-4eca2ed5efd9,muito boa a palestra
47f0857b-7373-4457-b034-4eca2ed5efd9,já utilizei muito o letras
47f0857b-7373-4457-b034-4eca2ed5efd9,melhor site de letras que já vi
47f0857b-7373-4457-b034-4eca2ed5efd9,as palestras hoje estão ótimas
47f0857b-7373-4457-b034-4eca2ed5efd9,gostaria muito da área de games
47f0857b-7373-4457-b034-4eca2ed5efd9,a indústria de games está cada vez maior
7cf13434-76d6-4046-96fd-1cfd9d429282,mt bom essa cabeludo sabe oq fala
8c83da8e-1478-4a91-ae10-7347cd55d06f,o verdadeiro goty de 2018 é os amigos que fizemos pelo caminho
8b532002-32a9-47b8-a068-f68ebed037cd,as palestras dessa secom estão de parabéns mesmo
78a0dc2a-07a3-41bb-a1a4-3731b2e51917,"esse método substitui os passos dos processos de desenvolvimento de software tradicionais (cascata, interativo, etc)"
78a0dc2a-07a3-41bb-a1a4-3731b2e51917,eles são usados em conjunto
78a0dc2a-07a3-41bb-a1a4-3731b2e51917,muito boa a didática do palestrante
78a0dc2a-07a3-41bb-a1a4-3731b2e51917,exemplos muito claros
c83d77db-e69b-4b9a-af36-1e80aed4ea42,pq a sede da empresa fica em são josé dos campos
c83d77db-e69b-4b9a-af36-1e80aed4ea42,é uma questão de logística
8aed64cf-df9c-4421-bff3-6c07fee239b1,ótima apresentação de lgpd
8aed64cf-df9c-4421-bff3-6c07fee239b1,gostei dos memes na apresentação da hubs
f0158b5a-82ff-410c-81f2-d51f7e345b45,as palestras dessa secom estão top viu
78a0dc2a-07a3-41bb-a1a4-3731b2e51917,quais ferramentas de gerenciamento de processo vocês usam
6694bc9c-4eab-4c6b-a7df-c40f8f42e39c,"eesa palestra tá muito interessante, vô melhorar o magic com base nisso ai"
6694bc9c-4eab-4c6b-a7df-c40f8f42e39c,game jam ta boa fi
6694bc9c-4eab-4c6b-a7df-c40f8f42e39c,patrick desenha muito
c83d77db-e69b-4b9a-af36-1e80aed4ea42,tópicos importantes levantados nesse resumo da hub$
34c8353a-bcb4-4553-8c2d-fac1c5311ccd,"para os krs, em quanto tem é redefinido os objetivos"
02af807d-7123-444e-b61e-89eaf92be60f,maratona divertidaaaa
3e72f254-acab-4aec-ad73-bf9dff9c21ad,muito bom a maratona
3e72f254-acab-4aec-ad73-bf9dff9c21ad,ansiosa para o resultado da maratona amanhã
daac9055-17a0-4775-bb21-9c0add9d45ec,a maratona desse ano foi muito legal
daac9055-17a0-4775-bb21-9c0add9d45ec,a galera arrasou muito
daac9055-17a0-4775-bb21-9c0add9d45ec,quero ver o minascoders no pódio
3e72f254-acab-4aec-ad73-bf9dff9c21ad,quero ver o minascoders no pódio amanhã
3e72f254-acab-4aec-ad73-bf9dff9c21ad,brindes muito legais
50ab66a7-9677-44ec-b7d4-be69f3d11d87,muito boa a programação
50ab66a7-9677-44ec-b7d4-be69f3d11d87,fifa no auditório agora
50ab66a7-9677-44ec-b7d4-be69f3d11d87,kd o just dance nos jogos do auditório
c0f15389-3383-4e94-b413-2fd78bcd0b68,campeonato de fifa muito bom
c0f15389-3383-4e94-b413-2fd78bcd0b68,jogo de quem não quer ganhar contra quem perder
2841ae4b-ef6a-4661-94a3-9777a70ec034,"palestra de letras apresentado de forma excepcional, com muito conhecimento técnico"
2841ae4b-ef6a-4661-94a3-9777a70ec034,prático vividos no mercado de trabalho
2841ae4b-ef6a-4661-94a3-9777a70ec034,"metodologias ágeis pela levty foi muito boa, uma pena que o tempo impossibilitou de vê-la por completo"
2841ae4b-ef6a-4661-94a3-9777a70ec034,"palestra da sydle faltou mais tempo, visto que preencheu todo o intervalo de almoço,"
2841ae4b-ef6a-4661-94a3-9777a70ec034,é de uma temática fundamental
2841ae4b-ef6a-4661-94a3-9777a70ec034,abertura super bem apresentada
2841ae4b-ef6a-4661-94a3-9777a70ec034,"maratona de programação foi muito legal de participar, mesmo com as dores de cabeça"
2841ae4b-ef6a-4661-94a3-9777a70ec034,"sipec fundamental para apresentar os projetos de iniciação científica presentes no campus,"
8f4c1ec8-e5ed-4ce2-90f1-84bbab673805,maratona da secom foi tudoo
8f4c1ec8-e5ed-4ce2-90f1-84bbab673805,philipe divando mt na organização da secom
daac9055-17a0-4775-bb21-9c0add9d45ec,melhor secom de todas
8f4c1ec8-e5ed-4ce2-90f1-84bbab673805,coffe break surpresa da maratona tava bom dms
daac9055-17a0-4775-bb21-9c0add9d45ec,philipe arrasou na organização
8f4c1ec8-e5ed-4ce2-90f1-84bbab673805,levty
8f4c1ec8-e5ed-4ce2-90f1-84bbab673805,sydle arrasaram nos brindes
a6ec5f50-aa66-4ad4-8b97-10a6f9eacaad,a organização da secom ficou 10
eed4edbe-921c-4f9c-8148-1948d00197eb,prestes a começar o minicurso de inteligência artificial
eed4edbe-921c-4f9c-8148-1948d00197eb,agora que as palestras passaram já é safe dizer que essa parte da secom foi muito legal
eed4edbe-921c-4f9c-8148-1948d00197eb,gostei demais de todos os palestrantes
eed4edbe-921c-4f9c-8148-1948d00197eb,essa é a minha primeira secom
eed4edbe-921c-4f9c-8148-1948d00197eb,espero estar nas próximas também pois gostei muito
eed4edbe-921c-4f9c-8148-1948d00197eb,professor philipe conseguiu organizar um ótimo evento mesmo sendo novo na faculdade
eed4edbe-921c-4f9c-8148-1948d00197eb,sempre tive curiosidade a respeito do mercado de trabalho após o término do curso
eed4edbe-921c-4f9c-8148-1948d00197eb,a secom serve pra dar uma certa iluminada nisso
43aca24c-d788-497e-8521-06df728eeaf8,"essa maratona foi incrível, parabéns aos organizadores 🙏"
43aca24c-d788-497e-8521-06df728eeaf8,queria poder ter participado da maratona
43aca24c-d788-497e-8521-06df728eeaf8,da gamejam ao mesmo tempo (não ia funcionar)
43aca24c-d788-497e-8521-06df728eeaf8,"ansioso pelo minicurso de docker, vai ser brabão"
15ae4086-4952-4aac-a16b-5c2852e5e523,vamos ver como será esse minicurso de web
15ae4086-4952-4aac-a16b-5c2852e5e523,bom dia a todos
15ae4086-4952-4aac-a16b-5c2852e5e523,o credenciamento não deveria já ter começado
9cc1a365-6476-4f22-bf74-2a453e1e8443,ontem foi engraçado a luz caindo na game jam kkk
15ae4086-4952-4aac-a16b-5c2852e5e523,vamos ver se não vai dar nada errado hoje
15ae4086-4952-4aac-a16b-5c2852e5e523,"sem internet no primeiro dia, energia caindo ontem"
15ae4086-4952-4aac-a16b-5c2852e5e523,pelo menos não afetou negativamente o evento como um todo
15ae4086-4952-4aac-a16b-5c2852e5e523,"huh, não sabia que dava pra editar ou excluir comentários"
15ae4086-4952-4aac-a16b-5c2852e5e523,"será que se excluir um ele para de contar pra missão, ou não altera"
15ae4086-4952-4aac-a16b-5c2852e5e523,não altera
5c812191-4a89-40c2-ad20-11d17bed69a1,"adorei o aplicativo, está sendo super útil"
5c812191-4a89-40c2-ad20-11d17bed69a1,"ganhar brindes torna o evento muito mais atrativo, muito obrigado a todos os patrocinadores por proporcionar isso"
5c812191-4a89-40c2-ad20-11d17bed69a1,maiores agradecimentos ao philipe por ter feito esse evento perfeito
e2b6d403-470e-4752-8767-48575bb10c67,a primeira palestra ontem sobre a indústria dos jogos me mostrou uma indústria que eu acreditava não ser muito grande em solo nacional
5c812191-4a89-40c2-ad20-11d17bed69a1,"agora não sei mais qual empresa virou um sonho, todas parecem muito boas kkkk"
5c812191-4a89-40c2-ad20-11d17bed69a1,é muito legal conhecer empresas
5c812191-4a89-40c2-ad20-11d17bed69a1,ver que alguma que já conhecia são de tão perto da gente
e2b6d403-470e-4752-8767-48575bb10c67,"já na segunda palestra de ontem, foi bem interessante ver"
e2b6d403-470e-4752-8767-48575bb10c67,saber mais sobre as pessoas que trabalham em grandes empresas como a letras
5c812191-4a89-40c2-ad20-11d17bed69a1,"adorei a apresentação do estúdio sol, aprendi muita coisa só de ver uma explicação superficial, imagina quando eu estiver trabalhando com eles, vai ser muito bom"
e2b6d403-470e-4752-8767-48575bb10c67,"na terceira palestra, a demonstração dos métodos ágeis revelou algo bem importante para o desenvolvimento de um projeto"
e2b6d403-470e-4752-8767-48575bb10c67,bem que podia ter um prêmio pro 3° lugar do campeonato de
e2b6d403-470e-4752-8767-48575bb10c67,-sports
a6ec5f50-aa66-4ad4-8b97-10a6f9eacaad,a maratona ontem foi boa dms slc
a6ec5f50-aa66-4ad4-8b97-10a6f9eacaad,os brindes tão muito bons
a6ec5f50-aa66-4ad4-8b97-10a6f9eacaad,a palestra do letras
a6ec5f50-aa66-4ad4-8b97-10a6f9eacaad,studio sol foi muito boa
a6ec5f50-aa66-4ad4-8b97-10a6f9eacaad,inspiradora em relação a conseguir trabalho em uma empresa legal
a6ec5f50-aa66-4ad4-8b97-10a6f9eacaad,animada para o minicurso
a6ec5f50-aa66-4ad4-8b97-10a6f9eacaad,a secom podia acabar nunca mais para não ter que ter aula de calculo
4b3d0b61-ee1b-4468-8785-a9d80b5bb850,dia 2 foi incrível
4b3d0b61-ee1b-4468-8785-a9d80b5bb850,a maratona foi muito divertida
4b3d0b61-ee1b-4468-8785-a9d80b5bb850,adorei ganhar baloes
4b3d0b61-ee1b-4468-8785-a9d80b5bb850,teve salgadinho
4b3d0b61-ee1b-4468-8785-a9d80b5bb850,altas expectativas para o dia 3
4b3d0b61-ee1b-4468-8785-a9d80b5bb850,animado para o ultimo diaa
a6ec5f50-aa66-4ad4-8b97-10a6f9eacaad,time aseta merece ganhar prêmio também
a6ec5f50-aa66-4ad4-8b97-10a6f9eacaad,bom dia
a6ec5f50-aa66-4ad4-8b97-10a6f9eacaad,espero q o cofee break seja diferente hoje
a6ec5f50-aa66-4ad4-8b97-10a6f9eacaad,queria andar de skate
a6ec5f50-aa66-4ad4-8b97-10a6f9eacaad,o dia tá muito bonito hoje
a6ec5f50-aa66-4ad4-8b97-10a6f9eacaad,bora
a6ec5f50-aa66-4ad4-8b97-10a6f9eacaad,salve salve
4b3d0b61-ee1b-4468-8785-a9d80b5bb850,animado para hoje
4b3d0b61-ee1b-4468-8785-a9d80b5bb850,docker docker docker
4b3d0b61-ee1b-4468-8785-a9d80b5bb850,tomara que hoje a luz nao acabe
9cc1a365-6476-4f22-bf74-2a453e1e8443,blender blender blender
4b3d0b61-ee1b-4468-8785-a9d80b5bb850,"ultimo dia da secom, ja estou com saudade"
9cc1a365-6476-4f22-bf74-2a453e1e8443,animado pra modelagem 3d
4b3d0b61-ee1b-4468-8785-a9d80b5bb850,aumento para amanda
9cc1a365-6476-4f22-bf74-2a453e1e8443,gostando demais da minha primeira secom
4b3d0b61-ee1b-4468-8785-a9d80b5bb850,ultimo comentário
9cc1a365-6476-4f22-bf74-2a453e1e8443,gostei demais do app
9cc1a365-6476-4f22-bf74-2a453e1e8443,"to gostando muito ate agr, falta só o curso"
02af807d-7123-444e-b61e-89eaf92be60f,ansioso pros minicurso
02af807d-7123-444e-b61e-89eaf92be60f,parece ser mt interessante
34d7ba0b-7b62-4439-b143-d7dd24797376,adorei a maratona
34d7ba0b-7b62-4439-b143-d7dd24797376,a energia caiu no final foi um ótimo encerramento kkk
34d7ba0b-7b62-4439-b143-d7dd24797376,os jogos de ontem estavam muito bons
34d7ba0b-7b62-4439-b143-d7dd24797376,ansiosa para o último dia
34d7ba0b-7b62-4439-b143-d7dd24797376,último dia vamos lá
5c812191-4a89-40c2-ad20-11d17bed69a1,muito bom
08101ce6-e4af-4e12-81d5-87afcafc4b3b,gamejam deixou sequelas
08101ce6-e4af-4e12-81d5-87afcafc4b3b,as palestras estão muito boas
5c812191-4a89-40c2-ad20-11d17bed69a1,bacana demais
50ab66a7-9677-44ec-b7d4-be69f3d11d87,descomplicando o docker agr
08101ce6-e4af-4e12-81d5-87afcafc4b3b,só tem mini curso foda
84fb43ff-f2ca-4b32-b090-49467d8ae7a0,último dia de secom :(
84fb43ff-f2ca-4b32-b090-49467d8ae7a0,"minicurso de modelagem 3d, bom demais"
02af807d-7123-444e-b61e-89eaf92be60f,curso de modelagem 3d tá bem legal
d13dce39-51a4-4170-8b39-f06cb1f6adf6,curso de modelagem 3d mtt legal
d13dce39-51a4-4170-8b39-f06cb1f6adf6,coffe break so de tarde 😭😭
d13dce39-51a4-4170-8b39-f06cb1f6adf6,quero mais brindes
9b29ec6c-e5af-4b1c-b7f1-49779d06c73a,curso de modelagem 3d muito legal
5c812191-4a89-40c2-ad20-11d17bed69a1,super
5c812191-4a89-40c2-ad20-11d17bed69a1,top
5c812191-4a89-40c2-ad20-11d17bed69a1,daora
5c812191-4a89-40c2-ad20-11d17bed69a1,top
d13dce39-51a4-4170-8b39-f06cb1f6adf6,quero brindes
3e72f254-acab-4aec-ad73-bf9dff9c21ad,ansiosa para o encerramento
3e72f254-acab-4aec-ad73-bf9dff9c21ad,quem será que vai estar no pódio das competições
d13dce39-51a4-4170-8b39-f06cb1f6adf6,legal
d13dce39-51a4-4170-8b39-f06cb1f6adf6,to ansiosa pros sorteios
61b2f3d3-4265-4ca1-bf48-f6fb75a5348f,o minicurso gasta muito de seu tempo com uma contextualização que poderia ser mais breve
daac9055-17a0-4775-bb21-9c0add9d45ec,melhor secom
daac9055-17a0-4775-bb21-9c0add9d45ec,o minicurso de ia está incrível
8b532002-32a9-47b8-a068-f68ebed037cd,"o minicurso está sendo muito produtivo, já"
8b532002-32a9-47b8-a068-f68ebed037cd,aprendi que eu não sei usar um terminal
4ce79311-38e9-401a-bb36-d1b6ad9ff2d3,maratona foi uma ótima experiência
4ce79311-38e9-401a-bb36-d1b6ad9ff2d3,"muito bom o torneio de fifa, infelizmente a luz acabou"
4ce79311-38e9-401a-bb36-d1b6ad9ff2d3,não pude ganhar
4395eb8b-e6f9-4282-85dc-98453a11cc3e,maratona show
4395eb8b-e6f9-4282-85dc-98453a11cc3e,bons brindes
4395eb8b-e6f9-4282-85dc-98453a11cc3e,campeonato de fifa bacana
4395eb8b-e6f9-4282-85dc-98453a11cc3e,evento show de bola
4395eb8b-e6f9-4282-85dc-98453a11cc3e,muitos comentários
c0f15389-3383-4e94-b413-2fd78bcd0b68,docker excelente
c0f15389-3383-4e94-b413-2fd78bcd0b68,precisamos coffee break de manhã
4ce79311-38e9-401a-bb36-d1b6ad9ff2d3,docker bem difícil
4ce79311-38e9-401a-bb36-d1b6ad9ff2d3,muito bom
f7781785-ccfa-4120-856f-3781bcf14d45,incrível a palestra da alfa engenharia
4395eb8b-e6f9-4282-85dc-98453a11cc3e,secom 2024 god
c922b921-1305-4fe3-b76c-649887d97eb4,torcendo para ganhar o sorteio
c922b921-1305-4fe3-b76c-649887d97eb4,evitar colocar conflito de horários das palestras
c922b921-1305-4fe3-b76c-649887d97eb4,atividades
c922b921-1305-4fe3-b76c-649887d97eb4,gerenciar melhor a pausa parar almoço
c922b921-1305-4fe3-b76c-649887d97eb4,mandar o que será necessário instalar nos pcs para as palestras
c922b921-1305-4fe3-b76c-649887d97eb4,em geral muito bom
c922b921-1305-4fe3-b76c-649887d97eb4,bom demais
61b2f3d3-4265-4ca1-bf48-f6fb75a5348f,"ótima didática, fala clara"
61b2f3d3-4265-4ca1-bf48-f6fb75a5348f,sem redundância
19f49226-5a60-463b-85d3-ac562e4eddc4,"a game jam foi incrível, experiência muito maneira participar"
19f49226-5a60-463b-85d3-ac562e4eddc4,a luz de florestal atrapalhou a game jam
19f49226-5a60-463b-85d3-ac562e4eddc4,foi daora o encerramento
19f49226-5a60-463b-85d3-ac562e4eddc4,"muito maneira a iniciativa do torneio casual de games, ter uma competição mais leve é daora"
19f49226-5a60-463b-85d3-ac562e4eddc4,"a palestra do gustavo viegas foi maneira, interessante ver o que a gente aprende em esof na indústria de fato"
19f49226-5a60-463b-85d3-ac562e4eddc4,"minicurso de docker está sendo muito interessante, é uma ferramenta que facilita demais"
61b2f3d3-4265-4ca1-bf48-f6fb75a5348f,"tema muito bom para conversa, gera ótimas discussões sobre o tema"
50ab66a7-9677-44ec-b7d4-be69f3d11d87,queria coffe break agr na manhã também
61b2f3d3-4265-4ca1-bf48-f6fb75a5348f,explicação atende bem a todos os níveis de conhecimento sobre o tema
61b2f3d3-4265-4ca1-bf48-f6fb75a5348f,estou ansioso para a segunda parte do minicurso
7833a43c-88df-41ce-9608-368ecac536a1,finalmente estou entendendo docker
7833a43c-88df-41ce-9608-368ecac536a1,podia ter um coffe break de manhã tbm hein
a1b2ff52-f806-4d79-b524-3d3fa3327116,muito bom
a1b2ff52-f806-4d79-b524-3d3fa3327116,gostei
a1b2ff52-f806-4d79-b524-3d3fa3327116,muito
a1b2ff52-f806-4d79-b524-3d3fa3327116,bom
a1b2ff52-f806-4d79-b524-3d3fa3327116,ótimo
8aed64cf-df9c-4421-bff3-6c07fee239b1,ótimo minicurso
a1b2ff52-f806-4d79-b524-3d3fa3327116,legal
02af807d-7123-444e-b61e-89eaf92be60f,intervalo
4ce79311-38e9-401a-bb36-d1b6ad9ff2d3,minicurso de docker sendo muito produtivo
02af807d-7123-444e-b61e-89eaf92be60f,muito difícil modelar boneco
02af807d-7123-444e-b61e-89eaf92be60f,minicurso mt bom
a1b2ff52-f806-4d79-b524-3d3fa3327116,boa palestra
a1b2ff52-f806-4d79-b524-3d3fa3327116,curti
a1b2ff52-f806-4d79-b524-3d3fa3327116,nice
0016d182-df26-4200-b287-2b9a2086516b,nice
0016d182-df26-4200-b287-2b9a2086516b,legal
0016d182-df26-4200-b287-2b9a2086516b,bom
0016d182-df26-4200-b287-2b9a2086516b,mt bom
0016d182-df26-4200-b287-2b9a2086516b,excelente
2841ae4b-ef6a-4661-94a3-9777a70ec034,mini curso sendo apresentado de forma muito acelerada
2841ae4b-ef6a-4661-94a3-9777a70ec034,docker parece ser essencial para o mercado de trabalho
2841ae4b-ef6a-4661-94a3-9777a70ec034,não houve a divulgação da hora
2841ae4b-ef6a-4661-94a3-9777a70ec034,dia da disputa do terceiro lugar do campeonato de lol
2841ae4b-ef6a-4661-94a3-9777a70ec034,"o momento das partidas de fifa foi muito interessante, poderia haver mais nas próximas"
2841ae4b-ef6a-4661-94a3-9777a70ec034,poderia haver um manejo melhor nos horários das palestras
2841ae4b-ef6a-4661-94a3-9777a70ec034,auditório obviamente não consegue suprir com a demanda de pessoas
2841ae4b-ef6a-4661-94a3-9777a70ec034,coffee break poderia ter mais saldados
2841ae4b-ef6a-4661-94a3-9777a70ec034,quentes
2841ae4b-ef6a-4661-94a3-9777a70ec034,coffee break poderia ter café
45025e25-714c-447c-ad00-3f2880882d2b,コーヒーブレイクにはミルクがあってもいい
2841ae4b-ef6a-4661-94a3-9777a70ec034,os times convidados para os torneios de
2841ae4b-ef6a-4661-94a3-9777a70ec034,-sports deveriam seguir as regras do campeonato
45025e25-714c-447c-ad00-3f2880882d2b,ótimo minicurso
45025e25-714c-447c-ad00-3f2880882d2b,podia ter pão no coffe break
2841ae4b-ef6a-4661-94a3-9777a70ec034,mymobiconf muito bom
45025e25-714c-447c-ad00-3f2880882d2b,podia ter mortadela no coffe break
c0f15389-3383-4e94-b413-2fd78bcd0b68,vamos almoçar
37ec55d9-b848-47bd-9a33-f64afd2dd867,acabou a luz ontem
45025e25-714c-447c-ad00-3f2880882d2b,nan
37ec55d9-b848-47bd-9a33-f64afd2dd867,podia ter mais lanchinhos
37ec55d9-b848-47bd-9a33-f64afd2dd867,era bom um pão com salame
2841ae4b-ef6a-4661-94a3-9777a70ec034,como me colocam jogo de valorant no mesmo período que a final da libertadores
37ec55d9-b848-47bd-9a33-f64afd2dd867,podia ter comida japonesa
37ec55d9-b848-47bd-9a33-f64afd2dd867,pouco brinde
45025e25-714c-447c-ad00-3f2880882d2b,.
8aed64cf-df9c-4421-bff3-6c07fee239b1,seria bom ter tido coffee break na manhã
37ec55d9-b848-47bd-9a33-f64afd2dd867,último pra completar missão
45025e25-714c-447c-ad00-3f2880882d2b,só quero o brinde
45025e25-714c-447c-ad00-3f2880882d2b,próxima secom tem que diminuir esse número de comentários
4ce79311-38e9-401a-bb36-d1b6ad9ff2d3,coffe break podia ter outras opções de comida
c0f15389-3383-4e94-b413-2fd78bcd0b68,muito bom
45025e25-714c-447c-ad00-3f2880882d2b,mais coffe break
4ce79311-38e9-401a-bb36-d1b6ad9ff2d3,quais são os brindes
4ce79311-38e9-401a-bb36-d1b6ad9ff2d3,o evento foi ótimo
8aed64cf-df9c-4421-bff3-6c07fee239b1,foi bem divertido acompanhar o campeonato de fifa de ontem
8aed64cf-df9c-4421-bff3-6c07fee239b1,pena que a luz caiu
7cf13434-76d6-4046-96fd-1cfd9d429282,mt bom
7cf13434-76d6-4046-96fd-1cfd9d429282,mt bom o relatorio
7cf13434-76d6-4046-96fd-1cfd9d429282,bao
7cf13434-76d6-4046-96fd-1cfd9d429282,aoba
5c812191-4a89-40c2-ad20-11d17bed69a1,very god
5c812191-4a89-40c2-ad20-11d17bed69a1,bao dms
5c812191-4a89-40c2-ad20-11d17bed69a1,amei
24c725a4-20aa-4ce4-9d18-b194d3bdd5be,segunda dia também foi repleto de muitas palestras legais
5c812191-4a89-40c2-ad20-11d17bed69a1,like like like
5c812191-4a89-40c2-ad20-11d17bed69a1,top zz
5c812191-4a89-40c2-ad20-11d17bed69a1,qnaip
24c725a4-20aa-4ce4-9d18-b194d3bdd5be,boa tarde
24c725a4-20aa-4ce4-9d18-b194d3bdd5be,😁
24c725a4-20aa-4ce4-9d18-b194d3bdd5be,o evento da gamejam foi muito legal
86cc2ad1-6ef4-4b63-8d8f-c512cc96589d,essa secom tá insanaaaaa
24c725a4-20aa-4ce4-9d18-b194d3bdd5be,muito top o evento
86cc2ad1-6ef4-4b63-8d8f-c512cc96589d,queria mais palestra
86cc2ad1-6ef4-4b63-8d8f-c512cc96589d,a maratona foi tão divertida
24c725a4-20aa-4ce4-9d18-b194d3bdd5be,melhor evento do ano
15ae4086-4952-4aac-a16b-5c2852e5e523,"aí, como estão"
24c725a4-20aa-4ce4-9d18-b194d3bdd5be,😆
24c725a4-20aa-4ce4-9d18-b194d3bdd5be,🙃
24c725a4-20aa-4ce4-9d18-b194d3bdd5be,🙂
24c725a4-20aa-4ce4-9d18-b194d3bdd5be,😃
15ae4086-4952-4aac-a16b-5c2852e5e523,"sem spam, né gente"
34d7ba0b-7b62-4439-b143-d7dd24797376,os minicursos estão muito legais
34d7ba0b-7b62-4439-b143-d7dd24797376,adorei essa dinâmica dos minicursos serem na prática
43aca24c-d788-497e-8521-06df728eeaf8,o minicurso de docker é o melhor de todos
cafe1afc-d59d-4b35-bde1-38d1f5815f74,f de fifa
43aca24c-d788-497e-8521-06df728eeaf8,"o lab 1 não tem ar condicionado, isso foi triste"
cafe1afc-d59d-4b35-bde1-38d1f5815f74,minicurso de modelagem tá incrivel
cafe1afc-d59d-4b35-bde1-38d1f5815f74,beat saber
cafe1afc-d59d-4b35-bde1-38d1f5815f74,sabre de luz
cafe1afc-d59d-4b35-bde1-38d1f5815f74,valeuuuuu cemig
43aca24c-d788-497e-8521-06df728eeaf8,ansioso pelo resultado da maratona
cafe1afc-d59d-4b35-bde1-38d1f5815f74,palestras incriveis do segundo dia
cafe1afc-d59d-4b35-bde1-38d1f5815f74,coffe break a tarde vou morrer de fome
cafe1afc-d59d-4b35-bde1-38d1f5815f74,franguinho no almoço
43aca24c-d788-497e-8521-06df728eeaf8,os jogos da gamejam tão poggers
cafe1afc-d59d-4b35-bde1-38d1f5815f74,meu boneco tá parecendo uma abobora
cafe1afc-d59d-4b35-bde1-38d1f5815f74,se eu não ganhar o sorteio hoje é absurdo
19f49226-5a60-463b-85d3-ac562e4eddc4,ansioso pro encerramento
19f49226-5a60-463b-85d3-ac562e4eddc4,o resultado da gamejam
cafe1afc-d59d-4b35-bde1-38d1f5815f74,auga
cafe1afc-d59d-4b35-bde1-38d1f5815f74,mc agenda vamoooo
43aca24c-d788-497e-8521-06df728eeaf8,"faltou botton da levity ontem, falaram q iriam deixar separado"
43aca24c-d788-497e-8521-06df728eeaf8,não deixaram
19f49226-5a60-463b-85d3-ac562e4eddc4,"acho que o coffe brake de tarde é muito melhor, não ocupa o espaço do almoço kkkkkkk"
50a1eb8e-50fb-4cc4-b79b-6b4b2a4a8c61,a gamejam foi simplesmente incrível
50a1eb8e-50fb-4cc4-b79b-6b4b2a4a8c61,os jogos da galera estavam muito bacanas
50a1eb8e-50fb-4cc4-b79b-6b4b2a4a8c61,a queda de luz ontem de noite foi sinistra
50a1eb8e-50fb-4cc4-b79b-6b4b2a4a8c61,"se não tivesse tido a queda de luz, o jogo da gamejam estaria pronto pra liberar no mercado"
50a1eb8e-50fb-4cc4-b79b-6b4b2a4a8c61,os salgadinhos de ontem também estavam ótimos
43aca24c-d788-497e-8521-06df728eeaf8,faltou uma coquinha ontem na maratona ein
d51c3bbb-185b-4a34-848a-607621bd7cc2,legal
d51c3bbb-185b-4a34-848a-607621bd7cc2,bom demais
50a1eb8e-50fb-4cc4-b79b-6b4b2a4a8c61,o quadro da secom ficou ótimo
b99c9940-1ccf-4ec6-963a-9a233fddde70,torneio ontem de fifa tava daora
d51c3bbb-185b-4a34-848a-607621bd7cc2,muito bom
b99c9940-1ccf-4ec6-963a-9a233fddde70,"esse cronograma da secom ficou perfeito, muitas coisas"
b99c9940-1ccf-4ec6-963a-9a233fddde70,bem distribuídos no curto espaço de tempo
b99c9940-1ccf-4ec6-963a-9a233fddde70,hoje a ufv tem q amassar na final de lol
226440c8-ce0c-42b8-a37b-8435e915955d,animada com a cerimônia de encerramento
12c8e1ec-c662-415a-b106-b64ccb7ece3f,nos coffee-break poderia ter outra opção de bebida além de coca-cola
34d7ba0b-7b62-4439-b143-d7dd24797376,secom muito boa
50a1eb8e-50fb-4cc4-b79b-6b4b2a4a8c61,extremamente ansioso para os resultados da gamejam
12c8e1ec-c662-415a-b106-b64ccb7ece3f,essa edição vem se destacando muito pelos palestrantes escolhidos
96a82185-2b89-4f00-9bf9-ab5b2fa5c8ce,melhor evento de florestal
50a1eb8e-50fb-4cc4-b79b-6b4b2a4a8c61,extremamente ansioso para os resultados da maratona
34d7ba0b-7b62-4439-b143-d7dd24797376,gostei muito dessa temática de jogos
34d7ba0b-7b62-4439-b143-d7dd24797376,competição
12c8e1ec-c662-415a-b106-b64ccb7ece3f,a qualidade das palestras estão muito boas
96a82185-2b89-4f00-9bf9-ab5b2fa5c8ce,os lanches do coffebrek são os melhores
12c8e1ec-c662-415a-b106-b64ccb7ece3f,o gamejam foi uma ótima adição ao evento
12c8e1ec-c662-415a-b106-b64ccb7ece3f,poderia ter tido uma apresentação presencial dos projetos desenvolvidos pelas equipes no gamejam
96a82185-2b89-4f00-9bf9-ab5b2fa5c8ce,"a palestra do fábio freitas foi a melhor, muito explicativa"
96a82185-2b89-4f00-9bf9-ab5b2fa5c8ce,fácil de entender
96a82185-2b89-4f00-9bf9-ab5b2fa5c8ce,senti o auditório no segundo dia bem vazio
12c8e1ec-c662-415a-b106-b64ccb7ece3f,trazer pessoas do mercado para palestrar foi muito cativante
b843c3db-fc8f-45a6-8322-19b87391fa20,achei muito legal os campeonatos amistoso do segundo dia
34d7ba0b-7b62-4439-b143-d7dd24797376,seria muito bom se próximo ano dividissem q sipeec em duas partes
311c27a8-5c81-4b58-a7b6-27f29c34ac6f,palestras muito interessantes
311c27a8-5c81-4b58-a7b6-27f29c34ac6f,enriquecedoras para aqueles que se interessam por i
96a82185-2b89-4f00-9bf9-ab5b2fa5c8ce,ano que vem o campeonato de esports poderia ser maior
b843c3db-fc8f-45a6-8322-19b87391fa20,parabéns para o philipe pela organização
50a1eb8e-50fb-4cc4-b79b-6b4b2a4a8c61,os temas dos minicursos estão sensacionais
34d7ba0b-7b62-4439-b143-d7dd24797376,"eu amei as figurinhas do git, peguei várias"
34d7ba0b-7b62-4439-b143-d7dd24797376,espero por mais ano que vem
96a82185-2b89-4f00-9bf9-ab5b2fa5c8ce,ano que vem seria bom ter um microfone melhor
311c27a8-5c81-4b58-a7b6-27f29c34ac6f,"lanche do coffe break estava muito bom, faltou apenas uma alternativa de bebida para aqueles que não tomam refri"
50a1eb8e-50fb-4cc4-b79b-6b4b2a4a8c61,"vou chegar morto em casa,"
50a1eb8e-50fb-4cc4-b79b-6b4b2a4a8c61,vou chegar feliz
311c27a8-5c81-4b58-a7b6-27f29c34ac6f,"adorei a dinâmica dos apitos na sipec, deixou a apresentação mais interativa"
b843c3db-fc8f-45a6-8322-19b87391fa20,"cada mini curso um melhor que o outro, muito obrigado por todo esse conhecimento"
b843c3db-fc8f-45a6-8322-19b87391fa20,experiência
b843c3db-fc8f-45a6-8322-19b87391fa20,"estela seu mini curso é o melhor de todos disparado, front end é vida"
50a1eb8e-50fb-4cc4-b79b-6b4b2a4a8c61,o coffee break a tarde ficou melhor porque não atrapalha o almoço
34d7ba0b-7b62-4439-b143-d7dd24797376,uma dica para próxima secom por favor n coloquem palestras na hora do almoço
96a82185-2b89-4f00-9bf9-ab5b2fa5c8ce,o jogo de lol hj vai ser o melhor
96a82185-2b89-4f00-9bf9-ab5b2fa5c8ce,"valor mc agenda, coloquem a okt no lugar deles"
b99c9940-1ccf-4ec6-963a-9a233fddde70,já tá cedo pra pedir o coffee-break
96a82185-2b89-4f00-9bf9-ab5b2fa5c8ce,o site do shrek é o melhor já criado
b843c3db-fc8f-45a6-8322-19b87391fa20,"edição da secom excelente,  muitos eventos"
b843c3db-fc8f-45a6-8322-19b87391fa20,atividades interessantes
96a82185-2b89-4f00-9bf9-ab5b2fa5c8ce,"ano que vem a final do valorant tem que ser presencial, teria muito mais emoção"
96a82185-2b89-4f00-9bf9-ab5b2fa5c8ce,os salgados do coffebreak estavam maravilhosos
b843c3db-fc8f-45a6-8322-19b87391fa20,"estou doido para ver as premiações do final da secom, veremos os vencedores"
b843c3db-fc8f-45a6-8322-19b87391fa20,pra quem será os brindes
96a82185-2b89-4f00-9bf9-ab5b2fa5c8ce,ano que vem poderia ter uma interação maior com os outros cursos
b99c9940-1ccf-4ec6-963a-9a233fddde70,curso de web hoje tá sendo muito daora
311c27a8-5c81-4b58-a7b6-27f29c34ac6f,tempo limite de cada apresentação poderia ser um pouco menor
311c27a8-5c81-4b58-a7b6-27f29c34ac6f,a palestra sobre desmistificação de i
311c27a8-5c81-4b58-a7b6-27f29c34ac6f,a foi excelente
96a82185-2b89-4f00-9bf9-ab5b2fa5c8ce,"a palestra do time do letras foi muito boa, com muita informação"
96a82185-2b89-4f00-9bf9-ab5b2fa5c8ce,conceitos
311c27a8-5c81-4b58-a7b6-27f29c34ac6f,talvez dividir o sipec em dois dias seria uma opção interessante
96a82185-2b89-4f00-9bf9-ab5b2fa5c8ce,"a palestra da alfa engenharia foi muito boa, porque o palestrante tinha muito conhecimento"
96a82185-2b89-4f00-9bf9-ab5b2fa5c8ce,muito domínio da fala
96a82185-2b89-4f00-9bf9-ab5b2fa5c8ce,os alunos estão muito engajados na secom desse ano
311c27a8-5c81-4b58-a7b6-27f29c34ac6f,palestra do studio sol foi muito boa
311c27a8-5c81-4b58-a7b6-27f29c34ac6f,material muito enriquecedor
311c27a8-5c81-4b58-a7b6-27f29c34ac6f,palestrantes extremamente carismáticos
96a82185-2b89-4f00-9bf9-ab5b2fa5c8ce,"podiam melhorar a quantidade de intervalos, tem momentos que é necessário sair no meio de uma palestra para ir no banheiro ou beber água"
311c27a8-5c81-4b58-a7b6-27f29c34ac6f,"a maratona foi muito divertida, talvez poderiam disponibilizar mais tempo"
96a82185-2b89-4f00-9bf9-ab5b2fa5c8ce,time a seta melhor do campeonato de esports
96a82185-2b89-4f00-9bf9-ab5b2fa5c8ce,kloiuros injustiçados pela comição
b99c9940-1ccf-4ec6-963a-9a233fddde70,hoje eu ganho um sorteio
311c27a8-5c81-4b58-a7b6-27f29c34ac6f,queria ter assistido mais palestras do dia da indústria porém o horário conflitou com outros eventos
8f4c1ec8-e5ed-4ce2-90f1-84bbab673805,minicurso de ia tá muito bom
311c27a8-5c81-4b58-a7b6-27f29c34ac6f,adorei os brindes
3f05e03e-45ce-4e65-b2f3-cf3a76e21fa1,até o momento o mini curso está muito interessante
3f05e03e-45ce-4e65-b2f3-cf3a76e21fa1,gostaria de um coffe break hoje
311c27a8-5c81-4b58-a7b6-27f29c34ac6f,"a palestra sobre o mercado de jogos foi muito interessante,"
311c27a8-5c81-4b58-a7b6-27f29c34ac6f,foi muito legal reconhecer alguns dos jogos desenvolvidos pela umbu games
311c27a8-5c81-4b58-a7b6-27f29c34ac6f,temas das palestras foram muito legais
c0f15389-3383-4e94-b413-2fd78bcd0b68,"podia falar muita coisa,"
c0f15389-3383-4e94-b413-2fd78bcd0b68,só agradeço a essa organização maravilhosa
3f05e03e-45ce-4e65-b2f3-cf3a76e21fa1,hoje eu quero um prêmio :(
311c27a8-5c81-4b58-a7b6-27f29c34ac6f,minicurso da estela está muito legall
3f05e03e-45ce-4e65-b2f3-cf3a76e21fa1,podiam separar o minicurso em dois dias
3f05e03e-45ce-4e65-b2f3-cf3a76e21fa1,ansioso para a cerimônia de encerramento
3f05e03e-45ce-4e65-b2f3-cf3a76e21fa1,ainda não fui respondido sobre qual o shampoo do  patrick
64a69630-bdc5-4e29-9090-492d31a34e0d,blender é muito daora
64a69630-bdc5-4e29-9090-492d31a34e0d,devia ter sido 7hr de mini curso
64a69630-bdc5-4e29-9090-492d31a34e0d,oq vai ter de premio na mymobiconf
f7781785-ccfa-4120-856f-3781bcf14d45,muito inspirador esse dia da indústria
f7781785-ccfa-4120-856f-3781bcf14d45,ansioso pra amanhã
f7781785-ccfa-4120-856f-3781bcf14d45,começando o curso de ia generativa
f7781785-ccfa-4120-856f-3781bcf14d45,a hora não passa…
f7781785-ccfa-4120-856f-3781bcf14d45,interessante demais a introdução ao minicurso
f7781785-ccfa-4120-856f-3781bcf14d45,bora pra mais uma
64a69630-bdc5-4e29-9090-492d31a34e0d,minicurso de animação 3d é o melhor
f7781785-ccfa-4120-856f-3781bcf14d45,a hora da merenda
f7781785-ccfa-4120-856f-3781bcf14d45,ansioso para premiação
84fb43ff-f2ca-4b32-b090-49467d8ae7a0,ótimo minicurso de modelagem 3d
84fb43ff-f2ca-4b32-b090-49467d8ae7a0,pena que tá acabando a secom
84fb43ff-f2ca-4b32-b090-49467d8ae7a0,ansiosa pro coffee break
84fb43ff-f2ca-4b32-b090-49467d8ae7a0,"os brindes, é que hr"
7568d4e3-7c42-4c07-9246-161f8f144017,muito bom aprender sobre a história das ia's generativas
7568d4e3-7c42-4c07-9246-161f8f144017,me surpreendi com o mini-curso
7568d4e3-7c42-4c07-9246-161f8f144017,pena que a internet não está funcionando mais
880b38ad-954a-499a-a76a-66fce8a17f66,minicurso de docker ta top demais
ad08e116-810d-4533-a7c6-9782fcb55f6d,internet da ufv tá razoável hoje
f0d8b18c-371e-4a9b-bc88-6efb85341837,um bom evento em geral
ad08e116-810d-4533-a7c6-9782fcb55f6d,até agr o curso de i
ad08e116-810d-4533-a7c6-9782fcb55f6d,a tá bem legal
f0d8b18c-371e-4a9b-bc88-6efb85341837,espero a cerimônia de encerramento para completar esse excelente evento
6694bc9c-4eab-4c6b-a7df-c40f8f42e39c,o minicurso de blender ta muito divertido
30a1d1e4-da0d-4f67-9908-6bc16a47ebc4,kkkk gostaria de trabalhar na levty em
6694bc9c-4eab-4c6b-a7df-c40f8f42e39c,"esse adiamento da game jam prejudicou o sono do patrick coitado, ta mortinho"
30a1d1e4-da0d-4f67-9908-6bc16a47ebc4,o ângelo realmente entende bastante sobre docker
6694bc9c-4eab-4c6b-a7df-c40f8f42e39c,ansioso pra final de lol em breve 🫡
c0f15389-3383-4e94-b413-2fd78bcd0b68,parabéns ao professor phelipe pela organização este ano
03164614-b683-45b1-98f0-7179e65cd4ed,o curso de ia ta bem legal
03164614-b683-45b1-98f0-7179e65cd4ed,ta faltando ar condicionado pra essas salas em
03164614-b683-45b1-98f0-7179e65cd4ed,ansioso pela final de lol
03164614-b683-45b1-98f0-7179e65cd4ed,"mc agenda, avante"
03164614-b683-45b1-98f0-7179e65cd4ed,oque será que o patrick fez ontem quando não tinha luz
30a1d1e4-da0d-4f67-9908-6bc16a47ebc4,"pelo que vi dos meus amigos, a produção 3d está bem legal"
03164614-b683-45b1-98f0-7179e65cd4ed,philipe mandou muito nessa secom em
6694bc9c-4eab-4c6b-a7df-c40f8f42e39c,🍽🐙🤭
03164614-b683-45b1-98f0-7179e65cd4ed,cadê o coffebreak da manhã
6694bc9c-4eab-4c6b-a7df-c40f8f42e39c,"ansioso pra ver os jogos da game jam, espero que o patrick esteja bem depois dessa noite corrida"
6694bc9c-4eab-4c6b-a7df-c40f8f42e39c,se eu não ganhar nenhum sorteio vô achar paia em
30a1d1e4-da0d-4f67-9908-6bc16a47ebc4,ansioso pelos resultados da maratona de programação
30a1d1e4-da0d-4f67-9908-6bc16a47ebc4,da game jam
6694bc9c-4eab-4c6b-a7df-c40f8f42e39c,alguem me arruma uma mochila da sydle 😔
7568d4e3-7c42-4c07-9246-161f8f144017,não voltou o curso de ia ainda
6694bc9c-4eab-4c6b-a7df-c40f8f42e39c,"esse almocinho pesou em, que bom que os minicursos voltam 13:30, deu pra descansar"
6694bc9c-4eab-4c6b-a7df-c40f8f42e39c,vambora mc agenda
19f49226-5a60-463b-85d3-ac562e4eddc4,"o material dos minicursos poderia ser disponibilizado depois, a gente só pode escolher um então seria interessante saber mais sobre os outros assuntos"
99899b5a-eb3d-4d67-a64f-a143f824a709,cheguei atrasado no minicurso 🤡 maravilha
99899b5a-eb3d-4d67-a64f-a143f824a709,pelo menos a internet está mais estável agora à tarde
43aca24c-d788-497e-8521-06df728eeaf8,poderia ter uma garrafinha de café nos minicursos
43aca24c-d788-497e-8521-06df728eeaf8,os materiais dos minicursos poderiam ser liberados para todos no final
99899b5a-eb3d-4d67-a64f-a143f824a709,"aí, organizadores da secom, acho há alguns questionários duplicados por aqui"
99899b5a-eb3d-4d67-a64f-a143f824a709,acabei de preencher os formulários da palestra do letras
99899b5a-eb3d-4d67-a64f-a143f824a709,"da do hubs,"
99899b5a-eb3d-4d67-a64f-a143f824a709,tenho certeza de que já os preenchi antes 🤔
50a1eb8e-50fb-4cc4-b79b-6b4b2a4a8c61,secom foi maneira
5bc436a4-ec67-4216-87a7-d9152877d21f,o mini curso de web é o melhor
5bc436a4-ec67-4216-87a7-d9152877d21f,estela arrasou no curso de web
5bc436a4-ec67-4216-87a7-d9152877d21f,hj o tempo de almoço foi bom
913cf695-2ce7-40c2-a996-ce8bff7ee32c,muito boa
913cf695-2ce7-40c2-a996-ce8bff7ee32c,top
913cf695-2ce7-40c2-a996-ce8bff7ee32c,amei
5bc436a4-ec67-4216-87a7-d9152877d21f,pena q nem todos os labs tem ar condicionado
913cf695-2ce7-40c2-a996-ce8bff7ee32c,"top, parabéns"
7568d4e3-7c42-4c07-9246-161f8f144017,seria interessante liberar as apresentações das palestras
7568d4e3-7c42-4c07-9246-161f8f144017,mini cursos
913cf695-2ce7-40c2-a996-ce8bff7ee32c,top demais
913cf695-2ce7-40c2-a996-ce8bff7ee32c,topzera
5bc436a4-ec67-4216-87a7-d9152877d21f,a secom desse ano foi a melhor
5bc436a4-ec67-4216-87a7-d9152877d21f,philipe
5bc436a4-ec67-4216-87a7-d9152877d21f,"os alunos ralaram mt pra fazer,"
5bc436a4-ec67-4216-87a7-d9152877d21f,a secom desse ano foi incrível
913cf695-2ce7-40c2-a996-ce8bff7ee32c,top
913cf695-2ce7-40c2-a996-ce8bff7ee32c,amei
5bc436a4-ec67-4216-87a7-d9152877d21f,espero q os brindes sejam bons igual a secom hahah
913cf695-2ce7-40c2-a996-ce8bff7ee32c,muito legal
913cf695-2ce7-40c2-a996-ce8bff7ee32c,top
913cf695-2ce7-40c2-a996-ce8bff7ee32c,"top
 demais"
913cf695-2ce7-40c2-a996-ce8bff7ee32c,arrasaram
913cf695-2ce7-40c2-a996-ce8bff7ee32c,muito bom
913cf695-2ce7-40c2-a996-ce8bff7ee32c,sensacional
913cf695-2ce7-40c2-a996-ce8bff7ee32c,"arrasaram nessa secom, top"
913cf695-2ce7-40c2-a996-ce8bff7ee32c,bom demais
d51c3bbb-185b-4a34-848a-607621bd7cc2,minicurso de 3d foda dms
d51c3bbb-185b-4a34-848a-607621bd7cc2,melhor minicurso é o de modelagem
d51c3bbb-185b-4a34-848a-607621bd7cc2,tomara que a okt perca de noite
19f49226-5a60-463b-85d3-ac562e4eddc4,os jogos desenvolvidos na game jam serão mostrados
f0d8b18c-371e-4a9b-bc88-6efb85341837,ótimos seminários
f0d8b18c-371e-4a9b-bc88-6efb85341837,evento da gamejam
f0d8b18c-371e-4a9b-bc88-6efb85341837,"gamejam com um tema bem interessante, que dá espaço para muitas ideias criativas"
f0d8b18c-371e-4a9b-bc88-6efb85341837,"o único problema foi o tempo, porém realmente não há nada que possa ser feito nesse quesito"
f0d8b18c-371e-4a9b-bc88-6efb85341837,esperando os resultados da gamejam para saber quais jogos foram produzidos
19f49226-5a60-463b-85d3-ac562e4eddc4,"a secom desse ano foi perfeita, o philipe fez um ótimo trabalho"
f24a3531-506e-487a-84d2-614694703dfc,evento muito bom
f24a3531-506e-487a-84d2-614694703dfc,muito bom
f24a3531-506e-487a-84d2-614694703dfc,o lanche
f24a3531-506e-487a-84d2-614694703dfc,curso muito bom
092f2a22-65fe-4b1e-a8de-356ce785cea3,muito bacana o minicurso
092f2a22-65fe-4b1e-a8de-356ce785cea3,não vejo a hora de começar o coffee-break
092f2a22-65fe-4b1e-a8de-356ce785cea3,mó fome
7833a43c-88df-41ce-9608-368ecac536a1,pro minicurso ficar 100% só falta um ar condicionado no lab 1
daac9055-17a0-4775-bb21-9c0add9d45ec,o curso de ia está muito interessante
a8795f76-f29d-4a4e-ab33-de80f1fa7eaa,a maratona ontem foi uma verdadeira batalha
daac9055-17a0-4775-bb21-9c0add9d45ec,ansiosa para ver o resultado da game jam
092f2a22-65fe-4b1e-a8de-356ce785cea3,quem será que vai ganhar a maratona
a8795f76-f29d-4a4e-ab33-de80f1fa7eaa,os times da maratona deram tudo de si
daac9055-17a0-4775-bb21-9c0add9d45ec,será que o minascoders vai tá no pódio da maratona
a8795f76-f29d-4a4e-ab33-de80f1fa7eaa,o lanche da maratona foi ótimo
daac9055-17a0-4775-bb21-9c0add9d45ec,vamos ter melissa garota propaganda da claro de novo em 2025
a8795f76-f29d-4a4e-ab33-de80f1fa7eaa,os minicursos estão sendo incríveis
092f2a22-65fe-4b1e-a8de-356ce785cea3,quem será que vai ganhar a game jam
3e72f254-acab-4aec-ad73-bf9dff9c21ad,minicurso muito legal
a8795f76-f29d-4a4e-ab33-de80f1fa7eaa,o minicurso de modelagem 3d é muito desafiador
a8795f76-f29d-4a4e-ab33-de80f1fa7eaa,as tecnologias abordadas nos minicursos são incríveis
7833a43c-88df-41ce-9608-368ecac536a1,resultado da maratona vai ser no encerramento
8f4c1ec8-e5ed-4ce2-90f1-84bbab673805,secom ficando mil vezes melhor com o anuncio da campus mobile hein
8f4c1ec8-e5ed-4ce2-90f1-84bbab673805,ansiosa pro encerramento
3e72f254-acab-4aec-ad73-bf9dff9c21ad,"a secom está sendo muito boa, parabéns para comissão organizadora"
219bdf7f-fa3a-4d8f-9e33-b83980cc7afb,vai ter continuação do camp de fifinha hj
219bdf7f-fa3a-4d8f-9e33-b83980cc7afb,beat saber foi bom dms nmrl
a8795f76-f29d-4a4e-ab33-de80f1fa7eaa,um café durante os minicursos era uma boa
8f4c1ec8-e5ed-4ce2-90f1-84bbab673805,quero só ver se vai ter a narração da final da maratona
219bdf7f-fa3a-4d8f-9e33-b83980cc7afb,felipão mandou mto nessa secom👏👏👏👏👏
219bdf7f-fa3a-4d8f-9e33-b83980cc7afb,tá acabando😭
3e72f254-acab-4aec-ad73-bf9dff9c21ad,ansiosa para ver o resultado da maratona
219bdf7f-fa3a-4d8f-9e33-b83980cc7afb,cancelaram aula de cálculo 🙏
219bdf7f-fa3a-4d8f-9e33-b83980cc7afb,hj lolzim vai ter narração
219bdf7f-fa3a-4d8f-9e33-b83980cc7afb,esse nmr do sorteio n tá bugado n
7833a43c-88df-41ce-9608-368ecac536a1,"essa parte da gameficação adicionou muito pro mymobiconf, eu fico abrindo o app o tempo todo pra ver se tem missão kkkkk"
3e72f254-acab-4aec-ad73-bf9dff9c21ad,muito legal o minicurso
99899b5a-eb3d-4d67-a64f-a143f824a709,aquela quedinha de energia só pra assustar no minicurso 👀
99899b5a-eb3d-4d67-a64f-a143f824a709,impressionante
99899b5a-eb3d-4d67-a64f-a143f824a709,"a energia caiu nos três dias do evento, pelo menos uma vez 😅 philipe tá azarado, coitado"
d3028b07-211a-405d-9f82-13b8d82aeff8,torneio de fifa ontem foi muito bom
d3028b07-211a-405d-9f82-13b8d82aeff8,pena que a queda de luz não deixou ter o mk1
d3028b07-211a-405d-9f82-13b8d82aeff8,"maratona de programação super disputada, mal posso saber quem vai ganhar"
d3028b07-211a-405d-9f82-13b8d82aeff8,"minicurso de ia generativa, sensacional"
78a0dc2a-07a3-41bb-a1a4-3731b2e51917,muito bom o minicurso
78a0dc2a-07a3-41bb-a1a4-3731b2e51917,muito bom o conteúdo do minicurso
78a0dc2a-07a3-41bb-a1a4-3731b2e51917,pena que caiu a luz
78a0dc2a-07a3-41bb-a1a4-3731b2e51917,internet doa laboratórios estava ruim
78a0dc2a-07a3-41bb-a1a4-3731b2e51917,quero brinde hojeeee
78a0dc2a-07a3-41bb-a1a4-3731b2e51917,ansioso pelo coffe break
61b2f3d3-4265-4ca1-bf48-f6fb75a5348f,"prática muito boa, divertida"
61b2f3d3-4265-4ca1-bf48-f6fb75a5348f,simples
78a0dc2a-07a3-41bb-a1a4-3731b2e51917,hj da mc agenda
64a69630-bdc5-4e29-9090-492d31a34e0d,meu boneco 3d ficou top
64a69630-bdc5-4e29-9090-492d31a34e0d,coffee break kd vc
d3028b07-211a-405d-9f82-13b8d82aeff8,faltou um ar nos laboratórios ein
d3028b07-211a-405d-9f82-13b8d82aeff8,que calor absurdo 🥵
d3028b07-211a-405d-9f82-13b8d82aeff8,"a internet no campus ja foi ruim antes, hoje parece pior"
f24a3531-506e-487a-84d2-614694703dfc,minicursos muito bons
f24a3531-506e-487a-84d2-614694703dfc,ia é muito interessante
f24a3531-506e-487a-84d2-614694703dfc,internet ruim
f24a3531-506e-487a-84d2-614694703dfc,complicado
f24a3531-506e-487a-84d2-614694703dfc,o lanche em
f24a3531-506e-487a-84d2-614694703dfc,vou ganhar o sorteio
61b2f3d3-4265-4ca1-bf48-f6fb75a5348f,"sobre o evento como um todo, os brindes foram muito bons"
d3028b07-211a-405d-9f82-13b8d82aeff8,essas quests do app estão um pouco repetitivas
61b2f3d3-4265-4ca1-bf48-f6fb75a5348f,"achei pouca a quantidade de coffe breaks no evento, apesar de entender que o orçamento possivelmente está apertado"
61b2f3d3-4265-4ca1-bf48-f6fb75a5348f,ótima oportunidade para interagir com pessoas de fora do campus
d3028b07-211a-405d-9f82-13b8d82aeff8,meu ssd chora com esses modelos de ia para gerar imagens
d3028b07-211a-405d-9f82-13b8d82aeff8,ainda quero saber qual o shampoo do patrick
f24a3531-506e-487a-84d2-614694703dfc,gostaria de merendar
61b2f3d3-4265-4ca1-bf48-f6fb75a5348f,incrível as imensas possibilidades no uso dos modelos de ia generativa com comfyui
4a38eef3-4375-45b4-b386-649cb518c20b,po blender eh maneirinho slk
4a38eef3-4375-45b4-b386-649cb518c20b,so que eu sou ruim ne ai fica paia
61b2f3d3-4265-4ca1-bf48-f6fb75a5348f,imaginei ter uma visão mais voltada pra desenvolvimento de ias generativas com esse minicurso
61b2f3d3-4265-4ca1-bf48-f6fb75a5348f,"entretanto, apesar da proposta não ser a que eu esperava, o curso foi bem proveitoso"
8f243416-db6e-4185-8133-0e0433d6c30a,ja ta podendo
8f243416-db6e-4185-8133-0e0433d6c30a,secom esta acabando que triste
61b2f3d3-4265-4ca1-bf48-f6fb75a5348f,queria fazer comentários mais aprofundados
61b2f3d3-4265-4ca1-bf48-f6fb75a5348f,"contextualizados, uma pena que só posso fazer comentários de 200 caracteres"
8f243416-db6e-4185-8133-0e0433d6c30a,otimo minicurso de modelagem 3d
226440c8-ce0c-42b8-a37b-8435e915955d,a secom está sendo incrível
61b2f3d3-4265-4ca1-bf48-f6fb75a5348f,doido demais o treinamento de ia a partir de um ruido aleatório
226440c8-ce0c-42b8-a37b-8435e915955d,"triste que esta acabando, poderia durar mais dias akkaakka"
226440c8-ce0c-42b8-a37b-8435e915955d,queria ver os trabalhos dos participantes da gamejan
092f2a22-65fe-4b1e-a8de-356ce785cea3,atrasar o final
092f2a22-65fe-4b1e-a8de-356ce785cea3,o coffee-break foi triste demais 😢
226440c8-ce0c-42b8-a37b-8435e915955d,ansiosa pelo coffe break
61b2f3d3-4265-4ca1-bf48-f6fb75a5348f,"as palestras foram inspiradoras, especialmente sobre ia,"
61b2f3d3-4265-4ca1-bf48-f6fb75a5348f,"poderiam ter aprofundado em uma parte mais útil para a nossa formação, sem generalizar muito"
a8795f76-f29d-4a4e-ab33-de80f1fa7eaa,um energético seria excelente agora
61b2f3d3-4265-4ca1-bf48-f6fb75a5348f,o torneio de
61b2f3d3-4265-4ca1-bf48-f6fb75a5348f,"-sports foi uma ótima ideia para integração, trazer alunos de fora do campus trouxe uma ótima oportunidade de se conectar com outras pessoas"
a8795f76-f29d-4a4e-ab33-de80f1fa7eaa,ansioso para o resultado da maratona
a8795f76-f29d-4a4e-ab33-de80f1fa7eaa,quem será que ganhou
a8795f76-f29d-4a4e-ab33-de80f1fa7eaa,a final do lol vai ser incrível
61b2f3d3-4265-4ca1-bf48-f6fb75a5348f,a qualidade dos lanches servidos nos coffe breaks está excepcional
8f243416-db6e-4185-8133-0e0433d6c30a,hoje a internet contribuiu
61b2f3d3-4265-4ca1-bf48-f6fb75a5348f,hoje a oktopus gaming vai aprender por que a premiação do segundo lugar existe
8f243416-db6e-4185-8133-0e0433d6c30a,tomara que tenha sorte no sorteio
8f243416-db6e-4185-8133-0e0433d6c30a,que ano que vem seja assim tbm
7568d4e3-7c42-4c07-9246-161f8f144017,nossa que droga a energia ficar caindo sempre
4a38eef3-4375-45b4-b386-649cb518c20b,a luz ta como
4a38eef3-4375-45b4-b386-649cb518c20b,quero sorteio
8f4c1ec8-e5ed-4ce2-90f1-84bbab673805,cade o coffe break
8f4c1ec8-e5ed-4ce2-90f1-84bbab673805,essa luz que nao para de cair
8f4c1ec8-e5ed-4ce2-90f1-84bbab673805,ngm merece essa energia de florestal
b9ce085c-74f8-412e-8a55-1391f0867ebd,foi muito legal essa edição da secom
db3fa0bb-880f-4501-90a0-33595a9c9087,calor d+
883f6e71-d69f-4eb4-8791-f3f68ee15315,comentario
b6692dfb-d9b8-409b-ac8e-4ffe98e5a57b,minicurso muito bom
b6692dfb-d9b8-409b-ac8e-4ffe98e5a57b,interessante
883f6e71-d69f-4eb4-8791-f3f68ee15315,só pra parabenizar a stela pelo mini curso
f0158b5a-82ff-410c-81f2-d51f7e345b45,muito top o evento esse ano viu
b6692dfb-d9b8-409b-ac8e-4ffe98e5a57b,tive alguns problemas com o espaço disponível do meu hd para o minicurso de ia
883f6e71-d69f-4eb4-8791-f3f68ee15315,equipe mmc de parabéns
f0158b5a-82ff-410c-81f2-d51f7e345b45,"a gamejam foi muito legal, tem que ter todo ano"
b6692dfb-d9b8-409b-ac8e-4ffe98e5a57b,coffe break é sensacional
883f6e71-d69f-4eb4-8791-f3f68ee15315,coment
883f6e71-d69f-4eb4-8791-f3f68ee15315,comentário
b6692dfb-d9b8-409b-ac8e-4ffe98e5a57b,esse pessoal do lanche tem que vir todo ano
092f2a22-65fe-4b1e-a8de-356ce785cea3,"tô com fome, quero merendar 🎶"
b6692dfb-d9b8-409b-ac8e-4ffe98e5a57b,ansioso pelo sorteio
47f0857b-7373-4457-b034-4eca2ed5efd9,botafogo
b6692dfb-d9b8-409b-ac8e-4ffe98e5a57b,a secom desse ano está sensacional
47f0857b-7373-4457-b034-4eca2ed5efd9,ansioso pelos prêmios
d0881343-b903-4573-aee3-c821f2e201de,a maratona foi muito boa
47f0857b-7373-4457-b034-4eca2ed5efd9,palestras muitos produtivas
47f0857b-7373-4457-b034-4eca2ed5efd9,muito bom
d0881343-b903-4573-aee3-c821f2e201de,gostei muito dos mini cursos
4a38eef3-4375-45b4-b386-649cb518c20b,to cao fome 🤤🤤
1b9ccae9-78fb-402b-9460-40ccad1af251,a energia ontem na game jam acabou com tudo
d0881343-b903-4573-aee3-c821f2e201de,a secom esse ano esta muito boa
30a1d1e4-da0d-4f67-9908-6bc16a47ebc4,estou ansioso para o coffee break :d
1b9ccae9-78fb-402b-9460-40ccad1af251,ansioso para saber o resultado da gamejam
4a38eef3-4375-45b4-b386-649cb518c20b,uero mais d 10 salgado 🤤
1b9ccae9-78fb-402b-9460-40ccad1af251,a barriga ja esta roncando esperando peo coffe break
13c63d6c-e94d-4b8b-829b-3a6f523ac131,minicurso de blender sensacional
8aed64cf-df9c-4421-bff3-6c07fee239b1,"ainda com as quedas de luz, o minicurso continuou firme"
8aed64cf-df9c-4421-bff3-6c07fee239b1,forte
311c27a8-5c81-4b58-a7b6-27f29c34ac6f,ótimo evento
30a1d1e4-da0d-4f67-9908-6bc16a47ebc4,adorei o curso sobre docker
4a38eef3-4375-45b4-b386-649cb518c20b,docker tava bao tbm
13c63d6c-e94d-4b8b-829b-3a6f523ac131,ansioso para os sorteios
8aa87b6a-2c98-49aa-a2bf-45a61166e7e7,time a seta representou
311c27a8-5c81-4b58-a7b6-27f29c34ac6f,espero ganhar brindes no sorteio
8aa87b6a-2c98-49aa-a2bf-45a61166e7e7,secom foi boa demais
1b9ccae9-78fb-402b-9460-40ccad1af251,n'ao de pra baixar as coisas do curso de ia antes /-/) triste dms
13c63d6c-e94d-4b8b-829b-3a6f523ac131,qual o shampoo que o patrick usa
8aa87b6a-2c98-49aa-a2bf-45a61166e7e7,secom foi boa demais
8aed64cf-df9c-4421-bff3-6c07fee239b1,um pouco triste que ninguém escolheu aang: o último dominador de ar como animação favorita no minicurso de interface web
8aa87b6a-2c98-49aa-a2bf-45a61166e7e7,campeonato de cs que ficou faltando
1b9ccae9-78fb-402b-9460-40ccad1af251,cade a ic de geração de imagens com ia
8aed64cf-df9c-4421-bff3-6c07fee239b1,ansioso pelo coffee break
8aa87b6a-2c98-49aa-a2bf-45a61166e7e7,campeonato de valorant foi muito top
8aa87b6a-2c98-49aa-a2bf-45a61166e7e7,curti demais a palestra do letras
13c63d6c-e94d-4b8b-829b-3a6f523ac131,coffe breaks sensacionais
d0881343-b903-4573-aee3-c821f2e201de,aa figurinhas do git estavam fodas
8aa87b6a-2c98-49aa-a2bf-45a61166e7e7,lanche tava top dms
1b9ccae9-78fb-402b-9460-40ccad1af251,coffe break
f0158b5a-82ff-410c-81f2-d51f7e345b45,o minicurso de blender foi muito daora
13c63d6c-e94d-4b8b-829b-3a6f523ac131,bora para essa final de lol
311c27a8-5c81-4b58-a7b6-27f29c34ac6f,foi muito legal acompanhar o campeonato o esports
1b9ccae9-78fb-402b-9460-40ccad1af251,adorei o sandro
1b9ccae9-78fb-402b-9460-40ccad1af251,otimo mini curso
47f0857b-7373-4457-b034-4eca2ed5efd9,coffee brake melhor hora
13c63d6c-e94d-4b8b-829b-3a6f523ac131,qual patrick o shampoo usa
88254066-58d3-4049-ac9d-5b393c178080,melhor edição da secom
47f0857b-7373-4457-b034-4eca2ed5efd9,o atlético vai cair
f0158b5a-82ff-410c-81f2-d51f7e345b45,se a luz cair durante a final é wo na okt né
311c27a8-5c81-4b58-a7b6-27f29c34ac6f,a camisa sa secom ficou muito boa
88254066-58d3-4049-ac9d-5b393c178080,mymobiconf salvou demais
8aed64cf-df9c-4421-bff3-6c07fee239b1,qual o preparo capilar do patrick para a final de lol da secom
311c27a8-5c81-4b58-a7b6-27f29c34ac6f,alguma coisa
88254066-58d3-4049-ac9d-5b393c178080,a troca dos horários no último dia foi meio paia
f0158b5a-82ff-410c-81f2-d51f7e345b45,programação dessa secom foi bala demais
1b9ccae9-78fb-402b-9460-40ccad1af251,pena que o curso do sandro acabou ;-; adorei as artes dele
88254066-58d3-4049-ac9d-5b393c178080,palestras muito boas no dia da indústria
d0881343-b903-4573-aee3-c821f2e201de,legal demais
d0881343-b903-4573-aee3-c821f2e201de,muito boa
f0158b5a-82ff-410c-81f2-d51f7e345b45,cadê o coffee break
226440c8-ce0c-42b8-a37b-8435e915955d,a melhor parte é o encerramento
226440c8-ce0c-42b8-a37b-8435e915955d,triste pelo último coffe break :(
88254066-58d3-4049-ac9d-5b393c178080,palestras muito importantes
88254066-58d3-4049-ac9d-5b393c178080,coffee break foi muito bom
88254066-58d3-4049-ac9d-5b393c178080,ansioso pelo sorteio
1b9ccae9-78fb-402b-9460-40ccad1af251,gooogle deep dream nem lembrava
88254066-58d3-4049-ac9d-5b393c178080,espero q o servidor funcione
1b9ccae9-78fb-402b-9460-40ccad1af251,"mostrei o poc pro sandro, aprovado 🤝"
7cf13434-76d6-4046-96fd-1cfd9d429282,boa tarde
7cf13434-76d6-4046-96fd-1cfd9d429282,partiu sampa
88254066-58d3-4049-ac9d-5b393c178080,o número de comentarios foi meio demais
513987ee-1026-4bd4-93aa-9d89d6d5bad4,maratona foi zika
1b9ccae9-78fb-402b-9460-40ccad1af251,ansioso pelos premios do my mob conf em 😳
f0158b5a-82ff-410c-81f2-d51f7e345b45,qual o shampoo do douglas
513987ee-1026-4bd4-93aa-9d89d6d5bad4,esse dulol tá sem limites
88254066-58d3-4049-ac9d-5b393c178080,acho q o servidor não tá aguentando o número de usuários de uma vez
1b9ccae9-78fb-402b-9460-40ccad1af251,quem tava na game jam vai ganhar bolsa copo
1b9ccae9-78fb-402b-9460-40ccad1af251,pin da sydle
513987ee-1026-4bd4-93aa-9d89d6d5bad4,minicurso de blender foi foda
88254066-58d3-4049-ac9d-5b393c178080,queria mais coffee breaks
513987ee-1026-4bd4-93aa-9d89d6d5bad4,camiseta maravilhosa
1b9ccae9-78fb-402b-9460-40ccad1af251,se a jam fosse em outro dia podia ter ido na palestra do studio sol ;-;
f0158b5a-82ff-410c-81f2-d51f7e345b45,adorei a secom
513987ee-1026-4bd4-93aa-9d89d6d5bad4,isadora tá solteira
513987ee-1026-4bd4-93aa-9d89d6d5bad4,me contrata sydle
8aa87b6a-2c98-49aa-a2bf-45a61166e7e7,time a seta mandou demais
513987ee-1026-4bd4-93aa-9d89d6d5bad4,quero entrar na levty
1b9ccae9-78fb-402b-9460-40ccad1af251,levity me contrataaa 😭
8aa87b6a-2c98-49aa-a2bf-45a61166e7e7,infelizmente a luz acabou durante o fifa
1b9ccae9-78fb-402b-9460-40ccad1af251,coquinha gelada :p
8aa87b6a-2c98-49aa-a2bf-45a61166e7e7,próximo secom vai ser bacana demais
513987ee-1026-4bd4-93aa-9d89d6d5bad4,fanta no coffe break pfvr
8aa87b6a-2c98-49aa-a2bf-45a61166e7e7,melhor evento do ano
780e911b-3537-4deb-8eae-0ce33981b3d2,bora galera
780e911b-3537-4deb-8eae-0ce33981b3d2,comentário 2
513987ee-1026-4bd4-93aa-9d89d6d5bad4,thais pra presidente já
e539ea11-2f5f-48c0-8cd6-f269dd6ed844,tragam mais conteúdo de modelagem 3d
780e911b-3537-4deb-8eae-0ce33981b3d2,qual shampoo o patrick usa
88254066-58d3-4049-ac9d-5b393c178080,excelente minicurso de 3d
8aa87b6a-2c98-49aa-a2bf-45a61166e7e7,faltou apenas o campeonato de cs
513987ee-1026-4bd4-93aa-9d89d6d5bad4,califórnia girls solou
780e911b-3537-4deb-8eae-0ce33981b3d2,qual patrick o shampoo usa
780e911b-3537-4deb-8eae-0ce33981b3d2,entrei na levty
e539ea11-2f5f-48c0-8cd6-f269dd6ed844,os minicursos deveriam ter mais tempo
8aa87b6a-2c98-49aa-a2bf-45a61166e7e7,"ano que vem poderia ter cs, vai ser legal demais"
513987ee-1026-4bd4-93aa-9d89d6d5bad4,game jam cansou tá
780e911b-3537-4deb-8eae-0ce33981b3d2,"venham para o lesc, a ic de hardware trojan é bala"
e539ea11-2f5f-48c0-8cd6-f269dd6ed844,a secom poderia durar uma semana inteira
1b9ccae9-78fb-402b-9460-40ccad1af251,queria ter jogado mk ontem;-;
e539ea11-2f5f-48c0-8cd6-f269dd6ed844,ótima secom
513987ee-1026-4bd4-93aa-9d89d6d5bad4,letras me contrata
513987ee-1026-4bd4-93aa-9d89d6d5bad4,campeonato de fifa foi zika
8aed64cf-df9c-4421-bff3-6c07fee239b1,esperando muito pela final de lol
8aa87b6a-2c98-49aa-a2bf-45a61166e7e7,muito legal a secom
e539ea11-2f5f-48c0-8cd6-f269dd6ed844,variar lanche no próximo ano
1b9ccae9-78fb-402b-9460-40ccad1af251,tenho que sair daqui
1b9ccae9-78fb-402b-9460-40ccad1af251,fazer o poc ;-;
8aa87b6a-2c98-49aa-a2bf-45a61166e7e7,a secom do ano que bem vai ser bacana demais
1b9ccae9-78fb-402b-9460-40ccad1af251,espero mais comentarios em 😝🤙
780e911b-3537-4deb-8eae-0ce33981b3d2,a ufv precisa melhorar essa internet
8cc85085-4ed1-41f9-8428-601245633664,adorei o evento
8cc85085-4ed1-41f9-8428-601245633664,o minicurso foi super divertido
8aed64cf-df9c-4421-bff3-6c07fee239b1,andar pelo campus de noite
8aed64cf-df9c-4421-bff3-6c07fee239b1,sem luz foi uma experiência
8aed64cf-df9c-4421-bff3-6c07fee239b1,task finalizada
e539ea11-2f5f-48c0-8cd6-f269dd6ed844,ótima palestra
8aa87b6a-2c98-49aa-a2bf-45a61166e7e7,muito boa a programação da secom
8cc85085-4ed1-41f9-8428-601245633664,as palestras do primeiro dia foram super importante para  o meu aprendizado
e539ea11-2f5f-48c0-8cd6-f269dd6ed844,brinds legais
8aa87b6a-2c98-49aa-a2bf-45a61166e7e7,a palestra da letras foi boa demais
e539ea11-2f5f-48c0-8cd6-f269dd6ed844,queda de luz foi um problema
8aa87b6a-2c98-49aa-a2bf-45a61166e7e7,curti demais
ad08e116-810d-4533-a7c6-9782fcb55f6d,final de secom
e539ea11-2f5f-48c0-8cd6-f269dd6ed844,um coffee break por dia é pouco
e539ea11-2f5f-48c0-8cd6-f269dd6ed844,ótima salgados
e539ea11-2f5f-48c0-8cd6-f269dd6ed844,coloquem café no coffe break
780e911b-3537-4deb-8eae-0ce33981b3d2,coffee break está ótimo estava com mt fome
47cacf3f-e0f2-421b-a645-5e0efd6cc615,boa
47cacf3f-e0f2-421b-a645-5e0efd6cc615,que venha o sorteio kk
780e911b-3537-4deb-8eae-0ce33981b3d2,deveriam haver mais coffe breaks
d0b2bc0d-178a-434a-9fc8-134d0ca5a1be,achei a quantidade de comentários ser 6 por dia muita sacanagem
47cacf3f-e0f2-421b-a645-5e0efd6cc615,sacagem o último coffe break
47cacf3f-e0f2-421b-a645-5e0efd6cc615,ansioso para a próxima secom
47cacf3f-e0f2-421b-a645-5e0efd6cc615,muito boa a palestra
d0b2bc0d-178a-434a-9fc8-134d0ca5a1be,exageraram na demanda pelo uso do mymobiconf
08101ce6-e4af-4e12-81d5-87afcafc4b3b,kd a premiação da gamejam
47cacf3f-e0f2-421b-a645-5e0efd6cc615,natanael muito foda
8cc85085-4ed1-41f9-8428-601245633664,ansioso pelo sorteio
08101ce6-e4af-4e12-81d5-87afcafc4b3b,adorei os mini cursos
47cacf3f-e0f2-421b-a645-5e0efd6cc615,virei muito fã da alfa engenharia
47cacf3f-e0f2-421b-a645-5e0efd6cc615,muito boa
d0b2bc0d-178a-434a-9fc8-134d0ca5a1be,"o aplicativo tá muito bom,"
d0b2bc0d-178a-434a-9fc8-134d0ca5a1be,sinto que 10 missões é bastante
8cc85085-4ed1-41f9-8428-601245633664,adorei palestra da sydle
08101ce6-e4af-4e12-81d5-87afcafc4b3b,luz caiu durante o mini curso
08101ce6-e4af-4e12-81d5-87afcafc4b3b,perdi tudo paia
47cacf3f-e0f2-421b-a645-5e0efd6cc615,letras é foda demais
d0b2bc0d-178a-434a-9fc8-134d0ca5a1be,por mais palestras sobre jogos
47cacf3f-e0f2-421b-a645-5e0efd6cc615,queria conhecer um pouco mais da levty
08101ce6-e4af-4e12-81d5-87afcafc4b3b,quando é a premiação da gamejam
47cacf3f-e0f2-421b-a645-5e0efd6cc615,ótimas apresentações
50ab66a7-9677-44ec-b7d4-be69f3d11d87,muito boa os mini cursos
d0b2bc0d-178a-434a-9fc8-134d0ca5a1be,fiquei com a impressão de que teve muita palestra sobre ia
08101ce6-e4af-4e12-81d5-87afcafc4b3b,essa luz ta quebrada so pode
08101ce6-e4af-4e12-81d5-87afcafc4b3b,cade o quibe nos salgadinhos
d0b2bc0d-178a-434a-9fc8-134d0ca5a1be,pra quem reclama pela energia ter acabado sem motivo nenhum
47cacf3f-e0f2-421b-a645-5e0efd6cc615,salgado tava bom demais
d0b2bc0d-178a-434a-9fc8-134d0ca5a1be,faltou o kibe nos salgados desse ano
e539ea11-2f5f-48c0-8cd6-f269dd6ed844,palestra do letras foi muito boa
47cacf3f-e0f2-421b-a645-5e0efd6cc615,muito bom
d0b2bc0d-178a-434a-9fc8-134d0ca5a1be,todo mundo gostaria de um acréscimo nos salgados de enroladinho de salsicha
8c83da8e-1478-4a91-ae10-7347cd55d06f,maneiro
8c83da8e-1478-4a91-ae10-7347cd55d06f,gostei
50ab66a7-9677-44ec-b7d4-be69f3d11d87,coffe break
8c83da8e-1478-4a91-ae10-7347cd55d06f,gg casca de bala
50ab66a7-9677-44ec-b7d4-be69f3d11d87,muito boa a secom
e539ea11-2f5f-48c0-8cd6-f269dd6ed844,as semifinais do campeonato poderiam ter sido presenciais também
50ab66a7-9677-44ec-b7d4-be69f3d11d87,dq a pouco tem encerramento
08101ce6-e4af-4e12-81d5-87afcafc4b3b,podia ter um suco no lugar de algumas cocas
e539ea11-2f5f-48c0-8cd6-f269dd6ed844,a gamejam poderia ser 2 dias
08101ce6-e4af-4e12-81d5-87afcafc4b3b,o encerramento vai ser antes do jogo
08101ce6-e4af-4e12-81d5-87afcafc4b3b,qual shampoo o douglas usa
e539ea11-2f5f-48c0-8cd6-f269dd6ed844,ótimas palestras
e539ea11-2f5f-48c0-8cd6-f269dd6ed844,o público ficou dividido
e11be943-a86d-4ae5-9d07-c0caafcde712,a primeira palestra foi muito boa
ff1bbfdb-856b-4aa2-8987-fc056e4c1b9d,top dms
08101ce6-e4af-4e12-81d5-87afcafc4b3b,quem é oizadora
ff1bbfdb-856b-4aa2-8987-fc056e4c1b9d,massa
ff1bbfdb-856b-4aa2-8987-fc056e4c1b9d,quero ver a serimonia
ff1bbfdb-856b-4aa2-8987-fc056e4c1b9d,legal
ff1bbfdb-856b-4aa2-8987-fc056e4c1b9d,midiático
f0d8b18c-371e-4a9b-bc88-6efb85341837,muito bom evento
ff1bbfdb-856b-4aa2-8987-fc056e4c1b9d,maneiro
e11be943-a86d-4ae5-9d07-c0caafcde712,a segunda palestra foi boa
08101ce6-e4af-4e12-81d5-87afcafc4b3b,gamejam podia ter mais tempo
e539ea11-2f5f-48c0-8cd6-f269dd6ed844,seus perguntas por dia é muito
f0d8b18c-371e-4a9b-bc88-6efb85341837,"excelente, esperando o encerramento com os prêmios"
ff1bbfdb-856b-4aa2-8987-fc056e4c1b9d,que doideira
ff1bbfdb-856b-4aa2-8987-fc056e4c1b9d,gostei
ff1bbfdb-856b-4aa2-8987-fc056e4c1b9d,diverdido
d0b2bc0d-178a-434a-9fc8-134d0ca5a1be,senti que faltou fotos durante os minicursos
ff1bbfdb-856b-4aa2-8987-fc056e4c1b9d,muçei
f0d8b18c-371e-4a9b-bc88-6efb85341837,minicursos informativos
f0d8b18c-371e-4a9b-bc88-6efb85341837,com temas interessantes
e539ea11-2f5f-48c0-8cd6-f269dd6ed844,aparentemente a aba de comentários não aceita números
420a6284-4a52-4d2d-82f1-f422cc31986b,.
ff1bbfdb-856b-4aa2-8987-fc056e4c1b9d,comida japonesa na próxima secom
8cc85085-4ed1-41f9-8428-601245633664,muito boa a coxinha
ff1bbfdb-856b-4aa2-8987-fc056e4c1b9d,lanche não tava midiático
f0d8b18c-371e-4a9b-bc88-6efb85341837,ótimo evento
e11be943-a86d-4ae5-9d07-c0caafcde712,o coffe break tava bom
fa24bb59-6052-4876-861f-d817a99fd16e,palestra muito interessantes
f0d8b18c-371e-4a9b-bc88-6efb85341837,incrível
fa24bb59-6052-4876-861f-d817a99fd16e,gamejam foi uma ideia muito boa
fa24bb59-6052-4876-861f-d817a99fd16e,prazo da gamejam foi muito curto
f0d8b18c-371e-4a9b-bc88-6efb85341837,climatização muito boa
ff1bbfdb-856b-4aa2-8987-fc056e4c1b9d,misto quente era bom no coffee break
fa24bb59-6052-4876-861f-d817a99fd16e,maratona foi legal demais
ff1bbfdb-856b-4aa2-8987-fc056e4c1b9d,show
fa24bb59-6052-4876-861f-d817a99fd16e,maratona podia ter tido pizza hehe
08101ce6-e4af-4e12-81d5-87afcafc4b3b,devia poder participar da gamejam
08101ce6-e4af-4e12-81d5-87afcafc4b3b,maratona de prog juntos
ff1bbfdb-856b-4aa2-8987-fc056e4c1b9d,nice
ff1bbfdb-856b-4aa2-8987-fc056e4c1b9d,curti
ff1bbfdb-856b-4aa2-8987-fc056e4c1b9d,super legal
fa24bb59-6052-4876-861f-d817a99fd16e,saguado gostoso parabéns
e11be943-a86d-4ae5-9d07-c0caafcde712,a sipeec foi muito demorada
d0b2bc0d-178a-434a-9fc8-134d0ca5a1be,"se não tiver uma unidade de bombom na premiação desse ano, fizeram errado"
e11be943-a86d-4ae5-9d07-c0caafcde712,teve algumas apresentações legais
ae0cbeae-1ff0-406f-a78a-a80a71120100,minicurso de docker muito bom
ae0cbeae-1ff0-406f-a78a-a80a71120100,o ângelo é muito bom
ae0cbeae-1ff0-406f-a78a-a80a71120100,salgado gostosinho hein
ae0cbeae-1ff0-406f-a78a-a80a71120100,coca colinha gelado
fa24bb59-6052-4876-861f-d817a99fd16e,ideia: bolinho de chocolate de coffee break
ae0cbeae-1ff0-406f-a78a-a80a71120100,matheus peixoto o ceonda secom
e11be943-a86d-4ae5-9d07-c0caafcde712,-sport é o melhor
fa24bb59-6052-4876-861f-d817a99fd16e,ideia: picole antes da maratona igual na maratona mineira
ae0cbeae-1ff0-406f-a78a-a80a71120100,minicursos bem plaestrandos
d0b2bc0d-178a-434a-9fc8-134d0ca5a1be,deixando meu voto para os mcagenda
e11be943-a86d-4ae5-9d07-c0caafcde712,a palestra do umbu foi legal
db3fa0bb-880f-4501-90a0-33595a9c9087,top essa edição da secom
ae0cbeae-1ff0-406f-a78a-a80a71120100,a liz acabou naoooooo
fa24bb59-6052-4876-861f-d817a99fd16e,curso de docker o melhor
db3fa0bb-880f-4501-90a0-33595a9c9087,coffe break muito bom
420a6284-4a52-4d2d-82f1-f422cc31986b,m
420a6284-4a52-4d2d-82f1-f422cc31986b,muito legal a secom
e11be943-a86d-4ae5-9d07-c0caafcde712,a palestra da levty tava legal
fa24bb59-6052-4876-861f-d817a99fd16e,o ministrante do curso de docker deu bombom para quem interagia
fa24bb59-6052-4876-861f-d817a99fd16e,"acertava, achei muito boa a ideia para participar"
d0b2bc0d-178a-434a-9fc8-134d0ca5a1be,tá liberado cantar parabéns no encerramento
8c83da8e-1478-4a91-ae10-7347cd55d06f,legal
8c83da8e-1478-4a91-ae10-7347cd55d06f,pogger
8c83da8e-1478-4a91-ae10-7347cd55d06f,bom
fa24bb59-6052-4876-861f-d817a99fd16e,ter prêmio para desafio prático no final do minicurso (ex: docker teve um curso como prêmio) foi uma ideia ótima
420a6284-4a52-4d2d-82f1-f422cc31986b,"bonitinhos no topo, aproveitar"
420a6284-4a52-4d2d-82f1-f422cc31986b,parabenizar o professor phillipe pelo evento
e11be943-a86d-4ae5-9d07-c0caafcde712,a palestra da dti sobre dados tava muito boa
fa24bb59-6052-4876-861f-d817a99fd16e,arte linda do cracha
fa24bb59-6052-4876-861f-d817a99fd16e,decoração com baloes numa paleta ótima
fa24bb59-6052-4876-861f-d817a99fd16e,camisa do prêmio do
fa24bb59-6052-4876-861f-d817a99fd16e,sports perfeitw
fa24bb59-6052-4876-861f-d817a99fd16e,no meu coração os bonitinhos ganharam o torneio de vava
e11be943-a86d-4ae5-9d07-c0caafcde712,a palestra sobre lgpd foi muito interessante
db3fa0bb-880f-4501-90a0-33595a9c9087,curso de ia generativa muito bom
db3fa0bb-880f-4501-90a0-33595a9c9087,vou aplicar
ad08e116-810d-4533-a7c6-9782fcb55f6d,sem ideia do que comentar
fa24bb59-6052-4876-861f-d817a99fd16e,distribuição de salgado rápida
e11be943-a86d-4ae5-9d07-c0caafcde712,o coffee tava bom
fa24bb59-6052-4876-861f-d817a99fd16e,gostei de opções vegetarianas
ad08e116-810d-4533-a7c6-9782fcb55f6d,curso de i
ad08e116-810d-4533-a7c6-9782fcb55f6d,a generativa foi excelente
fa24bb59-6052-4876-861f-d817a99fd16e,muito legal ter coca zero
99899b5a-eb3d-4d67-a64f-a143f824a709,hora do lanche 😋 secom que vem precisava ter coffee break de manhã
99899b5a-eb3d-4d67-a64f-a143f824a709,"de tarde, que nem nas outras edições"
e11be943-a86d-4ae5-9d07-c0caafcde712,os brindes foram os melhores
fa24bb59-6052-4876-861f-d817a99fd16e,gostei muito da cor da camisa
a5551753-5cda-4641-bc94-7d92707ef19c,o curso de ia foi muito interessante
fa24bb59-6052-4876-861f-d817a99fd16e,podia ter outras variedades de refri
a5551753-5cda-4641-bc94-7d92707ef19c,talvez possa ter mais minicursos durante os 3 dias na próxima edição
e11be943-a86d-4ae5-9d07-c0caafcde712,o minicurso de docker tava muito boa
a5551753-5cda-4641-bc94-7d92707ef19c,o coffee break estava ótimo mais poderia ser numa pausa no meio do minicurso
e11be943-a86d-4ae5-9d07-c0caafcde712,espero ganhar um sorteio
a5551753-5cda-4641-bc94-7d92707ef19c,tem como trazer a studiosol ano que vem
6694bc9c-4eab-4c6b-a7df-c40f8f42e39c,o minicurso de blender foi incrível
6694bc9c-4eab-4c6b-a7df-c40f8f42e39c,gostei do gato do patrick
e11be943-a86d-4ae5-9d07-c0caafcde712,a final vai ser a melhor
ad08e116-810d-4533-a7c6-9782fcb55f6d,6 comentários no último dia foi massante
a5551753-5cda-4641-bc94-7d92707ef19c,my mobi conf ajudou muito durante a secom
e11be943-a86d-4ae5-9d07-c0caafcde712,tá muito boa a secom
a5551753-5cda-4641-bc94-7d92707ef19c,evento muito produtivo
fa24bb59-6052-4876-861f-d817a99fd16e,torneio de
fa24bb59-6052-4876-861f-d817a99fd16e,sports foi legal demais
1a2cfcd0-081c-413f-b184-3104f229f33d,oi
e11be943-a86d-4ae5-9d07-c0caafcde712,que horas acaba
fa24bb59-6052-4876-861f-d817a99fd16e,os troféus ficaram muito bonitos
e11be943-a86d-4ae5-9d07-c0caafcde712,tem muitos  prêmios
1a2cfcd0-081c-413f-b184-3104f229f33d,ok
34c8353a-bcb4-4553-8c2d-fac1c5311ccd,secom foi legal demais
b9ce085c-74f8-412e-8a55-1391f0867ebd,estava esperando mini pizzza
1a2cfcd0-081c-413f-b184-3104f229f33d,oiii
1a2cfcd0-081c-413f-b184-3104f229f33d,oisisisijs
db3fa0bb-880f-4501-90a0-33595a9c9087,palestra da hub muito boa
db3fa0bb-880f-4501-90a0-33595a9c9087,muito bom ver ex alunos
1a2cfcd0-081c-413f-b184-3104f229f33d,aseta
34c8353a-bcb4-4553-8c2d-fac1c5311ccd,auditório climatizado
b9ce085c-74f8-412e-8a55-1391f0867ebd,táva muito frio na sala
8b532002-32a9-47b8-a068-f68ebed037cd,"gostei do minicurso, no fim"
1a2cfcd0-081c-413f-b184-3104f229f33d,timeaseta
1a2cfcd0-081c-413f-b184-3104f229f33d,mior
1a2cfcd0-081c-413f-b184-3104f229f33d,mior timeaseta
db3fa0bb-880f-4501-90a0-33595a9c9087,sempre internet >>> outras
34c8353a-bcb4-4553-8c2d-fac1c5311ccd,cadê os brindes
db3fa0bb-880f-4501-90a0-33595a9c9087,gamejam quase foi de arrasta
34c8353a-bcb4-4553-8c2d-fac1c5311ccd,👏👏🎉🎉🎉
8b532002-32a9-47b8-a068-f68ebed037cd,quanto troféu
b9ce085c-74f8-412e-8a55-1391f0867ebd,queria que tivesse distribuídos melhor durante uma semana inteira
b9ce085c-74f8-412e-8a55-1391f0867ebd,prêmios incríveis
880b38ad-954a-499a-a76a-66fce8a17f66,minicurso de docker o melhor
8b532002-32a9-47b8-a068-f68ebed037cd,queria ganhar aqueles prêmios alí
880b38ad-954a-499a-a76a-66fce8a17f66,pedro lindo
b9ce085c-74f8-412e-8a55-1391f0867ebd,lindas as cores desse ano
34c8353a-bcb4-4553-8c2d-fac1c5311ccd,biraaa
8b532002-32a9-47b8-a068-f68ebed037cd,eu queria a pelúcia
880b38ad-954a-499a-a76a-66fce8a17f66,melhor secom
880b38ad-954a-499a-a76a-66fce8a17f66,organização muito boa
880b38ad-954a-499a-a76a-66fce8a17f66,o ar condicionado salvou bastante
34c8353a-bcb4-4553-8c2d-fac1c5311ccd,mais uma secom concluída
880b38ad-954a-499a-a76a-66fce8a17f66,torneio de
880b38ad-954a-499a-a76a-66fce8a17f66,-sports muito foda
880b38ad-954a-499a-a76a-66fce8a17f66,hoje tem mcagenda
db3fa0bb-880f-4501-90a0-33595a9c9087,ansioso pros vencedores
8b532002-32a9-47b8-a068-f68ebed037cd,o cara tá ali destinado a arrumar ali os troféus
db3fa0bb-880f-4501-90a0-33595a9c9087,muitos premios bons
880b38ad-954a-499a-a76a-66fce8a17f66,sensacional
db3fa0bb-880f-4501-90a0-33595a9c9087,ar condicionado no talo
689ae6f3-7314-4e99-96bf-585b2a9cfb77,oii
db3fa0bb-880f-4501-90a0-33595a9c9087,"quente no minicurso, frio no auditório"
689ae6f3-7314-4e99-96bf-585b2a9cfb77,olá
689ae6f3-7314-4e99-96bf-585b2a9cfb77,ingred
689ae6f3-7314-4e99-96bf-585b2a9cfb77,amooooo secom
689ae6f3-7314-4e99-96bf-585b2a9cfb77,amo a emily
8b532002-32a9-47b8-a068-f68ebed037cd,achei uma pena o auditório não estar cheio para as palestras de ontem :v
db3fa0bb-880f-4501-90a0-33595a9c9087,quero um alicate de crimpar
b9ce085c-74f8-412e-8a55-1391f0867ebd,frio
b9ce085c-74f8-412e-8a55-1391f0867ebd,excelentes fotógrafos
b9ce085c-74f8-412e-8a55-1391f0867ebd,felipe está de parabéns pela organização
db3fa0bb-880f-4501-90a0-33595a9c9087,palestra da dti tava muito boa
b9ce085c-74f8-412e-8a55-1391f0867ebd,-sports foi bem divertido de ver
db3fa0bb-880f-4501-90a0-33595a9c9087,muitos premios
b9ce085c-74f8-412e-8a55-1391f0867ebd,o vr foi bem divertido de se jogar
db3fa0bb-880f-4501-90a0-33595a9c9087,frio d++🥶🥶
db3fa0bb-880f-4501-90a0-33595a9c9087,philipe ta combinando com os balões
db3fa0bb-880f-4501-90a0-33595a9c9087,qual o shampoo que o patrick usa
db3fa0bb-880f-4501-90a0-33595a9c9087,patrick compartilha sua rotina capilar conosco
b9ce085c-74f8-412e-8a55-1391f0867ebd,campeonato de fifa foi divertidinho
689ae6f3-7314-4e99-96bf-585b2a9cfb77,olaaaa
689ae6f3-7314-4e99-96bf-585b2a9cfb77,germano
b9ce085c-74f8-412e-8a55-1391f0867ebd,"queria que o mortal kombat tivesse rolado, pena que a luz não colaborou"
689ae6f3-7314-4e99-96bf-585b2a9cfb77,aymê
689ae6f3-7314-4e99-96bf-585b2a9cfb77,amo second
689ae6f3-7314-4e99-96bf-585b2a9cfb77,brindes
689ae6f3-7314-4e99-96bf-585b2a9cfb77,philipe legal
d51c3bbb-185b-4a34-848a-607621bd7cc2,patrick ta solteiro
d51c3bbb-185b-4a34-848a-607621bd7cc2,joao lobo
c83d77db-e69b-4b9a-af36-1e80aed4ea42,infelizmente não consegui participar dos minicursos
8b532002-32a9-47b8-a068-f68ebed037cd,o presidente da setapp não perdeu tempo lá na palestra né
689ae6f3-7314-4e99-96bf-585b2a9cfb77,amo a thaís
689ae6f3-7314-4e99-96bf-585b2a9cfb77,amo a glaucia
c83d77db-e69b-4b9a-af36-1e80aed4ea42,"poxa, trocaram o horário do coffee-break"
c83d77db-e69b-4b9a-af36-1e80aed4ea42,acabaram as coisas assim que cheguei
689ae6f3-7314-4e99-96bf-585b2a9cfb77,amo o daniel
023d3c99-a60f-4734-88e2-de4c9944c95a,muito bom o minicurso
d51c3bbb-185b-4a34-848a-607621bd7cc2,aroldo
689ae6f3-7314-4e99-96bf-585b2a9cfb77,amo o fabri
fa22c635-07b6-4718-9309-2665ad2d1a12,essa primeira palestra foi incrível
c83d77db-e69b-4b9a-af36-1e80aed4ea42,último dia
d51c3bbb-185b-4a34-848a-607621bd7cc2,cade a tesoura aroldo
689ae6f3-7314-4e99-96bf-585b2a9cfb77,amo a maria amélia
c83d77db-e69b-4b9a-af36-1e80aed4ea42,hoje tem okt de novo
689ae6f3-7314-4e99-96bf-585b2a9cfb77,amo a estela
8b532002-32a9-47b8-a068-f68ebed037cd,"anyway, foi muito top essa secom"
c83d77db-e69b-4b9a-af36-1e80aed4ea42,bora meu time okt
d51c3bbb-185b-4a34-848a-607621bd7cc2,cade a tesoura aroldo
c83d77db-e69b-4b9a-af36-1e80aed4ea42,lol já é da okt
fc6149e6-413e-458a-b1ed-ddd85a34c5a1,muitos comentários kekeke
fc6149e6-413e-458a-b1ed-ddd85a34c5a1,estou ansioso pela final de lol
8b532002-32a9-47b8-a068-f68ebed037cd,o philipe mandou muito bem nesse evento
fc6149e6-413e-458a-b1ed-ddd85a34c5a1,obrigado a todos que assinaram meu crachá
fc6149e6-413e-458a-b1ed-ddd85a34c5a1,espero que tenhamos ano que vem pra eu os ver de novo kekekk
fc6149e6-413e-458a-b1ed-ddd85a34c5a1,"realmente, muitos comentários"
fc6149e6-413e-458a-b1ed-ddd85a34c5a1,xd
8b532002-32a9-47b8-a068-f68ebed037cd,"o professor organizador só se complicou um pouco marcando game jam, maratona"
8b532002-32a9-47b8-a068-f68ebed037cd,as palestras dos patrocinadores ao mesmo tempo
cd9a5b5a-0583-4590-a133-863647e24ed2,amei os torneiros
cd9a5b5a-0583-4590-a133-863647e24ed2,-sport
cd9a5b5a-0583-4590-a133-863647e24ed2,mc agenda já é campeão
fc6149e6-413e-458a-b1ed-ddd85a34c5a1,a palestra da sydle online foi muito em cima do almoço
cd9a5b5a-0583-4590-a133-863647e24ed2,semana que vem vou sentir falta dessa coquinha
fc6149e6-413e-458a-b1ed-ddd85a34c5a1,a daa levity foi otima do começo ao fim
8b532002-32a9-47b8-a068-f68ebed037cd,a introdução de um torneio de
8b532002-32a9-47b8-a068-f68ebed037cd,-esports foi muito foda
cd9a5b5a-0583-4590-a133-863647e24ed2,amo demais a thaís
cd9a5b5a-0583-4590-a133-863647e24ed2,"a glaucia, divas lindas"
fc6149e6-413e-458a-b1ed-ddd85a34c5a1,seria legal se tivesse uma palestra sobre porg comp tmb da levity
fc6149e6-413e-458a-b1ed-ddd85a34c5a1,gostaria que nas palestras tivesse algo mais próximo de explos praticos
8b532002-32a9-47b8-a068-f68ebed037cd,"muito top, vey"
023d3c99-a60f-4734-88e2-de4c9944c95a,muito massa o evento
fa24bb59-6052-4876-861f-d817a99fd16e,amo meu namorado (guto)
fa22c635-07b6-4718-9309-2665ad2d1a12,melhor secom
023d3c99-a60f-4734-88e2-de4c9944c95a,interessante ter tido coffee break a tarde
780e911b-3537-4deb-8eae-0ce33981b3d2,amo minha namorada (ana luísa moreira)
8b532002-32a9-47b8-a068-f68ebed037cd,já ansioso pra próxima secom
023d3c99-a60f-4734-88e2-de4c9944c95a,podia ter café no coffee break
7833a43c-88df-41ce-9608-368ecac536a1,esses prêmios aí em cima tão massa pra caramba
9a75dc4c-7a4e-49c6-b73b-62eafd9c8b73,muito topppp
9a75dc4c-7a4e-49c6-b73b-62eafd9c8b73,minicurso do blender foi mt dahoraaaaa
9a75dc4c-7a4e-49c6-b73b-62eafd9c8b73,ansioso pro encerramento
9a75dc4c-7a4e-49c6-b73b-62eafd9c8b73,vamos ver se esse ano eu ganho um sorteio
9a75dc4c-7a4e-49c6-b73b-62eafd9c8b73,essa final de league of legends promete
9a75dc4c-7a4e-49c6-b73b-62eafd9c8b73,xiii secom
9a75dc4c-7a4e-49c6-b73b-62eafd9c8b73,daniel abençoa nois
023d3c99-a60f-4734-88e2-de4c9944c95a,ano que vem não pode ter apito não
023d3c99-a60f-4734-88e2-de4c9944c95a,maior algazarra esses apitos
023d3c99-a60f-4734-88e2-de4c9944c95a,só o alarme já ta de bom tamanho na sipeec
fa22c635-07b6-4718-9309-2665ad2d1a12,minascoders é o melhor projeto sim
fa22c635-07b6-4718-9309-2665ad2d1a12,philipe arrasou na organização
fa22c635-07b6-4718-9309-2665ad2d1a12,sextetoo
fa22c635-07b6-4718-9309-2665ad2d1a12,vou sentir saudades da secom
fa22c635-07b6-4718-9309-2665ad2d1a12,cheia de novidades essa secom
fa22c635-07b6-4718-9309-2665ad2d1a12,que problemas legais esses da maratona
fa22c635-07b6-4718-9309-2665ad2d1a12,melhor evento da ufv
fa22c635-07b6-4718-9309-2665ad2d1a12,a secom já vai acabar
fa22c635-07b6-4718-9309-2665ad2d1a12,amei as palestras desse ano
fa22c635-07b6-4718-9309-2665ad2d1a12,o sipeec foi bom dms
fa22c635-07b6-4718-9309-2665ad2d1a12,que tanto de brindes
fa22c635-07b6-4718-9309-2665ad2d1a12,esses apitos kkkk
fa22c635-07b6-4718-9309-2665ad2d1a12,o vídeo ficou muito fofo <3
fa22c635-07b6-4718-9309-2665ad2d1a12,que gracinha os troféus
fa22c635-07b6-4718-9309-2665ad2d1a12,quero uma pelúcia do github
fa22c635-07b6-4718-9309-2665ad2d1a12,quero brindes
fc6149e6-413e-458a-b1ed-ddd85a34c5a1,trago um cara pra prog competitiva ano q vem
fc6149e6-413e-458a-b1ed-ddd85a34c5a1,viemos pra jogar lol
fc6149e6-413e-458a-b1ed-ddd85a34c5a1,vava xd
fc6149e6-413e-458a-b1ed-ddd85a34c5a1,"vocês são muito bons, que animação"
fc6149e6-413e-458a-b1ed-ddd85a34c5a1,abraços ao batata do time de vava
fc6149e6-413e-458a-b1ed-ddd85a34c5a1,muito legal a premiação
fc6149e6-413e-458a-b1ed-ddd85a34c5a1,ainda falta três comentários kkkkk
fc6149e6-413e-458a-b1ed-ddd85a34c5a1,agradecimento ao philip
fc6149e6-413e-458a-b1ed-ddd85a34c5a1,matto
fc6149e6-413e-458a-b1ed-ddd85a34c5a1,abraços
e539ea11-2f5f-48c0-8cd6-f269dd6ed844,narração muito imparcial graças a deus
e2b6d403-470e-4752-8767-48575bb10c67,quando a okt começa a jogar
86cc2ad1-6ef4-4b63-8d8f-c512cc96589d,quando o outro time entra no jogo
5c812191-4a89-40c2-ad20-11d17bed69a1,quando que a okt entra no jogo
e2b6d403-470e-4752-8767-48575bb10c67,"esperando começar o jogo, só um time tá jogando"
5c812191-4a89-40c2-ad20-11d17bed69a1,quando que a okt entra pra jogo
86cc2ad1-6ef4-4b63-8d8f-c512cc96589d,mc agenda quer saber quando acaba o tutorial
e539ea11-2f5f-48c0-8cd6-f269dd6ed844,jonathan calado é um poeta
e539ea11-2f5f-48c0-8cd6-f269dd6ed844,narração imparcial graças a deus
e2b6d403-470e-4752-8767-48575bb10c67,quando acaba o treino
219bdf7f-fa3a-4d8f-9e33-b83980cc7afb,salve pro time da marotona spam caixota
5c812191-4a89-40c2-ad20-11d17bed69a1,manda salve para centro de florestal
1b9ccae9-78fb-402b-9460-40ccad1af251,(jogar contra bots)
ae0cbeae-1ff0-406f-a78a-a80a71120100,não ligaram o monitor
219bdf7f-fa3a-4d8f-9e33-b83980cc7afb,salve pro time aseta
219bdf7f-fa3a-4d8f-9e33-b83980cc7afb,roda uma caixinha no lol
4a38eef3-4375-45b4-b386-649cb518c20b,faz o salve do vasco
8aed64cf-df9c-4421-bff3-6c07fee239b1,qual o condicionador do douglas
78a0dc2a-07a3-41bb-a1a4-3731b2e51917,"salve pro bragantino, paranaense"
78a0dc2a-07a3-41bb-a1a4-3731b2e51917,fluminense
219bdf7f-fa3a-4d8f-9e33-b83980cc7afb,caixinhaa
513987ee-1026-4bd4-93aa-9d89d6d5bad4,cadê o time da okt
513987ee-1026-4bd4-93aa-9d89d6d5bad4,engarrafamento na br
4a38eef3-4375-45b4-b386-649cb518c20b,manda salve pro meu tio arabe jalam bipal
08101ce6-e4af-4e12-81d5-87afcafc4b3b,o jogo é jogado
08101ce6-e4af-4e12-81d5-87afcafc4b3b,dulo rebenta
219bdf7f-fa3a-4d8f-9e33-b83980cc7afb,tem como pegar o nm de quem tá mandando comentário n né
e2b6d403-470e-4752-8767-48575bb10c67,"se a rapaziada da agenda se candidatar pro correios eles passam crtz, só entrega rápida"
ae0cbeae-1ff0-406f-a78a-a80a71120100,mais tenso que final de libertadores
ae0cbeae-1ff0-406f-a78a-a80a71120100,slave pra pará de minas
08101ce6-e4af-4e12-81d5-87afcafc4b3b,dulol ta torando
ae0cbeae-1ff0-406f-a78a-a80a71120100,esse é o tal jogo que é melhor que dota 2 de usuário para ter uma ideia de como fazer um orçamento para limpar o nome da empresa para que eu possa fazer um novo anúncio
219bdf7f-fa3a-4d8f-9e33-b83980cc7afb,manda um salve pra bahia
