participante,comentário,dia
b9999e0a-60b7-4323-a00b-2c9319ddf8e6,#ansiosa,20/07/2025 16:04
489050ba-f6ce-4f05-a8ce-d6bdee47371a,ansiosa para o início do evento!!,21/07/2025 10:12
0075ff65-ea4f-498d-992f-ada2464aa615,olá. ansiosa para o início do wit!,21/07/2025 11:24
0075ff65-ea4f-498d-992f-ada2464aa615,maceió é massa!,21/07/2025 11:29
df0c5066-4918-4384-bf21-9ba7343bf772,começa logo!! kkkkkkk,21/07/2025 12:18
0b4761ba-7672-4bde-89c3-74f013f2b163,ansiosa desde já!,21/07/2025 14:48
a6584b5b-822e-4c85-be5b-e91db87dc16e,já  me preparando para amanhã!,21/07/2025 20:44
1e411a8b-4d32-4425-945d-09887c5071b8,muito feliz!!! mais uma edição do wit preparada com muito carinho!!!,22/07/2025 06:45
1e411a8b-4d32-4425-945d-09887c5071b8,missões disponibilizadas!!! partiu gamificação!!!!,22/07/2025 06:46
0075ff65-ea4f-498d-992f-ada2464aa615,é  hoje!,22/07/2025 06:54
59ab6fbb-3356-44e7-a74e-e5bdbc89fab7,wit 2025 está para começar! 🎉,22/07/2025 07:34
59ab6fbb-3356-44e7-a74e-e5bdbc89fab7,storygirl presente no wit2025,22/07/2025 07:34
f3eed192-b8ab-4094-942f-54e234fbb70b,ansiosaaa para o wit 💜💜,22/07/2025 07:41
f3eed192-b8ab-4094-942f-54e234fbb70b,coletivo lovelace presente no wit 🫶🏻,22/07/2025 07:41
bf25caf2-133a-4e49-af4f-273e12e2009e,já chegaremos no evento ❤️,22/07/2025 08:05
bf25caf2-133a-4e49-af4f-273e12e2009e,ansiosa já 🧡,22/07/2025 08:05
0b4761ba-7672-4bde-89c3-74f013f2b163,primeiro dia! vamos que vamos meninas!! 🚀,22/07/2025 08:25
0b4761ba-7672-4bde-89c3-74f013f2b163,ansiosa para começar! 🩷,22/07/2025 08:25
9d149e84-581a-4008-996e-d3680d5bcd88,o aplicativo está ótimo!,22/07/2025 08:38
9d149e84-581a-4008-996e-d3680d5bcd88,"fiquei com dificuldade de colocar itens na agenda pra missão, pois já tinha colocado antes. ao tirar e marcar de novo, não deu certo",22/07/2025 08:39
a24b5393-ee39-4272-8f84-7f95fa794341,ansiosa pelas novidades do wit.,22/07/2025 08:47
8ac171ff-ae8c-4709-899e-93e23ba84729,amando aqui,22/07/2025 08:58
599e5dc6-fa67-4845-a44e-539c244937fc,as meninas da gamificação são incríveis!!!!,22/07/2025 08:58
8ac171ff-ae8c-4709-899e-93e23ba84729,só felicidades,22/07/2025 08:59
06f1249e-61d1-4916-a745-f29b8095822b,"organização, animação e energia das meninas, tudo impecável e maravilhoso ❤️❤️ tou amando fazer parte disso",22/07/2025 09:01
06f1249e-61d1-4916-a745-f29b8095822b,animada pra aproveitar cada coisinha desse evento maravilhoso,22/07/2025 09:01
b0bd5290-3dd4-4593-99b9-c1055814408b,super animada para aproveitar cada momento desse evento❤️,22/07/2025 09:02
ed496342-5088-4e03-9bf6-270dbfd06758,abertura do wit tá com clima descontraído e muito bonita decoração do palco <3,22/07/2025 09:11
b8b92070-a5ba-4bca-ab6c-1976294cf8da,que felicidade estar junto a tantas mulheres potentes e arretadas!!!,22/07/2025 09:14
7ff8200d-cf7f-46b9-82e4-f6cf85fded45,está tudo lindo 💖,22/07/2025 09:15
98407e6b-7f8d-4182-abe5-b3d92e3d6f11,excelente!,22/07/2025 09:17
98407e6b-7f8d-4182-abe5-b3d92e3d6f11,👏🏻👏🏻👏🏻,22/07/2025 09:17
268e12fc-6012-41e0-9301-483b58059c69,"tá tudo muito lindo, vai ser incrível!",22/07/2025 09:19
17a6d940-56ba-4d72-8c6b-3f765a91e6ac,"a palestra do wit está sensacional, que seja uma experiência proveitosa para conhecer mulheres em todo o brasil.",22/07/2025 09:24
268e12fc-6012-41e0-9301-483b58059c69,podemos chegar a todos os lugares! incrível!,22/07/2025 09:27
94e79e36-97e0-4aa4-b033-298dd22658d1,o wit 2025 já é sucesso!,22/07/2025 09:31
94e79e36-97e0-4aa4-b033-298dd22658d1,parabéns à organização do wit por cuidarem com tanto carinho do evento! =d,22/07/2025 09:34
01bdf958-26a8-4cbb-9001-f8323dd02301,que mulheres maravilhosas!!,22/07/2025 09:37
5bb974d7-0d42-4ba7-b115-6f2821843ecc,que alegria poder participar do wit 2025! ansiosa por esses três dias!,22/07/2025 09:39
17a6d940-56ba-4d72-8c6b-3f765a91e6ac,espero sair desse evento bem representada por ser mulher na área de tecnologia e que tenha mais visibilidade em relação aos debates.,22/07/2025 09:40
9a0b6f46-36e7-4cce-81e7-87d8c0dec201,a palestra do wit no congresso foi extremamente inspiradora. ver mulheres compartilhando seus desafios na tecnologia reforça a importância de promover mais equidade e representatividade na área.,22/07/2025 09:43
9a0b6f46-36e7-4cce-81e7-87d8c0dec201,que energia maravilhosa na palestra do wit! sair desse espaço me fez lembrar por que escolhi estar na tecnologia,22/07/2025 09:43
adec314d-1120-4e55-985a-8bdbbf48be55,"gurias na computação, presente!",22/07/2025 09:43
1b58aa1e-e0c5-485a-8317-7bbe5c074e42,"participar do wit é uma experiência enriquecedora e inspiradora. estar ao lado de tantas mulheres incríveis, conhecendo suas trajetórias, desafios e conquistas na área da tecnologia.",22/07/2025 09:47
1bfbf56f-28e4-4dee-874f-83823030bda3,"segunda edição que participo do wit, e como na edição passada, o evento está lindo! as mulheres que fazem isso acontecer são uma grande inspiração para mim.",22/07/2025 09:49
6e490da9-d604-49fa-b782-7cc09c1615d3,esse evento é extremamente importante para que mulheres de tecnologias se vejam representadas.,22/07/2025 09:50
6e490da9-d604-49fa-b782-7cc09c1615d3,espero em breve fazer parte do grupo de projetos associados às meninas digitais. muito significado estar num evento que valoriza mulheres na tecnologia.,22/07/2025 09:51
2c016692-1092-46cc-876c-ed6be5556315,evento inspirador!,22/07/2025 09:52
ae163e36-169f-44a1-8c73-558123924278,incrível ouvir de uma mulher na área de cibersegurança. inspiração.,22/07/2025 09:55
ae163e36-169f-44a1-8c73-558123924278,boa ideia de gamificação. dinâmica atraente.,22/07/2025 09:55
1adbc12f-bf03-4c55-8960-539251e80c9e,amando,22/07/2025 09:56
934ac1e9-8a9e-4865-977f-b22e4bbce84e,uhuuul ansiosa por toda a programação,22/07/2025 09:56
01bdf958-26a8-4cbb-9001-f8323dd02301,já quero brindeess,22/07/2025 09:56
0075ff65-ea4f-498d-992f-ada2464aa615,muito show a abertura!,22/07/2025 09:56
c2b6bd29-c4b7-4ad9-ab56-0ec11fd42341,muita emoção neste inicio do wit,22/07/2025 09:56
c90f49e7-30eb-4954-bad6-ff13e4342a57,ansiosa para todos esses dias!,22/07/2025 09:57
ed496342-5088-4e03-9bf6-270dbfd06758,abertura está cheia de momentos especiais 🤩,22/07/2025 09:57
97bb898c-af32-4429-b56c-5914309a8775,muito feliz de conhecer mulheres tão incríveis!!!,22/07/2025 09:57
c90f49e7-30eb-4954-bad6-ff13e4342a57,amando tudo!,22/07/2025 09:57
beb83d0c-252a-427a-ad04-c09c36dde4bd,minha primeira vez e já estou amando,22/07/2025 09:57
ae4d3fbb-069f-4906-895d-6ff10de1bdb9,"ótima palestra de abertura, tudo muito bem explicado e a equipe é super divertida e intrigante.",22/07/2025 09:58
412301d3-9406-4057-b8ca-f6c63f066ec3,evento extremamente necessário!! adorei com certeza venho nas próximas edições!!,22/07/2025 09:58
0708d7a9-ed61-4c3c-9a29-dd8d999363e3,adorando o wit <3,22/07/2025 09:59
ec75f459-7b9d-4c5e-a6c6-7e8f15491c4b,estou adorando,22/07/2025 09:59
ec75f459-7b9d-4c5e-a6c6-7e8f15491c4b,"palestras muito interessantes, parabens!",22/07/2025 09:59
b276ced5-ff2f-4c66-821d-f7751ca3e6d8,amando a vibe boa do wit!,22/07/2025 10:01
6a932bef-bc47-4979-8361-01f0ca51d5bd,muito legal ver o wit lotado como sempre,22/07/2025 10:01
c8ddbe59-a031-4194-add3-db3071ddcbef,amando a abertura do wit,22/07/2025 10:01
c8ddbe59-a031-4194-add3-db3071ddcbef,meninas na computação! 💜,22/07/2025 10:01
537d3fe2-2cd9-4d63-a1cf-6c6d288411ff,meu primeiro wit e estou amando,22/07/2025 10:01
1b58aa1e-e0c5-485a-8317-7bbe5c074e42,"estar no wit foi mais do que participar de um evento — foi se reconhecer em histórias, se inspirar em trajetórias e renovar o compromisso com a transformação que queremos ver na tecnologia.",22/07/2025 10:02
d7cc7b23-8be1-497b-ae4a-23b538971629,evento maravilhoso,22/07/2025 10:02
412301d3-9406-4057-b8ca-f6c63f066ec3,amei a ideia de sorteios e brindes!!!,22/07/2025 10:02
de8d707d-b7b7-43bd-9191-a060a88bb761,"que evento incrível, animada para as próximas atividades 🤩",22/07/2025 10:02
d7cc7b23-8be1-497b-ae4a-23b538971629,parabéns meninas,22/07/2025 10:02
93780366-368f-4230-aa79-3ac4dca0bec6,meu 1° wit 🥰,22/07/2025 10:02
d9d06ba9-ddc7-49e3-8ff8-cfc02ea63d0f,minha primeira vez participando do wit! tô animada demaaais pra conhecer os projetos e ver os artigos!,22/07/2025 10:02
69ff38b0-ff54-47d7-bee7-cccd757b6ed4,muito top,22/07/2025 10:02
69ff38b0-ff54-47d7-bee7-cccd757b6ed4,ótimo evento,22/07/2025 10:02
16d2d16a-6864-4d0c-afe3-d87991308ec5,"eu acho que pelo menos no último ano, além de ouvir comentários, o número de meninas na área da computação tem diminuido, ou seja, é muito bom a presença do wit para continuar ajudando as mulheres",22/07/2025 10:04
4270590b-ac53-434d-88eb-f948b87a7247,"muito massa a inclusão que o wit e o meninas digitais proporciona, por mais movimentos assim!",22/07/2025 10:04
537d3fe2-2cd9-4d63-a1cf-6c6d288411ff,quero ser revisora do próximo wit e espero vcs no wit 2027 que será em manaus e eu e fabiola somos as coordenadoras do csbc,22/07/2025 10:05
16d2d16a-6864-4d0c-afe3-d87991308ec5,acho essa palestra super necessária,22/07/2025 10:05
cd5e94b1-51c2-4147-a20b-9e1345a0adad,eu ameiii a abertura foi muito legal. eu amo estar nesses ambientes! me dá mais incentivo e entusiasmo em continuar na área,22/07/2025 10:05
4270590b-ac53-434d-88eb-f948b87a7247,"muito bom ver tantas garotas entrando nesse mercado, que esse número continue crescendo!",22/07/2025 10:05
d230aaa6-976f-49bd-bb8a-21d45dec64ab,parabéns sobre a iniciativa!,22/07/2025 10:06
cd5e94b1-51c2-4147-a20b-9e1345a0adad,"a pesquisa sobre cyber segurança eu amooo 
é a área que pretendo seguir com toda certeza !!!",22/07/2025 10:06
d230aaa6-976f-49bd-bb8a-21d45dec64ab,gostei da escolha da michelle para a palestra de abertura,22/07/2025 10:06
1bfbf56f-28e4-4dee-874f-83823030bda3,"amei a ideia do app da gamificação, é legal visualizar as missões que precisamos completar!",22/07/2025 10:07
6c3e12ff-eaca-45fd-ab7c-b291f088c86e,quantas mulheres incríveis em um só lugar!,22/07/2025 10:07
6c3e12ff-eaca-45fd-ab7c-b291f088c86e,muito animada com a gamificação,22/07/2025 10:07
d32d63c1-02f8-4d06-9fdb-6dfed1c37967,acho legal a ideia de mostrar por quem está por trás do evento! é muito bom ver como várias mulheres se esforçaram para fazer esse evento acontecer com a melhor qualidade!!!,22/07/2025 10:07
908bb7b4-88ca-4d4c-83d1-513a4e11c569,estou participando pela primeira vez do wit e estou amandooo! que experiência incrível.,22/07/2025 10:08
5ca22f49-b601-4a36-81af-dba71e05cf97,mulheres maravilhosas! 👏🏻,22/07/2025 10:08
c5f537b2-2d25-4784-88c0-7d434cd447d9,o mermãs digitais já chegou por aqui e estamos amandoooo 💜,22/07/2025 10:08
908bb7b4-88ca-4d4c-83d1-513a4e11c569,csbc arrasou nos brindes. 🥰,22/07/2025 10:08
fa22c635-07b6-4718-9309-2665ad2d1a12,minascoders no wit!💚💚💚,22/07/2025 10:09
c5f537b2-2d25-4784-88c0-7d434cd447d9,"o @mermasdigitais quer conhecer cada um de vocês! então já corre lá no instagram da um oi pra gente, mermã!",22/07/2025 10:09
7afaf882-baa2-47f7-aa69-a15f8ad3452a,"minha primeira vez no csbc, estou super animada com a programação do wit.",22/07/2025 10:10
4a257948-6c61-4d69-b2bf-45561ca9dc96,"parabéns a todas as mulheres que fizeram a evento acontecer, vocês são fundamental na representatividade e no senso de pertencimento da área da computação.",22/07/2025 10:10
d9d06ba9-ddc7-49e3-8ff8-cfc02ea63d0f,muito feliz em ver o meninas.comp em peso aqui!!,22/07/2025 10:10
ad354d54-21eb-4c8d-a1a9-d68dbfca98d4,top,22/07/2025 10:10
ad354d54-21eb-4c8d-a1a9-d68dbfca98d4,legal,22/07/2025 10:10
4a257948-6c61-4d69-b2bf-45561ca9dc96,"fico muito feliz de estar presente aqui, gostei bastante da organização de vocês, o aplicativo foi fundamental para isso. <3",22/07/2025 10:11
df0c5066-4918-4384-bf21-9ba7343bf772,que maravilhoso,22/07/2025 10:11
a5c89d02-dd46-4fb9-880f-0b2d4cb3fa2c,super interessante o tema da palestra e o protagonismo das mulheres em ti,22/07/2025 10:12
7ccb708c-e1cd-4901-8baf-d7ab9d4f653c,muito legal!!!!,22/07/2025 10:12
e9b594f7-6309-4190-9032-4dde803e2d6a,muito bom conhecer a história de outras mulheres na área👏👏👏,22/07/2025 10:12
a5c89d02-dd46-4fb9-880f-0b2d4cb3fa2c,show,22/07/2025 10:13
262af184-23c3-4cb4-8231-04a142217d69,muito inspirador! mostra que nós mulheres podemos encontrar nosso lugar na tecnologia.,22/07/2025 10:13
7ccb708c-e1cd-4901-8baf-d7ab9d4f653c,parabéns meninas digitais!!!!,22/07/2025 10:13
4c4af487-81e9-4e3a-8efc-b2d0f1b0b394,as palestras estão incríveis e muito inspiradoras ❤️,22/07/2025 10:13
f37ffdc2-3f64-4b56-a935-4ddecee92321,muito bom poder participar do evento.,22/07/2025 10:13
6a932bef-bc47-4979-8361-01f0ca51d5bd,"palestra sensacional, uma visão pessoal de uma pesquisadora já consolidada",22/07/2025 10:14
170840c4-5893-454a-8433-5854baffd2cc,"quão gratificante é ver a diferença que o wit está fazendo, promovendo uma maior presença de mulheres nas áreas de tecnologia!",22/07/2025 10:14
d90a7533-8a3c-4a1e-9221-2185fdeaec90,energia maravilhosa!!! muito bom ver mulheres na área de ti,22/07/2025 10:14
4c4af487-81e9-4e3a-8efc-b2d0f1b0b394,"estou amando cada momento, tudo perfeito",22/07/2025 10:14
dbfa6a71-9259-4730-8103-7b846417ee6c,"evento muito interessante, ouvir mulher numa área ainda muito masculina é sempre bom!",22/07/2025 10:14
d90a7533-8a3c-4a1e-9221-2185fdeaec90,inspirador ouvir todas as histórias dessas mulheres maravilhosas!,22/07/2025 10:15
b11326b5-9d5e-4d41-9e8a-fe4a2bd9bbb4,"evento inspirador, sensação incrível ver tantas mulheres maravilhosas",22/07/2025 10:15
170840c4-5893-454a-8433-5854baffd2cc,ansiosa pelo fórum meninas digitais!,22/07/2025 10:15
9365cf2e-64e9-49a0-bd3a-0d347b215820,o que ti motivo a seguir a carreira bastante domininada pelo o público masculino?,22/07/2025 10:15
9365cf2e-64e9-49a0-bd3a-0d347b215820,palestra está incrível ❤️❤️,22/07/2025 10:16
e895817d-40ea-4597-a1bb-4bc2cf6cbe8d,é inspirador ver mulheres ocupando cargos tão importantes dentro da tecnologia 🥰✨,22/07/2025 10:16
6f176fc5-6aae-47d6-ada8-2b685bef02b4,muito interessante!!,22/07/2025 10:18
68e4ebcd-71fa-44a0-bd6b-1baa21fbb915,"abertura linda, evento maravilhoso!!",22/07/2025 10:18
6f176fc5-6aae-47d6-ada8-2b685bef02b4,👏🏽👏🏽👏🏽,22/07/2025 10:18
7afaf882-baa2-47f7-aa69-a15f8ad3452a,evento incrível! 😍,22/07/2025 10:19
936c9115-1651-46b3-8773-bdd88526fc2f,"amei a abertura, gamificaçao é tudo",22/07/2025 10:21
936c9115-1651-46b3-8773-bdd88526fc2f,tudo perfeito,22/07/2025 10:23
e9b594f7-6309-4190-9032-4dde803e2d6a,a palestra da professora michelle wangham está maravilhosa !! estou começando a ter interesse e olhar com mais carinho para a área de cibersegurança🩷,22/07/2025 10:23
2c016692-1092-46cc-876c-ed6be5556315,palestra da michele tá massa!! ♥️,22/07/2025 10:23
8e1a9311-52fe-4567-8c58-70f0e2281925,evento incrível !!!,22/07/2025 10:23
3406c3d7-f8f1-4db4-9d3f-06b9d53fa541,❤️❤️❤️,22/07/2025 10:23
8e1a9311-52fe-4567-8c58-70f0e2281925,"ameiiii esse livro !!!
já queroooo",22/07/2025 10:24
e11a154c-a026-49a9-9a71-ad45b5939df8,que evento lindo 🥰,22/07/2025 10:25
53e90d93-f0bd-4877-9279-97a086ab6bc5,abertura muito linda e inspiradora!! sempre bom ver mulheres dominando espaços na educação e tecnologia 💞,22/07/2025 10:25
3406c3d7-f8f1-4db4-9d3f-06b9d53fa541,uma experiência incrível 👏👏👏,22/07/2025 10:26
e11a154c-a026-49a9-9a71-ad45b5939df8,o wit é maravilhoso,22/07/2025 10:26
262af184-23c3-4cb4-8231-04a142217d69,importância de aprender a conciliar as tarefas do trabalho com a maternidade. ambos de fato valem a pena.,22/07/2025 10:26
a57c1135-2ebb-4824-9625-c0bce163dddf,evento incrível 👏🔥,22/07/2025 10:27
a57c1135-2ebb-4824-9625-c0bce163dddf,a gamificação esse ano está incrível,22/07/2025 10:28
da7abf85-cae5-4a1a-83ef-e23b350da886,iniciei agora dentro do evento e estou amando!!,22/07/2025 10:28
da7abf85-cae5-4a1a-83ef-e23b350da886,esta sendo bem animado!,22/07/2025 10:29
f37ffdc2-3f64-4b56-a935-4ddecee92321,muito ver jornadas e desafios das mulheres no meio acadêmico e profissional. exemplos de superação e persistência.,22/07/2025 10:29
67959b7b-0a25-4354-a35e-f5974a549323,é incrível estar rodeada de mulheres inspiradoras 🤩,22/07/2025 10:30
4b19c21f-0936-4c69-ae25-18f84c9119a3,"é incrível conhecer a história de tantas mulheres na area, é inspirador e me estimula a crescer em ti",22/07/2025 10:31
00da94da-eaf9-4790-a6fe-fe7b33931c70,"é tão importante esse compartilhamento da michelle, mostrando que não é fácil construir uma carreira de sucesso, mas é possível e uma realidade próxima de nós!",22/07/2025 10:31
5ca22f49-b601-4a36-81af-dba71e05cf97,michelle você é uma inspiração! 🤩👏🏻,22/07/2025 10:31
ae4d3fbb-069f-4906-895d-6ff10de1bdb9,"a palestra da michelle wangham foi muito boa, a oratória dela prende a atenção e sua experiência de vida conseguiu me inspirar a crescer muito mais.",22/07/2025 10:32
adec314d-1120-4e55-985a-8bdbbf48be55,"a trajetória de michelle é, de fato, inspiradora!",22/07/2025 10:32
d045f926-cf41-4757-ae96-89594f6e4870,to amando participar! 💜,22/07/2025 10:32
6e668e80-7eda-405e-814d-d4b1dd4538c3,uma palestra realmente muito inspiradora!,22/07/2025 10:32
d045f926-cf41-4757-ae96-89594f6e4870,conheça o mermãs digitais 💜 @mermasdigitais,22/07/2025 10:32
934ac1e9-8a9e-4865-977f-b22e4bbce84e,excelente palestra! muito interessante entender a vida da professora e como toda a sua carreira foi construída,22/07/2025 10:34
849079b5-58a9-4408-b5d9-528fed2b6ac7,tudo muito lindo!!! 🥹💗💗💗,22/07/2025 10:35
849079b5-58a9-4408-b5d9-528fed2b6ac7,melhor evento do csbc 💗💗💗💗💗,22/07/2025 10:35
599e5dc6-fa67-4845-a44e-539c244937fc,que evento incrível!!!,22/07/2025 10:35
b787555f-cd18-4a0b-9e20-493282185ddd,relatos de experiência por mulheres são sempre mais tocantes,22/07/2025 10:35
560003d3-5b59-481c-85d2-838ef984b466,muito importante para incentivar as mulheres na área da tecnologia.,22/07/2025 10:35
e6d477bf-b603-42a7-985e-ac84356103b9,"que grande mulher a michelle é! me sinto inspirada em ver como outras mulheres tiveram/têm o mesmo sentimento que eu e que elas chegaram lá, assim como quero chegar um dia também! 💜💜",22/07/2025 10:35
c01cfc13-c80c-4c86-872a-da81361b3339,amei a palestra de abertura! muito inspirador ver de perto a história da doutora!,22/07/2025 10:36
8f5325ba-18dd-4ae4-b9e8-c669f82c4571,muito boa,22/07/2025 10:36
c55ff755-bd00-4af8-b6ed-ed43007446b3,muito bacana as pulseirinhas de cada região do brasil!,22/07/2025 10:36
3ad87374-5d6b-41e4-a901-00435a3f8c6e,a palestra apresentada realmente foi inspiradora e de um valor surpreendente! gostei muito de presenciar esse evento!,22/07/2025 10:36
8f5325ba-18dd-4ae4-b9e8-c669f82c4571,me sinto confortavel e representada,22/07/2025 10:36
6e668e80-7eda-405e-814d-d4b1dd4538c3,muito legal conhecer uma mulher tão forte e inteligente!!,22/07/2025 10:36
560003d3-5b59-481c-85d2-838ef984b466,inspiração para que outros sigam no propósito!,22/07/2025 10:36
3ecdcc60-1292-4833-9c99-08066e0a6e86,palestra de abertura foi muito inspiradora! <3,22/07/2025 10:37
342d6dfe-f757-4730-97bc-246b444e6474,"queria falar sobre a inspiração que é michelle wangham e o quanto foi lindo de conhecer sua história pessoal, acadêmica e profissional. uma lição de como nós mulheres podemos seguir nossos sonhos!",22/07/2025 10:37
4b19c21f-0936-4c69-ae25-18f84c9119a3,é bom ter uma história tao linda pra se espelhar que nem a da michele,22/07/2025 10:37
f6bf24cf-734d-4f0e-a735-4a08d53c2b85,história de vida inspiradora!,22/07/2025 10:37
c55ff755-bd00-4af8-b6ed-ed43007446b3,muito querida a mirella entregando marca-páginas pra gente!,22/07/2025 10:38
050da8f6-fd58-42b6-8066-82fb42c0fa4b,as recepcionistas que estão tomando conta das inscrições são muito tranquilas e estão de parabéns,22/07/2025 10:38
3ad87374-5d6b-41e4-a901-00435a3f8c6e,obrigada a michelle por ter aceito esse convite! a história dela foi linda de escutar e poder ouvir sobre seu percurso e sua trajetória para chegar até aqui foi muito bom!,22/07/2025 10:38
a24b5393-ee39-4272-8f84-7f95fa794341,michelle inspirando mulheres... muito bom! 🤩,22/07/2025 10:38
050da8f6-fd58-42b6-8066-82fb42c0fa4b,"o evento é bem organizado e tem grande atração a qualquer um que passe, chamando a atenção",22/07/2025 10:38
b11326b5-9d5e-4d41-9e8a-fe4a2bd9bbb4,conhecer a história e trajetória das mulheres importantes é essencial para o crescimento individual,22/07/2025 10:38
575e397c-e7d3-4587-9a09-46e3df1ccdf4,"história de vida inspiradora da michelle, muitas vezes a família pesa nas nossas decisões. parabéns!",22/07/2025 10:38
3e429152-f456-498f-9abb-459b5388f42d,palestra incrível sobre a trajetória de uma mulher em cargo de liderança!!,22/07/2025 10:38
342d6dfe-f757-4730-97bc-246b444e6474,uma oportunidade incrível de participar da edição wit de 2025 ⭐️,22/07/2025 10:39
3e429152-f456-498f-9abb-459b5388f42d,evento lindo e muito bem organizado! muito feliz em prestigiar as palestrantes e pessoas autoras,22/07/2025 10:39
18539e11-61c0-49b8-9bc8-f628af7e8159,muito bom ouvir a experiência de vida da michelle,22/07/2025 10:39
a6584b5b-822e-4c85-be5b-e91db87dc16e,palestra de michelle wangham é uma inspiração para todas as mulheres.,22/07/2025 10:39
192b32a5-e58c-4098-9904-78bda4615134,ótima palestra,22/07/2025 10:40
a31c1cb8-e9bd-4faa-854e-3b114bbb62ed,palestra maravilhosa! muito bom estar presente,22/07/2025 10:40
192b32a5-e58c-4098-9904-78bda4615134,não vejo a hora da próxima,22/07/2025 10:40
0708d7a9-ed61-4c3c-9a29-dd8d999363e3,belíssima fala da michele.,22/07/2025 10:40
a31c1cb8-e9bd-4faa-854e-3b114bbb62ed,não vejo a hora de escutar o fórum das meninas digitais!!,22/07/2025 10:40
3ecdcc60-1292-4833-9c99-08066e0a6e86,cunhantã digital em maceió! 😄,22/07/2025 10:41
d02b6ff0-dcbf-4984-a11b-da3709dfc569,"ações importantíssimas, parabéns.",22/07/2025 10:41
d02b6ff0-dcbf-4984-a11b-da3709dfc569,já quero meus selos!!,22/07/2025 10:42
d32d63c1-02f8-4d06-9fdb-6dfed1c37967,a palestra da michelle wangham é inspiradora!! conhecer histórias e saber toda a dedicação de mulheres incríveis hoje em dia me inspira a continuar e querer ir crescendo cada vez mais igual elas!!,22/07/2025 10:43
f2d72cbf-07dd-4592-9ed1-c74275748cb7,"ótima recepção, as meninas são muito educadas e gentis.",22/07/2025 10:43
1130f3f4-1e33-482d-a327-745c63f1516b,ufs presente aqui,22/07/2025 10:43
2d008ba4-8834-40ce-9c01-468181373d96,"muito boa a palestra da prof michele. incentiva bastante, aquece o coração ♥️",22/07/2025 10:43
1e2c4536-db1c-40f6-a514-717da937138d,"a organização do evento está incrível, as moças da recepção são calorosas e explicam tudo muito bem.",22/07/2025 10:44
92884dd4-6d85-4439-b8ed-855f735d689a,ufs presente!!! projeto codequeens,22/07/2025 10:44
f2d72cbf-07dd-4592-9ed1-c74275748cb7,ótima oportunidade para se conectar com outras meninas e conhecer projetos de todo o brasil.,22/07/2025 10:44
92884dd4-6d85-4439-b8ed-855f735d689a,muito bom,22/07/2025 10:44
1130f3f4-1e33-482d-a327-745c63f1516b,animada para as próximas palestras!!!!!,22/07/2025 10:44
5bb974d7-0d42-4ba7-b115-6f2821843ecc,"excelente palestra! parabéns, michelle!",22/07/2025 10:44
1e2c4536-db1c-40f6-a514-717da937138d,"amo o fato de termos um evento só nosso, só das mulheres. não somos maioria, mas somos unidas.",22/07/2025 10:44
97bb898c-af32-4429-b56c-5914309a8775,bom demais ver os resultados do meninas digitais e o impacto no país todinhos 💖,22/07/2025 10:44
b787555f-cd18-4a0b-9e20-493282185ddd,os projetos acadêmicos deveriam ser mais valorizados no nosso país. é enriquecedor.,22/07/2025 10:47
cf343695-2367-4236-b0ab-3c72d8222639,achei muito interessante acompanhar a experiência de sucesso de uma mulher na computação. palestra muito motivadora.,22/07/2025 10:52
cf343695-2367-4236-b0ab-3c72d8222639,motivadora.,22/07/2025 10:52
e4d0c31c-1009-4bce-8c78-8d6c2d7dce89,"palestra muito dinamica e boa, muito explicativa e entusiasmante",22/07/2025 10:52
65ac7c8a-1f08-47ab-bf2a-1f556fe3852c,muito importante este trabalho de incentivar a presença de mulheres na computação,22/07/2025 10:52
e4d0c31c-1009-4bce-8c78-8d6c2d7dce89,"gosto muito da ideia dos desafios, estimula a presença e participação mo evento",22/07/2025 10:53
65ac7c8a-1f08-47ab-bf2a-1f556fe3852c,parabéns a todas envolvidas,22/07/2025 10:54
79625db1-c0bb-49d6-aa29-76fd1dc284e8,"sempre gostei muito da área de inovação, achei legal a parte de ter no csbc essa inovação! muito bom para as meninas conhecerem esses movimentos?",22/07/2025 10:55
2588a076-a47e-443c-a9f3-22057a7980f9,"palestras extremamente necessárias e inspiradoras, especialmente para mulheres que, até pouco tempo, nao tinham espaço.",22/07/2025 10:58
c04b5ba6-0939-443f-93db-54b15820e804,muito inspirador conhecer a trajetória de outras mulheres na pesquisa 💖💖,22/07/2025 10:59
266dfd00-4b9e-447c-910d-0deebdb32501,tantos relatos lindos sendo compartilhados. momento inspirador!,22/07/2025 11:00
2588a076-a47e-443c-a9f3-22057a7980f9,palestras interativas e as palestrantes estão sempre preparadas para responder as perguntas e dúvidas.,22/07/2025 11:00
266dfd00-4b9e-447c-910d-0deebdb32501,iniciativa muito importante e necessária para incluir e diversificar a área da tecnologia!,22/07/2025 11:01
fcf388a5-374c-4162-9e8a-44339d70be4a,"foi uma linda abertura do wit, espero que o projeto possa de expandir cada vez mais!",22/07/2025 11:03
5671ae6e-ba88-4fbb-b2dd-5c0c4e65ce60,vai oi meninas!!!,22/07/2025 11:06
5671ae6e-ba88-4fbb-b2dd-5c0c4e65ce60,oi meninas sz tecnologia,22/07/2025 11:06
f915d53b-56f7-4440-b578-d9bed05126be,evento lindo!!,22/07/2025 11:07
70b31d7a-c046-4859-9881-10574c9611c1,esse é um evento muito importante!,22/07/2025 11:07
e6d477bf-b603-42a7-985e-ac84356103b9,pude participar de uma oficina da meninas digitais durante a snct 2022 no ifs em lagarto e foi incrível!! esse projeto é incrível e extremamente importante para comunidade feminina na computação! 💓💓,22/07/2025 11:07
70b31d7a-c046-4859-9881-10574c9611c1,o wit é fundamental,22/07/2025 11:07
f915d53b-56f7-4440-b578-d9bed05126be,#meninastecnologicasufmtnowit2025,22/07/2025 11:08
10807ceb-11e8-4f81-84d2-84b264bbd0c2,"adorei a palestra da michelle wangham, muito inspiradora e deixou uma bonita mensagem de não desistir dos sonhos!",22/07/2025 11:10
9f773bc4-a96d-41fd-a812-4cd40ae76ce4,evento maravilhoso e fundamental! #witcsbc2025,22/07/2025 11:11
10807ceb-11e8-4f81-84d2-84b264bbd0c2,gostei quando exibiram os impactos do projeto em números e me despertou uma vontade de contribuir para aumentar essas porcentagens!,22/07/2025 11:12
9f773bc4-a96d-41fd-a812-4cd40ae76ce4,por menos vies na computação e por mais mulheres! #csbcwit2025,22/07/2025 11:13
91a02681-4ee5-4892-ba90-686d7ff2b6ef,"amei os momentos, muito significativos e acolhedores",22/07/2025 11:14
91a02681-4ee5-4892-ba90-686d7ff2b6ef,muito lindo os momentos,22/07/2025 11:14
c8b3d0a8-ff03-4d7f-bd59-b03a93f36656,momento muito importante,22/07/2025 11:15
c8b3d0a8-ff03-4d7f-bd59-b03a93f36656,bastante interativo e interessante,22/07/2025 11:15
c08bca4e-d84f-4567-b938-d29470fd6d02,"amando o evento, a estrutura, a animação ansiosa para acompanhar toda a programação.",22/07/2025 11:15
8ace69cd-74b9-4738-b109-9ea8d441105c,muito bomm,22/07/2025 11:16
8ace69cd-74b9-4738-b109-9ea8d441105c,estou adorando,22/07/2025 11:16
a4d6da2d-6f2f-4b75-bfff-31310d0bbff0,massa,22/07/2025 11:16
39c3a3e9-ded4-4f91-a9f8-b00e2c644d07,wit🔥,22/07/2025 11:16
39c3a3e9-ded4-4f91-a9f8-b00e2c644d07,oi meninas presente 💋,22/07/2025 11:16
a4d6da2d-6f2f-4b75-bfff-31310d0bbff0,legal de verdade 👌,22/07/2025 11:16
c08bca4e-d84f-4567-b938-d29470fd6d02,"meu primeiro csbc, amando esse ambiente acadêmico, essa comunidade, tudo perfeito!",22/07/2025 11:17
7b902c9d-46c3-49f2-b438-1db305423d2a,a palestra do produtor do manual do mundon foi mundo enriquecedora,22/07/2025 11:17
7b902c9d-46c3-49f2-b438-1db305423d2a,a gamificação foi bem legal,22/07/2025 11:18
eb7a2e85-37f5-4355-b66a-b99d1a9ac033,"ótima palestra! representando o oi, meninas!(uern)",22/07/2025 11:18
f429f390-79a1-4e84-9a93-87a43048d3d7,uma oportunidade de conhecer novos projetos e aprendizagem.,22/07/2025 11:19
47ac28d9-6e77-4392-b392-960bd5825559,evento maravilhosooo ❤️,22/07/2025 11:19
cf03f7b1-8338-40a2-84f4-91ec5f988764,"momento incrível!! representando o oi, meninas! ♡",22/07/2025 11:19
47ac28d9-6e77-4392-b392-960bd5825559,muito bomm 🤩🤩🤩,22/07/2025 11:19
251569e1-42c3-4c32-b8db-d8b8b9741d5b,adorando o fmd!! :),22/07/2025 11:20
eb7a2e85-37f5-4355-b66a-b99d1a9ac033,muito animada! meu primeiro wit+fmd!,22/07/2025 11:20
cf03f7b1-8338-40a2-84f4-91ec5f988764,ótima palestra!,22/07/2025 11:21
75049fc4-0a03-4d80-9d70-6471c2c5a110,amei a abertura,22/07/2025 11:24
66244247-28d9-4511-acc3-1eb53db22887,amo wit! katie presente,22/07/2025 11:24
75049fc4-0a03-4d80-9d70-6471c2c5a110,o momento de reunião dos projetos parceiros está sendo incrível!,22/07/2025 11:25
9e1aa993-64b6-4d6b-99d1-897ce3415327,excelentes falas! projetos incríveis🥰,22/07/2025 11:25
66244247-28d9-4511-acc3-1eb53db22887,ansiosa pra ver a camisaa!,22/07/2025 11:25
9e1aa993-64b6-4d6b-99d1-897ce3415327,já quero mais vezes💖💖,22/07/2025 11:26
fd51eca2-7207-474a-8495-5c0e5f20aea5,parabéns aos projetos,22/07/2025 11:26
b1c72158-d2a6-4239-87be-166fbeffc509,evento importante demaisss,22/07/2025 11:28
f9ff0b83-ae39-447d-b0f0-4714731e87c0,evento muito divertidooo!,22/07/2025 11:33
f9ff0b83-ae39-447d-b0f0-4714731e87c0,parabéns pelas apresentaçõess💞,22/07/2025 11:33
806f7369-1da2-4baa-9c95-7d4962b7f33e,muito bem organizado,22/07/2025 11:39
806f7369-1da2-4baa-9c95-7d4962b7f33e,adorando a experiência,22/07/2025 11:39
2dda6d0e-c0bf-4094-9dd0-82540de1cfaa,muito incrível ver todos esses projetos!,22/07/2025 11:39
76a1a1ae-7c41-4d19-a97f-a6eea914b48e,"o evento está maravilhoso, sempre muito inspirador participar",22/07/2025 11:40
53e90d93-f0bd-4877-9279-97a086ab6bc5,experiência incrívellll,22/07/2025 11:40
a4ceb2fb-9e75-4db1-ace5-c82f92a1376e,muito interessante,22/07/2025 11:41
20280073-68fe-4304-9f54-d23b1663fe33,foi inspirador!! abre a cabeça para diversas possibilidades e metas.,22/07/2025 11:41
a4ceb2fb-9e75-4db1-ace5-c82f92a1376e,muita qualidade,22/07/2025 11:41
76a1a1ae-7c41-4d19-a97f-a6eea914b48e,"importantíssima a experiência para nós, mulheres!",22/07/2025 11:42
c04b5ba6-0939-443f-93db-54b15820e804,muito legal a ideia do momento de integração!,22/07/2025 11:42
8b928f09-aedb-4ce1-a365-4d56a0839c50,"gostaria de deixar uma sugestão:
disponibilizar os qrcode em diferentes locais da sala para não tumultuar a estrada!!",22/07/2025 11:47
e56b565e-2680-4f05-bfb5-f672c691d632,amei o fórum meninas digitais!,22/07/2025 11:48
1c7000ea-e558-4ef4-93d8-2c018ec84123,ansiosa para o evento do sudeste 💜,22/07/2025 11:48
e56b565e-2680-4f05-bfb5-f672c691d632,muito legal o momento de integração com os projetos parceiros!,22/07/2025 11:49
2b305129-cc14-4538-8075-78b26f65f34f,"adorei o evento da wit, ele trouxe muito espaço para integração entre os projetos parceiros e os participantes do painel.",22/07/2025 11:49
454aed9e-698f-45b7-bd91-93f4a4e6aa1d,muito interessante e importante,22/07/2025 11:49
454aed9e-698f-45b7-bd91-93f4a4e6aa1d,entendi tudo com clareza,22/07/2025 11:50
631b69a6-0a28-4aac-93e4-ae024e5efc3b,o wit é um dos momentos que mais amo dentro do csbc,22/07/2025 11:51
20280073-68fe-4304-9f54-d23b1663fe33,foi muito bom conhecer um pouquinho mais dos projetos do sudeste e as meninas também. foi bem interativo e integrador!,22/07/2025 11:57
07e26976-d2fa-43c9-8f74-2c155735f461,evento está maravilhoso,22/07/2025 11:57
6d48edcf-e6d6-48d3-a2e0-e9296cb697f3,inspiradora,22/07/2025 12:01
2b305129-cc14-4538-8075-78b26f65f34f,"a dinâmica de integração foi muito bem pensada, ótima oportunidade de interagir com outros projetos da minha região.",22/07/2025 12:01
6d48edcf-e6d6-48d3-a2e0-e9296cb697f3,motivadora,22/07/2025 12:01
1c7000ea-e558-4ef4-93d8-2c018ec84123,amei a integração entre projetos 💕,22/07/2025 12:02
c01cfc13-c80c-4c86-872a-da81361b3339,muito legal conhecer os outros projetos da região!,22/07/2025 12:02
7ab458bd-970a-40e5-9525-ee10be806901,amei ❤️❤️❤️ a alegria de todas vocês,22/07/2025 12:02
7ab458bd-970a-40e5-9525-ee10be806901,é empolgante a energia e os trabalhos realizados,22/07/2025 12:03
ecf86f01-f235-4ce6-b218-43e9ae6ebb8f,palestra super inspiradora da michelle wangham!,22/07/2025 12:55
9517374b-5f4f-444c-92e3-177a0b866f14,"a palestra foi muito interessante, é maravilhoso ver mulheres fortes, dedicadas e inteligentes - esse tipo de coisa nos inspira",22/07/2025 12:56
9517374b-5f4f-444c-92e3-177a0b866f14,"após a palestra me sinto inspirada a continuar na área de exatas, e sinto que outras meninas também.",22/07/2025 12:58
ecf86f01-f235-4ce6-b218-43e9ae6ebb8f,ansiosa para a programação da tarde!,22/07/2025 12:59
e895817d-40ea-4597-a1bb-4bc2cf6cbe8d,licode está no wit 2025 💜,22/07/2025 13:35
f429f390-79a1-4e84-9a93-87a43048d3d7,ter oportunidade de conhecer e ter mas possibilidades de aprendizagem.,22/07/2025 13:43
4d59d2bb-694c-4bf2-b444-3b4b967095f1,o wit como sempre está maravilhoso!!,22/07/2025 13:52
8b928f09-aedb-4ce1-a365-4d56a0839c50,a palestra foi muito inspiradora! sempre bom e animador ver a carreira de mulheres brilhantes e atuantes em tantas áreas!,22/07/2025 13:56
8b1e1d3e-9c74-43ce-bbc4-77d5689bf024,tudo muito incrível!,22/07/2025 14:42
8b1e1d3e-9c74-43ce-bbc4-77d5689bf024,perfeitooo,22/07/2025 14:42
489050ba-f6ce-4f05-a8ce-d6bdee47371a,motivadoras,22/07/2025 14:44
489050ba-f6ce-4f05-a8ce-d6bdee47371a,o wit trás para nós ouvintes a vontade de incentivar mais mulheres,22/07/2025 14:45
5244efbb-01d2-4f7e-b505-4fd32300baff,amei a programação da manhã. e as novidades da gamificação estão maravilhosas.,22/07/2025 15:12
fa22c635-07b6-4718-9309-2665ad2d1a12,"que lindos esses pôsteres, projetos incríveis, todae de parabéns!👏",22/07/2025 15:36
671f8ca1-38b7-401b-b96a-2dc047c32c4b,"o wit tem me maravilhada, por sua organização e inovações durante o evento.",22/07/2025 15:39
cd69c32b-34d1-4906-ae5f-2ee3fe9d8a70,"aplicativo muito interessante. estou gostando dele, parabéns!",22/07/2025 15:39
671f8ca1-38b7-401b-b96a-2dc047c32c4b,coletivo lovelace x meninas digitais<3.,22/07/2025 15:40
3f3583d6-1037-423a-9a58-0b27ea89d428,os meninos da gamificação são muito legais,22/07/2025 15:44
f6bf24cf-734d-4f0e-a735-4a08d53c2b85,pôsteres lindos!,22/07/2025 15:47
07e26976-d2fa-43c9-8f74-2c155735f461,evento ótimo,22/07/2025 15:47
00785be0-171f-446a-9069-97212c12e0e3,vocês são incríveis. amei a energia de vocês,22/07/2025 15:50
00785be0-171f-446a-9069-97212c12e0e3,adorei a maneira como abordam os assuntos e como conseguem fazer a gente refletir sobre,22/07/2025 15:50
79625db1-c0bb-49d6-aa29-76fd1dc284e8,muito interessante o projeto por ser inovador! achei legal a sessão de autógrafos de livros por ter a interação entre o autor e o telespectador.,22/07/2025 15:51
76612240-be0f-4dff-bf33-a3c43cd8ed98,as palestras foram muito importantes para engajamento,22/07/2025 15:58
93780366-368f-4230-aa79-3ac4dca0bec6,vocês são maravilhosas,22/07/2025 16:00
c4d4555d-4b97-46e8-93fe-6ad239865bd6,a palestra foi ótima!,22/07/2025 16:01
c4d4555d-4b97-46e8-93fe-6ad239865bd6,a questão de síndrome do impostor é algo que já ouvi muito dentro da faculdade e é uma das principais causas de afastamento das meninas do curso! muito bom ter alguém para se inspirar e seguir.,22/07/2025 16:03
02e1032e-bbbf-4f0a-b350-645b9923a7f4,"eu gostei bastante que esse ano as camisas não são no último dia, para poder usar ela mais pelo congresso",22/07/2025 16:20
02e1032e-bbbf-4f0a-b350-645b9923a7f4,amei os artigos apresentados,22/07/2025 16:20
9306534e-a4af-407c-a97e-3eab6fa1c918,muito interessante os projetos envolvidos na apresentação dos banners!,22/07/2025 16:23
3e11fb01-68a6-4df9-99ff-eb6fa17ea8e0,o wit é sem sombra de dúvidas a melhor coisa do csbc!,22/07/2025 16:24
0b73ddb5-b846-48b5-929f-94253a3d2b43,"trabalhos muito inspiradores! 
wit 2025 veio com tudo!",22/07/2025 16:26
2402b435-49a8-4e35-a936-fddc4e00aeb6,trabalho muito inspirador e interessante!,22/07/2025 16:26
a6584b5b-822e-4c85-be5b-e91db87dc16e,"estou adorando tudo! é a primeira participação no wit, a integração é maravilhosa.",22/07/2025 16:27
0420c57a-0aa8-45b1-9166-f455c0711707,evento incrível!!,22/07/2025 16:30
be28feaa-bc8c-45e6-b109-e943185c33f5,alguns banner revela a baixa presença feminina na tecnologia. projetos como meninas digitais são essenciais para mudar esse cenário com acolhimento e protagonismo.,22/07/2025 16:32
b3739f83-191f-483a-b695-efbe8e12def9,"amei demais, abriu muito minha mente sobre vários assuntos que eu nao tinha nenhum contato ou conhecimento",22/07/2025 16:33
e6c29589-e8e1-47aa-be9e-aecde3b1f82b,"perfeito, tá jncrivel",22/07/2025 16:34
e6c29589-e8e1-47aa-be9e-aecde3b1f82b,tudo muito bem organizado,22/07/2025 16:34
9306534e-a4af-407c-a97e-3eab6fa1c918,palestra super importante da rafaela sobre representatividade feminina no mundo da tecnologia!,22/07/2025 16:34
2402b435-49a8-4e35-a936-fddc4e00aeb6,trabalho extremamente necessário e inclusivo,22/07/2025 16:35
0b73ddb5-b846-48b5-929f-94253a3d2b43,trabalho muito necessário,22/07/2025 16:35
3e11fb01-68a6-4df9-99ff-eb6fa17ea8e0,a apresentação dos artigos está incrível!,22/07/2025 16:36
be28feaa-bc8c-45e6-b109-e943185c33f5,"com ênfase em representatividade:
ver mulheres liderando inspira. a meninas digitais mostra que presença importa e que inclusão real começa com acolhimento e exemplo",22/07/2025 16:40
be669223-c64d-4256-b488-d6a63a1f5117,"é muito incentivador ver outros projetos de meninas, e percebo como eles são importantes para o fortalecimento e engajamento das meninas nos cursos de tecnologia.",22/07/2025 16:40
de8d707d-b7b7-43bd-9191-a060a88bb761,posters estão muito legais 💚,22/07/2025 16:40
86deea25-a256-41b3-9189-10ce396e3deb,estou adorando o evento!,22/07/2025 16:40
8f0f4c0d-f2eb-4b18-8099-25bcd217a483,as meninas dando show na obi!,22/07/2025 16:41
bbce1d34-bf29-45d4-8ff1-5bc397a59a07,achei muito interessante e inovador,22/07/2025 16:41
be669223-c64d-4256-b488-d6a63a1f5117,se percebe a importância de criar espaços onde mulheres se sintam incluídas e empoderadas.,22/07/2025 16:41
bbce1d34-bf29-45d4-8ff1-5bc397a59a07,muitoo legal esse evento,22/07/2025 16:41
86deea25-a256-41b3-9189-10ce396e3deb,triste porque perdi a palestra de manhã;(,22/07/2025 16:43
4bc0a904-0a38-4b33-b1de-cab5ea9cf808,muito boa a palestra.,22/07/2025 16:44
4bc0a904-0a38-4b33-b1de-cab5ea9cf808,que massa o incentivo.,22/07/2025 16:45
c49c15fe-dc85-4357-b9ea-0311374c56f8,gostei,22/07/2025 16:57
c49c15fe-dc85-4357-b9ea-0311374c56f8,integração legal,22/07/2025 16:57
b3739f83-191f-483a-b695-efbe8e12def9,gostei bastante dos conteúdos abordados,22/07/2025 16:59
15e5d92b-4326-4e8c-9499-c40fba495716,"alegra meu coração em saber que as mulheres estão se envolvendo em pesquisas da computação, programação. a cada novo congresso os números crescem e crescem😍.",22/07/2025 17:00
15e5d92b-4326-4e8c-9499-c40fba495716,"que mais faculdades motivem mulheres nas stem, fundamental para essa nova geração!",22/07/2025 17:05
352e47bd-d2bf-4541-a6ce-6498a321db06,iniciativa bem enriquecedora,22/07/2025 17:06
5244efbb-01d2-4f7e-b505-4fd32300baff,muito alto nível os trabalhos da poeira sessão,22/07/2025 17:13
9ea006aa-40fb-4edc-98dd-39d527a61d6d,muito bom,22/07/2025 17:21
9ea006aa-40fb-4edc-98dd-39d527a61d6d,amei todas as palestras,22/07/2025 17:21
429ddec8-9edb-4757-ab8b-fcdb61defd4e,muito bom!!,22/07/2025 17:22
429ddec8-9edb-4757-ab8b-fcdb61defd4e,amei as apresentações dos artigos!,22/07/2025 17:22
8f0f4c0d-f2eb-4b18-8099-25bcd217a483,muito legal como estratégias de marketing podem modificar a percepção e o alcance dos projetos parceiros do meninas digitais,22/07/2025 17:30
4d59d2bb-694c-4bf2-b444-3b4b967095f1,o wit tem se mostrado a cada ano a sua relevância.  parabéns pelo evento,22/07/2025 17:30
8a9fc84a-4a91-46ee-b112-e39d627e2abd,foi ótimo participar da sessão de pôsteres wit. uma experiência de apresentação valiosa!,22/07/2025 17:51
8a9fc84a-4a91-46ee-b112-e39d627e2abd,amei os brindes da sessão técnica de artigos. a busca pelos adesivos foi divertida! além de prestigiar ótimas apresentações!,22/07/2025 17:55
67959b7b-0a25-4354-a35e-f5974a549323,"parabéns, meninas!",22/07/2025 18:19
1ced77b3-b5de-4d74-8882-f7ffe3d9ec30,"palestra muito esclarecedora, adorei!",22/07/2025 20:01
1ced77b3-b5de-4d74-8882-f7ffe3d9ec30,ansiosa para os próximos dias!,22/07/2025 20:02
3efe71e2-c0d5-4596-b566-0ef34e7ff13d,a parte da apresentação que assisti estava ótima,22/07/2025 20:55
3efe71e2-c0d5-4596-b566-0ef34e7ff13d,"sobre o aplicativo acho q faltou uma divulgação melhor ou um link pelo email, eu mesma anotei o nome e demorei muito a baixar pq estava correndo pelo evento, creio que colocar hj na mesa foi o ideal",22/07/2025 20:56
88bb321c-9db1-4e9f-aaad-320e88c5bd5d,"muito interessante, precisava ouvir isso",22/07/2025 23:05
88bb321c-9db1-4e9f-aaad-320e88c5bd5d,parabens,22/07/2025 23:08
67959b7b-0a25-4354-a35e-f5974a549323,ansiosa para ver o wit hoje 😍,23/07/2025 07:52
d045f926-cf41-4757-ae96-89594f6e4870,ótimo 💜💜💜,23/07/2025 08:16
d045f926-cf41-4757-ae96-89594f6e4870,excelente apresentações 💜🥰,23/07/2025 08:16
06f1249e-61d1-4916-a745-f29b8095822b,tá sendo uma experiência incrível participar do wit ❤️,23/07/2025 08:22
a4526431-24ef-4045-8981-a19a451487ac,organização impecável. adorando!,23/07/2025 08:22
06f1249e-61d1-4916-a745-f29b8095822b,vocês arrasaram na organização e planejamento ❤️,23/07/2025 08:22
9d149e84-581a-4008-996e-d3680d5bcd88,mais um dia de muitas atividades 🤩,23/07/2025 08:23
9d149e84-581a-4008-996e-d3680d5bcd88,gamificação é top!!,23/07/2025 08:24
a4526431-24ef-4045-8981-a19a451487ac,o encontro dos projetos parceiros foi muito bom.,23/07/2025 08:28
9365cf2e-64e9-49a0-bd3a-0d347b215820,o evento tá incrível ❤️❤️,23/07/2025 08:31
9365cf2e-64e9-49a0-bd3a-0d347b215820,"sem palavras para às meninas, sao muito maravilhosaaaas",23/07/2025 08:32
e11a154c-a026-49a9-9a71-ad45b5939df8,mais um dia cheio de conhecimento 🥰,23/07/2025 08:36
e11a154c-a026-49a9-9a71-ad45b5939df8,mais um dia de wit 🥳,23/07/2025 08:36
4270590b-ac53-434d-88eb-f948b87a7247,ansioso para mais um dia de wit!,23/07/2025 08:38
4270590b-ac53-434d-88eb-f948b87a7247,"bom dia, que hoje seja tão incrível quanto ontem!🥳",23/07/2025 08:39
75049fc4-0a03-4d80-9d70-6471c2c5a110,amei o momento de integração ontem,23/07/2025 08:42
75049fc4-0a03-4d80-9d70-6471c2c5a110,a sessão de autógrafos foi incrível,23/07/2025 08:45
16d2d16a-6864-4d0c-afe3-d87991308ec5,ansioso pra o segundo dia,23/07/2025 08:52
16d2d16a-6864-4d0c-afe3-d87991308ec5,ótima palestra de ontem,23/07/2025 08:52
934ac1e9-8a9e-4865-977f-b22e4bbce84e,bora pro segundo dia de wit,23/07/2025 08:52
934ac1e9-8a9e-4865-977f-b22e4bbce84e,ansiosa pra ganhar a camiseta :),23/07/2025 08:52
6c3e12ff-eaca-45fd-ab7c-b291f088c86e,adorei as sessões de artigos ontem a noite!,23/07/2025 08:59
6c3e12ff-eaca-45fd-ab7c-b291f088c86e,bora pra mais um dia de evento incrível!!,23/07/2025 08:59
b8b92070-a5ba-4bca-ab6c-1976294cf8da,mais um dia de wit e eu já estou começando a ficar com saudades!,23/07/2025 09:00
a4ceb2fb-9e75-4db1-ace5-c82f92a1376e,tudo maravilhoso parabéns,23/07/2025 09:04
ed496342-5088-4e03-9bf6-270dbfd06758,super empolgada para pôsteres do projetos ✨,23/07/2025 09:04
a4ceb2fb-9e75-4db1-ace5-c82f92a1376e,ótimo conteúdo,23/07/2025 09:04
ed496342-5088-4e03-9bf6-270dbfd06758,adorando a integração dos projetos 🫶🏻,23/07/2025 09:05
8ace69cd-74b9-4738-b109-9ea8d441105c,evento maravilhoso,23/07/2025 09:05
8ace69cd-74b9-4738-b109-9ea8d441105c,incrível demais ❤️❤️,23/07/2025 09:05
560003d3-5b59-481c-85d2-838ef984b466,bom dia! mais um dia de palestras e eventos para o aprendizado.,23/07/2025 09:10
5bb974d7-0d42-4ba7-b115-6f2821843ecc,ansiosa por este segundo dia de wit 💖,23/07/2025 09:10
01bdf958-26a8-4cbb-9001-f8323dd02301,mais um dia de eventooo,23/07/2025 09:11
560003d3-5b59-481c-85d2-838ef984b466,que deus abençoe esse dia e que traga inspiração para os palestrantes!,23/07/2025 09:11
01bdf958-26a8-4cbb-9001-f8323dd02301,que camisa lindaa,23/07/2025 09:11
cf03f7b1-8338-40a2-84f4-91ec5f988764,mais um dia do wit!!,23/07/2025 09:14
cf03f7b1-8338-40a2-84f4-91ec5f988764,♡-♡,23/07/2025 09:15
9a0b6f46-36e7-4cce-81e7-87d8c0dec201,ouvir tantas mulheres incríveis compartilhando suas trajetórias na tecnologia me motivou muito. me fez refletir sobre o quanto ainda temos a conquistar,23/07/2025 09:15
c8ddbe59-a031-4194-add3-db3071ddcbef,"oi, meninas no wit 💜",23/07/2025 09:15
5bb974d7-0d42-4ba7-b115-6f2821843ecc,empolgada com as palestras de hoje! 💡,23/07/2025 09:15
eb7a2e85-37f5-4355-b66a-b99d1a9ac033,animada pra mais um dia de wit!,23/07/2025 09:15
9a0b6f46-36e7-4cce-81e7-87d8c0dec201,"foi um espaço real de troca, aprendizado e força.",23/07/2025 09:15
c8ddbe59-a031-4194-add3-db3071ddcbef,uern presente!,23/07/2025 09:15
eb7a2e85-37f5-4355-b66a-b99d1a9ac033,bom dia! e vamos para mais um dia de wit,23/07/2025 09:16
f3eed192-b8ab-4094-942f-54e234fbb70b,"está tudo incrível, primeiro dia superou todas as expectativas 🫶🏻🫶🏻🫶🏻",23/07/2025 09:17
59ab6fbb-3356-44e7-a74e-e5bdbc89fab7,"feliz dia, wit!",23/07/2025 09:17
07e26976-d2fa-43c9-8f74-2c155735f461,ótimo evento!,23/07/2025 09:17
07e26976-d2fa-43c9-8f74-2c155735f461,parabéns a todos,23/07/2025 09:17
f3eed192-b8ab-4094-942f-54e234fbb70b,o wit está incrível 💜,23/07/2025 09:18
a57c1135-2ebb-4824-9625-c0bce163dddf,ansioso para as atividades de hoje,23/07/2025 09:18
a57c1135-2ebb-4824-9625-c0bce163dddf,que alegria em participar do evento,23/07/2025 09:18
222af335-a31e-459b-aa3d-6ce592bff7b7,mt animado pra hj,23/07/2025 09:18
222af335-a31e-459b-aa3d-6ce592bff7b7,incrivel,23/07/2025 09:18
3ad87374-5d6b-41e4-a901-00435a3f8c6e,obrigada pela mensagem inspiradora,23/07/2025 09:19
3ad87374-5d6b-41e4-a901-00435a3f8c6e,amei a palestra de hoje,23/07/2025 09:19
ae4d3fbb-069f-4906-895d-6ff10de1bdb9,mais um dia pronta para as palestras e integrações com as meninas digitais!,23/07/2025 09:19
e895817d-40ea-4597-a1bb-4bc2cf6cbe8d,ansiosa para o segundo dia do wit 😍,23/07/2025 09:21
599e5dc6-fa67-4845-a44e-539c244937fc,bom dia!!! mais um dia maravilhoso!,23/07/2025 09:21
599e5dc6-fa67-4845-a44e-539c244937fc,💜💜💜,23/07/2025 09:21
d045f926-cf41-4757-ae96-89594f6e4870,ótimo 👍,23/07/2025 09:22
59ab6fbb-3356-44e7-a74e-e5bdbc89fab7,"patrocinio top do wit! embraer, engie, eldorado, google, mindat, ella, bb",23/07/2025 09:23
f37ffdc2-3f64-4b56-a935-4ddecee92321,"evento muito bom, a diversidade dos projetos psra inclusão feminina é maravilhoso e que a cada ano cresça mais.",23/07/2025 09:23
2b305129-cc14-4538-8075-78b26f65f34f,"a experiência do segundo dia do wit fez jus a expectativa criada pelo dia anterior. mais uma vez foi criado um ambiente de interação e troca de experiência, conhecimento e de acolhimento",23/07/2025 09:23
f37ffdc2-3f64-4b56-a935-4ddecee92321,wit está sendo um dos melhores eventos do dia.,23/07/2025 09:24
671f8ca1-38b7-401b-b96a-2dc047c32c4b,"queria que tivessem mais broches do meninas digitais para comprar, não consegui comprar um :/",23/07/2025 09:24
671f8ca1-38b7-401b-b96a-2dc047c32c4b,muito bem organizado o evento!,23/07/2025 09:24
6e668e80-7eda-405e-814d-d4b1dd4538c3,tudo muito incrível!!!,23/07/2025 09:26
6e668e80-7eda-405e-814d-d4b1dd4538c3,o wit é o melhor evento do csbc!,23/07/2025 09:26
a2172412-8829-44fe-a1bb-c21eb82571aa,"os meninos que estavam responsáveis pela ramificação fora demais, explicaram pra gente com a maior calma e animação",23/07/2025 09:29
a2172412-8829-44fe-a1bb-c21eb82571aa,"achei que o formato de apresentação dos pôsteres ficou muito tumultuado, mas as apresentações foram incríveis",23/07/2025 09:30
806f7369-1da2-4baa-9c95-7d4962b7f33e,evento incrível,23/07/2025 09:30
806f7369-1da2-4baa-9c95-7d4962b7f33e,a organização está de parabéns,23/07/2025 09:30
050da8f6-fd58-42b6-8066-82fb42c0fa4b,boa palestra e ótima abordagem de conteúdo em relação a 1° palestra do dia 23. boa apresentação e também explicação do projeto,23/07/2025 09:31
050da8f6-fd58-42b6-8066-82fb42c0fa4b,"organização ótima, boa qualidade de infraestrutura e sala bem refrigerada
ótima ambientação",23/07/2025 09:32
192b32a5-e58c-4098-9904-78bda4615134,ótima palestra,23/07/2025 09:34
192b32a5-e58c-4098-9904-78bda4615134,muito bom adquirir conhecimento,23/07/2025 09:34
00da94da-eaf9-4790-a6fe-fe7b33931c70,ótimo conhecer mais sobre o renacee,23/07/2025 09:34
4a257948-6c61-4d69-b2bf-45561ca9dc96,"parabéns pela organização meninas, gostei bastante da dinâmica das regiões",23/07/2025 09:35
4a257948-6c61-4d69-b2bf-45561ca9dc96,achei bastante diverso e informativo,23/07/2025 09:35
1e2c4536-db1c-40f6-a514-717da937138d,"o ambiente do evento é muito amplo e bem estruturado, bem equipado",23/07/2025 09:36
1e2c4536-db1c-40f6-a514-717da937138d,a organização das palestras está excepcional,23/07/2025 09:36
9f773bc4-a96d-41fd-a812-4cd40ae76ce4,empolgada para mais um dia de evento. #licrogirls,23/07/2025 09:39
4c4af487-81e9-4e3a-8efc-b2d0f1b0b394,a mesa redonda está sendo muito interessante,23/07/2025 09:40
4c4af487-81e9-4e3a-8efc-b2d0f1b0b394,"a organização do evento está perfeita, tudo incrível ❤️",23/07/2025 09:41
97bb898c-af32-4429-b56c-5914309a8775,muuuito feliz de ver as estudantes do projeto que faço parte no telão!! lindo demais 💖,23/07/2025 09:43
17a6d940-56ba-4d72-8c6b-3f765a91e6ac,achei incrível conhecer pessoalmente o programa meninas digitais e o wit como um todo!!!,23/07/2025 09:43
17a6d940-56ba-4d72-8c6b-3f765a91e6ac,saio do evento completamente inspirada por mulheres guerreiras nas áreas de steam!!!,23/07/2025 09:44
c5b8399a-a600-4d95-86c9-4de0d38c3d25,"muito bom, agradeço por trazer muitas informações",23/07/2025 09:45
90323ec9-1991-46bd-bc2a-4a3d8804cf71,achei tudo super didático,23/07/2025 09:45
f2d72cbf-07dd-4592-9ed1-c74275748cb7,importante conhecer outros projetos que influenciam meninas em stem por todo o brasil.,23/07/2025 09:46
9f773bc4-a96d-41fd-a812-4cd40ae76ce4,dia de muito aprendizado! #girls,23/07/2025 09:46
90323ec9-1991-46bd-bc2a-4a3d8804cf71,"gostei muito mesmo, espero estar presente mais vezes",23/07/2025 09:46
f2d72cbf-07dd-4592-9ed1-c74275748cb7,palestras incríveis!,23/07/2025 09:46
90323ec9-1991-46bd-bc2a-4a3d8804cf71,muito bom,23/07/2025 09:46
70b31d7a-c046-4859-9881-10574c9611c1,atividades muito interessantes,23/07/2025 09:48
70b31d7a-c046-4859-9881-10574c9611c1,o wit é meu evento favorito,23/07/2025 09:48
c5b8399a-a600-4d95-86c9-4de0d38c3d25,muito bommm,23/07/2025 09:50
c5b8399a-a600-4d95-86c9-4de0d38c3d25,cada minuto vale a pena,23/07/2025 09:50
90323ec9-1991-46bd-bc2a-4a3d8804cf71,amei participar,23/07/2025 09:52
4d59d2bb-694c-4bf2-b444-3b4b967095f1,o fórum está maravilhoso!! muito inspirador,23/07/2025 09:52
29c31113-a01c-48e9-b475-a6963c13f3b6,"extremamente interessante e necessária, a estrutura magnifica",23/07/2025 09:53
00256042-e094-477c-b716-28f2b7e561de,amando o fórum!!,23/07/2025 09:53
00256042-e094-477c-b716-28f2b7e561de,amando a apresentação dos projetos 😍,23/07/2025 09:54
29c31113-a01c-48e9-b475-a6963c13f3b6,palestra maravilhosa,23/07/2025 09:54
ce4b41b3-8b58-4d8c-9cb8-5bf7133c59d4,vale cada minuto,23/07/2025 09:55
ce4b41b3-8b58-4d8c-9cb8-5bf7133c59d4,muito bom,23/07/2025 09:55
6dd05336-2244-4230-bb22-31b592f2e3f8,"achei bem esclarecedora e, como menina, me motivei a buscar mais oportunidades na área!",23/07/2025 09:56
251569e1-42c3-4c32-b8db-d8b8b9741d5b,excelente dia!!,23/07/2025 09:56
ce4b41b3-8b58-4d8c-9cb8-5bf7133c59d4,momento inspirador,23/07/2025 09:58
262af184-23c3-4cb4-8231-04a142217d69,muito boa as palestras!,23/07/2025 09:58
262af184-23c3-4cb4-8231-04a142217d69,ótima experiência aprender com essas mulheres!,23/07/2025 09:58
54a3a419-9b19-44e8-8c62-7054a2142eba,tudo incrível,23/07/2025 09:58
54a3a419-9b19-44e8-8c62-7054a2142eba,palestra muito interessante,23/07/2025 09:59
02e1032e-bbbf-4f0a-b350-645b9923a7f4,amei,23/07/2025 09:59
02e1032e-bbbf-4f0a-b350-645b9923a7f4,perfeitas,23/07/2025 09:59
fe69c798-5373-4255-831b-9a1ce468c5d6,fórum meninas digitais está sendo muito interessante por ver como os projetos parceiros estão atuando e tendo resultados incríveis!,23/07/2025 09:59
c90f49e7-30eb-4954-bad6-ff13e4342a57,ansiosa para esse 2 dia!,23/07/2025 10:00
ce4b41b3-8b58-4d8c-9cb8-5bf7133c59d4,amei,23/07/2025 10:00
c90f49e7-30eb-4954-bad6-ff13e4342a57,dia cheio de programações maravilhosas,23/07/2025 10:01
c44a6e4a-9181-4d20-94cb-c3d5e05fd31c,muito bom!,23/07/2025 10:01
47ac28d9-6e77-4392-b392-960bd5825559,o wit é muito inspirador para nós meninas 🤩,23/07/2025 10:01
4d59d2bb-694c-4bf2-b444-3b4b967095f1,gostei muito do projeto minascoders!! muito inspirador!,23/07/2025 10:02
6e490da9-d604-49fa-b782-7cc09c1615d3,a organização esse ano está ainda mais impecável.,23/07/2025 10:03
6e490da9-d604-49fa-b782-7cc09c1615d3,que oportunidade incrível conhecer tantas mulheres inspiradoras.,23/07/2025 10:03
47ac28d9-6e77-4392-b392-960bd5825559,é maravilhoso saber que existem muitas outras meninas na área de computação ❤️,23/07/2025 10:04
268e12fc-6012-41e0-9301-483b58059c69,muito bom ver o que os outros grupos estão fazendo!,23/07/2025 10:04
3406c3d7-f8f1-4db4-9d3f-06b9d53fa541,🩷🩷🩷,23/07/2025 10:04
3406c3d7-f8f1-4db4-9d3f-06b9d53fa541,👏👏👏,23/07/2025 10:05
6dd05336-2244-4230-bb22-31b592f2e3f8,muito bom o evento! amei,23/07/2025 10:05
268e12fc-6012-41e0-9301-483b58059c69,muitas ideias pra melhorar os projetos que coordeno,23/07/2025 10:05
6dd05336-2244-4230-bb22-31b592f2e3f8,bem esclarecedor e inspirador!,23/07/2025 10:05
c44a6e4a-9181-4d20-94cb-c3d5e05fd31c,gostei muito das palestras e dos momentos de integração e network com as meninas,23/07/2025 10:05
6dd05336-2244-4230-bb22-31b592f2e3f8,motivou muito!,23/07/2025 10:06
34191d68-5e12-4c00-aa49-d5df3fba23d2,evento maravilhoso!,23/07/2025 10:06
749521d4-f169-4aaa-9819-b044a00d1e34,"muito boa a palestra da rnp, a historia é inspiradora",23/07/2025 10:07
b787555f-cd18-4a0b-9e20-493282185ddd,é maravilhoso ver como esses projetos estão espalhados por todo o país,23/07/2025 10:07
c44a6e4a-9181-4d20-94cb-c3d5e05fd31c,amei,23/07/2025 10:08
4b19c21f-0936-4c69-ae25-18f84c9119a3,as palestras estao sendo incríveis! nao conhecia de perto o projeto e estou adorando,23/07/2025 10:08
3e11fb01-68a6-4df9-99ff-eb6fa17ea8e0,muitos projetos incríveis! parabéns a todos,23/07/2025 10:09
3e11fb01-68a6-4df9-99ff-eb6fa17ea8e0,que projeto lindo! parabéns,23/07/2025 10:09
4b19c21f-0936-4c69-ae25-18f84c9119a3,"os posters foram incríveis, tive varias ideidas pra projetos!",23/07/2025 10:09
7bdbb107-592f-478c-8b8d-412b4ac508ba,é realmente inspirador participar desses eventos com a wit,23/07/2025 10:10
7bdbb107-592f-478c-8b8d-412b4ac508ba,muito bem organizado!!!,23/07/2025 10:11
ce865dbf-5b15-47b6-9578-7f6bdb3471c6,a palestra foi muito inovadora e bem informativa,23/07/2025 10:11
ce865dbf-5b15-47b6-9578-7f6bdb3471c6,a dinâmica da palestra não é chata,23/07/2025 10:12
0b4761ba-7672-4bde-89c3-74f013f2b163,vamos mais um dia!,23/07/2025 10:12
0b4761ba-7672-4bde-89c3-74f013f2b163,o melhor evento do csbc,23/07/2025 10:13
d230aaa6-976f-49bd-bb8a-21d45dec64ab,parabéns!,23/07/2025 10:13
d230aaa6-976f-49bd-bb8a-21d45dec64ab,muito bem!,23/07/2025 10:13
a4526431-24ef-4045-8981-a19a451487ac,os projetos apresentados foram muuto bons.,23/07/2025 10:16
d32d63c1-02f8-4d06-9fdb-6dfed1c37967,muito legal ver o crescimento de projetos de incetivo a meninas!!,23/07/2025 10:16
bbce1d34-bf29-45d4-8ff1-5bc397a59a07,amei o evento,23/07/2025 10:16
bbce1d34-bf29-45d4-8ff1-5bc397a59a07,inovador esse projeto,23/07/2025 10:16
c55ff755-bd00-4af8-b6ed-ed43007446b3,muito inspirador ver projetos nacionais do meninas digitais!,23/07/2025 10:16
5244efbb-01d2-4f7e-b505-4fd32300baff,estou chegando pra mais um dia...uhuuu,23/07/2025 10:16
67959b7b-0a25-4354-a35e-f5974a549323,muito bom conhecer todos esses projetos!,23/07/2025 10:17
ae4d3fbb-069f-4906-895d-6ff10de1bdb9,"o fórum foi super legal de assistir, para conhecer os projetos e entender as ideias de cada um.",23/07/2025 10:17
98407e6b-7f8d-4182-abe5-b3d92e3d6f11,muito bom!,23/07/2025 10:17
98407e6b-7f8d-4182-abe5-b3d92e3d6f11,ótimo!,23/07/2025 10:17
429ddec8-9edb-4757-ab8b-fcdb61defd4e,"as professoras que têm projetos voltados ao em: algumas das meninas já se formaram? se sim, elas se interessaram em seguir na área?",23/07/2025 10:18
a24b5393-ee39-4272-8f84-7f95fa794341,conhecer os projetos nos fóruns é perfeito... 🤓🤩🤩,23/07/2025 10:19
c55ff755-bd00-4af8-b6ed-ed43007446b3,muito feliz de estar aqui 🤗,23/07/2025 10:19
de8d707d-b7b7-43bd-9191-a060a88bb761,oportunidade incrível de conhecer outros projetos 🤩,23/07/2025 10:21
2b305129-cc14-4538-8075-78b26f65f34f,adorei o espaço que foi aberto para o público tirar dúvidas em relação aos projetos. uma ótima oportunidade de interação.,23/07/2025 10:21
d90a7533-8a3c-4a1e-9221-2185fdeaec90,estou amando participar do wit!!!,23/07/2025 10:22
8f0f4c0d-f2eb-4b18-8099-25bcd217a483,muito importante os projetos parceiros compartilharem suas experiências de sucessos para inspirarem os outros.,23/07/2025 10:22
8b1e1d3e-9c74-43ce-bbc4-77d5689bf024,uma excelente troca de conhecimento!,23/07/2025 10:23
8b1e1d3e-9c74-43ce-bbc4-77d5689bf024,maravilhosas,23/07/2025 10:23
00da94da-eaf9-4790-a6fe-fe7b33931c70,sensacional os projetos também chegarem em ambiente de vulnerabilidade socioeconômica,23/07/2025 10:23
d90a7533-8a3c-4a1e-9221-2185fdeaec90,tá sendo incrível fazer parte disso tudo!,23/07/2025 10:23
a6584b5b-822e-4c85-be5b-e91db87dc16e,"adorei conhecer outros projetos, muitas possibilidades de parcerias.",23/07/2025 10:25
3efe71e2-c0d5-4596-b566-0ef34e7ff13d,"as apresentações foram incríveis nesse primeira roda de conversa, estou ansiosa para a da embraer",23/07/2025 10:26
b0bd5290-3dd4-4593-99b9-c1055814408b,esse wit tá bom demais,23/07/2025 10:27
2d008ba4-8834-40ce-9c01-468181373d96,ótimo fórum ♥️,23/07/2025 10:27
20280073-68fe-4304-9f54-d23b1663fe33,tá sendo ótima e interativa,23/07/2025 10:29
51dee22d-fc70-4bc4-b8ad-c757599b8ba8,experiência incrível!,23/07/2025 10:30
20280073-68fe-4304-9f54-d23b1663fe33,adoro a organização e o cuidado com o evento,23/07/2025 10:30
c713c63b-4cef-4df5-8b95-372a1fabe5fa,"achei ótimo a palestra da parte da manhã, dirigida pela aleteia",23/07/2025 10:30
29c31113-a01c-48e9-b475-a6963c13f3b6,palestra incrível e necessária,23/07/2025 10:31
29c31113-a01c-48e9-b475-a6963c13f3b6,parabéns,23/07/2025 10:31
93780366-368f-4230-aa79-3ac4dca0bec6,mais um dia incrível,23/07/2025 10:32
936c9115-1651-46b3-8773-bdd88526fc2f,amei a programação,23/07/2025 10:32
bf25caf2-133a-4e49-af4f-273e12e2009e,"evento lindo, organização maravilhosa.",23/07/2025 10:35
f9ff0b83-ae39-447d-b0f0-4714731e87c0,amando as dinâmicasss,23/07/2025 10:35
f9ff0b83-ae39-447d-b0f0-4714731e87c0,muito boas palestras!!,23/07/2025 10:35
bf25caf2-133a-4e49-af4f-273e12e2009e,parabéns a todas organizadoras do evento,23/07/2025 10:35
4805f191-e04f-47a2-aca3-c39b484e29a5,gostei de conhecer os projetos. vou levar algumas ideias para os projetos que temos aqui,23/07/2025 10:35
575e397c-e7d3-4587-9a09-46e3df1ccdf4,estou adorando o evento!! oportunidade de reencontrar pessoas maravilhosas ❤️,23/07/2025 10:37
79fef718-42f9-41fd-b7b1-36943233fdba,parabéns pelo evento. muito inspirador. amei a ideia de engajamento com estratégias de gamificação,23/07/2025 10:37
79fef718-42f9-41fd-b7b1-36943233fdba,o acolhimento no evento foi ótimo! parabéns!,23/07/2025 10:38
51dee22d-fc70-4bc4-b8ad-c757599b8ba8,palestra otimaaaa,23/07/2025 10:41
631b69a6-0a28-4aac-93e4-ae024e5efc3b,"somos oi, meninas da uern e estamos no segundo dia do wit. coloquem nosso adesivo no seu crachá 😍😍😍😍",23/07/2025 10:42
699121e7-c258-43d0-9ede-fdbd0daeb1b5,excelente!!! gostaria de saber se há grupo de zap com os participantes dos projetos parceiros e projetos aprovados no cnpq.,23/07/2025 10:43
ccf1aa16-c6a5-4d78-85ab-a43ad8256de3,maravilhoso💗,23/07/2025 10:43
0420c57a-0aa8-45b1-9166-f455c0711707,incrível ver a participação feminina em cargos de liderança na engie,23/07/2025 10:43
631b69a6-0a28-4aac-93e4-ae024e5efc3b,"nossas meninas estão distribuindo nossos adesivos, nos ajudem a divulgar nosso projeto e levem essa lembranca pra casa ❤️",23/07/2025 10:43
631b69a6-0a28-4aac-93e4-ae024e5efc3b,"oi, meninas - uern",23/07/2025 10:44
429ddec8-9edb-4757-ab8b-fcdb61defd4e,o fórum foi incrível,23/07/2025 10:45
0708d7a9-ed61-4c3c-9a29-dd8d999363e3,fórum maravilhoso!,23/07/2025 10:45
b787555f-cd18-4a0b-9e20-493282185ddd,"""começar trabalhando a base"" 
é exatamente isso que precisamos fazer se quisermos consolidar a ciência para o futuro.",23/07/2025 10:46
c49c15fe-dc85-4357-b9ea-0311374c56f8,muito boa palestra da engie,23/07/2025 10:47
c49c15fe-dc85-4357-b9ea-0311374c56f8,amei,23/07/2025 10:47
4bc0a904-0a38-4b33-b1de-cab5ea9cf808,bom dms,23/07/2025 10:48
c5f537b2-2d25-4784-88c0-7d434cd447d9,já queremos nossa camisaaa🫶🏼💙,23/07/2025 10:48
4bc0a904-0a38-4b33-b1de-cab5ea9cf808,interessante,23/07/2025 10:48
3e429152-f456-498f-9abb-459b5388f42d,"fiquei curiosa em relação a engie, nao sabia que eles tinham tantas ações positivas quanto a diversidade",23/07/2025 10:49
c5f537b2-2d25-4784-88c0-7d434cd447d9,"segundo diaaaa, podiam ter mais três 🤍",23/07/2025 10:49
1bfbf56f-28e4-4dee-874f-83823030bda3,que iniciativa incrível da engie! interessante trilha de carreiras femininas,23/07/2025 10:49
d7cc7b23-8be1-497b-ae4a-23b538971629,esse ano está incrível,23/07/2025 10:49
d7cc7b23-8be1-497b-ae4a-23b538971629,obrigada a toda organização,23/07/2025 10:49
3e429152-f456-498f-9abb-459b5388f42d,já fui buscar mais informações sobre a engie! ansiosa para acompanhar as oportunidades que aparecerão.,23/07/2025 10:49
936c9115-1651-46b3-8773-bdd88526fc2f,ansiosa para os posteres dos projetos parceiros,23/07/2025 10:51
5244efbb-01d2-4f7e-b505-4fd32300baff,trajetórias inspiradoras,23/07/2025 10:52
69ff38b0-ff54-47d7-bee7-cccd757b6ed4,muito bom,23/07/2025 10:55
69ff38b0-ff54-47d7-bee7-cccd757b6ed4,excelente,23/07/2025 10:55
c04b5ba6-0939-443f-93db-54b15820e804,muito enriquecedora a palestra! muito legal conhecer a história da nazaré ❤️,23/07/2025 10:55
575e397c-e7d3-4587-9a09-46e3df1ccdf4,linda história de sucesso e ótimas lições a nazaré hahne nos presenteou.,23/07/2025 10:56
a31c1cb8-e9bd-4faa-854e-3b114bbb62ed,foi ótimo escutar a nazaré falando!,23/07/2025 10:56
a31c1cb8-e9bd-4faa-854e-3b114bbb62ed,me sentindo grata por participar desse evento de mulheres maravilhosas !,23/07/2025 10:57
2dda6d0e-c0bf-4094-9dd0-82540de1cfaa,partiu mais um dia de wit!,23/07/2025 10:58
00da94da-eaf9-4790-a6fe-fe7b33931c70,eu acho fantástico esse compartilhamento sobre as questões da maternidade durante a carreira.,23/07/2025 10:59
6933d6a3-26d4-4177-97e9-e7325d50bfaa,nazaré como foi retornar as atividades profissionais após a licença maternidade?,23/07/2025 11:00
2dda6d0e-c0bf-4094-9dd0-82540de1cfaa,evento maravilhoso!,23/07/2025 11:01
2dda6d0e-c0bf-4094-9dd0-82540de1cfaa,ansioso pela troca de brindes kkkkkk,23/07/2025 11:02
5c7c797e-febc-42ad-883a-7aaefc221bb2,gostei muito da maneira como elas falaram da carreira.,23/07/2025 11:04
be28feaa-bc8c-45e6-b109-e943185c33f5,"foi inspirador acompanhar discussões tão relevantes e ver tantas iniciativas comprometidas com inclusão, diversidade e transformação social.",23/07/2025 11:10
f968ccfe-0100-4760-818b-0d85fd912a70,"adorei a palestra, pude conhecer muitos projetos e achei muito interessante !",23/07/2025 11:10
1786d3f2-753e-4080-9072-ac468788a5fc,estou amando o evento do wit,23/07/2025 11:12
1b58aa1e-e0c5-485a-8317-7bbe5c074e42,"participar do wit foi uma oportunidade única de aprendizado, conexão e inspiração. cada fala reafirmou a importância de promover espaços que incentivem a presença e a permanência de mulheres na tecno",23/07/2025 11:14
5c7c797e-febc-42ad-883a-7aaefc221bb2,muito interessante a explicativa sobre o move to clound,23/07/2025 11:14
1b58aa1e-e0c5-485a-8317-7bbe5c074e42,"tantas mulheres incríveis reunidas, trocando experiências, fortalecendo umas às outras e mostrando que lugar de mulher é onde ela quiser — inclusive (e principalmente) na tecnologia!",23/07/2025 11:14
454aed9e-698f-45b7-bd91-93f4a4e6aa1d,muito legal a palestra,23/07/2025 11:16
4107402a-0788-48e0-a8bc-b81a6df7bf64,muito obrigado pelo evento,23/07/2025 11:16
454aed9e-698f-45b7-bd91-93f4a4e6aa1d,muito conhecimento compartilhado,23/07/2025 11:16
4107402a-0788-48e0-a8bc-b81a6df7bf64,evento mto importante !!,23/07/2025 11:16
a6584b5b-822e-4c85-be5b-e91db87dc16e,as ações da engie são interessantes e geram oportunidades inclusivas.,23/07/2025 11:17
e9b594f7-6309-4190-9032-4dde803e2d6a,animada para hoje😄🩷🩷🩷,23/07/2025 11:17
a4526431-24ef-4045-8981-a19a451487ac,inspiradora a palestra da engie. muito bom.,23/07/2025 11:18
51dee22d-fc70-4bc4-b8ad-c757599b8ba8,palestra completa!!!!,23/07/2025 11:19
0708d7a9-ed61-4c3c-9a29-dd8d999363e3,que palestra inspiradora.,23/07/2025 11:19
8a9fc84a-4a91-46ee-b112-e39d627e2abd,estou gostando muito da palestra da engie!!,23/07/2025 11:19
a2172412-8829-44fe-a1bb-c21eb82571aa,a palestra das meninas da envie foi muito boa e inspiradora,23/07/2025 11:21
9306534e-a4af-407c-a97e-3eab6fa1c918,palestra interessante que as meninas da engie apresentaram!,23/07/2025 11:22
3f3583d6-1037-423a-9a58-0b27ea89d428,"a palestra da engie foi maravilhosa, repleta de conhecimentos e aprendizados",23/07/2025 11:22
699121e7-c258-43d0-9ede-fdbd0daeb1b5,excelente palestra da engie!!!,23/07/2025 11:22
97b78585-66fb-4308-ac17-5dec3ad981db,palestra emocionante e muito importante! muito bom conhecer mulheres inspiradoras!,23/07/2025 11:23
de8d707d-b7b7-43bd-9191-a060a88bb761,muito legal conhecer mais sobre a engie 🤩,23/07/2025 11:23
8b928f09-aedb-4ce1-a365-4d56a0839c50,"interessante demais a palestra da engie, ver que as empresas estão começando a se diversificar! isso que as mulheres exitam em se candidatar as vagas sem estar 100% dos requisitos é muito real.",23/07/2025 11:23
b26c0a2d-f5a9-4708-a4ec-8603756202d8,amei a palestra.  vou passar as informações para minhas alunas,23/07/2025 11:23
79fef718-42f9-41fd-b7b1-36943233fdba,parabéns pelas iniciativas de diversidade!,23/07/2025 11:24
170840c4-5893-454a-8433-5854baffd2cc,ansiosa para ganhar essa camisa lindaaa,23/07/2025 11:24
00785be0-171f-446a-9069-97212c12e0e3,"maravilhosas, eu amei e estou adorando casa vez mais",23/07/2025 11:25
41984732-0ee1-4644-b003-3309c119734d,muito importante esse tema,23/07/2025 11:25
cc7e1a51-703f-4d8f-b49c-ee6447e0542d,palestras excepcionais!,23/07/2025 11:25
00785be0-171f-446a-9069-97212c12e0e3,"vocês são incríveis, uma palestra melhor que a outra",23/07/2025 11:25
41984732-0ee1-4644-b003-3309c119734d,perfeito,23/07/2025 11:25
c01cfc13-c80c-4c86-872a-da81361b3339,muito muito muito legal a palestra da engie! muitas dicas boas!,23/07/2025 11:25
cc7e1a51-703f-4d8f-b49c-ee6447e0542d,dúvidas esclarecidas!,23/07/2025 11:25
93780366-368f-4230-aa79-3ac4dca0bec6,"o que me falta mais é autoconfiança no meu próprio conhecimento, obrigada meninas.",23/07/2025 11:25
9306534e-a4af-407c-a97e-3eab6fa1c918,ótimo conselho dado em relação ao ensino técnico que foi passado pela nazaré,23/07/2025 11:26
170840c4-5893-454a-8433-5854baffd2cc,wit está sendo sensacional,23/07/2025 11:26
c04b5ba6-0939-443f-93db-54b15820e804,"me identifiquei muito com a parte da timidez kkkkkk adorei a palestra das meninas, são conselhos muito valiosos ❤️",23/07/2025 11:26
b26c0a2d-f5a9-4708-a4ec-8603756202d8,"sou coordenadora de um projeto de extensão vinculado às meninas digitais, mas nunca olho os editais do cnpq. participar da mesa redonda me despertou para ficar de olho nesses editais.",23/07/2025 11:26
a2b933ed-8f43-4354-aa77-459b765af699,palestra muito inspiradora!!!,23/07/2025 11:26
c01cfc13-c80c-4c86-872a-da81361b3339,duas mulheres incríveis nazaré e edna! muito inspirador!,23/07/2025 11:27
5671ae6e-ba88-4fbb-b2dd-5c0c4e65ce60,eu quero entrar na engie,23/07/2025 11:27
5671ae6e-ba88-4fbb-b2dd-5c0c4e65ce60,vamos meninas digitais,23/07/2025 11:27
a24b5393-ee39-4272-8f84-7f95fa794341,engie brilhando como sempre...,23/07/2025 11:27
6933d6a3-26d4-4177-97e9-e7325d50bfaa,insights importantes da vida de uma profissional em ti na palestra engie,23/07/2025 11:28
b2b4af06-4544-44ae-8b60-f90bdc1f0fe2,ansiosa pela camisa e pelo momento da foto!,23/07/2025 11:28
b2b4af06-4544-44ae-8b60-f90bdc1f0fe2,amei participar do painel! obrigada pelo convite! 🤩,23/07/2025 11:28
3ccb2413-c5f6-418c-bf49-a88e2e449ff0,muito bom o wit.,23/07/2025 11:29
c08bca4e-d84f-4567-b938-d29470fd6d02,está sendo muito maravilhoso!,23/07/2025 11:30
c08bca4e-d84f-4567-b938-d29470fd6d02,"amando muito a oportunidade de participar desse evento, incrível!",23/07/2025 11:30
b26c0a2d-f5a9-4708-a4ec-8603756202d8,minhas alunas estão empolgadíssimas de sair na foto da meninas digitais!!,23/07/2025 11:30
2b2df6db-e384-443a-a905-232ffc8dac58,o wit está incrível. sou suspeita pra falar. 😁,23/07/2025 11:30
537d3fe2-2cd9-4d63-a1cf-6c6d288411ff,o jantar de ontem foi muito especial,23/07/2025 11:31
537d3fe2-2cd9-4d63-a1cf-6c6d288411ff,que alegria participar desse evento,23/07/2025 11:31
5b1bd074-2e84-4caf-854b-505a36f8a606,parabéns perfeito,23/07/2025 11:35
5b1bd074-2e84-4caf-854b-505a36f8a606,"gostei bastante, bons assuntos abordados",23/07/2025 11:36
1bfbf56f-28e4-4dee-874f-83823030bda3,amei a camiseta 👕 ✨️,23/07/2025 11:37
5b1bd074-2e84-4caf-854b-505a36f8a606,parabéns,23/07/2025 11:43
5b1bd074-2e84-4caf-854b-505a36f8a606,show,23/07/2025 11:43
3f3583d6-1037-423a-9a58-0b27ea89d428,a blusa do wit é linda demais,23/07/2025 11:47
7ab458bd-970a-40e5-9525-ee10be806901,"minha primeira vez, no evento e amei tudo",23/07/2025 11:47
1b4e9684-e087-4145-88d4-125c44975a1c,lindos relatos de trajetória profissional e pessoal,23/07/2025 11:48
7ab458bd-970a-40e5-9525-ee10be806901,"as palestras muito ricas, amei tudo",23/07/2025 11:48
3f3583d6-1037-423a-9a58-0b27ea89d428,organização do evento arrasou,23/07/2025 11:48
1b4e9684-e087-4145-88d4-125c44975a1c,"a palestra foi maravilhosa, seria interessante se o meninas digitais tivesse iniciativas concretas para empregar nossa comunidade, criando parcerias com instituições privadas e programas parceiros.",23/07/2025 11:51
e9b594f7-6309-4190-9032-4dde803e2d6a,muito linda a camisa das meninas digitais ❤️❤️,23/07/2025 11:57
af226d00-c366-4e2d-9c27-2b3ed3d78273,foi maravilhoso!!! conhecimentos extremamente valiosos!,23/07/2025 11:57
908bb7b4-88ca-4d4c-83d1-513a4e11c569,amei a camisa das meninas digitais. ❤️,23/07/2025 11:57
908bb7b4-88ca-4d4c-83d1-513a4e11c569,a corrida do csbc foi top!,23/07/2025 11:58
af226d00-c366-4e2d-9c27-2b3ed3d78273,evento muito bem organizado e oportuno para se sentir acolhida.,23/07/2025 12:00
cd5e94b1-51c2-4147-a20b-9e1345a0adad,eu amei o encontro dos projetos parceiros da meninonas digitais,23/07/2025 12:04
cd5e94b1-51c2-4147-a20b-9e1345a0adad,estou ansiosa para a palestra da embraer 😍😍,23/07/2025 12:05
af226d00-c366-4e2d-9c27-2b3ed3d78273,amei a camiseta das meninas digitais!!!,23/07/2025 12:24
af226d00-c366-4e2d-9c27-2b3ed3d78273,"o evento foi incrível, já estou ansiosa para o próximo ano!",23/07/2025 12:33
1c7000ea-e558-4ef4-93d8-2c018ec84123,"camiseta linda demais, amei💜",23/07/2025 13:12
5c7c797e-febc-42ad-883a-7aaefc221bb2,camisa maravilhosa ❤️,23/07/2025 13:14
e56b565e-2680-4f05-bfb5-f672c691d632,a camiseta é belíssima!,23/07/2025 13:29
489050ba-f6ce-4f05-a8ce-d6bdee47371a,"muito feliz em estar fazendo parte do wit esse ano, o mar azul da foto foi sensacional!!",23/07/2025 13:40
3853a3fa-b147-4e93-b479-539e9c2370b2,"adorei a animação da senhorinha na hora da fotografia, amei a receptivo",23/07/2025 13:40
8a9fc84a-4a91-46ee-b112-e39d627e2abd,amei a blusa do wit!!,23/07/2025 13:55
97bb898c-af32-4429-b56c-5914309a8775,ansiosa pela apresentação dos banners!,23/07/2025 14:00
5c7c797e-febc-42ad-883a-7aaefc221bb2,muito obrigada meninas!,23/07/2025 14:03
06f1249e-61d1-4916-a745-f29b8095822b,amando participar ❤️,23/07/2025 14:05
c5b8399a-a600-4d95-86c9-4de0d38c3d25,ameiii,23/07/2025 14:09
2d008ba4-8834-40ce-9c01-468181373d96,maravilhoso ♥️,23/07/2025 14:09
2d008ba4-8834-40ce-9c01-468181373d96,ótimo 💜,23/07/2025 14:09
e6c29589-e8e1-47aa-be9e-aecde3b1f82b,adorei os temas,23/07/2025 14:10
e6c29589-e8e1-47aa-be9e-aecde3b1f82b,"salas aconchegantes, só o ar que tá muito gelado",23/07/2025 14:10
d80527f2-da3b-4fdb-b561-ed54f7f044d9,estou adorando o evento!!! parabéns!!!,23/07/2025 14:11
d80527f2-da3b-4fdb-b561-ed54f7f044d9,projetos parceiros são maravilhosos!!!!,23/07/2025 14:11
5ca22f49-b601-4a36-81af-dba71e05cf97,palestras muito boas!,23/07/2025 14:15
5ca22f49-b601-4a36-81af-dba71e05cf97,evento maravilhoso,23/07/2025 14:16
8e1a9311-52fe-4567-8c58-70f0e2281925,renacee md é maravilhoso !!!,23/07/2025 14:16
fa22c635-07b6-4718-9309-2665ad2d1a12,muito legal ver os outros projetos do cnpq!,23/07/2025 14:18
fa22c635-07b6-4718-9309-2665ad2d1a12,engie me contrata!,23/07/2025 14:18
8e1a9311-52fe-4567-8c58-70f0e2281925,ansiosa pela foto oficial desse ano!!!,23/07/2025 14:18
fd51eca2-7207-474a-8495-5c0e5f20aea5,muito boa as histórias,23/07/2025 14:19
fd51eca2-7207-474a-8495-5c0e5f20aea5,gostei bastante,23/07/2025 14:19
fd51eca2-7207-474a-8495-5c0e5f20aea5,muito interessante,23/07/2025 14:19
9ea006aa-40fb-4edc-98dd-39d527a61d6d,amei,23/07/2025 14:21
9ea006aa-40fb-4edc-98dd-39d527a61d6d,incrível,23/07/2025 14:21
b7c16dca-5c66-4a7b-8685-96474b1617e0,ansiosa para dar continuidade a segunda sessão de pôsteres,23/07/2025 14:22
a2172412-8829-44fe-a1bb-c21eb82571aa,as camisas wit 2025 estão belíssimas🫶🏻,23/07/2025 14:24
6d48edcf-e6d6-48d3-a2e0-e9296cb697f3,a foto foi um momento muito massa,23/07/2025 14:25
c8194828-4572-4490-92ca-12b49d139fba,adorei as camisetas!!🥰,23/07/2025 14:29
bc2f024f-816c-4560-b2e7-fe905d1a0478,muito bom!!,23/07/2025 14:53
71ba845f-dca4-4b80-a9fc-5012503262d8,palestras incríveis,23/07/2025 14:54
bc2f024f-816c-4560-b2e7-fe905d1a0478,conteúdo riquíssimo!,23/07/2025 14:54
71ba845f-dca4-4b80-a9fc-5012503262d8,bastante agregador,23/07/2025 14:54
71ba845f-dca4-4b80-a9fc-5012503262d8,amei!,23/07/2025 14:55
bc2f024f-816c-4560-b2e7-fe905d1a0478,amei!!,23/07/2025 14:55
71ba845f-dca4-4b80-a9fc-5012503262d8,mal posso esperar pelas próximas palestras!,23/07/2025 14:56
bc2f024f-816c-4560-b2e7-fe905d1a0478,ansiosa para nossa próxima sessão!,23/07/2025 14:56
be669223-c64d-4256-b488-d6a63a1f5117,muito interessante a ideia de gamificação com o aplicativo,23/07/2025 14:57
be28feaa-bc8c-45e6-b109-e943185c33f5,"as palestras são ótimas retratando a realidades de muitas mulheres , e nos inspirado cada vez mais",23/07/2025 14:57
be669223-c64d-4256-b488-d6a63a1f5117,"a camiseta está linda, adorei.",23/07/2025 14:57
fcd08197-e61d-4cc4-8460-7859bc9ee761,um momento cheio de aprendizado,23/07/2025 15:17
fcd08197-e61d-4cc4-8460-7859bc9ee761,amei,23/07/2025 15:17
edb1ed7b-5a06-419c-bbb0-692a9fbf269e,gostei bastante da iniciativa de ensino de programação competitiva para meninas em escolas públicas,23/07/2025 15:19
ecf86f01-f235-4ce6-b218-43e9ae6ebb8f,amei a apresentação de projetos! super inspiradores,23/07/2025 15:20
ecf86f01-f235-4ce6-b218-43e9ae6ebb8f,sessão de posters muito linda!,23/07/2025 15:20
edb1ed7b-5a06-419c-bbb0-692a9fbf269e,as estatísticas são bastante otimistas,23/07/2025 15:20
fcd08197-e61d-4cc4-8460-7859bc9ee761,momento enriquecedor,23/07/2025 15:20
fcd08197-e61d-4cc4-8460-7859bc9ee761,gostei muito,23/07/2025 15:20
7695e714-3a65-4d70-af59-1b2052e09d00,muito bom,23/07/2025 15:22
7695e714-3a65-4d70-af59-1b2052e09d00,gostei,23/07/2025 15:22
0fd4184b-054c-4f30-a68f-4f62688e40b4,primeira vez no congresso. amei,23/07/2025 15:23
0fd4184b-054c-4f30-a68f-4f62688e40b4,voltarei nos próximos com certeza.,23/07/2025 15:24
489050ba-f6ce-4f05-a8ce-d6bdee47371a,parabéns aos projetos parceiros!!!,23/07/2025 15:33
6f0e3eaf-fbf3-4cda-afac-5bea2ead2b37,parabéns pelo evento!,23/07/2025 15:42
6f0e3eaf-fbf3-4cda-afac-5bea2ead2b37,evento muito bem organizado! gostei da exposição dos projetos parceiros.,23/07/2025 15:43
4775372c-ada6-4087-bb2c-70b01e4bd2f8,"palestra maravilhosa demais, muito conhecimento compartilhado ☺️",23/07/2025 15:57
7ff8200d-cf7f-46b9-82e4-f6cf85fded45,evento perfeito,23/07/2025 16:12
92884dd4-6d85-4439-b8ed-855f735d689a,ótimo,23/07/2025 16:13
92884dd4-6d85-4439-b8ed-855f735d689a,ufs aquii,23/07/2025 16:13
1130f3f4-1e33-482d-a327-745c63f1516b,amei os pôsteres!!!!,23/07/2025 16:14
81c3d4c8-2223-4ace-9cda-6620ed75bf1a,que bom ver tantos pôsteres de programas parceiros!!!,23/07/2025 16:16
7ff8200d-cf7f-46b9-82e4-f6cf85fded45,o segundo dia também está sendo incrível,23/07/2025 16:16
575e397c-e7d3-4587-9a09-46e3df1ccdf4,adorei conhecer novos projetos parceiros durante a sessão de pôster!,23/07/2025 16:17
ccf1aa16-c6a5-4d78-85ab-a43ad8256de3,💗💗💗💗👩🏻‍💻,23/07/2025 16:18
8b928f09-aedb-4ce1-a365-4d56a0839c50,estou amando a gameficação!!,23/07/2025 16:23
51dee22d-fc70-4bc4-b8ad-c757599b8ba8,muito conhecimento,23/07/2025 16:26
0075ff65-ea4f-498d-992f-ada2464aa615,muito bom  o evento!,23/07/2025 16:26
0075ff65-ea4f-498d-992f-ada2464aa615,programacao wit maravilhosa!,23/07/2025 16:27
464bbcb6-2b9f-498e-bfbd-4f0b6935e844,que evento lindo! perfeito! estou encantada 😍,23/07/2025 16:30
464bbcb6-2b9f-498e-bfbd-4f0b6935e844,a coordenação do evento está de parabéns!!! csbc em maceió é tudo de melhor 💞💞💞💞💞,23/07/2025 16:30
adec314d-1120-4e55-985a-8bdbbf48be55,"parabéns, pela organização do evento! as pautas são muito relevantes.",23/07/2025 16:34
6d48edcf-e6d6-48d3-a2e0-e9296cb697f3,a exposição dos projetos parceiros foi um sucesssooooo,23/07/2025 16:35
fe69c798-5373-4255-831b-9a1ce468c5d6,a sessão de pôsteres foi incrível! conhecer mulheres com força de vontade dá inspiração para fazer o mesmo,23/07/2025 16:37
d9d06ba9-ddc7-49e3-8ff8-cfc02ea63d0f,amei a apresentação de banners! conhecer os outros projetos e falar sobre o meninas.comp foi bom demais!,23/07/2025 16:38
d41245db-625f-483f-8dc9-03a25833c76c,❤️,23/07/2025 16:44
d9d06ba9-ddc7-49e3-8ff8-cfc02ea63d0f,muito importante o relatório feito pela cide! obrigada por trazerem ele para que a comunidade se conscientize cada vez mais,23/07/2025 16:46
1ced77b3-b5de-4d74-8882-f7ffe3d9ec30,muito gratificante estar participando,23/07/2025 16:50
1ced77b3-b5de-4d74-8882-f7ffe3d9ec30,sem comentários,23/07/2025 16:50
adec314d-1120-4e55-985a-8bdbbf48be55,"devemos, sim, criar um ambiente em que todos se sintam bem-vindos! para isso é preciso compreender os porquês das diferenças de representatividade em relação à sociedade brasileira na sbc.",23/07/2025 16:51
4775372c-ada6-4087-bb2c-70b01e4bd2f8,"adorei a sessão de pôsteres, muitos trabalhos brilhantes 💜",23/07/2025 16:52
7ff8200d-cf7f-46b9-82e4-f6cf85fded45,💖💖💖,23/07/2025 16:57
e56b565e-2680-4f05-bfb5-f672c691d632,a sessão de pôsteres foi inspiradora! parabéns a todos os projetos parceiros.,23/07/2025 16:57
8f0f4c0d-f2eb-4b18-8099-25bcd217a483,importantíssimo ter o presidente da acm compreendendo a importância da diversidade na computação,23/07/2025 16:57
352e47bd-d2bf-4541-a6ce-6498a321db06,ainda estamos por aqui,23/07/2025 16:59
a963dd12-40da-4337-b329-0e358fc55b57,achei extremamente interessante e bem vindo ao evento.,23/07/2025 17:02
03a65761-df50-4a1d-b247-f846bd21c48e,eu amei,23/07/2025 17:03
03a65761-df50-4a1d-b247-f846bd21c48e,adorei,23/07/2025 17:03
352e47bd-d2bf-4541-a6ce-6498a321db06,extremamente interessante!!!!!,23/07/2025 17:04
1adbc12f-bf03-4c55-8960-539251e80c9e,segundo dia <3,23/07/2025 17:05
bc4009b6-e6ad-4b08-8126-a0e91ba35f4b,adorei ver mulheres tão importantes e inteligentes nesse evento. obrigada por serem inspirações pra todas as meninas no congresso!,23/07/2025 17:06
3efe71e2-c0d5-4596-b566-0ef34e7ff13d,"já no início da apresentação da embraer me encantou os olhos, simplesmente incrível!!!!!",23/07/2025 17:06
34f169b0-0592-49a9-adae-030f73515e9e,"pude aprender bastante sobre inclusão das mulheres na tecnologia, acredito que a palestra sanou diversas dúvidas pessoais minhas.",23/07/2025 17:17
34f169b0-0592-49a9-adae-030f73515e9e,ótima palestra! muito grata por poder participar,23/07/2025 17:19
38a3f457-2608-4b06-a8f5-f05a3c41b341,parabéns por esse evento incrível! é muito bom ver as meninas de diferentes estados tão engajadas em um único propósito,23/07/2025 17:20
bc4009b6-e6ad-4b08-8126-a0e91ba35f4b,segundo dia ❤️❤️,23/07/2025 17:24
bc4009b6-e6ad-4b08-8126-a0e91ba35f4b,amei a palestra da embraer,23/07/2025 17:25
bc4009b6-e6ad-4b08-8126-a0e91ba35f4b,top top top,23/07/2025 17:25
464bbcb6-2b9f-498e-bfbd-4f0b6935e844,"genteee, que evento toppp",23/07/2025 17:48
464bbcb6-2b9f-498e-bfbd-4f0b6935e844,maravilhosoooooo!!!,23/07/2025 17:49
e6d477bf-b603-42a7-985e-ac84356103b9,parabéns pelo evento!,23/07/2025 18:01
1e411a8b-4d32-4425-945d-09887c5071b8,entrega das camisas hoje foi emocionante!!!,23/07/2025 18:01
e6d477bf-b603-42a7-985e-ac84356103b9,que emocionante!,23/07/2025 18:02
1e411a8b-4d32-4425-945d-09887c5071b8,segundo dia está terminando com sucesso❤️,23/07/2025 18:04
6933d6a3-26d4-4177-97e9-e7325d50bfaa,marinalva você me representa!,23/07/2025 18:06
c23e3c88-36e4-4099-abc5-67195fb50d88,adorei a sessão de pôsteres. é muito interessante ver tantos trabalhos voltados para mulheres em um congresso de computação.,23/07/2025 18:21
c23e3c88-36e4-4099-abc5-67195fb50d88,"como mulher na área de computação, acho muito importante eventos como esse.",23/07/2025 18:22
1c7000ea-e558-4ef4-93d8-2c018ec84123,sempre muito bom ver jogos sobre mulheres em stem💕,23/07/2025 18:38
b7c16dca-5c66-4a7b-8685-96474b1617e0,"motivador a apresentação da embraer, tanto pelas oportunidades apresentadas, mas principalmente a história de vida da marinalva, uma inspiração em pessoa.",23/07/2025 18:39
251569e1-42c3-4c32-b8db-d8b8b9741d5b,adorei a camiseta!!,23/07/2025 23:07
251569e1-42c3-4c32-b8db-d8b8b9741d5b,manhã maravilhosa no wit!,23/07/2025 23:07
1130f3f4-1e33-482d-a327-745c63f1516b,o dia de hoje foi muito motivador. poder ver tantos trabalhos das meninas nas áreas foi inspirador.,23/07/2025 23:16
b26c0a2d-f5a9-4708-a4ec-8603756202d8,a palestra da embraer foi fantástica! que lição de vuda emocionante!!,24/07/2025 01:55
b26c0a2d-f5a9-4708-a4ec-8603756202d8,a. primeira pergunta do questionário de avaliação do wit não está permitindo marcar mais de 1 alternativa.,24/07/2025 01:58
262af184-23c3-4cb4-8231-04a142217d69,o tema é bem relevante e trás perspectivas diferentes do que imaginava.,24/07/2025 05:05
262af184-23c3-4cb4-8231-04a142217d69,palestra clara e objetiva.,24/07/2025 05:06
06f1249e-61d1-4916-a745-f29b8095822b,"ontem foi o dia mais legal e interativo, vou sair desse congresso inspirada a focar nos meus estudos pra crescer e ganhar mais espaço na área ❤️",24/07/2025 05:54
06f1249e-61d1-4916-a745-f29b8095822b,a camiseta e os brindes estão maravilhosos ❤️❤️❤️❤️,24/07/2025 05:54
c23e3c88-36e4-4099-abc5-67195fb50d88,conheci pessoas incríveis com projetos incríveis. é muito importante e muito boa essa troca.,24/07/2025 06:54
c23e3c88-36e4-4099-abc5-67195fb50d88,o momento da foto oficial foi muito lindo.,24/07/2025 06:55
6e490da9-d604-49fa-b782-7cc09c1615d3,ansiosa para as apresentações de hoje. certamente será  incrível!,24/07/2025 07:34
6e490da9-d604-49fa-b782-7cc09c1615d3,a gamificacao está demais.,24/07/2025 07:35
526a01d7-32cb-4bbe-a7c8-77d7090f52fd,evento super legal! 🥰,24/07/2025 07:38
c23e3c88-36e4-4099-abc5-67195fb50d88,ansiosa para ver as apresentações de hoje!,24/07/2025 07:48
d7cc7b23-8be1-497b-ae4a-23b538971629,ótima organização,24/07/2025 07:57
d7cc7b23-8be1-497b-ae4a-23b538971629,ansiosa para o próximo,24/07/2025 07:57
4270590b-ac53-434d-88eb-f948b87a7247,ansioso para hoje!,24/07/2025 07:57
4270590b-ac53-434d-88eb-f948b87a7247,"bom dia, ansioso para as apresentações de hoje.",24/07/2025 07:58
bf25caf2-133a-4e49-af4f-273e12e2009e,"hoje o dia vai ser emocionante, dia de apresentação.",24/07/2025 08:01
bf25caf2-133a-4e49-af4f-273e12e2009e,"última dia, já estou com saudades.",24/07/2025 08:01
5b1bd074-2e84-4caf-854b-505a36f8a606,ótimo trabalho,24/07/2025 08:05
5b1bd074-2e84-4caf-854b-505a36f8a606,"continuem assim, evento perfeito",24/07/2025 08:05
a57c1135-2ebb-4824-9625-c0bce163dddf,ansioso para a premiação do evento 🙏,24/07/2025 08:05
4bc0a904-0a38-4b33-b1de-cab5ea9cf808,palestras incríveis.,24/07/2025 08:06
4bc0a904-0a38-4b33-b1de-cab5ea9cf808,super legal,24/07/2025 08:06
a57c1135-2ebb-4824-9625-c0bce163dddf,go mermãs! 🔥,24/07/2025 08:06
9ea006aa-40fb-4edc-98dd-39d527a61d6d,impressionante a diversidade de informações interessantes,24/07/2025 08:09
9ea006aa-40fb-4edc-98dd-39d527a61d6d,incrível como essas palestras mudam a nossa visão,24/07/2025 08:09
0075ff65-ea4f-498d-992f-ada2464aa615,os fórums do wit estão sendo muito bons!,24/07/2025 08:24
d045f926-cf41-4757-ae96-89594f6e4870,tá incrível 💜,24/07/2025 08:24
d045f926-cf41-4757-ae96-89594f6e4870,mermãs digitais 💜,24/07/2025 08:24
0075ff65-ea4f-498d-992f-ada2464aa615,evento excelente!,24/07/2025 08:25
e11a154c-a026-49a9-9a71-ad45b5939df8,último dia de wit 😢,24/07/2025 08:40
170840c4-5893-454a-8433-5854baffd2cc,ansiosa pelas apresentações de hoje,24/07/2025 08:41
e11a154c-a026-49a9-9a71-ad45b5939df8,bom dia ☀️,24/07/2025 08:41
170840c4-5893-454a-8433-5854baffd2cc,esperando muito já pela premiação e a edição de 2026,24/07/2025 08:41
75049fc4-0a03-4d80-9d70-6471c2c5a110,o wit tá incrível!!!!,24/07/2025 08:46
75049fc4-0a03-4d80-9d70-6471c2c5a110,os artigos são demais,24/07/2025 08:46
75049fc4-0a03-4d80-9d70-6471c2c5a110,momentos incríveis,24/07/2025 08:47
0b4761ba-7672-4bde-89c3-74f013f2b163,último dia vamos que vamos!!!,24/07/2025 08:47
0b4761ba-7672-4bde-89c3-74f013f2b163,partiu!!!,24/07/2025 08:47
97bb898c-af32-4429-b56c-5914309a8775,triste de já ser o último dia,24/07/2025 08:52
67959b7b-0a25-4354-a35e-f5974a549323,uma pena hoje ser o último dia de wit!,24/07/2025 08:52
67959b7b-0a25-4354-a35e-f5974a549323,já estou pronta para o próximo 😍,24/07/2025 08:53
16d2d16a-6864-4d0c-afe3-d87991308ec5,"adorei, participei de todos",24/07/2025 08:55
16d2d16a-6864-4d0c-afe3-d87991308ec5,quero mais broches,24/07/2025 08:56
251569e1-42c3-4c32-b8db-d8b8b9741d5b,começando mais um dia no wit;),24/07/2025 08:57
050da8f6-fd58-42b6-8066-82fb42c0fa4b,"salas bem localizadas e organizadas, além de limpas e com bom som",24/07/2025 08:57
1e2c4536-db1c-40f6-a514-717da937138d,muito ansiosa pra apresentar nosso artigo!!!!,24/07/2025 08:57
050da8f6-fd58-42b6-8066-82fb42c0fa4b,"ótimas apresentações com diversidade de assuntos e temas, além de pessoas.",24/07/2025 08:57
1e2c4536-db1c-40f6-a514-717da937138d,"ótima organização, como sempre",24/07/2025 08:58
f3eed192-b8ab-4094-942f-54e234fbb70b,ainda tentando me recuperar da história de vida de marinalva 😭,24/07/2025 08:58
f3eed192-b8ab-4094-942f-54e234fbb70b,palestra incrível do embraer 🤩🤩🤩,24/07/2025 08:59
352e47bd-d2bf-4541-a6ce-6498a321db06,palestra incrível a da embraer,24/07/2025 09:01
3efe71e2-c0d5-4596-b566-0ef34e7ff13d,ansiosa para as de hoje!,24/07/2025 09:01
3efe71e2-c0d5-4596-b566-0ef34e7ff13d,"mesmo vindo para outro evento, minha agenda hj é 100% wit",24/07/2025 09:02
5c7c797e-febc-42ad-883a-7aaefc221bb2,super ansiosa com o dia de hoje,24/07/2025 09:02
cf03f7b1-8338-40a2-84f4-91ec5f988764,evento incrível!,24/07/2025 09:03
352e47bd-d2bf-4541-a6ce-6498a321db06,massa dms !!!!!!,24/07/2025 09:03
cf03f7b1-8338-40a2-84f4-91ec5f988764,último dia!!!,24/07/2025 09:03
352e47bd-d2bf-4541-a6ce-6498a321db06,que pena q está acabando..,24/07/2025 09:03
a24b5393-ee39-4272-8f84-7f95fa794341,"que venha o último dia, wit já deixando saudades.",24/07/2025 09:05
17a6d940-56ba-4d72-8c6b-3f765a91e6ac,expectativa a mil aqui no último dia de wit!!!,24/07/2025 09:06
268e12fc-6012-41e0-9301-483b58059c69,"último dia, 😍",24/07/2025 09:06
20280073-68fe-4304-9f54-d23b1663fe33,os artigos são extremamente importantes para aderirmos conhecimentos de outros temas e adequarmos em nosso projetos,24/07/2025 09:07
d90a7533-8a3c-4a1e-9221-2185fdeaec90,"adorei o tema de inclusão, diversidade e equidade!",24/07/2025 09:07
d90a7533-8a3c-4a1e-9221-2185fdeaec90,adorando participar do wit!!!,24/07/2025 09:07
6d48edcf-e6d6-48d3-a2e0-e9296cb697f3,já estou com saudade 🥲,24/07/2025 09:07
a4ceb2fb-9e75-4db1-ace5-c82f92a1376e,tudo ótimo,24/07/2025 09:07
6d48edcf-e6d6-48d3-a2e0-e9296cb697f3,que hoje seja um dia maravilhoso,24/07/2025 09:07
ed496342-5088-4e03-9bf6-270dbfd06758,secção técnica 5 está com apresentações fantásticas ✨,24/07/2025 09:07
a4ceb2fb-9e75-4db1-ace5-c82f92a1376e,maravilhoso. parabéns,24/07/2025 09:07
ce4b41b3-8b58-4d8c-9cb8-5bf7133c59d4,sempre maravilhoso,24/07/2025 09:08
ce4b41b3-8b58-4d8c-9cb8-5bf7133c59d4,perfeito,24/07/2025 09:08
a6584b5b-822e-4c85-be5b-e91db87dc16e,até agora tudo maravilhoso!,24/07/2025 09:08
4c4af487-81e9-4e3a-8efc-b2d0f1b0b394,foram dias de muito conhecimento e boas experiências,24/07/2025 09:09
38a3f457-2608-4b06-a8f5-f05a3c41b341,"último dia, tururuu",24/07/2025 09:09
4c4af487-81e9-4e3a-8efc-b2d0f1b0b394,estou voltando pra casa com muitas ideias e inovações,24/07/2025 09:09
3ad87374-5d6b-41e4-a901-00435a3f8c6e,amei o dia de hj,24/07/2025 09:09
3ad87374-5d6b-41e4-a901-00435a3f8c6e,espero que os próximos encontros sejam tão bons quanto,24/07/2025 09:09
38a3f457-2608-4b06-a8f5-f05a3c41b341,já quero ir para o próximo!!!,24/07/2025 09:10
eb7a2e85-37f5-4355-b66a-b99d1a9ac033,"que evento incrível, vou sentir saudadee do csbc💖",24/07/2025 09:10
eb7a2e85-37f5-4355-b66a-b99d1a9ac033,todas as apresentações do wit impecáveis!,24/07/2025 09:10
671f8ca1-38b7-401b-b96a-2dc047c32c4b,está sendo um sonho!,24/07/2025 09:10
671f8ca1-38b7-401b-b96a-2dc047c32c4b,a energia ontem na hora da foto foi incrível!,24/07/2025 09:11
20280073-68fe-4304-9f54-d23b1663fe33,extremamente importante,24/07/2025 09:11
17a6d940-56ba-4d72-8c6b-3f765a91e6ac,"assunto muito interessante sobre a síndrome do impostor, já passei por isso no começo da minha carreira como desenvolvedora e fui muito bem acolhida por mulheres incríveis e empoderadas. viva o wit!!!",24/07/2025 09:13
f968ccfe-0100-4760-818b-0d85fd912a70,adorei o evento ! ótimas palestras ! queria mais,24/07/2025 09:15
5244efbb-01d2-4f7e-b505-4fd32300baff,trabalhos qualificados demais. o wit cresceu com sessões técnicas em paralelo. esta na hora de virar um simpósio hehehe,24/07/2025 09:16
ed496342-5088-4e03-9bf6-270dbfd06758,wit está cheio de artigos maravilhosos ✨🫰🏻,24/07/2025 09:16
38a3f457-2608-4b06-a8f5-f05a3c41b341,evento muito bom!,24/07/2025 09:17
5c7c797e-febc-42ad-883a-7aaefc221bb2,muito interessante o artigo sobre a síndrome da impostora,24/07/2025 09:19
e56b565e-2680-4f05-bfb5-f672c691d632,uma pena que já é o último dia!,24/07/2025 09:19
e56b565e-2680-4f05-bfb5-f672c691d632,animada para o ano que vem!,24/07/2025 09:19
9e1aa993-64b6-4d6b-99d1-897ce3415327,evento maravilhoso!!!,24/07/2025 09:19
c08bca4e-d84f-4567-b938-d29470fd6d02,#csbc2025,24/07/2025 09:20
9e1aa993-64b6-4d6b-99d1-897ce3415327,😍😍,24/07/2025 09:20
9e1aa993-64b6-4d6b-99d1-897ce3415327,👏,24/07/2025 09:20
ae4d3fbb-069f-4906-895d-6ff10de1bdb9,"último dia de csbc e wit, ansiosa e triste ao mesmo tempo.",24/07/2025 09:20
39c3a3e9-ded4-4f91-a9f8-b00e2c644d07,#csbc2025,24/07/2025 09:21
9e1aa993-64b6-4d6b-99d1-897ce3415327,💫❤️,24/07/2025 09:21
c08bca4e-d84f-4567-b938-d29470fd6d02,"minha a primeira vez no evento e em congresso relacionados, e estou achando muito interessante as apresentações de artigos, dá mais motivação de estar na área acadêmica.",24/07/2025 09:21
609ff990-2fc8-4802-9bc3-d805b042eab5,considerei a palestra importante para a minha compreensão da situação atual das mulheres na área stem.,24/07/2025 09:21
f37ffdc2-3f64-4b56-a935-4ddecee92321,o evento está sendo maravilhoso,24/07/2025 09:21
f37ffdc2-3f64-4b56-a935-4ddecee92321,amei a camisa dessa edição do wit,24/07/2025 09:22
609ff990-2fc8-4802-9bc3-d805b042eab5,gostei,24/07/2025 09:22
adec314d-1120-4e55-985a-8bdbbf48be55,"gurias of code, presente! (sessão técnica 05)",24/07/2025 09:22
adec314d-1120-4e55-985a-8bdbbf48be55,"a programação está excelente, contemplando diversidade e interseccionalidade!",24/07/2025 09:23
c8ddbe59-a031-4194-add3-db3071ddcbef,último dia wit :(,24/07/2025 09:23
c8ddbe59-a031-4194-add3-db3071ddcbef,💜,24/07/2025 09:24
d230aaa6-976f-49bd-bb8a-21d45dec64ab,vou voltar ano que vem!,24/07/2025 09:25
d230aaa6-976f-49bd-bb8a-21d45dec64ab,agradeço o apoio da embraer! a palestra da marinalva foi emocionante!,24/07/2025 09:26
454aed9e-698f-45b7-bd91-93f4a4e6aa1d,sessao maravilhosa,24/07/2025 09:26
454aed9e-698f-45b7-bd91-93f4a4e6aa1d,muito feliz em estar no wit,24/07/2025 09:26
454aed9e-698f-45b7-bd91-93f4a4e6aa1d,❤️,24/07/2025 09:27
8ace69cd-74b9-4738-b109-9ea8d441105c,organização arrasou,24/07/2025 09:28
8ace69cd-74b9-4738-b109-9ea8d441105c,muito massa o evento,24/07/2025 09:29
5ca22f49-b601-4a36-81af-dba71e05cf97,artigos muito bons,24/07/2025 09:29
5ca22f49-b601-4a36-81af-dba71e05cf97,quero ir pro próximo,24/07/2025 09:29
8ac171ff-ae8c-4709-899e-93e23ba84729,amando o wit,24/07/2025 09:31
325332d3-4d5a-4a5f-9767-efb22cbb4b1c,"palestrantes incríveis, aprendi muito com suas vivências",24/07/2025 09:32
b787555f-cd18-4a0b-9e20-493282185ddd,trabalhar com estatística e dados demanda muito cuidado para não serem enviesado. muito bom.,24/07/2025 09:33
325332d3-4d5a-4a5f-9767-efb22cbb4b1c,experiência maravilhosa de ouvir e participar desse debate,24/07/2025 09:33
3406c3d7-f8f1-4db4-9d3f-06b9d53fa541,💙💙💙,24/07/2025 09:33
3406c3d7-f8f1-4db4-9d3f-06b9d53fa541,👏👏👏👏👏,24/07/2025 09:34
325332d3-4d5a-4a5f-9767-efb22cbb4b1c,muito bom!,24/07/2025 09:34
5671ae6e-ba88-4fbb-b2dd-5c0c4e65ce60,vai codebloom,24/07/2025 09:34
5671ae6e-ba88-4fbb-b2dd-5c0c4e65ce60,vai meninas,24/07/2025 09:34
bbce1d34-bf29-45d4-8ff1-5bc397a59a07,💙💙,24/07/2025 09:35
bbce1d34-bf29-45d4-8ff1-5bc397a59a07,💙💙💙,24/07/2025 09:35
01bdf958-26a8-4cbb-9001-f8323dd02301,está acabando😭,24/07/2025 09:35
bbce1d34-bf29-45d4-8ff1-5bc397a59a07,💙,24/07/2025 09:35
7afaf882-baa2-47f7-aa69-a15f8ad3452a,💙💙💙,24/07/2025 09:37
00785be0-171f-446a-9069-97212c12e0e3,maravilhosas ❤️,24/07/2025 09:37
00785be0-171f-446a-9069-97212c12e0e3,adorei muito,24/07/2025 09:37
01bdf958-26a8-4cbb-9001-f8323dd02301,💙💙,24/07/2025 09:37
39c3a3e9-ded4-4f91-a9f8-b00e2c644d07,#wit,24/07/2025 09:38
39c3a3e9-ded4-4f91-a9f8-b00e2c644d07,#mulheres,24/07/2025 09:38
3ecdcc60-1292-4833-9c99-08066e0a6e86,apresentação sobre síndrome do impostor muito interessante!,24/07/2025 09:38
c90f49e7-30eb-4954-bad6-ff13e4342a57,empolgada para este dia!,24/07/2025 09:38
3ecdcc60-1292-4833-9c99-08066e0a6e86,quero brindes do wit!,24/07/2025 09:38
39c3a3e9-ded4-4f91-a9f8-b00e2c644d07,csbc2025,24/07/2025 09:38
e4d0c31c-1009-4bce-8c78-8d6c2d7dce89,oi maninhas,24/07/2025 09:39
e4d0c31c-1009-4bce-8c78-8d6c2d7dce89,amo,24/07/2025 09:39
c90f49e7-30eb-4954-bad6-ff13e4342a57,"parabéns, fernanda! adorei sua palestra sobre a síndrome do impostor",24/07/2025 09:39
f429f390-79a1-4e84-9a93-87a43048d3d7,oportunidade de conhecer outras realidades .,24/07/2025 09:41
f429f390-79a1-4e84-9a93-87a43048d3d7,ver que as questões que envolve nos mulheres nesta área está sendo debatido.,24/07/2025 09:42
251569e1-42c3-4c32-b8db-d8b8b9741d5b,amando as sessões técnicas!,24/07/2025 09:43
429ddec8-9edb-4757-ab8b-fcdb61defd4e,o artigos estão incríveis!!,24/07/2025 09:44
f9ff0b83-ae39-447d-b0f0-4714731e87c0,"último dia, ja estou com saudades!",24/07/2025 09:45
f9ff0b83-ae39-447d-b0f0-4714731e87c0,"amando os momentos de conversa, troca e mesa redonda!",24/07/2025 09:46
34191d68-5e12-4c00-aa49-d5df3fba23d2,vamos pra mais um dia de csbc!,24/07/2025 09:46
9365cf2e-64e9-49a0-bd3a-0d347b215820,"os artigos estão muito bem feitos, a seleção foi ótima",24/07/2025 09:47
fcd08197-e61d-4cc4-8460-7859bc9ee761,gostei muito,24/07/2025 09:49
9365cf2e-64e9-49a0-bd3a-0d347b215820,a cor da farda tá linda por demais ❤️,24/07/2025 09:49
29c31113-a01c-48e9-b475-a6963c13f3b6,tudo lindo,24/07/2025 09:50
fcd08197-e61d-4cc4-8460-7859bc9ee761,momento incrivel,24/07/2025 09:50
40fe60dd-8567-464d-ae76-d066077f13a2,palestras interativas e muito envolventes e muito informativas,24/07/2025 09:52
a24b5393-ee39-4272-8f84-7f95fa794341,já aguardando a ida a gramado. 🤩🤓,24/07/2025 09:53
192b32a5-e58c-4098-9904-78bda4615134,muito importante,24/07/2025 09:53
192b32a5-e58c-4098-9904-78bda4615134,sempre bom aprender,24/07/2025 09:53
e9b594f7-6309-4190-9032-4dde803e2d6a,"último dia de wit, ja estou com saudades🥹🙏🩷🌻",24/07/2025 09:53
add7fd57-687a-4470-8299-2c592991f1cb,highschoolminas foi o mais interessante pra mim.,24/07/2025 09:54
add7fd57-687a-4470-8299-2c592991f1cb,a ideia de criar um jogo pra ajudar as meninas em segurança digital foi genial.,24/07/2025 09:54
b787555f-cd18-4a0b-9e20-493282185ddd,"aula de conceitos de algoritmos antes de entrar em uma linguagem específica é muito bom para não acostumar os alunos na linguagem ""mais fácil"".",24/07/2025 09:56
fe69c798-5373-4255-831b-9a1ce468c5d6,o momento de apresentação dos artigos aprovados está sendo bastante inspirador!,24/07/2025 09:56
fe69c798-5373-4255-831b-9a1ce468c5d6,"ontem finalizei o dia com novas ideias para o projeto em que faço parte, para integrar mais mulheres",24/07/2025 09:56
1bfbf56f-28e4-4dee-874f-83823030bda3,"sessão técnica 5 está inspiradora! muito bom conhecer outras formas de levar a stem para o mundo, buscando diversidade de gênero",24/07/2025 09:57
c44a6e4a-9181-4d20-94cb-c3d5e05fd31c,muito bem,24/07/2025 09:57
c44a6e4a-9181-4d20-94cb-c3d5e05fd31c,ameiii,24/07/2025 09:57
0708d7a9-ed61-4c3c-9a29-dd8d999363e3,que trabalhos maravilhosos,24/07/2025 10:01
ae4d3fbb-069f-4906-895d-6ff10de1bdb9,"ótima sessão de artigos, os trabalhos e projetos para ter uma maior inclusão feminina no mundo da ti são muito bons e extremamente importantes.",24/07/2025 10:01
49506d82-9f58-4b30-828a-de6ce622a116,evento inspirador! cheia de ideias para inspirar e ajudar outras meninas e mulheres do meu agreste pernambucano a transformarem suas vidas!,24/07/2025 10:04
429ddec8-9edb-4757-ab8b-fcdb61defd4e,amei os artigos!!,24/07/2025 10:06
7afaf882-baa2-47f7-aa69-a15f8ad3452a,muito bom!,24/07/2025 10:06
93780366-368f-4230-aa79-3ac4dca0bec6,"infelizmente hoje é o último dia, muito obrigada por tudo",24/07/2025 10:08
de8d707d-b7b7-43bd-9191-a060a88bb761,amei a iniciativa do gurias na comp de mostrar a trajetória de mulheres “comuns”. como é enriquecedor conhecer ideias de outros projetos!,24/07/2025 10:08
e4d0c31c-1009-4bce-8c78-8d6c2d7dce89,heyyy,24/07/2025 10:09
e4d0c31c-1009-4bce-8c78-8d6c2d7dce89,lindaaaasa,24/07/2025 10:09
266dfd00-4b9e-447c-910d-0deebdb32501,👏👏👏,24/07/2025 10:09
266dfd00-4b9e-447c-910d-0deebdb32501,amei,24/07/2025 10:09
266dfd00-4b9e-447c-910d-0deebdb32501,"oi, meninas!",24/07/2025 10:09
266dfd00-4b9e-447c-910d-0deebdb32501,❤️,24/07/2025 10:09
3efe71e2-c0d5-4596-b566-0ef34e7ff13d,podia distribuir os brindes por participação,24/07/2025 10:10
526a01d7-32cb-4bbe-a7c8-77d7090f52fd,"nunca tinha participado de algo assim, super incrívellll",24/07/2025 10:11
526a01d7-32cb-4bbe-a7c8-77d7090f52fd,🥰,24/07/2025 10:11
66454fbb-c04e-4822-a432-18c2dc0bd51e,evento muito importante,24/07/2025 10:12
66454fbb-c04e-4822-a432-18c2dc0bd51e,muito bom!!,24/07/2025 10:12
1b4e9684-e087-4145-88d4-125c44975a1c,ansioso para a premiação 👏🏽👏🏽,24/07/2025 10:13
7afaf882-baa2-47f7-aa69-a15f8ad3452a,tema super necessário!,24/07/2025 10:13
7afaf882-baa2-47f7-aa69-a15f8ad3452a,amei!,24/07/2025 10:14
1bfbf56f-28e4-4dee-874f-83823030bda3,que satisfação apresentar no wit!!,24/07/2025 10:14
1b4e9684-e087-4145-88d4-125c44975a1c,"muito bom, adorei. nota 10, apresentação pai d'egua.",24/07/2025 10:14
54a3a419-9b19-44e8-8c62-7054a2142eba,.,24/07/2025 10:15
367155bd-5555-4d88-a907-c18a083692b4,ótimooo,24/07/2025 10:16
367155bd-5555-4d88-a907-c18a083692b4,ameiii,24/07/2025 10:16
c81d774a-5525-4ce1-9bbf-a8b743959e28,"uma apresentação muito boa, gostei bastante.",24/07/2025 10:17
c81d774a-5525-4ce1-9bbf-a8b743959e28,gostei muito,24/07/2025 10:17
93780366-368f-4230-aa79-3ac4dca0bec6,espero ir ao próximo csbc e estar com vcs,24/07/2025 10:18
0708d7a9-ed61-4c3c-9a29-dd8d999363e3,que evento maravilhoso!,24/07/2025 10:19
1adbc12f-bf03-4c55-8960-539251e80c9e,dia cheio!!,24/07/2025 10:21
54a3a419-9b19-44e8-8c62-7054a2142eba,temas muito atuais,24/07/2025 10:22
0550020a-2c79-43e6-b4ad-9d818973b654,os temas abordados foram muito relevantes,24/07/2025 10:23
1adbc12f-bf03-4c55-8960-539251e80c9e,<3,24/07/2025 10:24
0550020a-2c79-43e6-b4ad-9d818973b654,teste,24/07/2025 10:24
342d6dfe-f757-4730-97bc-246b444e6474,os artigos técnicos foram ótimos!,24/07/2025 10:25
7695e714-3a65-4d70-af59-1b2052e09d00,"muito boas, gostei muito",24/07/2025 10:26
97bb898c-af32-4429-b56c-5914309a8775,primeiras sessões técnicas foram incríveis!! super animada em fazer coisas novas na minha região!!,24/07/2025 10:26
342d6dfe-f757-4730-97bc-246b444e6474,pronta para .mais um dia de wit,24/07/2025 10:26
7695e714-3a65-4d70-af59-1b2052e09d00,sensacional,24/07/2025 10:26
575e397c-e7d3-4587-9a09-46e3df1ccdf4,"wit arrasando trazendo essas mulheres de peso, super inspiradoras!!!",24/07/2025 10:30
412301d3-9406-4057-b8ca-f6c63f066ec3,otimas palestras bem inspiradoras!,24/07/2025 10:30
412301d3-9406-4057-b8ca-f6c63f066ec3,profissionais que inspiram demais!! vamos meninas digitais!!!,24/07/2025 10:30
00256042-e094-477c-b716-28f2b7e561de,palestras incríveis,24/07/2025 10:30
8b928f09-aedb-4ce1-a365-4d56a0839c50,muito legal a exposição dos trabalhos da seção técnica! várias ideias surgindo para o futuro a partir dessas pesquisas 💕,24/07/2025 10:31
412301d3-9406-4057-b8ca-f6c63f066ec3,me sinto bem representada nas palestras!!,24/07/2025 10:31
1130f3f4-1e33-482d-a327-745c63f1516b,já estou com saudade,24/07/2025 10:31
8a9fc84a-4a91-46ee-b112-e39d627e2abd,muito bom ver mulheres compartilhando sua experiência profissional! é importante buscar mudanças institucionais que acolham as mulheres no mercado de trabalho.,24/07/2025 10:32
412301d3-9406-4057-b8ca-f6c63f066ec3,precisamos de mais mulheres na área de ti!!,24/07/2025 10:32
d02b6ff0-dcbf-4984-a11b-da3709dfc569,perfeito,24/07/2025 10:34
609ff990-2fc8-4802-9bc3-d805b042eab5,teste,24/07/2025 10:34
d02b6ff0-dcbf-4984-a11b-da3709dfc569,amei,24/07/2025 10:34
609ff990-2fc8-4802-9bc3-d805b042eab5,gostaria de saber se haverá outrs palestra com as mulheres da embraer,24/07/2025 10:34
609ff990-2fc8-4802-9bc3-d805b042eab5,gostei muito do evento,24/07/2025 10:34
d02b6ff0-dcbf-4984-a11b-da3709dfc569,grande experiência,24/07/2025 10:35
d02b6ff0-dcbf-4984-a11b-da3709dfc569,muitos aprendizados,24/07/2025 10:35
5bb974d7-0d42-4ba7-b115-6f2821843ecc,palestras muito inspiradoras! por mais mulheres na ti!,24/07/2025 10:36
6dd05336-2244-4230-bb22-31b592f2e3f8,estou amando o evento!,24/07/2025 10:36
6dd05336-2244-4230-bb22-31b592f2e3f8,tudo incrível por aqui,24/07/2025 10:36
bc2f024f-816c-4560-b2e7-fe905d1a0478,mais um dia de wit! 🥳,24/07/2025 10:37
90323ec9-1991-46bd-bc2a-4a3d8804cf71,gostei muito,24/07/2025 10:39
90323ec9-1991-46bd-bc2a-4a3d8804cf71,amei mesmo,24/07/2025 10:39
cf343695-2367-4236-b0ab-3c72d8222639,"precisamos fazer circular os nomes das mulheres. falar bem das nossas colegas (de forma legítima), para que possam ser lembradas nas indicações a cargos e posições importantes.",24/07/2025 10:39
bc2f024f-816c-4560-b2e7-fe905d1a0478,já estou com saudades do evento.,24/07/2025 10:40
ae163e36-169f-44a1-8c73-558123924278,palestras inspiradoras!!!,24/07/2025 10:41
5bb974d7-0d42-4ba7-b115-6f2821843ecc,a sororidade é essencial no mercado de trabalho: mulheres que se apoiam fortalecem toda a comunidade profissional,24/07/2025 10:41
ae163e36-169f-44a1-8c73-558123924278,inspirações.,24/07/2025 10:41
c23e3c88-36e4-4099-abc5-67195fb50d88,roda de conversa muito emocionante.,24/07/2025 10:42
3e429152-f456-498f-9abb-459b5388f42d,mesa incrível! muito interesse na embraer,24/07/2025 10:42
47ac28d9-6e77-4392-b392-960bd5825559,as palestras estão sendo muito inspiradoras 👏🏻😍,24/07/2025 10:43
e9b594f7-6309-4190-9032-4dde803e2d6a,"o apoio de outras mulheres é essencial, muito legal ter esse suporte.",24/07/2025 10:43
ae163e36-169f-44a1-8c73-558123924278,apoio é essencial.,24/07/2025 10:44
d32d63c1-02f8-4d06-9fdb-6dfed1c37967,muito legal o evento!!!,24/07/2025 10:44
47ac28d9-6e77-4392-b392-960bd5825559,evento maravilhosooo 😍,24/07/2025 10:44
ae163e36-169f-44a1-8c73-558123924278,mulheres incríveis.,24/07/2025 10:44
3e429152-f456-498f-9abb-459b5388f42d,mesa esplêndida! espero um dia ser colega de trabalho dessas mulheres ole ter a oportunidade de fazer parte do time feminino da embraer,24/07/2025 10:44
6c3e12ff-eaca-45fd-ab7c-b291f088c86e,ansiosa pra gravar o video com a collab de projetos 💕,24/07/2025 10:44
d32d63c1-02f8-4d06-9fdb-6dfed1c37967,"espero poder vir ao wit 2026 🤭 a edição de 2025 foi incrível, espero poder vir mais vezes",24/07/2025 10:45
6c3e12ff-eaca-45fd-ab7c-b291f088c86e,demos uma fugidinha do congresso para passear hoje! maceió é surreal!,24/07/2025 10:45
560003d3-5b59-481c-85d2-838ef984b466,sobre o projeto: fazer parcerias com os municípios também.,24/07/2025 10:48
560003d3-5b59-481c-85d2-838ef984b466,esse projeto não pode parar!,24/07/2025 10:49
268e12fc-6012-41e0-9301-483b58059c69,bora segurar a porta pra mais diversidade!,24/07/2025 10:49
a6584b5b-822e-4c85-be5b-e91db87dc16e,experiência enriquecedora e inspiradora cada instituição levevar e inspirar outras meninas.,24/07/2025 10:50
9d149e84-581a-4008-996e-d3680d5bcd88,tudo ótimo!,24/07/2025 10:51
9d149e84-581a-4008-996e-d3680d5bcd88,"gamificação maravilhosa, palestras divinas",24/07/2025 10:51
f9636527-826e-4f58-ad16-a9ca1a36b7ef,apenas parabenizar a organização pelo maravilhoso evento. desde a concepção até a execução durante o evento.,24/07/2025 10:52
5244efbb-01d2-4f7e-b505-4fd32300baff,essa gamificacap eh muito legal. já ficando com saudadesssss,24/07/2025 10:57
342d6dfe-f757-4730-97bc-246b444e6474,a primeira mesa redonda do dia foi muito inspiradora,24/07/2025 10:59
df0c5066-4918-4384-bf21-9ba7343bf772,amei meus prêmios!!! essa gamificação foi 1000!!!,24/07/2025 10:59
342d6dfe-f757-4730-97bc-246b444e6474,muito bom conhecer projetos parceiros,24/07/2025 11:02
41984732-0ee1-4644-b003-3309c119734d,projeto lindo! 😍😍,24/07/2025 11:05
41984732-0ee1-4644-b003-3309c119734d,extremamente importante esse tipo de trabalho pra fortalecer a confiança das estudantes,24/07/2025 11:05
489050ba-f6ce-4f05-a8ce-d6bdee47371a,parabéns aos trabalhos selecionados!!!,24/07/2025 11:06
489050ba-f6ce-4f05-a8ce-d6bdee47371a,"parabéns pelo evento, cada ano incrível!!!",24/07/2025 11:06
f9636527-826e-4f58-ad16-a9ca1a36b7ef,muito orgulho de todas as meninas e mulheres que fazem nossa comunidade!,24/07/2025 11:08
e6d477bf-b603-42a7-985e-ac84356103b9,que evento maravilhoso! uma pena passar tão rápido,24/07/2025 11:08
e6d477bf-b603-42a7-985e-ac84356103b9,que venha o wit 2026!,24/07/2025 11:08
7695e714-3a65-4d70-af59-1b2052e09d00,parabéns ao wit,24/07/2025 11:10
d9d06ba9-ddc7-49e3-8ff8-cfc02ea63d0f,estou amando conhecer os trabalhos!,24/07/2025 11:14
8f0f4c0d-f2eb-4b18-8099-25bcd217a483,nunca é tarde! etarismo é outra forma de preconceito que devemos combater.,24/07/2025 11:14
8b928f09-aedb-4ce1-a365-4d56a0839c50,me identifiquei muito com as falas na mesa redonda sobre as mulheres evitarem 'sentar na mesa'. me senti desafiada a buscar locais de mais destaque!,24/07/2025 11:17
2b305129-cc14-4538-8075-78b26f65f34f,lindo encerramento para um evento excelente. a experiência do wit nessa csbc foi encantadora.,24/07/2025 11:17
2b305129-cc14-4538-8075-78b26f65f34f,ano que vem estarei assistindo a wit de novo!,24/07/2025 11:18
d6141d77-fd57-499c-8ca3-ae4f364773f7,"otimos temas, e um evento muito importante no cenário da computação",24/07/2025 11:35
1ced77b3-b5de-4d74-8882-f7ffe3d9ec30,ótima palestra,24/07/2025 11:36
d6141d77-fd57-499c-8ca3-ae4f364773f7,ancioso pelos próximos,24/07/2025 11:36
1ced77b3-b5de-4d74-8882-f7ffe3d9ec30,muito interessante,24/07/2025 11:36
4a257948-6c61-4d69-b2bf-45561ca9dc96,ameeeei os brindes e a camisa,24/07/2025 11:37
4a257948-6c61-4d69-b2bf-45561ca9dc96,muito bom ter representatividade no mercado de trabalho gostei,24/07/2025 11:37
a2172412-8829-44fe-a1bb-c21eb82571aa,"wit 2025, foi único, parabéns a todos só envolvidos",24/07/2025 11:40
a2172412-8829-44fe-a1bb-c21eb82571aa,é incrível ver a representatividade que o wit trás nesse evento,24/07/2025 11:40
d6141d77-fd57-499c-8ca3-ae4f364773f7,"se hoje a computação é mais humana, mais ética e mais criativa, devemos muito a elas",24/07/2025 11:43
cd5e94b1-51c2-4147-a20b-9e1345a0adad,eu amei a sessão 6 de trabalhos rsrs foi a minha,24/07/2025 11:44
d6141d77-fd57-499c-8ca3-ae4f364773f7,a gameficação foi muito legal,24/07/2025 11:45
cd5e94b1-51c2-4147-a20b-9e1345a0adad,também gostei demais da rosa de conversa da engen,24/07/2025 11:45
1c7000ea-e558-4ef4-93d8-2c018ec84123,muito bons os projetos dessa sessão 💕,24/07/2025 11:54
b787555f-cd18-4a0b-9e20-493282185ddd,aprendendo e repassando. muito bom.,24/07/2025 12:00
b787555f-cd18-4a0b-9e20-493282185ddd,com certeza utilizarei os conhecimentos aprendidos aqui nos meus projetos.,24/07/2025 12:01
b787555f-cd18-4a0b-9e20-493282185ddd,esperando por mais apresentações como essas. foram todas muito boas.,24/07/2025 12:02
fe69c798-5373-4255-831b-9a1ce468c5d6,esta finalizado as apresentações de artigos aprovados na sala ipioca que com certeza todos presentes vão sair inspirados!,24/07/2025 12:05
89eaea42-ce76-461e-b7cf-fb1de9db9e79,"palestra significativa, parabéns!",24/07/2025 12:14
575e397c-e7d3-4587-9a09-46e3df1ccdf4,o evento já está deixando saudades❤️!!,24/07/2025 12:35
81c3d4c8-2223-4ace-9cda-6620ed75bf1a,gente...queria comprar o lenço das meninas digitais e não está vendendo mais!!!! que triste! tento comprar desde o primeiro dia. só no próximo csbc...,24/07/2025 12:38
8a9fc84a-4a91-46ee-b112-e39d627e2abd,ótimas trabalhos nas sessões técnicas!,24/07/2025 12:46
c8194828-4572-4490-92ca-12b49d139fba,adorei os copos de brinde! muito lindos!,24/07/2025 12:50
c8194828-4572-4490-92ca-12b49d139fba,palestras muito boas! parabéns!,24/07/2025 12:51
c8194828-4572-4490-92ca-12b49d139fba,"incrivel quantos projetos tem, muito bom ver tanta variedade",24/07/2025 12:52
d32d63c1-02f8-4d06-9fdb-6dfed1c37967,muito legal os stands aqui e poder conhecer um pouco o que as empresas fazem ou até mesmo o do if mostrando os projetos da escola!!,24/07/2025 12:59
1f1d6f52-3909-49f1-89bc-bc6ef9dbac47,muito bom a organização do evento e o coffe break gratuito,24/07/2025 13:07
1f1d6f52-3909-49f1-89bc-bc6ef9dbac47,estou gostando bastante do meu primeiro congresso,24/07/2025 13:07
1f1d6f52-3909-49f1-89bc-bc6ef9dbac47,muito bom a organização do evento,24/07/2025 13:08
1f1d6f52-3909-49f1-89bc-bc6ef9dbac47,estou gostando bastante do evento do congresso,24/07/2025 13:09
1f1d6f52-3909-49f1-89bc-bc6ef9dbac47,muito boa a organização do evento,24/07/2025 13:09
d6141d77-fd57-499c-8ca3-ae4f364773f7,quero mais games nos eventos,24/07/2025 13:22
c8194828-4572-4490-92ca-12b49d139fba,adorei a mesa redonda!,24/07/2025 13:45
c8194828-4572-4490-92ca-12b49d139fba,ansiosa pelo proximo evento!,24/07/2025 13:46
d6141d77-fd57-499c-8ca3-ae4f364773f7,passou tão rápido...,24/07/2025 13:53
d9d06ba9-ddc7-49e3-8ff8-cfc02ea63d0f,amando o evento! animada pra apresentar jaja!,24/07/2025 13:59
fcf388a5-374c-4162-9e8a-44339d70be4a,"amei, todos os dias tiveram uma ótima programação",24/07/2025 14:00
fcf388a5-374c-4162-9e8a-44339d70be4a,ansiosa pelo wit 2026!!!,24/07/2025 14:00
8e1a9311-52fe-4567-8c58-70f0e2281925,último dia fechando com chave de ouro,24/07/2025 14:04
8e1a9311-52fe-4567-8c58-70f0e2281925,ja quero ir no próximo ano!!!,24/07/2025 14:06
fd51eca2-7207-474a-8495-5c0e5f20aea5,muito bom,24/07/2025 14:14
fd51eca2-7207-474a-8495-5c0e5f20aea5,massaaa,24/07/2025 14:14
03a65761-df50-4a1d-b247-f846bd21c48e,lindo,24/07/2025 14:28
03a65761-df50-4a1d-b247-f846bd21c48e,incrível,24/07/2025 14:28
7695e714-3a65-4d70-af59-1b2052e09d00,mt bom,24/07/2025 14:29
f2d72cbf-07dd-4592-9ed1-c74275748cb7,muito legal!,24/07/2025 14:38
f2d72cbf-07dd-4592-9ed1-c74275748cb7,obrigada pelo evento.,24/07/2025 14:38
c5fb57ce-db05-491d-81a2-9fd7ad9cbee3,ótima palestra,24/07/2025 14:39
c5fb57ce-db05-491d-81a2-9fd7ad9cbee3,o wit é uma experiência incrível,24/07/2025 14:39
34191d68-5e12-4c00-aa49-d5df3fba23d2,último dia de csbc! que experiência!,24/07/2025 14:49
03a65761-df50-4a1d-b247-f846bd21c48e,"evento perto, quero mais",24/07/2025 14:53
03a65761-df50-4a1d-b247-f846bd21c48e,mudou minha vida,24/07/2025 14:53
934ac1e9-8a9e-4865-977f-b22e4bbce84e,evento excelente,24/07/2025 15:00
934ac1e9-8a9e-4865-977f-b22e4bbce84e,parabéns a organização,24/07/2025 15:01
81c3d4c8-2223-4ace-9cda-6620ed75bf1a,adorei a inclusão do app este ano!!! já quero em todos os eventos.,24/07/2025 15:14
fe69c798-5373-4255-831b-9a1ce468c5d6,finalizei minha participação no wit e foi uma experiência incrível 🫶🏻,24/07/2025 15:17
c01cfc13-c80c-4c86-872a-da81361b3339,evento maravilhoso! não vejo a hora do próximo!,24/07/2025 15:18
c55ff755-bd00-4af8-b6ed-ed43007446b3,daqui a pouco tem a apresentação do nosso artigo 🤞,24/07/2025 15:20
c55ff755-bd00-4af8-b6ed-ed43007446b3,dia lindo em maceió! ☀️,24/07/2025 15:21
3e11fb01-68a6-4df9-99ff-eb6fa17ea8e0,wit tá fantástico!,24/07/2025 15:23
3e11fb01-68a6-4df9-99ff-eb6fa17ea8e0,"parabéns, pessoal!!",24/07/2025 15:23
0420c57a-0aa8-45b1-9166-f455c0711707,amei ganhar o chocolate,24/07/2025 15:24
0420c57a-0aa8-45b1-9166-f455c0711707,a melhor gamificação do csbc,24/07/2025 15:24
0420c57a-0aa8-45b1-9166-f455c0711707,amei os brindesss,24/07/2025 15:25
0420c57a-0aa8-45b1-9166-f455c0711707,já estou ansiosa pra 2026,24/07/2025 15:25
81c3d4c8-2223-4ace-9cda-6620ed75bf1a,xonada nos brindes deste ano 😍😍😍,24/07/2025 15:29
81c3d4c8-2223-4ace-9cda-6620ed75bf1a,ansiosa para as proximas edicões!!,24/07/2025 15:30
81c3d4c8-2223-4ace-9cda-6620ed75bf1a,"lindo o lenço das meninas digitais, pena que não está mais a venda...",24/07/2025 15:31
88254066-58d3-4049-ac9d-5b393c178080,incrível a ideia do aplicativo!!! ajudou muito na minha organização,24/07/2025 15:32
35243cd2-0a35-403a-8ba7-cb6a6da282d7,"temática relevante, gostei!",24/07/2025 15:45
f9636527-826e-4f58-ad16-a9ca1a36b7ef,o bittom mais lindoooo,24/07/2025 15:48
7ab458bd-970a-40e5-9525-ee10be806901,maravilha de momento,24/07/2025 15:52
7ab458bd-970a-40e5-9525-ee10be806901,amei a palestra,24/07/2025 15:52
35243cd2-0a35-403a-8ba7-cb6a6da282d7,muito bem elaborado e de boa compreensão,24/07/2025 15:54
89eaea42-ce76-461e-b7cf-fb1de9db9e79,o evento foi maravilhoso e muito significativo. parabéns pela organização!,24/07/2025 15:59
4d59d2bb-694c-4bf2-b444-3b4b967095f1,o evento está maravilhoso!!,24/07/2025 16:07
4d59d2bb-694c-4bf2-b444-3b4b967095f1,palestras incríveis!!,24/07/2025 16:07
c713c63b-4cef-4df5-8b95-372a1fabe5fa,a cláudia é extremamente fofa e incrível,24/07/2025 16:20
97b78585-66fb-4308-ac17-5dec3ad981db,sessão de artigos hije de manhã foi muito boa! adorei todos os artigos,24/07/2025 16:20
c713c63b-4cef-4df5-8b95-372a1fabe5fa,"amei a sessão técnica da manhã, vários artigos ótimos",24/07/2025 16:20
c713c63b-4cef-4df5-8b95-372a1fabe5fa,"a organização do wit está de parabéns, está tudo incrível",24/07/2025 16:21
97b78585-66fb-4308-ac17-5dec3ad981db,"estou adorando conhecer novos projetos de todo o brasil, não sabia da imensidão disso tudo!",24/07/2025 16:21
97b78585-66fb-4308-ac17-5dec3ad981db,amei a mesa redonda!,24/07/2025 16:22
c713c63b-4cef-4df5-8b95-372a1fabe5fa,"ansiosa pelas sessão técnicas da tarde, espero encontrar projetos inspiradores como encontrei de manhã!",24/07/2025 16:22
97b78585-66fb-4308-ac17-5dec3ad981db,amei a gameficação do wit! nunca tinha participado antes desse tipo de evento,24/07/2025 16:23
c713c63b-4cef-4df5-8b95-372a1fabe5fa,"parabéns para a equipe responsável pela arte do wit nesse ano, está maravilhosa",24/07/2025 16:26
97b78585-66fb-4308-ac17-5dec3ad981db,evento acabando e eu só consigo pensar no quão gratificante é estar aqui. viemos juntas de brasília para maceió e essa edição do csbc ficará marcada.,24/07/2025 16:28
fcf388a5-374c-4162-9e8a-44339d70be4a,parabéns à jbcs!,24/07/2025 16:30
fcf388a5-374c-4162-9e8a-44339d70be4a,mulheres inspiradoras #wit2025,24/07/2025 16:30
fcf388a5-374c-4162-9e8a-44339d70be4a,amei encontrar os diversos projetos incluindo mulheres em tecnologia por todo o brasil.,24/07/2025 16:31
3f3583d6-1037-423a-9a58-0b27ea89d428,os brindes da gamificação são ótimos,24/07/2025 16:37
3f3583d6-1037-423a-9a58-0b27ea89d428,💙,24/07/2025 16:37
8ac171ff-ae8c-4709-899e-93e23ba84729,ótimo evento,24/07/2025 16:39
b11326b5-9d5e-4d41-9e8a-fe4a2bd9bbb4,meninas digitais arrasaram!!,24/07/2025 16:44
b787555f-cd18-4a0b-9e20-493282185ddd,que relato impactante! me emocionei.,24/07/2025 16:45
b11326b5-9d5e-4d41-9e8a-fe4a2bd9bbb4,amei tudooo no wit,24/07/2025 16:45
b787555f-cd18-4a0b-9e20-493282185ddd,isso sim é perseverança e força. a força de uma mulher.,24/07/2025 16:45
b787555f-cd18-4a0b-9e20-493282185ddd,"impressionante e forte, que superação.",24/07/2025 16:45
b11326b5-9d5e-4d41-9e8a-fe4a2bd9bbb4,importantíssimo escutar tudo que essas mulheres tem a dizer,24/07/2025 16:45
b11326b5-9d5e-4d41-9e8a-fe4a2bd9bbb4,assistir as palestras só reforçam o quanto necessitamos de rede de apoio,24/07/2025 16:46
b787555f-cd18-4a0b-9e20-493282185ddd,"o estudo sempre abrindo portas para as pessoas. difícil, com certeza foi muito batalhadora.",24/07/2025 16:47
b26c0a2d-f5a9-4708-a4ec-8603756202d8,que pena que está acabando!! foi tudo feito com excelência.,24/07/2025 16:48
537d3fe2-2cd9-4d63-a1cf-6c6d288411ff,já estou ansiosa para o ano que vem,24/07/2025 16:48
537d3fe2-2cd9-4d63-a1cf-6c6d288411ff,em 2027 todas vão virar cunhantã digital,24/07/2025 16:48
b787555f-cd18-4a0b-9e20-493282185ddd,infelizmente a área de tecnologia ainda não é tão aberta para a diversidade. precisamos mudar isso.,24/07/2025 16:49
b787555f-cd18-4a0b-9e20-493282185ddd,mesa redonda com mulheres impressionantes. parabéns de verdade.,24/07/2025 16:50
b787555f-cd18-4a0b-9e20-493282185ddd,"maternidade, emprego, relacionamento familiar e conjugal, e ainda serem pesquisadoras. ser mulher não é fácil.",24/07/2025 16:52
92884dd4-6d85-4439-b8ed-855f735d689a,👏👏👏,24/07/2025 16:53
92884dd4-6d85-4439-b8ed-855f735d689a,realmente!,24/07/2025 16:53
4e2209fc-edba-463c-87a8-cb990ff36067,"foi uma palestra bem legal, só o ar condicionado tava bem frio",24/07/2025 16:53
9f773bc4-a96d-41fd-a812-4cd40ae76ce4,top demais!,24/07/2025 16:55
4e2209fc-edba-463c-87a8-cb990ff36067,muitas pessoas na palestra fez com tivesse mais imersão,24/07/2025 16:55
9f773bc4-a96d-41fd-a812-4cd40ae76ce4,encerramento com foco total!,24/07/2025 16:55
c04b5ba6-0939-443f-93db-54b15820e804,muito legal a diversidade na mesa redonda!!,24/07/2025 16:57
a2b933ed-8f43-4354-aa77-459b765af699,evento excelente!!,24/07/2025 16:57
c04b5ba6-0939-443f-93db-54b15820e804,muito tocante e inspirador ouvir esses relatos de mulheres tão fortes! ❤️,24/07/2025 16:58
c01cfc13-c80c-4c86-872a-da81361b3339,"mesa redonda trouxe muitos relatos fortes das mulheres, me identifiquei muito!",24/07/2025 16:58
1c7000ea-e558-4ef4-93d8-2c018ec84123,evento maravilhoso 💜,24/07/2025 17:06
a2b933ed-8f43-4354-aa77-459b765af699,amo muito o wit!,24/07/2025 17:11
7ff8200d-cf7f-46b9-82e4-f6cf85fded45,o terceiro dia está sendo maravilhoso,24/07/2025 17:12
b787555f-cd18-4a0b-9e20-493282185ddd,"que mesa maravilhoso. ""eu precisava ser maior para mim"" levarei muito do que ouvi hoje para vida.",24/07/2025 17:14
8ac171ff-ae8c-4709-899e-93e23ba84729,"é muito importante ver esse tipo de relato, nós mulheres não estamos sozinhas 🩷",24/07/2025 17:15
b787555f-cd18-4a0b-9e20-493282185ddd,"""antes de ser um bom profissional, seja um bom ser humano"" 
sem palavras para essas mulheres.",24/07/2025 17:16
7ff8200d-cf7f-46b9-82e4-f6cf85fded45,amei muito. 💖💖,24/07/2025 17:18
2dda6d0e-c0bf-4094-9dd0-82540de1cfaa,uhuuuuuu!,24/07/2025 17:19
2dda6d0e-c0bf-4094-9dd0-82540de1cfaa,vamos para a última do dia,24/07/2025 17:20
a2b933ed-8f43-4354-aa77-459b765af699,mulheres inspiradoras!!,24/07/2025 17:22
a2b933ed-8f43-4354-aa77-459b765af699,wit é o melhor evento,24/07/2025 17:24
599e5dc6-fa67-4845-a44e-539c244937fc,stella 💜💜💜,24/07/2025 17:30
599e5dc6-fa67-4845-a44e-539c244937fc,wit incrível!,24/07/2025 17:30
b787555f-cd18-4a0b-9e20-493282185ddd,"projetos interessantes, do tipo que servem de exemplo para que mais pessoas possam por em prática",24/07/2025 17:39
849079b5-58a9-4408-b5d9-528fed2b6ac7,amando os brindes!!!!,24/07/2025 17:45
849079b5-58a9-4408-b5d9-528fed2b6ac7,os artigos são incríveis !!!,24/07/2025 17:46
849079b5-58a9-4408-b5d9-528fed2b6ac7,"aiii já quero o wit do ano que vem, ansiosa 🥹💗💗",24/07/2025 17:46
849079b5-58a9-4408-b5d9-528fed2b6ac7,"organização incrível, estão de parabens! 💗",24/07/2025 17:47
a2b933ed-8f43-4354-aa77-459b765af699,vou voltar para casa com muito aprendizado na bagagem!!,24/07/2025 17:57
6e668e80-7eda-405e-814d-d4b1dd4538c3,amo demais!!,24/07/2025 18:01
6e668e80-7eda-405e-814d-d4b1dd4538c3,lindas!!,24/07/2025 18:01
b787555f-cd18-4a0b-9e20-493282185ddd,as meninas trazendo muito. 👏👏👏,24/07/2025 18:02
c49c15fe-dc85-4357-b9ea-0311374c56f8,top,24/07/2025 18:33
c49c15fe-dc85-4357-b9ea-0311374c56f8,amei o wit,24/07/2025 18:33
01e8f053-615c-4bad-adf9-1dad61d8a4f3,palestra muito boa!,24/07/2025 18:35
01e8f053-615c-4bad-adf9-1dad61d8a4f3,excelente palestra!,24/07/2025 18:35
01e8f053-615c-4bad-adf9-1dad61d8a4f3,"palestra excelente, muito enriquecedora!",24/07/2025 18:36
01e8f053-615c-4bad-adf9-1dad61d8a4f3,gostei muito da palestra 🙂,24/07/2025 18:37
01e8f053-615c-4bad-adf9-1dad61d8a4f3,"palestra muito enriquecedora, amei! 💙",24/07/2025 18:38
01e8f053-615c-4bad-adf9-1dad61d8a4f3,"gostei muito da palestra, muito boa! 💖",24/07/2025 18:39
5808de75-5a35-4959-9cc8-d9ec79896c4b,otimo evento,24/07/2025 19:21
5808de75-5a35-4959-9cc8-d9ec79896c4b,excelente,24/07/2025 19:22
e4b0f1b6-9472-49ac-9885-1e4946cea893,evento maravilhoso,24/07/2025 19:22
e4b0f1b6-9472-49ac-9885-1e4946cea893,até o próximo evento,24/07/2025 19:22
e4b0f1b6-9472-49ac-9885-1e4946cea893,muito bom,24/07/2025 19:27
e4b0f1b6-9472-49ac-9885-1e4946cea893,ótimo evento,24/07/2025 19:27
