participante,comentário,dia
88254066-58d3-4049-ac9d-5b393c178080,Muito ansioso para o evento!!!,27/11/2024 08:45
88254066-58d3-4049-ac9d-5b393c178080,Mal posso esperar para que a XIII SECOM comece logo!!,27/11/2024 08:46
df0c5066-4918-4384-bf21-9ba7343bf772,A IA substituirá os desenvolvedores de software um dia?,04/12/2024 11:55
19f49226-5a60-463b-85d3-ac562e4eddc4,IAs contendo preconceitos estão diretamente ligadas aos dados ou os próprios devs podem inserir esse problema?,04/12/2024 12:04
13c63d6c-e94d-4b8b-829b-3a6f523ac131,Palestras muito interessantes sobre o tema de IA,04/12/2024 12:07
4ce79311-38e9-401a-bb36-d1b6ad9ff2d3,"Ótima palestra sobre Inteligências Artificiais, mostrando um panorama geral sobre o assunto ",04/12/2024 12:09
37ec55d9-b848-47bd-9a33-f64afd2dd867,"Poderia realizar o torneio de lol e vava com mais dias ",04/12/2024 12:11
9cc1a365-6476-4f22-bf74-2a453e1e8443,o cara dessa palestra da IA é muito carismático,04/12/2024 12:15
9cc1a365-6476-4f22-bf74-2a453e1e8443,coffee break podia ter um cafezin ne,04/12/2024 12:17
9cc1a365-6476-4f22-bf74-2a453e1e8443,animado pra SIPEEC,04/12/2024 12:23
092f2a22-65fe-4b1e-a8de-356ce785cea3,Ótima palestra sobre IA,04/12/2024 12:24
092f2a22-65fe-4b1e-a8de-356ce785cea3,"O Coffee break poderia ser à tarde pra não atrapalhar o almoço ",04/12/2024 12:25
6694bc9c-4eab-4c6b-a7df-c40f8f42e39c,o trem ta bom nessa secom viu,04/12/2024 12:28
6694bc9c-4eab-4c6b-a7df-c40f8f42e39c,"tô ansioso pra ver o Patrick apresentando no SIPEEC, ele é bom demais",04/12/2024 12:29
7833a43c-88df-41ce-9608-368ecac536a1,A palestra está sendo muito boa!,04/12/2024 12:31
7833a43c-88df-41ce-9608-368ecac536a1,Adorei o meme do Fernando kkkkk,04/12/2024 12:32
7833a43c-88df-41ce-9608-368ecac536a1,"Nunca tinha usado o copilot, agr me animei a dar uma chance",04/12/2024 12:33
3e72f254-acab-4aec-ad73-bf9dff9c21ad,"Ansiosa para as próximas palestras ",04/12/2024 12:48
37ec55d9-b848-47bd-9a33-f64afd2dd867,Está muito boa a secom,04/12/2024 12:56
37ec55d9-b848-47bd-9a33-f64afd2dd867,"Faltou espaço ",04/12/2024 12:56
3f05e03e-45ce-4e65-b2f3-cf3a76e21fa1,Até o momento parece muito promissor.,04/12/2024 13:05
08101ce6-e4af-4e12-81d5-87afcafc4b3b,"fiquei sem coffee break, poderia ter uma atenção maior nos próximos ",04/12/2024 13:08
ad08e116-810d-4533-a7c6-9782fcb55f6d,"Tá indo bem ",04/12/2024 13:08
3f05e03e-45ce-4e65-b2f3-cf3a76e21fa1,"A única reclamação seria sobre o ar condicionado, que estava muito frio ",04/12/2024 13:11
a5551753-5cda-4641-bc94-7d92707ef19c,A palestra de abertura foi muito interessante e pertinente dado o contexto do mercado atual.,04/12/2024 13:12
3f05e03e-45ce-4e65-b2f3-cf3a76e21fa1,"As palestras foram boas, mas o microfone falhou bastante, apesar de com o passar do tempo melhorou ",04/12/2024 13:13
a5551753-5cda-4641-bc94-7d92707ef19c,É necessário melhor o microfone para os próximos eventos.,04/12/2024 13:13
3f05e03e-45ce-4e65-b2f3-cf3a76e21fa1,Ansioso para o SIPEEC,04/12/2024 13:14
a5551753-5cda-4641-bc94-7d92707ef19c,"Seria interessante trazer mais profissionais de empresas significantes da área, assim como o palestrante da Github, nos próximos eventos.",04/12/2024 13:15
7833a43c-88df-41ce-9608-368ecac536a1,Ansioso pelas palestras da sipeec!,04/12/2024 13:28
47f0857b-7373-4457-b034-4eca2ed5efd9,Muito bom o Evento,04/12/2024 13:31
47f0857b-7373-4457-b034-4eca2ed5efd9,"As palestras foram ótimas ",04/12/2024 13:31
34c8353a-bcb4-4553-8c2d-fac1c5311ccd,Muitos projetos interessantes no SIPEEC.,04/12/2024 13:31
47f0857b-7373-4457-b034-4eca2ed5efd9,Gostei dos adesivos do GitHub,04/12/2024 13:31
47f0857b-7373-4457-b034-4eca2ed5efd9,"O café estava muito bom ",04/12/2024 13:32
13c63d6c-e94d-4b8b-829b-3a6f523ac131,Identidade visual do evento ficou muito bacana!,04/12/2024 13:32
47f0857b-7373-4457-b034-4eca2ed5efd9,"Parabenizar a organização do evento ",04/12/2024 13:32
13c63d6c-e94d-4b8b-829b-3a6f523ac131,"Excelente programação, tendo atividades que nunca haviam sido feitas ",04/12/2024 13:32
883f6e71-d69f-4eb4-8791-f3f68ee15315,Organização top,04/12/2024 13:33
883f6e71-d69f-4eb4-8791-f3f68ee15315,Favor abaixar um pouco o ar,04/12/2024 13:33
47f0857b-7373-4457-b034-4eca2ed5efd9,Primeiro vez utilizando o MyMobiConf e o aplicativo e muito bom,04/12/2024 13:33
883f6e71-d69f-4eb4-8791-f3f68ee15315,O aplicativo está lindo,04/12/2024 13:33
34c8353a-bcb4-4553-8c2d-fac1c5311ccd,Sensacional a organização do evento.,04/12/2024 13:33
3e72f254-acab-4aec-ad73-bf9dff9c21ad,As palestras foram muito boas!,04/12/2024 13:33
883f6e71-d69f-4eb4-8791-f3f68ee15315,"Coffe break muito gostoso ",04/12/2024 13:33
883f6e71-d69f-4eb4-8791-f3f68ee15315,"Ansioso para as próximas palestras ",04/12/2024 13:34
883f6e71-d69f-4eb4-8791-f3f68ee15315,Adorei a palestra o copilot,04/12/2024 13:34
34c8353a-bcb4-4553-8c2d-fac1c5311ccd,O MyMobiConf evoluiu muito em relação as versões anteriores.,04/12/2024 13:36
34c8353a-bcb4-4553-8c2d-fac1c5311ccd,Parabéns a equipe!,04/12/2024 13:36
34c8353a-bcb4-4553-8c2d-fac1c5311ccd,"Aprendi muito com o Pedro Lacerda, palestra sensacional!",04/12/2024 13:37
513987ee-1026-4bd4-93aa-9d89d6d5bad4,Todas as palestras até então foram bastante interessantes e educativos,04/12/2024 13:39
34c8353a-bcb4-4553-8c2d-fac1c5311ccd,O quadro digital vai ser usado?,04/12/2024 13:39
f0158b5a-82ff-410c-81f2-d51f7e345b45,"Ansioso para a apresentação do Douglas Diones, ele é mt bom.",04/12/2024 13:40
3e72f254-acab-4aec-ad73-bf9dff9c21ad,Ansiosa para as apresentações!,04/12/2024 13:42
c3149f3b-36f2-4fbd-a033-c41f8e9fe534,As palestras foram muito boas!,04/12/2024 13:48
d51c3bbb-185b-4a34-848a-607621bd7cc2,Muito boa!,04/12/2024 13:48
d51c3bbb-185b-4a34-848a-607621bd7cc2,Muito produtiva!,04/12/2024 13:48
d51c3bbb-185b-4a34-848a-607621bd7cc2,Excelente,04/12/2024 13:48
d51c3bbb-185b-4a34-848a-607621bd7cc2,Top demais!,04/12/2024 13:49
d51c3bbb-185b-4a34-848a-607621bd7cc2,Maravilhosa!,04/12/2024 13:49
d51c3bbb-185b-4a34-848a-607621bd7cc2,Supimpa!,04/12/2024 13:50
88254066-58d3-4049-ac9d-5b393c178080,"Excelente as palestras de abertura ",04/12/2024 13:54
cd9a5b5a-0583-4590-a133-863647e24ed2,amei a palestra sobre desmitificar a inteligência artificial!!,04/12/2024 13:54
88254066-58d3-4049-ac9d-5b393c178080,Muito bom o SIPEEC,04/12/2024 13:54
88254066-58d3-4049-ac9d-5b393c178080,Gostei da ideia dos apitos,04/12/2024 13:54
88254066-58d3-4049-ac9d-5b393c178080,"O novo myMobiConf está incrível ",04/12/2024 13:54
cd9a5b5a-0583-4590-a133-863647e24ed2,"arrasaram com a distribuição de apitos, muito útil!!!",04/12/2024 13:54
f0d8b18c-371e-4a9b-bc88-6efb85341837,"O questionário sobre aceleradores foi vista como grande aliada de redes neurais, aumentando o desempenho e otimização gerando maior rapidez dos cálculos envolvendo multiplicação de matrizes ",04/12/2024 13:56
12c8e1ec-c662-415a-b106-b64ccb7ece3f,As palestras se abertura desse ano abordaram tópicos muito interessantes e atuais.,04/12/2024 13:58
12c8e1ec-c662-415a-b106-b64ccb7ece3f,A escolha dos palestrantes foi muito boa.,04/12/2024 13:58
12c8e1ec-c662-415a-b106-b64ccb7ece3f,Trazer alguém de uma empresa tão prestigiada como o Git é inspirador.,04/12/2024 13:58
12c8e1ec-c662-415a-b106-b64ccb7ece3f,O evento esse ano está muito bem organizado.,04/12/2024 13:59
12c8e1ec-c662-415a-b106-b64ccb7ece3f,As atividades oferecidas esse ano são novas e muito engajantes.,04/12/2024 13:59
12c8e1ec-c662-415a-b106-b64ccb7ece3f,A primeira palestra foi muito interessante.,04/12/2024 13:59
f0d8b18c-371e-4a9b-bc88-6efb85341837,"O seminário sobre VLC fala de comunicação feita totalmente pelo espectro de luz visível, abrindo possibilidade para um meio de comunicação (provavelmente à curta distância) novo e efetivo",04/12/2024 14:06
8f4c1ec8-e5ed-4ce2-90f1-84bbab673805,Letícia arrasa demais! Mt diva,04/12/2024 14:08
3e72f254-acab-4aec-ad73-bf9dff9c21ad,Letícia muito incrível!,04/12/2024 14:08
64a69630-bdc5-4e29-9090-492d31a34e0d,Palestra do Alan ficou muito complexa de entender mas vai longe o minino,04/12/2024 14:14
8f4c1ec8-e5ed-4ce2-90f1-84bbab673805,Muito legal saber sobre as abelhas!,04/12/2024 14:14
8f4c1ec8-e5ed-4ce2-90f1-84bbab673805,A secom tá demais esse ano!,04/12/2024 14:15
64a69630-bdc5-4e29-9090-492d31a34e0d,Como q vai colocar a mochila na abelha,04/12/2024 14:15
64a69630-bdc5-4e29-9090-492d31a34e0d,Qual shampoo o Patrick usa?,04/12/2024 14:30
cafe1afc-d59d-4b35-bde1-38d1f5815f74,TIMASETA pra sempre ⬆️⬆️⬆️⬆️⬆️,04/12/2024 14:39
f0158b5a-82ff-410c-81f2-d51f7e345b45,Muito triste que o Gabriel Moisés Monteiro Bonfim não vai apresentar esse ano...,04/12/2024 14:39
cafe1afc-d59d-4b35-bde1-38d1f5815f74,Hmmm coquinha e sauguado,04/12/2024 14:39
cafe1afc-d59d-4b35-bde1-38d1f5815f74,Adesivinhos do Git tão 🔥,04/12/2024 14:40
cafe1afc-d59d-4b35-bde1-38d1f5815f74,"Nacif é lenda ",04/12/2024 14:40
cafe1afc-d59d-4b35-bde1-38d1f5815f74,F Luz,04/12/2024 14:40
cafe1afc-d59d-4b35-bde1-38d1f5815f74,Muito boa as palestras da manhã 🙏🏻,04/12/2024 14:41
6694bc9c-4eab-4c6b-a7df-c40f8f42e39c,"Orgulhoso demais da apresentação do Patrick, esse garoto é gênio ",04/12/2024 14:44
4ce79311-38e9-401a-bb36-d1b6ad9ff2d3,Ótima iniciativa do projeto de e-sports,04/12/2024 14:46
3e72f254-acab-4aec-ad73-bf9dff9c21ad,Muito interessante o projeto Astriflores,04/12/2024 14:55
7833a43c-88df-41ce-9608-368ecac536a1,Os projetos deste ano estão muito interessantes!,04/12/2024 14:58
092f2a22-65fe-4b1e-a8de-356ce785cea3,Os projetos das IC's estão muito massa!!!,04/12/2024 14:59
880b38ad-954a-499a-a76a-66fce8a17f66,"Palestras ate agora muito boas, parabéns!",04/12/2024 14:59
13c63d6c-e94d-4b8b-829b-3a6f523ac131,Diversidade muito boa de projetos apresentados na SIPEEC,04/12/2024 15:00
7833a43c-88df-41ce-9608-368ecac536a1,Quero ver a linguagem Rascunho na disciplina de programação o quanto antes!,04/12/2024 15:00
880b38ad-954a-499a-a76a-66fce8a17f66,SIPEEC com muitos trabalhos interessantes!!,04/12/2024 15:00
092f2a22-65fe-4b1e-a8de-356ce785cea3,Muito interessantes esses projetos que têm impacto social!,04/12/2024 15:00
13c63d6c-e94d-4b8b-829b-3a6f523ac131,"Interessante e engraçada a dinâmica de controle de tempo das apresentações ",04/12/2024 15:00
13c63d6c-e94d-4b8b-829b-3a6f523ac131,Projetos do LESC >>>>>>>,04/12/2024 15:00
6694bc9c-4eab-4c6b-a7df-c40f8f42e39c,pra incentivar os e-sports todo mundo tem q torcer pro MC Agenda na sexta-feira 🫡,04/12/2024 15:00
092f2a22-65fe-4b1e-a8de-356ce785cea3,Dudu Antunes s2 é uma máquina!!!!!,04/12/2024 15:01
02af807d-7123-444e-b61e-89eaf92be60f,Muito interessante os projetos apresentados no SIPEEC!!,04/12/2024 15:01
f0158b5a-82ff-410c-81f2-d51f7e345b45,Muito legal a presença dos jogos e é claro também dos games nessa Secom!!,04/12/2024 15:02
6694bc9c-4eab-4c6b-a7df-c40f8f42e39c,"muito bom ver esses jogos todos na SECOM, mas senti falta de ver mais games",04/12/2024 15:02
64a69630-bdc5-4e29-9090-492d31a34e0d,O mymobiconf vai ter um chat ao vivo para ser acompanhado durante a palestra?,04/12/2024 15:02
02af807d-7123-444e-b61e-89eaf92be60f,Os apitos levantando o astral da galera,04/12/2024 15:03
ae0cbeae-1ff0-406f-a78a-a80a71120100,Muito legal as palestras,04/12/2024 15:03
092f2a22-65fe-4b1e-a8de-356ce785cea3,"Valeu, Brenooo!",04/12/2024 15:04
ae0cbeae-1ff0-406f-a78a-a80a71120100,Muito gostoso o Coffe brake,04/12/2024 15:04
ae0cbeae-1ff0-406f-a78a-a80a71120100,Muito boa as apresentações do sipeec,04/12/2024 15:04
02af807d-7123-444e-b61e-89eaf92be60f,Bonitinhos>>>>>>> OKT,04/12/2024 15:05
ae0cbeae-1ff0-406f-a78a-a80a71120100,"O conteúdo dos slides foram bem importantes ",04/12/2024 15:05
ae0cbeae-1ff0-406f-a78a-a80a71120100,Conteúdo bom,04/12/2024 15:05
f0158b5a-82ff-410c-81f2-d51f7e345b45,Qual vai ser o nome do time oficial de Lol do curso?,04/12/2024 15:06
ae0cbeae-1ff0-406f-a78a-a80a71120100,O ar condicionado salvou demais,04/12/2024 15:06
f0158b5a-82ff-410c-81f2-d51f7e345b45,Quem fez esses modelos 3D maravilhosos do Virtual Labs??,04/12/2024 15:07
43aca24c-d788-497e-8521-06df728eeaf8,"Esse ar condicionado de tarde tá incrível ",04/12/2024 15:09
4a38eef3-4375-45b4-b386-649cb518c20b,Queremos mais de um time de Esports pro curso!!!,04/12/2024 15:10
219bdf7f-fa3a-4d8f-9e33-b83980cc7afb,De grande contribuição acadêmica as pesquisas apresentadas.,04/12/2024 15:11
219bdf7f-fa3a-4d8f-9e33-b83980cc7afb,Muito Boa,04/12/2024 15:11
4a38eef3-4375-45b4-b386-649cb518c20b,Cheio de Gabriel no curso,04/12/2024 15:13
64a69630-bdc5-4e29-9090-492d31a34e0d,Quando fica pronto o novo lords of florestal,04/12/2024 15:14
9cc1a365-6476-4f22-bf74-2a453e1e8443,"As IC da computaçao quantica é bem interessante
",04/12/2024 15:14
5bc436a4-ec67-4216-87a7-d9152877d21f,MyMobiConfy muito útil!!!,04/12/2024 15:16
f24a3531-506e-487a-84d2-614694703dfc,"muito bom ",04/12/2024 15:16
7833a43c-88df-41ce-9608-368ecac536a1,Eu coloco tags no github só por causa do Zoéga,04/12/2024 15:17
5bc436a4-ec67-4216-87a7-d9152877d21f,"Lanchinho delicioso ",04/12/2024 15:17
5bc436a4-ec67-4216-87a7-d9152877d21f,"As palestras da SIPEEC estão super interessantes ",04/12/2024 15:17
9cc1a365-6476-4f22-bf74-2a453e1e8443,muito bons esses projetos da faculdade,04/12/2024 15:17
5bc436a4-ec67-4216-87a7-d9152877d21f,Pessoal da identidade visual foram maravilhosos,04/12/2024 15:18
ad08e116-810d-4533-a7c6-9782fcb55f6d,"Uma I.A para detectar emoções vai ser um diferencial do UFV VirtualLabs ",04/12/2024 15:18
5bc436a4-ec67-4216-87a7-d9152877d21f,Queria mais adesivos :(,04/12/2024 15:18
ad08e116-810d-4533-a7c6-9782fcb55f6d,"Essa I.A promete ",04/12/2024 15:18
219bdf7f-fa3a-4d8f-9e33-b83980cc7afb,"Interessante ",04/12/2024 15:18
219bdf7f-fa3a-4d8f-9e33-b83980cc7afb,Legal,04/12/2024 15:19
219bdf7f-fa3a-4d8f-9e33-b83980cc7afb,Boa,04/12/2024 15:19
f24a3531-506e-487a-84d2-614694703dfc,"o ar condicionado tá gelado demais ",04/12/2024 15:19
219bdf7f-fa3a-4d8f-9e33-b83980cc7afb,Genial,04/12/2024 15:19
5bc436a4-ec67-4216-87a7-d9152877d21f,Os projetos de iot são os melhores,04/12/2024 15:19
eed4edbe-921c-4f9c-8148-1948d00197eb,"A primeira Palestra relacionada a Inteligência artificial ministrada pelo Pedro Lacerda foi extremamente satisfatória ",04/12/2024 15:19
f24a3531-506e-487a-84d2-614694703dfc,"Que horas começa o fifa ",04/12/2024 15:20
9cc1a365-6476-4f22-bf74-2a453e1e8443,"slc, o virtual labs parece ser um projeto gigante ",04/12/2024 15:20
34d7ba0b-7b62-4439-b143-d7dd24797376,Muito boa a apresentação do pessoal da astraflores.,04/12/2024 15:23
34d7ba0b-7b62-4439-b143-d7dd24797376,Muito boa a apresentação da IC do jogo da astraflores.,04/12/2024 15:24
6694bc9c-4eab-4c6b-a7df-c40f8f42e39c,o Virtual Labs é realmente o melhor projeto da UFV,04/12/2024 15:26
023d3c99-a60f-4734-88e2-de4c9944c95a,O ar condicionado salvou,04/12/2024 15:28
f7781785-ccfa-4120-856f-3781bcf14d45,"Que horas que é a hora da merenda? ",04/12/2024 15:29
023d3c99-a60f-4734-88e2-de4c9944c95a,Mas o negócio do apito eu achei overkill,04/12/2024 15:33
b9ce085c-74f8-412e-8a55-1391f0867ebd,Achei muito interessante o projeto de jogo para fomentar a reciclagem e para saber diferenciar os tipos de lixos,04/12/2024 15:37
023d3c99-a60f-4734-88e2-de4c9944c95a,"Teve bastante assunto sobre IA nessa secom, isso mostra como o assunto está em alta ",04/12/2024 15:37
8c83da8e-1478-4a91-ae10-7347cd55d06f,Microfone trollando kkkkk,04/12/2024 15:38
b9ce085c-74f8-412e-8a55-1391f0867ebd,"Outro que gostei muito foi o virtual labs tentar trazer ambientes de laboratório para que eles sejam mais acessíveis por meio de um computador é muito importante ",04/12/2024 15:40
c3149f3b-36f2-4fbd-a033-c41f8e9fe534,Os apitos para controle de tempo ficaram muito bons,04/12/2024 15:40
023d3c99-a60f-4734-88e2-de4c9944c95a,Podia rolar um coffee-break a tarde tb,04/12/2024 15:41
b9ce085c-74f8-412e-8a55-1391f0867ebd,"A palestra de desmistificação da IAfoi incrível saber que aprender um pouco mais sobre os processos em que ela se encaixa, e suas aplicações e um pouco do seu funcionamento foi absurdo.",04/12/2024 15:42
b9ce085c-74f8-412e-8a55-1391f0867ebd,"A ideia de IOT para usar mochilinhas nas abelhas foi muito engraçado kkkkk, mas muito interessante se der certo ",04/12/2024 15:43
3f05e03e-45ce-4e65-b2f3-cf3a76e21fa1,"Até o momento o SIPEEC está encrivel, muitos projetos legais",04/12/2024 15:43
023d3c99-a60f-4734-88e2-de4c9944c95a,"Legal esse multi-task learning, parece ser tipo redes neurais interligadas",04/12/2024 15:44
b9ce085c-74f8-412e-8a55-1391f0867ebd,Eu estou amando a Secom tudo até então está absurdamente incrível e perfeito.,04/12/2024 15:44
4ce79311-38e9-401a-bb36-d1b6ad9ff2d3,"Apresentações muito legais e informativas ",04/12/2024 15:45
b9ce085c-74f8-412e-8a55-1391f0867ebd,Gostei do TCC sobre ensinar um pouco sobre programação para as pessoas por meio de um jogo,04/12/2024 15:45
c3149f3b-36f2-4fbd-a033-c41f8e9fe534,O pessoal está realmente arrasando nas apresentações da SIPEEC,04/12/2024 15:46
4395eb8b-e6f9-4282-85dc-98453a11cc3e,Todas as palestras excelentes e muito bem elaboradas.,04/12/2024 15:47
4395eb8b-e6f9-4282-85dc-98453a11cc3e,Fiz uma apresentação no sipeec e apesar de muito nervoso deu tudo certo,04/12/2024 15:48
4395eb8b-e6f9-4282-85dc-98453a11cc3e,Ambiente muito bonito e decorado,04/12/2024 15:48
4395eb8b-e6f9-4282-85dc-98453a11cc3e,Microfone as vezes falhando,04/12/2024 15:48
4395eb8b-e6f9-4282-85dc-98453a11cc3e,Apresentações do sipeec muito interessantes,04/12/2024 15:49
3f05e03e-45ce-4e65-b2f3-cf3a76e21fa1,"Muito interessante os projetos, difícil escolher um ",04/12/2024 15:49
4395eb8b-e6f9-4282-85dc-98453a11cc3e,"Cofee break bom mas poderia ter opção de suco para aqueles que não bebem refrigerante ",04/12/2024 15:49
8c83da8e-1478-4a91-ae10-7347cd55d06f,"achei meta poggers total skibidi os apito ",04/12/2024 15:50
c3149f3b-36f2-4fbd-a033-c41f8e9fe534,A segunda palestra do primeiro dia foi enriquecedora e divertida. O palestrante poderia voltar mais vezes!,04/12/2024 15:53
4ce79311-38e9-401a-bb36-d1b6ad9ff2d3,"Auditório esta bem gelado ",04/12/2024 15:54
f0d8b18c-371e-4a9b-bc88-6efb85341837,"O seminário next cell prediction pode ser usado para várias aplicações com base na rotina do usuário ",04/12/2024 15:54
4ce79311-38e9-401a-bb36-d1b6ad9ff2d3,"Muito bom os apitos ",04/12/2024 15:55
9a75dc4c-7a4e-49c6-b73b-62eafd9c8b73,Talvez deixar o ar condicionado no 24.,04/12/2024 15:55
9a75dc4c-7a4e-49c6-b73b-62eafd9c8b73,"Palestras de abertura muito interessantes. ",04/12/2024 15:56
f0158b5a-82ff-410c-81f2-d51f7e345b45,Mymobiconf tá malado dimai,04/12/2024 15:56
f0d8b18c-371e-4a9b-bc88-6efb85341837,"myMobiConf tem um potencial grande e pode ser usado para outras aplicações além do campus, especialmente com relação à seminários e organizações ",04/12/2024 15:56
8f243416-db6e-4185-8133-0e0433d6c30a,A camisa desse ano ficoummuito bonita,04/12/2024 15:59
023d3c99-a60f-4734-88e2-de4c9944c95a,"Mymobiconf sendo comentado nele mesmo, metacomentario",04/12/2024 15:59
8f243416-db6e-4185-8133-0e0433d6c30a,"Achei a temperatura um pouco fria, estava embaixo de um dos ar condicionados",04/12/2024 15:59
8f243416-db6e-4185-8133-0e0433d6c30a,Otimas palestras de abertura,04/12/2024 16:00
02af807d-7123-444e-b61e-89eaf92be60f,"Mymobiconf melhor atualização ",04/12/2024 16:00
8f243416-db6e-4185-8133-0e0433d6c30a,Gostei de ganhar um apito,04/12/2024 16:01
02af807d-7123-444e-b61e-89eaf92be60f,"Arzinho condicionado fazendo milagres ",04/12/2024 16:01
8f243416-db6e-4185-8133-0e0433d6c30a,Os salgados na hora do lanche estavam otimos,04/12/2024 16:01
8f243416-db6e-4185-8133-0e0433d6c30a,Ansioso pelo torneio de esport,04/12/2024 16:01
6694bc9c-4eab-4c6b-a7df-c40f8f42e39c,gosto de refatoração 😳,04/12/2024 16:01
4ce79311-38e9-401a-bb36-d1b6ad9ff2d3,"SIPEEC sempre muito importante para dar ouvido aos projetos da faculdade ",04/12/2024 16:02
99899b5a-eb3d-4d67-a64f-a143f824a709,Usando o myMobiConf na palestra sobre myMobiConf 😃,04/12/2024 16:02
b843c3db-fc8f-45a6-8322-19b87391fa20,"Adorei a apresentação da Letícia Cristina, uma apresentação incrível e uma ideia brilhante com muito futuro, pelo simples fato de utilizar a luz como principal meio, então parabéns.",04/12/2024 16:02
9a75dc4c-7a4e-49c6-b73b-62eafd9c8b73,O APP está muito bom!,04/12/2024 16:04
99899b5a-eb3d-4d67-a64f-a143f824a709,"O design do myMobiConf realmente está muito melhor! Mas ainda prefiro a logo quando era sans-serif. Fora isso, o app ficou perfeito!",04/12/2024 16:05
b843c3db-fc8f-45a6-8322-19b87391fa20,"Achei muito importante a apresentação da Melissa Alanis, devemos nos informar sobre um tema tão importante que é o nosso meio ambiente, vamos jogar e aprender a salvar o nosso mundo.",04/12/2024 16:05
24c725a4-20aa-4ce4-9d18-b194d3bdd5be,"Gostei bastante do assunto das palestras, por serem assuntos atuais me chamam maior a atenção. ",04/12/2024 16:05
a8795f76-f29d-4a4e-ab33-de80f1fa7eaa,Finalmente o Ar funciona legal,04/12/2024 16:05
c3149f3b-36f2-4fbd-a033-c41f8e9fe534,"A equipe do MyMobiConf está de parabéns! ",04/12/2024 16:05
b843c3db-fc8f-45a6-8322-19b87391fa20,"MyMobiConf aparecendo em peso, arrasaram demais, parabéns por esse projeto incrível!",04/12/2024 16:05
47cacf3f-e0f2-421b-a645-5e0efd6cc615,"Tá frio ",04/12/2024 16:06
b843c3db-fc8f-45a6-8322-19b87391fa20,"Cada professor dessa instituição possui trabalhos e iniciações científicas incríveis, muita sorte de estar nessa universidade com tantas oportunidades.",04/12/2024 16:06
47cacf3f-e0f2-421b-a645-5e0efd6cc615,Tem alguém com apito de juiz de Futebol aqui kkkkk,04/12/2024 16:07
24c725a4-20aa-4ce4-9d18-b194d3bdd5be,O app esta muito bonito e de fácil uso.,04/12/2024 16:08
7689c29b-b6e3-42b3-b39d-dc0e1598e652,"Estão todos de parabéns ",04/12/2024 16:08
7689c29b-b6e3-42b3-b39d-dc0e1598e652,Super muito bom,04/12/2024 16:08
7689c29b-b6e3-42b3-b39d-dc0e1598e652,"Muitos projetos ",04/12/2024 16:08
7689c29b-b6e3-42b3-b39d-dc0e1598e652,Parabéns professores,04/12/2024 16:09
47cacf3f-e0f2-421b-a645-5e0efd6cc615,Boa!,04/12/2024 16:09
7689c29b-b6e3-42b3-b39d-dc0e1598e652,Palestrante do Github muito bom,04/12/2024 16:09
7689c29b-b6e3-42b3-b39d-dc0e1598e652,"Palestrante da IA muito bom ",04/12/2024 16:09
b843c3db-fc8f-45a6-8322-19b87391fa20,"Tivemos uma recepção incrível nessa décima terceira SECOM, amei as palestras e os projetos apresentados pelos alunos. Que evento incrível, que nos próximos anos continuem assim para melhorar.",04/12/2024 16:10
24c725a4-20aa-4ce4-9d18-b194d3bdd5be,As palestras sobre IAs foram bastante interessantes.,04/12/2024 16:10
cd9a5b5a-0583-4590-a133-863647e24ed2,saudades coffee break,04/12/2024 16:10
b843c3db-fc8f-45a6-8322-19b87391fa20,"Infelizmente não tinha suco no Cofe breack, nós que não bebemos coca precisamos ser representados com um suquinho.",04/12/2024 16:11
24c725a4-20aa-4ce4-9d18-b194d3bdd5be,Bastante interessante ver todos os projetos de pesquisa existentes na área de informática no campus.,04/12/2024 16:11
24c725a4-20aa-4ce4-9d18-b194d3bdd5be,Parabéns aos organizadores.,04/12/2024 16:13
cd9a5b5a-0583-4590-a133-863647e24ed2,a verdade é que o nesped é o melhor grupo da ufv >>>>>,04/12/2024 16:14
24c725a4-20aa-4ce4-9d18-b194d3bdd5be,Aplicativo está muito intuitivo.,04/12/2024 16:14
cd9a5b5a-0583-4590-a133-863647e24ed2,alguém aí tem um hidratante?,04/12/2024 16:14
3e72f254-acab-4aec-ad73-bf9dff9c21ad,"Muito legal conhecer sobre os projetos realizados ",04/12/2024 16:14
78a0dc2a-07a3-41bb-a1a4-3731b2e51917,Muito boa a ideia do apito,04/12/2024 16:15
cd9a5b5a-0583-4590-a133-863647e24ed2,"amo o sexteto ",04/12/2024 16:15
47cacf3f-e0f2-421b-a645-5e0efd6cc615,Poderia deixar o tempo para quem tá assistindo também.,04/12/2024 16:15
99899b5a-eb3d-4d67-a64f-a143f824a709,"Fiquei tão entertido na apresentação do Álvaro na SIPEEC que nem percebi que ele passou do tempo 😅 Coitado, não conseguiu terminar...",04/12/2024 16:16
f569f9d9-9281-4405-a4aa-084b33a9be5a,A palestra sobre o Github foi muito boa,04/12/2024 16:17
880b38ad-954a-499a-a76a-66fce8a17f66,Ar condicionado salvou muito.,04/12/2024 16:17
f569f9d9-9281-4405-a4aa-084b33a9be5a,"É interesse ver como as IA's tem estado cada vez mais presentes ",04/12/2024 16:17
47cacf3f-e0f2-421b-a645-5e0efd6cc615,"""Roubaram o Vini"", claramente um crime.",04/12/2024 16:17
47cacf3f-e0f2-421b-a645-5e0efd6cc615,Descobrir quem tá com o apito kk,04/12/2024 16:18
f569f9d9-9281-4405-a4aa-084b33a9be5a,Foi importante o palestrante ter falado sobre como usar o copilot,04/12/2024 16:18
880b38ad-954a-499a-a76a-66fce8a17f66,Mais gente tinha que estourar o tempo,04/12/2024 16:19
f569f9d9-9281-4405-a4aa-084b33a9be5a,É importante saber das limitações da IA,04/12/2024 16:19
2841ae4b-ef6a-4661-94a3-9777a70ec034,"Ótimas palestras, houve alguns problemas técnicos mas não impediu de obter os conhecimentos.",04/12/2024 16:19
f569f9d9-9281-4405-a4aa-084b33a9be5a,Foi interessante saber sobre oportunidades no github como estudante,04/12/2024 16:20
cd9a5b5a-0583-4590-a133-863647e24ed2,o campeonato de valorant vai ser transmitido online também?,04/12/2024 16:20
99899b5a-eb3d-4d67-a64f-a143f824a709,Eu vi o Eduardo Isadora tropeçando na escada  👀 🤣,04/12/2024 16:20
f569f9d9-9281-4405-a4aa-084b33a9be5a,"Foi interessante saber sobre o que é de fato uma IA, sem se limitar a um robo ou algo complexo",04/12/2024 16:21
d3028b07-211a-405d-9f82-13b8d82aeff8,"Palestra incrivel do Pedro Lacerda, convindem-o outras vezes!",04/12/2024 16:21
d3028b07-211a-405d-9f82-13b8d82aeff8,Ansioso para a final de Valorant,04/12/2024 16:22
7cf13434-76d6-4046-96fd-1cfd9d429282,Minascoders arrasa,04/12/2024 16:24
08101ce6-e4af-4e12-81d5-87afcafc4b3b,ta frio,04/12/2024 16:24
84fb43ff-f2ca-4b32-b090-49467d8ae7a0,MinasCoders melhor programa 💚,04/12/2024 16:25
880b38ad-954a-499a-a76a-66fce8a17f66,Final fo valorant vai ser top,04/12/2024 16:26
7cf13434-76d6-4046-96fd-1cfd9d429282,mymobiconf ta fofo,04/12/2024 16:27
84fb43ff-f2ca-4b32-b090-49467d8ae7a0,sexteto <3,04/12/2024 16:27
84fb43ff-f2ca-4b32-b090-49467d8ae7a0,"lindaa a melissa ",04/12/2024 16:29
84fb43ff-f2ca-4b32-b090-49467d8ae7a0,"muito boa a nova identidade visual ",04/12/2024 16:31
cd9a5b5a-0583-4590-a133-863647e24ed2,meu deus a melissa é muito linda 😍,04/12/2024 16:31
99899b5a-eb3d-4d67-a64f-a143f824a709,Breno encerrou a apresentação dele no SIPEEC com maestria 🤌,04/12/2024 16:35
c83d77db-e69b-4b9a-af36-1e80aed4ea42,Muito interessante a proposta do MinasCoders,04/12/2024 16:42
02af807d-7123-444e-b61e-89eaf92be60f,Minas coders é muito bommm,04/12/2024 16:45
c83d77db-e69b-4b9a-af36-1e80aed4ea42,Gostei da prévia do TCC da Ana Clara sobre a taxa de evasão feminina.,04/12/2024 16:46
eed4edbe-921c-4f9c-8148-1948d00197eb,"Acredito que a SIPEEC sirva como porta de entrada pra alguns ramos de interesses que alguns alunos possam optar por seguir, e deste prisma, ela funciona perfeitamente",04/12/2024 16:49
64a69630-bdc5-4e29-9090-492d31a34e0d,Cinco minutos por apresentação é muito tempo,04/12/2024 16:52
c83d77db-e69b-4b9a-af36-1e80aed4ea42,"Philipe na área ",04/12/2024 16:57
88254066-58d3-4049-ac9d-5b393c178080,Muito bom participar do SIPEEC,04/12/2024 17:01
88254066-58d3-4049-ac9d-5b393c178080,"Realmente, o myMobiConf é o melhor projeto de todos!!!!",04/12/2024 17:01
4b3d0b61-ee1b-4468-8785-a9d80b5bb850,Minha primeira SECOM!!!,04/12/2024 17:02
4b3d0b61-ee1b-4468-8785-a9d80b5bb850,Muito legal os projetos.,04/12/2024 17:02
4b3d0b61-ee1b-4468-8785-a9d80b5bb850,Podia ter um coffee-break parte 2 em...,04/12/2024 17:03
7568d4e3-7c42-4c07-9246-161f8f144017,Seria interessante haver um intervalo no SIPEEC,04/12/2024 17:03
7568d4e3-7c42-4c07-9246-161f8f144017,"Colocar o SIPEEC em 2 dias, ao invés de um ",04/12/2024 17:04
4b3d0b61-ee1b-4468-8785-a9d80b5bb850,Mymobiconf... o app mais brabo,04/12/2024 17:04
4b3d0b61-ee1b-4468-8785-a9d80b5bb850,"Faltam 2 comentários para completar a missão ",04/12/2024 17:04
daac9055-17a0-4775-bb21-9c0add9d45ec,"O Caio do lesc é um gatinho ",04/12/2024 17:04
4b3d0b61-ee1b-4468-8785-a9d80b5bb850,Com essa mensagem eu Finalizei as missões de hoje... só o progresso,04/12/2024 17:05
daac9055-17a0-4775-bb21-9c0add9d45ec,"Amei as apresentações do MinasCoders ",04/12/2024 17:05
d0881343-b903-4573-aee3-c821f2e201de,Palestras muito interessantes,04/12/2024 17:05
daac9055-17a0-4775-bb21-9c0add9d45ec,"Muito interessante a ideia do jogo da Melissa ",04/12/2024 17:06
7568d4e3-7c42-4c07-9246-161f8f144017,"Muito interessante todas as apresentações ",04/12/2024 17:07
7568d4e3-7c42-4c07-9246-161f8f144017,"Sensacional o Eduardo estar desenvolvendo uma linguagem de programação ",04/12/2024 17:08
7568d4e3-7c42-4c07-9246-161f8f144017,"Obrigado por mexer nos ar condicionado ",04/12/2024 17:09
50ab66a7-9677-44ec-b7d4-be69f3d11d87,Muito boa essa SIPEEC!!,04/12/2024 17:09
7568d4e3-7c42-4c07-9246-161f8f144017,Nossa tem muita apresentação kkkkk,04/12/2024 17:09
c83d77db-e69b-4b9a-af36-1e80aed4ea42,Empresa Jr é um diferencial na carreira do aluno,04/12/2024 17:12
c83d77db-e69b-4b9a-af36-1e80aed4ea42,"Tá terminando ",04/12/2024 17:12
a1b2ff52-f806-4d79-b524-3d3fa3327116,Ótimas palestras,04/12/2024 17:15
880b38ad-954a-499a-a76a-66fce8a17f66,Sorteio,04/12/2024 17:16
a8795f76-f29d-4a4e-ab33-de80f1fa7eaa,Da próxima alguém tem que fazer em menos de dois minutos!,04/12/2024 17:18
a8795f76-f29d-4a4e-ab33-de80f1fa7eaa,Setapp tem que chamar ex-membros pra dar palestra!,04/12/2024 17:18
c83d77db-e69b-4b9a-af36-1e80aed4ea42,"Maratona de palestras/apresentações ",04/12/2024 17:19
a8795f76-f29d-4a4e-ab33-de80f1fa7eaa,Apenas temas interessantes!,04/12/2024 17:20
50ab66a7-9677-44ec-b7d4-be69f3d11d87,🎉🎉,04/12/2024 17:25
0016d182-df26-4200-b287-2b9a2086516b,Abertura boa demais,04/12/2024 17:43
0016d182-df26-4200-b287-2b9a2086516b,Palestra sobre o my mobile conf foi boa tbm,04/12/2024 17:44
0016d182-df26-4200-b287-2b9a2086516b,A palestra do cara do githubfoi mt boa,04/12/2024 17:44
0016d182-df26-4200-b287-2b9a2086516b,A palestra do cara do cefet também foi boa,04/12/2024 17:44
0016d182-df26-4200-b287-2b9a2086516b,Altas expectativas pro time da OKT,04/12/2024 17:45
0016d182-df26-4200-b287-2b9a2086516b,Evento muito bom,04/12/2024 17:46
c3149f3b-36f2-4fbd-a033-c41f8e9fe534,Torcendo para os bonitinhos ganharem!!,04/12/2024 17:48
99899b5a-eb3d-4d67-a64f-a143f824a709,Começando a SECOM com duas palestras incríveis e uma speedrun de SIPEEC... Essa SECOM promete!,04/12/2024 18:00
daac9055-17a0-4775-bb21-9c0add9d45ec,Acho que podia ter um intervalo durante a SIPEEC,04/12/2024 18:39
cd9a5b5a-0583-4590-a133-863647e24ed2,VAMO BONITINHOOOOOSSS,04/12/2024 18:42
84fb43ff-f2ca-4b32-b090-49467d8ae7a0,"#bonitinhos ",04/12/2024 18:42
84fb43ff-f2ca-4b32-b090-49467d8ae7a0,"campeonato de e-sports muito bom ",04/12/2024 18:42
d3028b07-211a-405d-9f82-13b8d82aeff8,"Vamooo Bonitinhos ",04/12/2024 18:49
f0d8b18c-371e-4a9b-bc88-6efb85341837,"Os seminários em geral foram ótimos e mostraram os projetos de pesquisa de todos os orientadores, o tempo foi um limitador notório",04/12/2024 18:59
f0d8b18c-371e-4a9b-bc88-6efb85341837,"O primeiro dia foi bem agradável com as palestras e a SIPEEC, ambiente confortável e equipe ótima, providenciando tudo necessário para um bom evento.",04/12/2024 19:01
50ab66a7-9677-44ec-b7d4-be69f3d11d87,Campeonato de jogos tá bom,04/12/2024 19:06
50ab66a7-9677-44ec-b7d4-be69f3d11d87,Final de jogos agr!!,04/12/2024 19:07
50ab66a7-9677-44ec-b7d4-be69f3d11d87,🎊🎉,04/12/2024 19:07
8f4c1ec8-e5ed-4ce2-90f1-84bbab673805,"Nossa, a letícia falou muito bem sobre o botz!",04/12/2024 19:21
daac9055-17a0-4775-bb21-9c0add9d45ec,As apresentações da Melissa foram perfeitas,04/12/2024 19:21
daac9055-17a0-4775-bb21-9c0add9d45ec,Acho que ano que vem a Amanda tinha que apresentar o myMobiConf,04/12/2024 19:22
daac9055-17a0-4775-bb21-9c0add9d45ec,As meninas do MinasCoders arrasaram nas apresentações,04/12/2024 19:22
8f4c1ec8-e5ed-4ce2-90f1-84bbab673805,"Ana Moreira falou muito bem do Caça-Doações! ",04/12/2024 19:23
8f4c1ec8-e5ed-4ce2-90f1-84bbab673805,Duda arrasou na apresentação de IoT! Muito interessante o projeto!,04/12/2024 19:23
7cf13434-76d6-4046-96fd-1cfd9d429282,uhh eh bonitinho,04/12/2024 19:34
84fb43ff-f2ca-4b32-b090-49467d8ae7a0,"a Ingred arrasou na apresentação, lindaaa",04/12/2024 20:06
d3028b07-211a-405d-9f82-13b8d82aeff8,"Vamo virar Bonitinhos ",04/12/2024 20:25
d13dce39-51a4-4170-8b39-f06cb1f6adf6,Primeiro dia de secom foi mt legal!,04/12/2024 20:32
d3028b07-211a-405d-9f82-13b8d82aeff8,Que jogão de Valorant,04/12/2024 20:34
43aca24c-d788-497e-8521-06df728eeaf8,Essa final foi boa d+ cara,04/12/2024 20:43
43aca24c-d788-497e-8521-06df728eeaf8,"Essa secom tá insana ",04/12/2024 20:43
43aca24c-d788-497e-8521-06df728eeaf8,Os melhores projetos foram os de IoT ein 👀👀,04/12/2024 20:44
43aca24c-d788-497e-8521-06df728eeaf8,"Apoio todo dia ter figurinha de manhã ",04/12/2024 20:51
43aca24c-d788-497e-8521-06df728eeaf8,Gostaria de dizer que a linguagem que o Dudu tá criando deveria se chamar Educa,04/12/2024 20:54
d0b2bc0d-178a-434a-9fc8-134d0ca5a1be,Faltou só o evento dar copo pra galera,04/12/2024 21:01
d0b2bc0d-178a-434a-9fc8-134d0ca5a1be,Podiam tirar mais fotos de momentos aleatórios,04/12/2024 21:02
d0b2bc0d-178a-434a-9fc8-134d0ca5a1be,"Ar tava friozão, precisando levar roupa de frio amanhã ",04/12/2024 21:02
d0b2bc0d-178a-434a-9fc8-134d0ca5a1be,"A ideia dos apitos, chocalhos e brinquedos de cachorro foi genial",04/12/2024 21:03
d0b2bc0d-178a-434a-9fc8-134d0ca5a1be,"O coffee break foi muito perto do almoço ",04/12/2024 21:03
d0b2bc0d-178a-434a-9fc8-134d0ca5a1be,"Triste o sorteio ser pelo aplicativo, meu número do crachá foi muito ganhável esse ano",04/12/2024 21:04
d13dce39-51a4-4170-8b39-f06cb1f6adf6,O coffe break podia ter sido mais cedo msmo,04/12/2024 21:05
d13dce39-51a4-4170-8b39-f06cb1f6adf6,Gostei das palestras de hoje,04/12/2024 21:06
d13dce39-51a4-4170-8b39-f06cb1f6adf6,O design do mymobiconf ta muito bonitinho,04/12/2024 21:09
03164614-b683-45b1-98f0-7179e65cd4ed,acho que devia ter mais salgado,04/12/2024 21:21
d13dce39-51a4-4170-8b39-f06cb1f6adf6,"A blusa da secom desse ano ficou linda, adorei a cor",04/12/2024 21:22
03164614-b683-45b1-98f0-7179e65cd4ed,muito bom os apito pras apresentações que demoram kjkkjk,04/12/2024 21:22
d13dce39-51a4-4170-8b39-f06cb1f6adf6,Acho que na próxima secom ficaria muito legal uma blusa vinho,04/12/2024 21:22
03164614-b683-45b1-98f0-7179e65cd4ed,achei bem legal as palestras serem voltadas pra essa parte de ia,04/12/2024 21:22
03164614-b683-45b1-98f0-7179e65cd4ed,o coffebreak foi meio tarde,04/12/2024 21:24
03164614-b683-45b1-98f0-7179e65cd4ed,"muito bom o design do app, parabéns aos envolvidos ",04/12/2024 21:25
03164614-b683-45b1-98f0-7179e65cd4ed,ainda bem que escolheram azul marinho pra essas camisetas,04/12/2024 21:27
e06ffaec-3d0b-45f5-85c5-94027d692f0f,"não gostei da derrota dos bonitinho, acho que foi marmelada",04/12/2024 22:08
4a38eef3-4375-45b4-b386-649cb518c20b,"no meu coração os bonitinhos ganharam..,",04/12/2024 22:08
e06ffaec-3d0b-45f5-85c5-94027d692f0f,"pelo primeiro dia que eu fui achei incrível ",04/12/2024 22:08
e06ffaec-3d0b-45f5-85c5-94027d692f0f,"principalmente os projetos de game ",04/12/2024 22:09
4a38eef3-4375-45b4-b386-649cb518c20b,MCAgenda ganhando sexta!!! dale,04/12/2024 22:09
e06ffaec-3d0b-45f5-85c5-94027d692f0f,"foi incrível ",04/12/2024 22:09
e06ffaec-3d0b-45f5-85c5-94027d692f0f,ano que vem quero mais camp,04/12/2024 22:09
4a38eef3-4375-45b4-b386-649cb518c20b,bonitinhos só perdeu pq tinha bet envolvida,04/12/2024 22:10
e06ffaec-3d0b-45f5-85c5-94027d692f0f,só o ar condicionado aue tava frio viu,04/12/2024 22:10
4a38eef3-4375-45b4-b386-649cb518c20b,tava nada Zé tava mó bom,04/12/2024 22:10
a8795f76-f29d-4a4e-ab33-de80f1fa7eaa,Mal posso esperar pelas palestras de amanhã!,04/12/2024 22:38
a8795f76-f29d-4a4e-ab33-de80f1fa7eaa,Quem será que vai ganhar a maratona de programação?,04/12/2024 22:38
9b29ec6c-e5af-4b1c-b7f1-49779d06c73a,Torneio SECOM de E-Sports foi muito bom!,05/12/2024 01:53
9b29ec6c-e5af-4b1c-b7f1-49779d06c73a,MEHOR SECOM DE TODAS!,05/12/2024 01:54
9b29ec6c-e5af-4b1c-b7f1-49779d06c73a,Tem que ter edição do Torneio SECOM de E-Sports todo ano!,05/12/2024 01:54
eed4edbe-921c-4f9c-8148-1948d00197eb,Gostei muito das Palestras,05/12/2024 06:48
eed4edbe-921c-4f9c-8148-1948d00197eb,"O professor Philipe organizou um ótimo evento junto da equipe organizadora ",05/12/2024 06:49
50ab66a7-9677-44ec-b7d4-be69f3d11d87,Uuu,05/12/2024 07:04
34d7ba0b-7b62-4439-b143-d7dd24797376,Não seria uma má ideia aumenta a temperatura do ar condicionado.,05/12/2024 07:05
eed4edbe-921c-4f9c-8148-1948d00197eb,"Gostei de todas palestras ",05/12/2024 07:11
eed4edbe-921c-4f9c-8148-1948d00197eb,"A primeira palestra de abertura foi a melhor de todas. ",05/12/2024 07:11
ad08e116-810d-4533-a7c6-9782fcb55f6d,"A ideia do apito foi genial ",05/12/2024 07:16
226440c8-ce0c-42b8-a37b-8435e915955d,"As palestras sobre IA trouxeram perspectivas muito interessantes! ",05/12/2024 07:17
ad08e116-810d-4533-a7c6-9782fcb55f6d,"UFV Virtual Labs logo logo vai ser vitrine da ufv ",05/12/2024 07:17
ad08e116-810d-4533-a7c6-9782fcb55f6d,"Set-App ",05/12/2024 07:18
37ec55d9-b848-47bd-9a33-f64afd2dd867,Bom,05/12/2024 07:42
37ec55d9-b848-47bd-9a33-f64afd2dd867,Legal,05/12/2024 07:42
37ec55d9-b848-47bd-9a33-f64afd2dd867,"Incrível ",05/12/2024 07:42
37ec55d9-b848-47bd-9a33-f64afd2dd867,Massa,05/12/2024 07:42
37ec55d9-b848-47bd-9a33-f64afd2dd867,"Sensacional ",05/12/2024 07:42
37ec55d9-b848-47bd-9a33-f64afd2dd867,"Perfeito ",05/12/2024 07:42
03164614-b683-45b1-98f0-7179e65cd4ed,"patrick esta com o cabelo extremamente sedoso novamente ",05/12/2024 07:42
4395eb8b-e6f9-4282-85dc-98453a11cc3e,Torneio de E-sports foi legal pena que a não conseguimos levar a vitória pra casa,05/12/2024 07:42
37ec55d9-b848-47bd-9a33-f64afd2dd867,Muito bom,05/12/2024 07:43
37ec55d9-b848-47bd-9a33-f64afd2dd867,"Parte fundamental ",05/12/2024 07:43
37ec55d9-b848-47bd-9a33-f64afd2dd867,Muito muito bom,05/12/2024 07:43
4395eb8b-e6f9-4282-85dc-98453a11cc3e,"Trofeis show de bola ",05/12/2024 07:43
13c63d6c-e94d-4b8b-829b-3a6f523ac131,Final de valorant excepecional,05/12/2024 07:43
9a75dc4c-7a4e-49c6-b73b-62eafd9c8b73,Final de Valorant foi insanaaaaa!!!!,05/12/2024 07:44
9a75dc4c-7a4e-49c6-b73b-62eafd9c8b73,Melhoraram o ar condicionado pro segundo dia.,05/12/2024 07:44
13c63d6c-e94d-4b8b-829b-3a6f523ac131,Narrador e comentaristas muito brabos,05/12/2024 07:44
4395eb8b-e6f9-4282-85dc-98453a11cc3e,Ideia do apito bacana,05/12/2024 07:45
9a75dc4c-7a4e-49c6-b73b-62eafd9c8b73,O ambiente está incrível.,05/12/2024 07:45
13c63d6c-e94d-4b8b-829b-3a6f523ac131,Muito legal trazerem empresas de desenvolvimento de jogos para o evento,05/12/2024 07:45
4395eb8b-e6f9-4282-85dc-98453a11cc3e,Pipoquinha god,05/12/2024 07:46
4395eb8b-e6f9-4282-85dc-98453a11cc3e,Tem que fazer muito comentário,05/12/2024 07:49
4395eb8b-e6f9-4282-85dc-98453a11cc3e,Completando a missão,05/12/2024 07:49
9a75dc4c-7a4e-49c6-b73b-62eafd9c8b73,Ansioso pela palestra da SYDLE!!,05/12/2024 07:49
3f05e03e-45ce-4e65-b2f3-cf3a76e21fa1,"Ansioso para as palestras das empresas ",05/12/2024 07:49
a6ec5f50-aa66-4ad4-8b97-10a6f9eacaad,Ansiosa pra maratona de programação de hoje!,05/12/2024 07:50
13c63d6c-e94d-4b8b-829b-3a6f523ac131,Realmente queria muito saber qual o Shampoo do Patrick (não ouvi direito ontem),05/12/2024 07:51
9a75dc4c-7a4e-49c6-b73b-62eafd9c8b73,Qual shampoo o Patrick usa?,05/12/2024 07:51
03164614-b683-45b1-98f0-7179e65cd4ed,qual o condicionador do patrick,05/12/2024 07:52
d3028b07-211a-405d-9f82-13b8d82aeff8,Qual o shampoo do Patrick ?,05/12/2024 07:52
9a75dc4c-7a4e-49c6-b73b-62eafd9c8b73,Pessoal da comissão de E-sports está de parabéns!,05/12/2024 07:52
43aca24c-d788-497e-8521-06df728eeaf8,"Rapazeada, qual o shampoo do Patrick ?",05/12/2024 07:53
15ae4086-4952-4aac-a16b-5c2852e5e523,Que lore é essa sobre o shampoo que o Patrick usa?,05/12/2024 07:53
226440c8-ce0c-42b8-a37b-8435e915955d,Qual o shampoo do Patrick?,05/12/2024 07:53
3f05e03e-45ce-4e65-b2f3-cf3a76e21fa1,Qual o shampoo do Patrick? Ele é muito belo,05/12/2024 07:53
9cc1a365-6476-4f22-bf74-2a453e1e8443,animado pra essa palestra,05/12/2024 07:54
ae0cbeae-1ff0-406f-a78a-a80a71120100,"Caramba, qual shampoo o Patrick usa?",05/12/2024 07:55
15ae4086-4952-4aac-a16b-5c2852e5e523,Qual o shampoo do Patrick?,05/12/2024 07:55
780e911b-3537-4deb-8eae-0ce33981b3d2,"Ótimo evento, estou amando até agora. Entretanto tenho uma dúvida, o aluno Patrick estava com o cabelo belo e sedoso, qual shampoo ele usa?",05/12/2024 07:55
15ae4086-4952-4aac-a16b-5c2852e5e523,Bem que podia começar mais tarde esse credenciamento né...,05/12/2024 07:56
a6ec5f50-aa66-4ad4-8b97-10a6f9eacaad,"Qual o shampoo o Patrick usa? ",05/12/2024 07:56
03164614-b683-45b1-98f0-7179e65cd4ed,gostei muito dos jogos mas senti falta dos games,05/12/2024 07:56
15ae4086-4952-4aac-a16b-5c2852e5e523,"Bom dia, como vocês estão?",05/12/2024 07:56
50a1eb8e-50fb-4cc4-b79b-6b4b2a4a8c61,"Meus bons, que shampoo o Patrick usa? ",05/12/2024 07:57
f0158b5a-82ff-410c-81f2-d51f7e345b45,Eu uso Pantene🫡,05/12/2024 07:57
780e911b-3537-4deb-8eae-0ce33981b3d2,"A final de Valorant foi um dos melhores eventos que já participei no curso, deveriam haver mais.",05/12/2024 07:57
8aed64cf-df9c-4421-bff3-6c07fee239b1,Qual a preparação capilar do Patrick pré-jogo?,05/12/2024 07:57
c0f15389-3383-4e94-b413-2fd78bcd0b68,"Muito bom ",05/12/2024 07:58
f0158b5a-82ff-410c-81f2-d51f7e345b45,"Nós temos a game jam, mas e para aqueles interessados em fazer jogos e não games?",05/12/2024 07:58
780e911b-3537-4deb-8eae-0ce33981b3d2,Qual shamp,05/12/2024 07:58
13c63d6c-e94d-4b8b-829b-3a6f523ac131,Ansioso para a maratona de programação!!,05/12/2024 07:58
c0f15389-3383-4e94-b413-2fd78bcd0b68,"Excelente estrutura ",05/12/2024 07:58
c0f15389-3383-4e94-b413-2fd78bcd0b68,Ótimas música de intervalo,05/12/2024 07:58
a5551753-5cda-4641-bc94-7d92707ef19c,Qual o xampoo do Patrick?,05/12/2024 07:59
15ae4086-4952-4aac-a16b-5c2852e5e523,Curioso sobre como vai ser a gamejam,05/12/2024 07:59
a5551753-5cda-4641-bc94-7d92707ef19c,Podia ter um cofre break no meio do Sipeec,05/12/2024 07:59
15ae4086-4952-4aac-a16b-5c2852e5e523,Esperando pela maratona de programação essa tarde,05/12/2024 07:59
c0f15389-3383-4e94-b413-2fd78bcd0b68,"Final do Valorant excepcional ",05/12/2024 07:59
689ae6f3-7314-4e99-96bf-585b2a9cfb77,Qual o shampoo so Patrick??????? FALA AGORA!!!!!,05/12/2024 07:59
13c63d6c-e94d-4b8b-829b-3a6f523ac131,"Fotógrafo do dia 05 muito bom! Mano sabe muito ",05/12/2024 08:00
780e911b-3537-4deb-8eae-0ce33981b3d2,Precisamos de um time profissional de E-sports urgentemente.,05/12/2024 08:00
d51c3bbb-185b-4a34-848a-607621bd7cc2,Qual shampoo o Patrick usa?,05/12/2024 08:00
a5551753-5cda-4641-bc94-7d92707ef19c,O primeiro dia foi top. Só tava um pouco frio.,05/12/2024 08:00
f0158b5a-82ff-410c-81f2-d51f7e345b45,Alguém tire a câmera daquele fotógrafo!!!,05/12/2024 08:00
d51c3bbb-185b-4a34-848a-607621bd7cc2,Top,05/12/2024 08:00
d51c3bbb-185b-4a34-848a-607621bd7cc2,"Bom demais ",05/12/2024 08:01
7d582411-e617-4105-8edf-bca7ee066eca,Uma dúvida sincera qual o shampoo do Patrick?,05/12/2024 08:01
c0f15389-3383-4e94-b413-2fd78bcd0b68,Palestras sobre ia muito boa,05/12/2024 08:01
c0f15389-3383-4e94-b413-2fd78bcd0b68,"Coffee break necessita de mais salgados ",05/12/2024 08:02
19f49226-5a60-463b-85d3-ac562e4eddc4,"Bom dia família, só queria saber qual shampoo o Patrick usa, o cabelo do cara é sedoso",05/12/2024 08:03
15ae4086-4952-4aac-a16b-5c2852e5e523,Cofee break foi boa... podia ter mais uma vez no dia.,05/12/2024 08:04
84fb43ff-f2ca-4b32-b090-49467d8ae7a0,a SECOM tá otima,05/12/2024 08:04
19f49226-5a60-463b-85d3-ac562e4eddc4,Tema muito daora do GameJam,05/12/2024 08:05
15ae4086-4952-4aac-a16b-5c2852e5e523,Podem tirar a câmera desse fotógrafo mesmo.,05/12/2024 08:05
b63a6449-71ad-4d70-9775-5e3d90f6055a,O destino de todo professor de cdc é ficar calvo?👴,05/12/2024 08:07
19f49226-5a60-463b-85d3-ac562e4eddc4,"As palestras do dia 1 foram muito interessantes, interessantes saber mais sobre as IAs",05/12/2024 08:07
f7781785-ccfa-4120-856f-3781bcf14d45,Ar tá geladasso,05/12/2024 08:08
f7781785-ccfa-4120-856f-3781bcf14d45,"Muito boa as palestras ",05/12/2024 08:08
226440c8-ce0c-42b8-a37b-8435e915955d,"Senti saudade dos quibes no coffe break akakakakak
Sem ele tava gostoso, mas faltou o charme q o quibe traz. ",05/12/2024 08:08
50a1eb8e-50fb-4cc4-b79b-6b4b2a4a8c61,A secom está muito braba esse ano,05/12/2024 08:08
d13dce39-51a4-4170-8b39-f06cb1f6adf6,Patrick nos conte qual shampoo vc usa,05/12/2024 08:08
15ae4086-4952-4aac-a16b-5c2852e5e523,Vida de professor é complicada... todos ficando calvos. Ter que mudar meus planos pro futuro.,05/12/2024 08:08
e2b6d403-470e-4752-8767-48575bb10c67,As palestras do dia 1 foram dahoras,05/12/2024 08:08
19f49226-5a60-463b-85d3-ac562e4eddc4,"A linguagem desenvolvida pelo Eduardo Antunes parece muito interessante, esperamos que no futuro esteja na matéria de LP da Thaís",05/12/2024 08:08
8f243416-db6e-4185-8133-0e0433d6c30a,Fotografa muito boa,05/12/2024 08:09
226440c8-ce0c-42b8-a37b-8435e915955d,Muito animada com a maratona hoje :),05/12/2024 08:09
8f243416-db6e-4185-8133-0e0433d6c30a,Ansioso pelo lol hoje,05/12/2024 08:09
f7781785-ccfa-4120-856f-3781bcf14d45,"Muito bom o primeiro dia! ",05/12/2024 08:09
f7781785-ccfa-4120-856f-3781bcf14d45,Ansioso pra amanhã!,05/12/2024 08:09
15ae4086-4952-4aac-a16b-5c2852e5e523,O troféu do torneio de E-sports é fofo,05/12/2024 08:10
15ae4086-4952-4aac-a16b-5c2852e5e523,Gostei da estética bissexual da secom,05/12/2024 08:10
50a1eb8e-50fb-4cc4-b79b-6b4b2a4a8c61,Como eu faço pra escrever 6 comentários por dia? é muita coisa 😫😫,05/12/2024 08:11
50a1eb8e-50fb-4cc4-b79b-6b4b2a4a8c61,O coffee break estava brabo. Muito bom!!!,05/12/2024 08:13
19f49226-5a60-463b-85d3-ac562e4eddc4,"Foi muito gratificante apresentar na Sipeec, o pessoal tava prestando atenção em todas as palestras",05/12/2024 08:13
13c63d6c-e94d-4b8b-829b-3a6f523ac131,Pode participar da gamejam e da maratona de programação?,05/12/2024 08:13
8f243416-db6e-4185-8133-0e0433d6c30a,Partida do Valorant foi emocionante,05/12/2024 08:14
02af807d-7123-444e-b61e-89eaf92be60f,A bolsa cantou!!!,05/12/2024 08:14
092f2a22-65fe-4b1e-a8de-356ce785cea3,Ansiosa pelo Coffee break,05/12/2024 08:14
226440c8-ce0c-42b8-a37b-8435e915955d,"Qual projeto foi oficialmente declarado o melhor da faculdade? Akakakakak
Parece que ficou entre o myMobiConf, o virtual Labs e a empresa Junior.",05/12/2024 08:14
50a1eb8e-50fb-4cc4-b79b-6b4b2a4a8c61,Pode esfriar um pouco mais o ar ein,05/12/2024 08:14
4a38eef3-4375-45b4-b386-649cb518c20b,"myMobiConf tá melhor, mas é só pq tá funcionando",05/12/2024 08:14
219bdf7f-fa3a-4d8f-9e33-b83980cc7afb,Cadê o frio de ontem??,05/12/2024 08:15
50a1eb8e-50fb-4cc4-b79b-6b4b2a4a8c61,Os troféus da game jam estão incríveis 😮😮,05/12/2024 08:15
4a38eef3-4375-45b4-b386-649cb518c20b,esperando botarem o ar em 17°.....,05/12/2024 08:15
15ae4086-4952-4aac-a16b-5c2852e5e523,Estou utilizando o aplicativo para expôr minhas opiniões e dúvidas sobre as palestras.,05/12/2024 08:15
15ae4086-4952-4aac-a16b-5c2852e5e523,"Bem que podiam comprar outro 🎤 ",05/12/2024 08:16
f7781785-ccfa-4120-856f-3781bcf14d45,Bora pra mais um dia!!!,05/12/2024 08:17
f7781785-ccfa-4120-856f-3781bcf14d45,"Ansioso pra palestra sobre o mercado de jogos ",05/12/2024 08:17
7cf13434-76d6-4046-96fd-1cfd9d429282,boa,05/12/2024 08:17
7cf13434-76d6-4046-96fd-1cfd9d429282,muito bom,05/12/2024 08:17
f7781785-ccfa-4120-856f-3781bcf14d45,"Muito sono ",05/12/2024 08:18
7cf13434-76d6-4046-96fd-1cfd9d429282,muito bom,05/12/2024 08:18
08101ce6-e4af-4e12-81d5-87afcafc4b3b,Secom dos Jogos 🎮🚀,05/12/2024 08:18
4a38eef3-4375-45b4-b386-649cb518c20b,mercado de jogos mais importante q muitos outras indústrias e Esports não é esporte no Brasil kkkkkkkkkkkkk,05/12/2024 08:19
219bdf7f-fa3a-4d8f-9e33-b83980cc7afb,ligaaaa o Aaaaaarrr,05/12/2024 08:19
4a38eef3-4375-45b4-b386-649cb518c20b,"Dito isso não tem um  jogo AAA que seja bom atualmente ",05/12/2024 08:20
226440c8-ce0c-42b8-a37b-8435e915955d,Números relacionados ao mercado de jogos me impressionam muito kakakakakaka,05/12/2024 08:23
058b3f94-6774-45aa-bc57-07dacfd0704b,Iniciações ciêntificas incriveis,05/12/2024 08:24
058b3f94-6774-45aa-bc57-07dacfd0704b,Ufv vai levar o campeonato de e-esportes,05/12/2024 08:25
092f2a22-65fe-4b1e-a8de-356ce785cea3,Não sabia que o mercado de jogos era tão grande assim,05/12/2024 08:25
219bdf7f-fa3a-4d8f-9e33-b83980cc7afb,Vai todo mundo ser solado hj no beat saber,05/12/2024 08:26
058b3f94-6774-45aa-bc57-07dacfd0704b,"Palestra necessária, muito didática e inspiradora",05/12/2024 08:26
19f49226-5a60-463b-85d3-ac562e4eddc4,"Interessante saber que a indústria de games é mais rentável que a cinematográfica e a musical, não fazia ideia.",05/12/2024 08:26
058b3f94-6774-45aa-bc57-07dacfd0704b,Muito bom o copilot,05/12/2024 08:26
64a69630-bdc5-4e29-9090-492d31a34e0d,Quais os jogos mais populares no Brasil?,05/12/2024 08:27
058b3f94-6774-45aa-bc57-07dacfd0704b,Aprendizado de máquina é muito doido,05/12/2024 08:27
058b3f94-6774-45aa-bc57-07dacfd0704b,Muito boa,05/12/2024 08:27
7833a43c-88df-41ce-9608-368ecac536a1,"Sabia que o mercado de jogos era grande, mas não tão grande assim",05/12/2024 08:27
64a69630-bdc5-4e29-9090-492d31a34e0d,Qual o jogo mais famoso desenvolvido pela umbu?,05/12/2024 08:27
678d1b14-8c07-44f6-9f14-14fdbf7b4135,to achando bacana,05/12/2024 08:27
678d1b14-8c07-44f6-9f14-14fdbf7b4135,"lugar bacana tb, geladinho",05/12/2024 08:27
678d1b14-8c07-44f6-9f14-14fdbf7b4135,"palestra top ",05/12/2024 08:27
678d1b14-8c07-44f6-9f14-14fdbf7b4135,umbu me adotaaa,05/12/2024 08:27
7833a43c-88df-41ce-9608-368ecac536a1,"Nunca imaginei que o faturamento de jogos era maior que o de filmes e música, é muito doido isso",05/12/2024 08:28
678d1b14-8c07-44f6-9f14-14fdbf7b4135,fiquei sabendo que hoje tem gamejam 🫣🫣,05/12/2024 08:30
30a1d1e4-da0d-4f67-9908-6bc16a47ebc4,Ótimo nesped!,05/12/2024 08:31
219bdf7f-fa3a-4d8f-9e33-b83980cc7afb,Coffebreak🤤,05/12/2024 08:31
30a1d1e4-da0d-4f67-9908-6bc16a47ebc4,O lanche poderia ser diferente:(,05/12/2024 08:31
4a38eef3-4375-45b4-b386-649cb518c20b,tô com fome 🤤,05/12/2024 08:31
30a1d1e4-da0d-4f67-9908-6bc16a47ebc4,Ótima palestra sobre IA!,05/12/2024 08:31
678d1b14-8c07-44f6-9f14-14fdbf7b4135,ansioso para hoje,05/12/2024 08:33
30a1d1e4-da0d-4f67-9908-6bc16a47ebc4,"Gostei da ideia do apito ",05/12/2024 08:33
30a1d1e4-da0d-4f67-9908-6bc16a47ebc4,Ar condicionado salvou demais!,05/12/2024 08:33
219bdf7f-fa3a-4d8f-9e33-b83980cc7afb,Vem aí Lol 2,05/12/2024 08:34
30a1d1e4-da0d-4f67-9908-6bc16a47ebc4,"Cadeiras confortáveis ",05/12/2024 08:34
9cc1a365-6476-4f22-bf74-2a453e1e8443,palestra de jogos muito boa,05/12/2024 08:35
c0f15389-3383-4e94-b413-2fd78bcd0b68,Ótima palestra sobre um mercado de jogos,05/12/2024 08:41
12c8e1ec-c662-415a-b106-b64ccb7ece3f,O evento esse ano está com uma estética muito bacana.,05/12/2024 08:42
12c8e1ec-c662-415a-b106-b64ccb7ece3f,O tema de jogos é algo muito interessante.,05/12/2024 08:42
092f2a22-65fe-4b1e-a8de-356ce785cea3,"Ótima palestra ",05/12/2024 08:42
30a1d1e4-da0d-4f67-9908-6bc16a47ebc4,Ótimo conhecer sobre o mercado de jogos,05/12/2024 08:45
9cc1a365-6476-4f22-bf74-2a453e1e8443,"o que seria ""jogos sérios"" que ele estava falando?",05/12/2024 08:47
30a1d1e4-da0d-4f67-9908-6bc16a47ebc4,"O fotógrafo sabe oque está fazendo! ",05/12/2024 08:49
780e911b-3537-4deb-8eae-0ce33981b3d2,O Wifi está horrível 😔,05/12/2024 08:49
30a1d1e4-da0d-4f67-9908-6bc16a47ebc4,Gostei do campeonato ontem,05/12/2024 08:49
12c8e1ec-c662-415a-b106-b64ccb7ece3f,"É interessante ver a integração do mercado de jogos e o setor acadêmico. ",05/12/2024 08:50
880b38ad-954a-499a-a76a-66fce8a17f66,Que palestra f*da,05/12/2024 08:50
12c8e1ec-c662-415a-b106-b64ccb7ece3f,Muito bacana trazer profissionais dentro do mercado de trabalho para falar um pouco mais.,05/12/2024 08:50
30a1d1e4-da0d-4f67-9908-6bc16a47ebc4,Ansioso pelos games casuais de hoje!,05/12/2024 08:50
4ce79311-38e9-401a-bb36-d1b6ad9ff2d3,"Ótima palestra pra começar o dia ",05/12/2024 08:50
12c8e1ec-c662-415a-b106-b64ccb7ece3f,Muito bom termos uma melhor refrigeração esse ano do espaço.,05/12/2024 08:50
7833a43c-88df-41ce-9608-368ecac536a1,"Um feedback pro myMobiConf: os comentários poderiam ficar se atualizando, a gente tem que ficar saindo e voltando da aba pra carregar os novos comentários",05/12/2024 08:51
780e911b-3537-4deb-8eae-0ce33981b3d2,Não sei nada de game development e vou participar da game jam 😎,05/12/2024 08:51
12c8e1ec-c662-415a-b106-b64ccb7ece3f,"Seria bom fechar o evento para o pessoal do curso, para conseguirmos disponibilizar mais vagas pra todos.",05/12/2024 08:51
0420c57a-0aa8-45b1-9166-f455c0711707,"Qual o faturamento médio da Umbu? ",05/12/2024 08:51
780e911b-3537-4deb-8eae-0ce33981b3d2,"Gente, se tiverem feedbacks sobre o app mandem no questionário do MyMobiConf que acho que será melhor para o time visualizar por lá",05/12/2024 08:52
b99c9940-1ccf-4ec6-963a-9a233fddde70,"Foi muito bacana entender como está projeto o futuro do desenvolvimento, com o auxílio das assistente IA.",05/12/2024 08:59
9cc1a365-6476-4f22-bf74-2a453e1e8443,qual shampoo o patrick usa?,05/12/2024 09:05
b6692dfb-d9b8-409b-ac8e-4ffe98e5a57b,"Qual sua dica de organização de uma equipe iniciante de desenvolvimento de jogos, quanto a quantidade de pessoal forma de trabalho, etc? ",05/12/2024 09:05
b6692dfb-d9b8-409b-ac8e-4ffe98e5a57b,Qual sua experiência com jogos educacionais? Quais dicas pode dar para equipes que os desenvolvem?,05/12/2024 09:07
9a75dc4c-7a4e-49c6-b73b-62eafd9c8b73,A Umbu já usou a  linguagem de programação Lua? E qual a linguagem de programação que a Umbu mais usou pra fazer jogos?,05/12/2024 09:08
d3028b07-211a-405d-9f82-13b8d82aeff8,Parabéns pela palestra!!,05/12/2024 09:08
0016d182-df26-4200-b287-2b9a2086516b,Palestra boa,05/12/2024 09:09
0016d182-df26-4200-b287-2b9a2086516b,Mt boa mesmo,05/12/2024 09:09
780e911b-3537-4deb-8eae-0ce33981b3d2,Como vai ser a GameJam se a internet não está funcionando?,05/12/2024 09:09
4a38eef3-4375-45b4-b386-649cb518c20b,"O será que ele acha que o mercado de jogos está saturado com jogos AAA, com jogos indie recebendo mais avaliações positivas recentemente?",05/12/2024 09:09
19f49226-5a60-463b-85d3-ac562e4eddc4,Em quais linguagens de programação vocês desenvolvem os jogos?,05/12/2024 09:10
023d3c99-a60f-4734-88e2-de4c9944c95a,No Brasil existem empresas que desenvolvem jogos do gênero visual novel?,05/12/2024 09:11
ad08e116-810d-4533-a7c6-9782fcb55f6d,"Há algum gênero de jogos brasileiros que se destaca em termos de faturamento ou popularidade?

",05/12/2024 09:12
84fb43ff-f2ca-4b32-b090-49467d8ae7a0,"muito boa a palestra sobre jogos ",05/12/2024 09:12
b6692dfb-d9b8-409b-ac8e-4ffe98e5a57b,"Aqui na faculdade temos projetos de desenvolvimento de jogos educionais, seria possível obter algum contato com sua equipe para obter dicas e informações?",05/12/2024 09:12
0016d182-df26-4200-b287-2b9a2086516b,Boas perguntas,05/12/2024 09:12
0016d182-df26-4200-b287-2b9a2086516b,Boa palestra para abrir o dia,05/12/2024 09:13
5bc436a4-ec67-4216-87a7-d9152877d21f,Muito legal a palestra sobre o mercado de jogos,05/12/2024 09:13
84fb43ff-f2ca-4b32-b090-49467d8ae7a0,"adorei ",05/12/2024 09:13
5bc436a4-ec67-4216-87a7-d9152877d21f,"Vou levar esse ar condicionado pra casa, pode?",05/12/2024 09:13
0016d182-df26-4200-b287-2b9a2086516b,Ele administrou bem o tempo,05/12/2024 09:13
0016d182-df26-4200-b287-2b9a2086516b,Só achei o número de perguntas baixo,05/12/2024 09:14
b6692dfb-d9b8-409b-ac8e-4ffe98e5a57b,Qual sua opinião sobre as Engines de desenvolvimento de jogos? Tem alguma dica sobre a Unity?,05/12/2024 09:17
023d3c99-a60f-4734-88e2-de4c9944c95a,"Legal a palestra, muito interessante mesmo",05/12/2024 09:17
780e911b-3537-4deb-8eae-0ce33981b3d2,"Parabéns para a equipe do MyMobiConf e para a equipe da organização do evento, esse ano está muito satisfatório participar da SECOM. E parabéns para o Matheus Peixoto pela ótima apresentação do evento",05/12/2024 09:17
d3028b07-211a-405d-9f82-13b8d82aeff8,PI marcando presença na SECOM 2024,05/12/2024 09:17
7cf13434-76d6-4046-96fd-1cfd9d429282,muito boa a palestra de jogos,05/12/2024 09:17
9cc1a365-6476-4f22-bf74-2a453e1e8443,ótima palestra!,05/12/2024 09:18
880b38ad-954a-499a-a76a-66fce8a17f66,"Parabens, otima palestra",05/12/2024 09:18
34c8353a-bcb4-4553-8c2d-fac1c5311ccd,"O João sabe muito! ",05/12/2024 09:18
ad08e116-810d-4533-a7c6-9782fcb55f6d,"Muito Boa a Palestra ",05/12/2024 09:18
e539ea11-2f5f-48c0-8cd6-f269dd6ed844,"Muito interessante, tragam mais palestras sobre o assunto de jogos",05/12/2024 09:30
4ce79311-38e9-401a-bb36-d1b6ad9ff2d3,"Coffe break podia ser a tarde ao invés de manhã ",05/12/2024 09:38
c922b921-1305-4fe3-b76c-649887d97eb4,Muito boas as dicas,05/12/2024 09:38
c922b921-1305-4fe3-b76c-649887d97eb4,Bom,05/12/2024 09:38
c922b921-1305-4fe3-b76c-649887d97eb4,Excelente,05/12/2024 09:38
c922b921-1305-4fe3-b76c-649887d97eb4,Ar co dicionário frio,05/12/2024 09:39
c922b921-1305-4fe3-b76c-649887d97eb4,A parte da tarde era obrigatória?,05/12/2024 09:39
c922b921-1305-4fe3-b76c-649887d97eb4,Sim,05/12/2024 09:39
c922b921-1305-4fe3-b76c-649887d97eb4,Muito boa a palestra,05/12/2024 09:39
ae0cbeae-1ff0-406f-a78a-a80a71120100,"A palestra sobre games foi muito interessante ",05/12/2024 09:40
ae0cbeae-1ff0-406f-a78a-a80a71120100,"Coffe braek bom adorei o salgado de frango ",05/12/2024 09:40
c922b921-1305-4fe3-b76c-649887d97eb4,"Poderia diminuir a quantidade toda de de comentários ",05/12/2024 09:40
c922b921-1305-4fe3-b76c-649887d97eb4,Diminuir o salgadonho de milho,05/12/2024 09:40
c922b921-1305-4fe3-b76c-649887d97eb4,Aumentar a salgadinho de salsicha,05/12/2024 09:40
ae0cbeae-1ff0-406f-a78a-a80a71120100,"Ansioso para a maratona ",05/12/2024 09:40
c922b921-1305-4fe3-b76c-649887d97eb4,"Comentário ",05/12/2024 09:42
c922b921-1305-4fe3-b76c-649887d97eb4,Muito bom,05/12/2024 09:43
a5551753-5cda-4641-bc94-7d92707ef19c,"Trazer palestras de temas variados para além de inteligência artificial, como foi no caso da umbu games, enriquece ainda mais o evento.",05/12/2024 09:43
a8795f76-f29d-4a4e-ab33-de80f1fa7eaa,Palestra incrível da Umbu Games!,05/12/2024 09:55
8b532002-32a9-47b8-a068-f68ebed037cd,A palestra sobre o mercado de jogos foi muito interessante! Como pode Umbu ser tão grande e ter feito tantos trabalhos interessantes?!,05/12/2024 09:57
9a75dc4c-7a4e-49c6-b73b-62eafd9c8b73,VAI TER PS5 HOJE A NOITE ??? 👀👀,05/12/2024 09:57
84fb43ff-f2ca-4b32-b090-49467d8ae7a0,"ps5 hoje a noite, ansiosa ",05/12/2024 10:00
4ce79311-38e9-401a-bb36-d1b6ad9ff2d3,Como vai funcionar os torneios hoje ?,05/12/2024 10:00
45025e25-714c-447c-ad00-3f2880882d2b,Boa palestra,05/12/2024 10:00
45025e25-714c-447c-ad00-3f2880882d2b,Ótima palestra,05/12/2024 10:00
d13dce39-51a4-4170-8b39-f06cb1f6adf6,"Primeira palestra foi ótima ",05/12/2024 10:03
d13dce39-51a4-4170-8b39-f06cb1f6adf6,Tenho muito interesse na área de jogos,05/12/2024 10:03
45025e25-714c-447c-ad00-3f2880882d2b,Muito bom,05/12/2024 10:03
45025e25-714c-447c-ad00-3f2880882d2b,Bom,05/12/2024 10:03
45025e25-714c-447c-ad00-3f2880882d2b,"Ótimo ",05/12/2024 10:03
45025e25-714c-447c-ad00-3f2880882d2b,Perfeito,05/12/2024 10:03
d13dce39-51a4-4170-8b39-f06cb1f6adf6,Qual shampoo patrick usa,05/12/2024 10:04
03164614-b683-45b1-98f0-7179e65cd4ed,alguém pelo amor de Deus fala oque o patrick passa no cabelo,05/12/2024 10:05
34c8353a-bcb4-4553-8c2d-fac1c5311ccd,Coffee break tá virando um evento a parte.,05/12/2024 10:06
c3149f3b-36f2-4fbd-a033-c41f8e9fe534,O coffee break perfeito!,05/12/2024 10:07
03164614-b683-45b1-98f0-7179e65cd4ed,"acho que na próxima secom deveria ter uma dinâmica pra disputar as sobras do coffebreak ",05/12/2024 10:07
c3149f3b-36f2-4fbd-a033-c41f8e9fe534,"O tempo da SIPEEC foi mto grande... Quem sabe na próxima vez, poderíamos ter 3 minutos de fala apenas ",05/12/2024 10:08
700f7b0c-46a5-4f88-b605-7015d0660e2b,Bom dms,05/12/2024 10:09
4a38eef3-4375-45b4-b386-649cb518c20b,gente eu só peço isso qual é o shampoo que o Patrick usa......,05/12/2024 10:09
226440c8-ce0c-42b8-a37b-8435e915955d,Animada com a palestra da Levty,05/12/2024 10:10
5bc436a4-ec67-4216-87a7-d9152877d21f,Ansiosa pela próxima palestra,05/12/2024 10:11
03164614-b683-45b1-98f0-7179e65cd4ed,ansioso pelos jogos de hoje,05/12/2024 10:11
5bc436a4-ec67-4216-87a7-d9152877d21f,"Lanchinho delicioso, mas queria um docinho em algum dos dias 😋",05/12/2024 10:11
5bc436a4-ec67-4216-87a7-d9152877d21f,"Muito divertidas as palestras ",05/12/2024 10:13
02af807d-7123-444e-b61e-89eaf92be60f,Ansioso pelas palestras!!,05/12/2024 10:16
5bc436a4-ec67-4216-87a7-d9152877d21f,"Ansiosa pela próxima palestra ",05/12/2024 10:18
64a69630-bdc5-4e29-9090-492d31a34e0d,Cadê o doce no coffee break??,05/12/2024 10:18
219bdf7f-fa3a-4d8f-9e33-b83980cc7afb,Liga o ar daqui de trás nmrllll,05/12/2024 10:20
d13dce39-51a4-4170-8b39-f06cb1f6adf6,Ontem a sipeeec demorou mt foi cansativo poderia talvez diminuir o tempo das apresentações ano q vem ou dividir em dois,05/12/2024 10:21
64a69630-bdc5-4e29-9090-492d31a34e0d,Onde que eu olho em qual palestra eu to inscrito?,05/12/2024 10:21
7833a43c-88df-41ce-9608-368ecac536a1,"Caramba, nem sabia que o cifras era de bh",05/12/2024 10:24
092f2a22-65fe-4b1e-a8de-356ce785cea3,"Só por essa apresentação já deu pra perceber que o pessoal do letras é bacana demais ",05/12/2024 10:24
d13dce39-51a4-4170-8b39-f06cb1f6adf6,Nao sabia que letras era de bh,05/12/2024 10:25
64a69630-bdc5-4e29-9090-492d31a34e0d,Em que o letras academy é focado?,05/12/2024 10:26
092f2a22-65fe-4b1e-a8de-356ce785cea3,Gostaria de saber mais sobre o letras academy,05/12/2024 10:29
0420c57a-0aa8-45b1-9166-f455c0711707,Como é ter alguns produtos que o faturamento depende de contribuições voluntárias (ex: letras e cifra club),05/12/2024 10:29
226440c8-ce0c-42b8-a37b-8435e915955d,"Com qual frequência a empresa oferece oportunidade de estágio ou trainees? E qual é a rotina de trabalho deles? ",05/12/2024 10:39
ae0cbeae-1ff0-406f-a78a-a80a71120100,O o pessoal do letras é bom hein,05/12/2024 10:39
a5551753-5cda-4641-bc94-7d92707ef19c,"A palestra do letras é o melhor evento dessa Secom até agora. Quem trouxe eles, está de parabéns.",05/12/2024 10:41
7568d4e3-7c42-4c07-9246-161f8f144017,"Imagina o brinde do letras ser um instrumento kkkkk. ",05/12/2024 10:41
3f05e03e-45ce-4e65-b2f3-cf3a76e21fa1,Até o momento a melhor palestra da Secom,05/12/2024 10:41
99899b5a-eb3d-4d67-a64f-a143f824a709,"Pergunta para o Rods: Na sua época de estudante aqui na UFV, você participou de um Projeto Integrador? Como foi a experiência e como você compararia isso a sua experiência numa equipe de verdade?",05/12/2024 10:41
5bc436a4-ec67-4216-87a7-d9152877d21f,Muito legal essa palestra do letras!!,05/12/2024 10:42
13c63d6c-e94d-4b8b-829b-3a6f523ac131,"No uso do front vocês falaram do uso de sockets. Vocês usam sockets puro ou algum middleware? (Achei interessante, não imaginava que isso era usado nesse contexto)",05/12/2024 10:42
8f243416-db6e-4185-8133-0e0433d6c30a,Bom saber que temos mineiros em uma empresa tão grande,05/12/2024 10:43
99899b5a-eb3d-4d67-a64f-a143f824a709,"Nota na pergunta para o Rods: Pelo que a Gláucia contou, o PI era muito mais caótico antigamente. Hoje em dia são equipes separadas, de 8 a 10 pessoas.",05/12/2024 10:43
b99c9940-1ccf-4ec6-963a-9a233fddde70,Muito bacana esses exemplos para explicar e diferenciar o back-end do front-end,05/12/2024 10:44
8f243416-db6e-4185-8133-0e0433d6c30a,"Sobre a palestra de mais cedo, nao sabia que era tao desafiador o mercado de jogos",05/12/2024 10:45
8f243416-db6e-4185-8133-0e0433d6c30a,Hahahahaha gosto de musica muito legal,05/12/2024 10:45
513987ee-1026-4bd4-93aa-9d89d6d5bad4,Qual sua música favorita do post Malone?,05/12/2024 10:45
ae0cbeae-1ff0-406f-a78a-a80a71120100,O letras possui aplicativo? O que tem no app de interessante além do site?,05/12/2024 10:45
880b38ad-954a-499a-a76a-66fce8a17f66,"Muito boa a palestra, exemplos excelentes",05/12/2024 10:45
513987ee-1026-4bd4-93aa-9d89d6d5bad4,Qual shampoo o Rodes usa?,05/12/2024 10:45
ae0cbeae-1ff0-406f-a78a-a80a71120100,O negócio é LINKIN PARK.,05/12/2024 10:46
4ce79311-38e9-401a-bb36-d1b6ad9ff2d3,"O cara ouve lorde ",05/12/2024 10:46
ae0cbeae-1ff0-406f-a78a-a80a71120100,"Shampoo do Rodes?? ",05/12/2024 10:46
b99c9940-1ccf-4ec6-963a-9a233fddde70,Quem não é fã de Taylor Swift em pleno 2024?,05/12/2024 10:46
30a1d1e4-da0d-4f67-9908-6bc16a47ebc4,"Gostei da dinâmica dos gostos musicais ",05/12/2024 10:46
513987ee-1026-4bd4-93aa-9d89d6d5bad4,"Uso letras todos os dias, tenho prioridade na entrevista de emprego?",05/12/2024 10:46
3e72f254-acab-4aec-ad73-bf9dff9c21ad,"Muito legal a palestra ",05/12/2024 10:47
8f4c1ec8-e5ed-4ce2-90f1-84bbab673805,Anao Taylor Swift nao,05/12/2024 10:47
8f4c1ec8-e5ed-4ce2-90f1-84bbab673805,cade o kanye west,05/12/2024 10:47
513987ee-1026-4bd4-93aa-9d89d6d5bad4,É muito paia usar o letras apenas pra ler a tradução das músicas que a gata te manda e vc n quer escutar?(Taylor Swift 🤢),05/12/2024 10:48
3e72f254-acab-4aec-ad73-bf9dff9c21ad,Palestrantes bem descontraídos,05/12/2024 10:48
9aa2b218-1ce5-4019-8e59-cefd44bc9866,"O Rodrigo teria algum dica de aprendizagem, projetos para portfólio e dicas para o começo na área da linguagem golang?",05/12/2024 10:48
30a1d1e4-da0d-4f67-9908-6bc16a47ebc4,Interessante ver como funciona o backend e frontend em um site,05/12/2024 10:48
092f2a22-65fe-4b1e-a8de-356ce785cea3,Que palestra incrível! Amei esses dois,05/12/2024 10:48
7568d4e3-7c42-4c07-9246-161f8f144017,Então o cache não necessariamente está executado o código. Usa já uma requisição anterior que está em um buffer ?,05/12/2024 10:49
13c63d6c-e94d-4b8b-829b-3a6f523ac131,"No cache e CDN, todo o serviço vem pronto ou vocês precisaram fazer/usar alguma aplicação específica para encontrar as melhores rotas, etc?",05/12/2024 10:51
7568d4e3-7c42-4c07-9246-161f8f144017,"Certeza que foi o Rodigo que fez o slide ",05/12/2024 10:54
a8795f76-f29d-4a4e-ab33-de80f1fa7eaa,Excelente palestra sobre boas práticas de otimização do pessoal da Letras!,05/12/2024 10:55
eed4edbe-921c-4f9c-8148-1948d00197eb,"Palestras muito interessantes ",05/12/2024 10:55
eed4edbe-921c-4f9c-8148-1948d00197eb,"Gostei muito da palestra do Letras ",05/12/2024 10:55
eed4edbe-921c-4f9c-8148-1948d00197eb,"fiquei mais interessado a respeito do mercado de jogos no Brasil ",05/12/2024 10:55
eed4edbe-921c-4f9c-8148-1948d00197eb,"Gostaria de trabalhar em um sistema como o do Letras ",05/12/2024 10:55
b99c9940-1ccf-4ec6-963a-9a233fddde70,Muito legal essas maneiras mais eficientes de implementação de imagens no front-end,05/12/2024 10:56
eed4edbe-921c-4f9c-8148-1948d00197eb,"Requisições de banco de dados e áreas que já conhecemos no curso ",05/12/2024 10:56
7568d4e3-7c42-4c07-9246-161f8f144017,Interessante usar a técnica de Sprite nesse contexto,05/12/2024 10:57
092f2a22-65fe-4b1e-a8de-356ce785cea3,Será que tem a possibilidade desses slides serem disponibilizados pra gente?,05/12/2024 10:57
f24a3531-506e-487a-84d2-614694703dfc,"bom ",05/12/2024 10:59
86cc2ad1-6ef4-4b63-8d8f-c512cc96589d,Que dupla maravilhosa!,05/12/2024 10:59
f24a3531-506e-487a-84d2-614694703dfc,top👏🏽👏🏽,05/12/2024 10:59
eed4edbe-921c-4f9c-8148-1948d00197eb,ansioso para as palestras de mais tarde!!!,05/12/2024 11:01
12c8e1ec-c662-415a-b106-b64ccb7ece3f,Como funciona o processo seletivo para estágio/trainee do Letras?,05/12/2024 11:02
f24a3531-506e-487a-84d2-614694703dfc,ótimo!,05/12/2024 11:02
a5551753-5cda-4641-bc94-7d92707ef19c,Alguém trás a studiosol de novo ano que vem.,05/12/2024 11:02
f24a3531-506e-487a-84d2-614694703dfc,"Ótima palestra, também amo taylor swift 
tenho 1,80m sei cozinhar e sou contra a cólica ✊🏽",05/12/2024 11:04
13c63d6c-e94d-4b8b-829b-3a6f523ac131,"Como funcionaria para entrar na empresa de vocês? Seja como estagiário, Junior, trainee...",05/12/2024 11:06
a66b96d8-e20d-4946-b233-a3a04992b2ab,Podia ter o pdf das apresentações aqui no app pra gente baixar,05/12/2024 11:06
f569f9d9-9281-4405-a4aa-084b33a9be5a,Tenho uma dúvida sobre a palestra da Letras. Quais tecnologias principais são utilizadas para o frontend? Como o framework que é utilizado,05/12/2024 11:12
7568d4e3-7c42-4c07-9246-161f8f144017,"Não sabia que essas apresentações funcionavam por conta dessas meta tags ",05/12/2024 11:12
513987ee-1026-4bd4-93aa-9d89d6d5bad4,Quando vai sair a retrospectiva letras 2024?,05/12/2024 11:13
a5551753-5cda-4641-bc94-7d92707ef19c,Tem como disponibilizar esses slides do letras?,05/12/2024 11:13
a66b96d8-e20d-4946-b233-a3a04992b2ab,Muito legal falarem sobre SEO! Primeira palestra que  citou isso!,05/12/2024 11:13
df0c5066-4918-4384-bf21-9ba7343bf772,Uma pergunta: Qual a arquitetura é utilizada no frontend?,05/12/2024 11:13
34d7ba0b-7b62-4439-b143-d7dd24797376,"Secom está incrível ",05/12/2024 11:13
34d7ba0b-7b62-4439-b143-d7dd24797376,Palestras muito interessantes,05/12/2024 11:13
99899b5a-eb3d-4d67-a64f-a143f824a709,Laryssa e Rods dando uma baita aula sobre webdev e a UFV oscilando o wi-fi como se estivesse mandando um código morse 🤡 ironia dms,05/12/2024 11:14
34d7ba0b-7b62-4439-b143-d7dd24797376,Adorei a ideia de fazer horas de extensão com jogos kkk,05/12/2024 11:14
f24a3531-506e-487a-84d2-614694703dfc,"e o fifa em ",05/12/2024 11:14
513987ee-1026-4bd4-93aa-9d89d6d5bad4,"Palestra chique ",05/12/2024 11:14
99899b5a-eb3d-4d67-a64f-a143f824a709,"Véi... mandei uma pergunta e ela não subiu pq o wi-fi cortou na hora exata... Perdi a pergunta, mas ela não enviou. 😤Bugzinho aí pros devs do app quebrarem a cabeça 👾",05/12/2024 11:16
7568d4e3-7c42-4c07-9246-161f8f144017,"Me impressionei muito com essa palestra, muito boa e bem informativa",05/12/2024 11:17
99899b5a-eb3d-4d67-a64f-a143f824a709,"Pergunta: Quando vocês estão alterando o código-fonte, não tem tipo um pré-servidor para fazerem upload e testar o site? Do jeito que falaram, pareceu que ia direto pro servidor após os testes locais.",05/12/2024 11:19
513987ee-1026-4bd4-93aa-9d89d6d5bad4,Criatividade é um fator necessário para ser um desenvolvedor front end ou qualquer pessoa consegue se virar com o tempo?,05/12/2024 11:20
a66b96d8-e20d-4946-b233-a3a04992b2ab,Palestra excelente!!!!!,05/12/2024 11:22
b99c9940-1ccf-4ec6-963a-9a233fddde70,"Ver a implementação dessas ferramentas na prática é muito interessante, saindo da teoria e mostrando como realmente são utilizadas no mercado.",05/12/2024 11:23
d51c3bbb-185b-4a34-848a-607621bd7cc2,"Vocês fazem algum tipo de processo seletivo para estagio? ",05/12/2024 11:23
86cc2ad1-6ef4-4b63-8d8f-c512cc96589d,Que linda 😭😭😭,05/12/2024 11:23
b99c9940-1ccf-4ec6-963a-9a233fddde70,Incrível essa palestra!!!!,05/12/2024 11:23
8b532002-32a9-47b8-a068-f68ebed037cd,A palestra da Letras foi muito mais interessante do que premeditei. Muitos bons conselhos btw,05/12/2024 11:28
c0f15389-3383-4e94-b413-2fd78bcd0b68,Muito boa essa dupla,05/12/2024 11:28
883f6e71-d69f-4eb4-8791-f3f68ee15315,Qual o salário médio de um desenvolvedor front end hoje em dia?,05/12/2024 11:28
02af807d-7123-444e-b61e-89eaf92be60f,"A palestra do letras foi incrível ",05/12/2024 11:28
02af807d-7123-444e-b61e-89eaf92be60f,"No letras o front do back é bem separado e definido, um programador Full stack se daria bem??",05/12/2024 11:30
8aed64cf-df9c-4421-bff3-6c07fee239b1,Ótima palestra,05/12/2024 11:33
b99c9940-1ccf-4ec6-963a-9a233fddde70,"Muito legal essa dinâmica de sorteio!! Sou a favor de um em cada apresentação hoje ",05/12/2024 11:42
226440c8-ce0c-42b8-a37b-8435e915955d,Ter tido sorteio foi legal demais. Espero um dia ganhar um ...,05/12/2024 11:44
3f05e03e-45ce-4e65-b2f3-cf3a76e21fa1,"Palestra da letras magnífica ",05/12/2024 11:47
3f05e03e-45ce-4e65-b2f3-cf3a76e21fa1,Ansioso pela palestra da Levty e Sydle,05/12/2024 11:47
3f05e03e-45ce-4e65-b2f3-cf3a76e21fa1,"CoffeBreak foi um pouco cedo, mas estava bom ",05/12/2024 11:47
b843c3db-fc8f-45a6-8322-19b87391fa20,Quero trabalhar na Studiosol! Que palestra incrível.,05/12/2024 11:51
b843c3db-fc8f-45a6-8322-19b87391fa20,Bora para mais uma palestra incrível da Levy.,05/12/2024 11:53
b843c3db-fc8f-45a6-8322-19b87391fa20,Nunca pensei que back e front fosse tamanho legal.,05/12/2024 11:53
50ab66a7-9677-44ec-b7d4-be69f3d11d87,"Muito bons os adesivos! ",05/12/2024 11:54
50ab66a7-9677-44ec-b7d4-be69f3d11d87,Palestra da levty agrr,05/12/2024 11:54
b843c3db-fc8f-45a6-8322-19b87391fa20,Palestras muito interessantes!!!,05/12/2024 11:54
8c83da8e-1478-4a91-ae10-7347cd55d06f,palestra de lei,05/12/2024 11:56
8c83da8e-1478-4a91-ae10-7347cd55d06f,"Tema muito interessante ",05/12/2024 11:56
b843c3db-fc8f-45a6-8322-19b87391fa20,"Eu amei as figurinhas da Github, peguei o máximo que pude!",05/12/2024 11:56
8c83da8e-1478-4a91-ae10-7347cd55d06f,Interessado nessa Levity,05/12/2024 11:56
b843c3db-fc8f-45a6-8322-19b87391fa20,"Que evento incrível, SECOM melhor do que nunca, por mais anos assim!",05/12/2024 11:57
a66b96d8-e20d-4946-b233-a3a04992b2ab,Como foi sua trajetória de trainee para agile master?,05/12/2024 12:09
883f6e71-d69f-4eb4-8791-f3f68ee15315,Qual a principal função que um funcionário da levty desempenha?,05/12/2024 12:09
883f6e71-d69f-4eb4-8791-f3f68ee15315,Quero trabalhar na levty!!!,05/12/2024 12:10
34c8353a-bcb4-4553-8c2d-fac1c5311ccd,Esse horário de almoço de 13h às 13:30h ficou mal posicionado.com o horário de funcionamento do RU.,05/12/2024 12:11
226440c8-ce0c-42b8-a37b-8435e915955d,"O quão interessante experiências como o Projeto Integrados, a Sydle/Levty consideram? É algo q valeria a pena colocar no currículo para a empresa deles? ",05/12/2024 12:12
226440c8-ce0c-42b8-a37b-8435e915955d,Gláucia teria orgulho dessa palestra!,05/12/2024 12:16
a66b96d8-e20d-4946-b233-a3a04992b2ab,Quando que a alteração do escopo durante o processo pode se tornar um problema?,05/12/2024 12:21
c83d77db-e69b-4b9a-af36-1e80aed4ea42,Quais as diferenças de funções entre o Scrum Master e o P.O.?,05/12/2024 12:21
86cc2ad1-6ef4-4b63-8d8f-c512cc96589d,deve ser muito bom trabalhar na levty,05/12/2024 12:21
a66b96d8-e20d-4946-b233-a3a04992b2ab,O canal no teams com o cliente não gera cobrança excessiva?,05/12/2024 12:22
c83d77db-e69b-4b9a-af36-1e80aed4ea42,Vocês usam o Scrumban?,05/12/2024 12:24
34c8353a-bcb4-4553-8c2d-fac1c5311ccd,Já de olho no Trainee 2025 da LEVTY 🚀👩🏽‍💻,05/12/2024 12:24
13c63d6c-e94d-4b8b-829b-3a6f523ac131,Na LEVTY vocês usaram/usam algum modelo de metodologia ágil para criar o de vocês?,05/12/2024 12:25
c0f15389-3383-4e94-b413-2fd78bcd0b68,Muito interessante o conteúdo apresentado!,05/12/2024 12:25
a66b96d8-e20d-4946-b233-a3a04992b2ab,Você acha que tem um tamanho ideal pra equipe?,05/12/2024 12:26
02af807d-7123-444e-b61e-89eaf92be60f,"Ótima palestra ",05/12/2024 12:27
e2b6d403-470e-4752-8767-48575bb10c67,Muito bom,05/12/2024 12:27
4ce79311-38e9-401a-bb36-d1b6ad9ff2d3,"Processo de trainee parece interessante ",05/12/2024 12:27
b6692dfb-d9b8-409b-ac8e-4ffe98e5a57b,Poderiam dar dicas sobre como se portar num bate papo do processo seletivo?,05/12/2024 12:27
50ab66a7-9677-44ec-b7d4-be69f3d11d87,"Muito boa a palestra ",05/12/2024 12:27
b6692dfb-d9b8-409b-ac8e-4ffe98e5a57b,"Sobre preparação para o ambiente profissional, quais itens vocês consideram fundamentais para um perfil de colaborador?",05/12/2024 12:28
7833a43c-88df-41ce-9608-368ecac536a1,Qual é a porcentagem de candidatos que conseguem a entrada para trainee?,05/12/2024 12:29
b99c9940-1ccf-4ec6-963a-9a233fddde70,Muito boa palestra e bem objetiva,05/12/2024 12:29
c3149f3b-36f2-4fbd-a033-c41f8e9fe534,Palestra enriquecedora!,05/12/2024 12:29
b6692dfb-d9b8-409b-ac8e-4ffe98e5a57b,Qual a importância de um portfólio ou experiência profissional no processo seletivo da Levty?,05/12/2024 12:29
b99c9940-1ccf-4ec6-963a-9a233fddde70,"E o sorteio, nada ainda?",05/12/2024 12:30
50ab66a7-9677-44ec-b7d4-be69f3d11d87,"Quero entrar para a levty ",05/12/2024 12:30
d0881343-b903-4573-aee3-c821f2e201de,Ótima palestra,05/12/2024 12:30
d0881343-b903-4573-aee3-c821f2e201de,Gostei das palestras Studiosol,05/12/2024 12:32
d0881343-b903-4573-aee3-c821f2e201de,Adesivos do git muito legais,05/12/2024 12:32
d0881343-b903-4573-aee3-c821f2e201de,Secom esse ano está muito boa,05/12/2024 12:33
d0881343-b903-4573-aee3-c821f2e201de,Podia ter duas secom no ano,05/12/2024 12:35
b6692dfb-d9b8-409b-ac8e-4ffe98e5a57b,Quais dicas você poderia dar para que possamos nos preparar para o mercado de trabalho?,05/12/2024 12:36
b6692dfb-d9b8-409b-ac8e-4ffe98e5a57b,"Em relação ao processo seletivo da Sydle, qual seria um item que considera indispensável para um possível candidato? ",05/12/2024 12:37
b6692dfb-d9b8-409b-ac8e-4ffe98e5a57b,"Poderia dar algumas informações sobre os produtos da Sydle, como o Sydle One?",05/12/2024 12:38
d0881343-b903-4573-aee3-c821f2e201de,A secom esse ano está muito boa,05/12/2024 12:39
d0881343-b903-4573-aee3-c821f2e201de,"Ótimas palestras ",05/12/2024 12:39
d0881343-b903-4573-aee3-c821f2e201de,Podia ter duas secom no ano,05/12/2024 12:40
d0881343-b903-4573-aee3-c821f2e201de,"As palestras dos patrocinadores estão muito interessante ",05/12/2024 12:41
d0881343-b903-4573-aee3-c821f2e201de,"Ansioso para a maratonas desse ano ",05/12/2024 12:41
a5551753-5cda-4641-bc94-7d92707ef19c,A palestra da Levty poderia ter sido mais interativa. Faltou dinamismo em comparação com os palestrantes anteriores.,05/12/2024 12:52
a5551753-5cda-4641-bc94-7d92707ef19c,O que esperam de um dev pleno na Sydle?,05/12/2024 13:05
3f05e03e-45ce-4e65-b2f3-cf3a76e21fa1,O que mais esperam de um candidato trainee na SYDLE?,05/12/2024 13:07
d0881343-b903-4573-aee3-c821f2e201de,O que a sydle busca em um profissional para se contratar?,05/12/2024 13:12
b99c9940-1ccf-4ec6-963a-9a233fddde70,"Por mais que tenha sido online, essa palestra foi muito bacana",05/12/2024 13:13
513987ee-1026-4bd4-93aa-9d89d6d5bad4,Eh possível participar das 2 seletivas ao mesmo tempo? Sydle e levty,05/12/2024 13:13
513987ee-1026-4bd4-93aa-9d89d6d5bad4,A identidade visual da sydle eh muito foda,05/12/2024 13:13
513987ee-1026-4bd4-93aa-9d89d6d5bad4,Ter um bom LinkedIn influência muito nas seletivas?,05/12/2024 13:14
c0f15389-3383-4e94-b413-2fd78bcd0b68,"Organização mau hoje, tempo excedeu demais",05/12/2024 13:17
45025e25-714c-447c-ad00-3f2880882d2b,Primeiramente o horário ficou muito apertado e tivemos que sair mais cedo antes do ru fechar e ficamos sem brinde sendo que teve uma rapaziada que nem viu nada da palestra e ganhou brinde.,05/12/2024 13:17
7833a43c-88df-41ce-9608-368ecac536a1,Na próxima SECOM eu acho que seria melhor fazer a game jam e a maratona paralelos aos minicursos,05/12/2024 13:38
8c83da8e-1478-4a91-ae10-7347cd55d06f,"Gostando muito ",05/12/2024 14:09
ad08e116-810d-4533-a7c6-9782fcb55f6d,Quais são as carreiras na área de dados e quais a diferença entre elas?,05/12/2024 14:22
ad08e116-810d-4533-a7c6-9782fcb55f6d,Quais conhecimentos que vc considera como  diferencial para trabalhar na area de ciencia de dados?,05/12/2024 14:31
023d3c99-a60f-4734-88e2-de4c9944c95a,Muito legal essa palestra da dti,05/12/2024 14:31
99899b5a-eb3d-4d67-a64f-a143f824a709,"Pergunta: Que tipo de dados você extraía quando passou pela formação de engenharia elétrica? Ou melhor, com o que exatamente você estava trabalhando?",05/12/2024 14:33
883f6e71-d69f-4eb4-8791-f3f68ee15315,"Salve Pedrão ",05/12/2024 14:33
883f6e71-d69f-4eb4-8791-f3f68ee15315,"Salve Matheus ",05/12/2024 14:33
8b532002-32a9-47b8-a068-f68ebed037cd,Muito boa a palestra da dti. Muito informativa.,05/12/2024 14:37
66333d64-e1a9-407d-b5ec-e97640fc0bfc,"Eu vejo que no treinamento de modelos existem vários técnicas e metodologias pra ser realizada, como você disse, cada caso é diferente, como é feita essa seleção?",05/12/2024 14:37
8b532002-32a9-47b8-a068-f68ebed037cd,"O quanto de conhecimento da área é necessário pra alguém que tem a função de trabalhar com modelagem de dados? Por exemplo, O Cientista de Dados precisa saber Engenharia pra extrair dados dessa área?",05/12/2024 14:45
34c8353a-bcb4-4553-8c2d-fac1c5311ccd,Tem alguma previsão de quais áreas vão ser as próximas tendência daqui alguns anos?,05/12/2024 14:51
8c83da8e-1478-4a91-ae10-7347cd55d06f,"cara, ramo interessante ",05/12/2024 14:51
8aed64cf-df9c-4421-bff3-6c07fee239b1,Ótima apresentação.,05/12/2024 14:52
78a0dc2a-07a3-41bb-a1a4-3731b2e51917,"Boa palestra sobre dados, mostrou aplicações da area",05/12/2024 14:52
8c83da8e-1478-4a91-ae10-7347cd55d06f,power BI é requisito sempre,05/12/2024 14:52
8c83da8e-1478-4a91-ae10-7347cd55d06f,quais conhecimentos acha um deferencial pra entrar nesse ramo?,05/12/2024 15:02
883f6e71-d69f-4eb4-8791-f3f68ee15315,O que é esse dispositivo na blusa do palestrante?,05/12/2024 15:07
ad08e116-810d-4533-a7c6-9782fcb55f6d,Brasil tem tudo para decolar,05/12/2024 15:29
78a0dc2a-07a3-41bb-a1a4-3731b2e51917,Estou adorando a palestra,05/12/2024 15:32
78a0dc2a-07a3-41bb-a1a4-3731b2e51917,Muito legal a visão que o palestrante deu sobre o mercado,05/12/2024 15:32
023d3c99-a60f-4734-88e2-de4c9944c95a,Palestra inspiradora,05/12/2024 15:35
78a0dc2a-07a3-41bb-a1a4-3731b2e51917,Chama pra mais hackatons,05/12/2024 15:40
84fb43ff-f2ca-4b32-b090-49467d8ae7a0,palestra muito boa,05/12/2024 15:41
84fb43ff-f2ca-4b32-b090-49467d8ae7a0,"Secom cada dia melhor ",05/12/2024 15:41
64a69630-bdc5-4e29-9090-492d31a34e0d,Qual a taxa de permanência dos funcionários contratados?,05/12/2024 15:47
c83d77db-e69b-4b9a-af36-1e80aed4ea42,"Ninguém faz nada sozinho ",05/12/2024 15:48
c83d77db-e69b-4b9a-af36-1e80aed4ea42,Muito boa a palestra do Natanael,05/12/2024 15:49
8c83da8e-1478-4a91-ae10-7347cd55d06f,"gostei da animação do palestrante ",05/12/2024 15:51
219bdf7f-fa3a-4d8f-9e33-b83980cc7afb,Sabe mto nmrl,05/12/2024 15:52
e06ffaec-3d0b-45f5-85c5-94027d692f0f,"O cara é bom mesmo ",05/12/2024 15:52
023d3c99-a60f-4734-88e2-de4c9944c95a,"Muito interessante ",05/12/2024 15:53
ad08e116-810d-4533-a7c6-9782fcb55f6d,E como identificar um problema a ser resolvido?,05/12/2024 15:54
d51c3bbb-185b-4a34-848a-607621bd7cc2,Sabe demais,05/12/2024 15:58
d51c3bbb-185b-4a34-848a-607621bd7cc2,Cara é muito bom,05/12/2024 15:58
b99c9940-1ccf-4ec6-963a-9a233fddde70,"Palestra incrível, muito bacana a forma de apresentação e interação com nós alunos",05/12/2024 15:58
b6692dfb-d9b8-409b-ac8e-4ffe98e5a57b,"Esse comentário é mais uma observação, no início da palestra foi falado sobre diversidade e a diversidade é exatamente pessoas de raças, culturas, gêneros diferentes. E isso não é um problema.",05/12/2024 15:59
ad08e116-810d-4533-a7c6-9782fcb55f6d,Como Você extrai o melhor das pessoas ao seu redor?,05/12/2024 15:59
b6692dfb-d9b8-409b-ac8e-4ffe98e5a57b,Qual sua dica para a primeira experiência no mercado?,05/12/2024 16:00
e06ffaec-3d0b-45f5-85c5-94027d692f0f,"esse cara me deu motivação ",05/12/2024 16:00
8aed64cf-df9c-4421-bff3-6c07fee239b1,Boa apresentação.,05/12/2024 16:04
61b2f3d3-4265-4ca1-bf48-f6fb75a5348f,Os problemas éticos relacionados as IAs se concentram aos modelos de inteligência artificiais generativas?,05/12/2024 16:39
61b2f3d3-4265-4ca1-bf48-f6fb75a5348f,Como me tornar um profissional melhor usando a inteligências artificiais sem que as IAs tomem maior parte da minha responsabilidade?,05/12/2024 16:41
a66b96d8-e20d-4946-b233-a3a04992b2ab,Com cursos on-line é possível aprender o suficiente sobre LGPD para aplicar em uma empresa?,05/12/2024 16:49
78a0dc2a-07a3-41bb-a1a4-3731b2e51917,Que precauções devo tomar ao aceitar os termos de uso?,05/12/2024 16:49
a66b96d8-e20d-4946-b233-a3a04992b2ab,"Palestra excelente, muito conhecimento compartilhado!",05/12/2024 16:49
e06ffaec-3d0b-45f5-85c5-94027d692f0f,muito importante a concientizar sobre isso,05/12/2024 16:50
78a0dc2a-07a3-41bb-a1a4-3731b2e51917,Muito boa palestra,05/12/2024 16:50
ad08e116-810d-4533-a7c6-9782fcb55f6d,"Com base na LGPD, posso solicitar a uma empresa que me envia mensagens no WhatsApp
 informações sobre onde Ela obteve  o meu número?


",05/12/2024 16:52
b99c9940-1ccf-4ec6-963a-9a233fddde70,Muito boa palestra!!,05/12/2024 16:56
47f0857b-7373-4457-b034-4eca2ed5efd9,"Muito boa a palestra ",05/12/2024 17:17
47f0857b-7373-4457-b034-4eca2ed5efd9,"Já utilizei muito o letras ",05/12/2024 17:17
47f0857b-7373-4457-b034-4eca2ed5efd9,"Melhor site de letras que já vi ",05/12/2024 17:17
47f0857b-7373-4457-b034-4eca2ed5efd9,"As palestras hoje estão ótimas ",05/12/2024 17:17
47f0857b-7373-4457-b034-4eca2ed5efd9,"Gostaria muito da área de games ",05/12/2024 17:18
47f0857b-7373-4457-b034-4eca2ed5efd9,"A indústria de games está cada vez maior ",05/12/2024 17:18
7cf13434-76d6-4046-96fd-1cfd9d429282,mt bom essa cabeludo sabe oq fala,05/12/2024 17:33
8c83da8e-1478-4a91-ae10-7347cd55d06f,"o verdadeiro goty de 2018 é os amigos que fizemos pelo caminho ",05/12/2024 17:34
8b532002-32a9-47b8-a068-f68ebed037cd,As palestras dessa SECOM estão de parabéns mesmo.,05/12/2024 17:40
78a0dc2a-07a3-41bb-a1a4-3731b2e51917,"Esse método substitui os passos dos processos de desenvolvimento de software tradicionais (Cascata, interativo, etc). Eles são usados em conjunto?",05/12/2024 17:40
78a0dc2a-07a3-41bb-a1a4-3731b2e51917,Muito boa a didática do palestrante,05/12/2024 17:41
78a0dc2a-07a3-41bb-a1a4-3731b2e51917,Exemplos muito claros,05/12/2024 17:41
c83d77db-e69b-4b9a-af36-1e80aed4ea42,"Pq a sede da empresa fica em São José dos Campos? É uma questão de logística? ",05/12/2024 17:45
8aed64cf-df9c-4421-bff3-6c07fee239b1,Ótima apresentação de LGPD.,05/12/2024 17:46
8aed64cf-df9c-4421-bff3-6c07fee239b1,Gostei dos memes na apresentação da Hubs.,05/12/2024 17:46
f0158b5a-82ff-410c-81f2-d51f7e345b45,"As palestras dessa Secom estão top viu ",05/12/2024 17:46
78a0dc2a-07a3-41bb-a1a4-3731b2e51917,Quais ferramentas de gerenciamento de processo vocês usam?,05/12/2024 17:46
6694bc9c-4eab-4c6b-a7df-c40f8f42e39c,"Eesa palestra tá muito interessante, vô melhorar o MAGIC com base nisso ai",05/12/2024 17:50
6694bc9c-4eab-4c6b-a7df-c40f8f42e39c,Game jam ta boa fi,05/12/2024 17:51
6694bc9c-4eab-4c6b-a7df-c40f8f42e39c,Patrick desenha muito!!!!!!,05/12/2024 17:51
c83d77db-e69b-4b9a-af36-1e80aed4ea42,Tópicos importantes levantados nesse resumo da Hub$,05/12/2024 17:57
8aed64cf-df9c-4421-bff3-6c07fee239b1,Ótima apresentação.,05/12/2024 18:00
34c8353a-bcb4-4553-8c2d-fac1c5311ccd,"Para os KRs, em quanto tem é redefinido os objetivos?",05/12/2024 18:03
02af807d-7123-444e-b61e-89eaf92be60f,Maratona divertidaaaa,05/12/2024 18:17
3e72f254-acab-4aec-ad73-bf9dff9c21ad,Muito bom a maratona,05/12/2024 18:41
3e72f254-acab-4aec-ad73-bf9dff9c21ad,"Ansiosa para o resultado da maratona amanhã ",05/12/2024 18:41
daac9055-17a0-4775-bb21-9c0add9d45ec,"A maratona desse ano foi muito legal ",05/12/2024 18:42
daac9055-17a0-4775-bb21-9c0add9d45ec,"A galera arrasou muito ",05/12/2024 18:42
daac9055-17a0-4775-bb21-9c0add9d45ec,"Quero ver o MinasCoders no pódio ",05/12/2024 18:42
3e72f254-acab-4aec-ad73-bf9dff9c21ad,"Quero ver o MinasCoders no pódio amanhã ",05/12/2024 18:43
3e72f254-acab-4aec-ad73-bf9dff9c21ad,"Brindes muito legais ",05/12/2024 18:44
50ab66a7-9677-44ec-b7d4-be69f3d11d87,"Muito boa a programação ",05/12/2024 18:58
50ab66a7-9677-44ec-b7d4-be69f3d11d87,FIFA no auditório agora!!,05/12/2024 18:58
50ab66a7-9677-44ec-b7d4-be69f3d11d87,"Kd o just dance nos jogos do auditório? ",05/12/2024 18:59
c0f15389-3383-4e94-b413-2fd78bcd0b68,Campeonato de Fifa muito bom!,05/12/2024 19:28
c0f15389-3383-4e94-b413-2fd78bcd0b68,Jogo de quem não quer ganhar contra quem perder,05/12/2024 19:28
2841ae4b-ef6a-4661-94a3-9777a70ec034,"Palestra de Letras apresentado de forma excepcional, com muito conhecimento técnico e prático vividos no mercado de trabalho.",05/12/2024 19:58
2841ae4b-ef6a-4661-94a3-9777a70ec034,"Metodologias ágeis pela levty foi muito boa, uma pena que o tempo impossibilitou de vê-la por completo",05/12/2024 19:59
2841ae4b-ef6a-4661-94a3-9777a70ec034,"Palestra da sydle faltou mais tempo, visto que preencheu todo o intervalo de almoço, mas é de uma temática fundamental",05/12/2024 20:00
2841ae4b-ef6a-4661-94a3-9777a70ec034,Abertura super bem apresentada,05/12/2024 20:01
2841ae4b-ef6a-4661-94a3-9777a70ec034,"Maratona de programação foi muito legal de participar, mesmo com as dores de cabeça ",05/12/2024 20:01
2841ae4b-ef6a-4661-94a3-9777a70ec034,"Sipec fundamental para apresentar os projetos de iniciação científica presentes no campus,",05/12/2024 20:02
8f4c1ec8-e5ed-4ce2-90f1-84bbab673805,Maratona da secom foi tudoo!,05/12/2024 20:58
8f4c1ec8-e5ed-4ce2-90f1-84bbab673805,Philipe divando mt na organização da secom,05/12/2024 20:59
daac9055-17a0-4775-bb21-9c0add9d45ec,"Melhor Secom de todas ",05/12/2024 20:59
8f4c1ec8-e5ed-4ce2-90f1-84bbab673805,Coffe Break surpresa da maratona tava bom dms,05/12/2024 20:59
daac9055-17a0-4775-bb21-9c0add9d45ec,"Philipe arrasou na organização ",05/12/2024 20:59
8f4c1ec8-e5ed-4ce2-90f1-84bbab673805,Levty e Sydle arrasaram nos brindes!,05/12/2024 21:04
a6ec5f50-aa66-4ad4-8b97-10a6f9eacaad,A organização da secom ficou 10!,06/12/2024 06:23
eed4edbe-921c-4f9c-8148-1948d00197eb,"Prestes a começar o minicurso de inteligência artificial ",06/12/2024 06:51
eed4edbe-921c-4f9c-8148-1948d00197eb,"agora que as palestras passaram já é safe dizer que essa parte da SECOM foi muito legal ",06/12/2024 06:52
eed4edbe-921c-4f9c-8148-1948d00197eb,"Gostei demais de todos os palestrantes ",06/12/2024 06:52
eed4edbe-921c-4f9c-8148-1948d00197eb,"Essa é a minha primeira secom e espero estar nas próximas também pois gostei muito ",06/12/2024 06:52
eed4edbe-921c-4f9c-8148-1948d00197eb,"Professor Philipe conseguiu organizar um ótimo evento mesmo sendo novo na faculdade ",06/12/2024 06:56
eed4edbe-921c-4f9c-8148-1948d00197eb,"Sempre tive curiosidade a respeito do mercado de trabalho após o término do curso e a Secom serve pra dar uma certa iluminada nisso ",06/12/2024 06:58
43aca24c-d788-497e-8521-06df728eeaf8,"Essa maratona foi incrível, parabéns aos organizadores 🙏",06/12/2024 06:59
43aca24c-d788-497e-8521-06df728eeaf8,Queria poder ter participado da maratona e da gamejam ao mesmo tempo (não ia funcionar),06/12/2024 06:59
43aca24c-d788-497e-8521-06df728eeaf8,"Ansioso pelo minicurso de Docker, vai ser BRABÃO ",06/12/2024 07:00
15ae4086-4952-4aac-a16b-5c2852e5e523,Vamos ver como será esse minicurso de Web.,06/12/2024 07:10
15ae4086-4952-4aac-a16b-5c2852e5e523,Bom dia a todos.,06/12/2024 07:11
15ae4086-4952-4aac-a16b-5c2852e5e523,"O credenciamento não deveria já ter começado? ",06/12/2024 07:12
9cc1a365-6476-4f22-bf74-2a453e1e8443,ontem foi engraçado a luz caindo na game jam kkk,06/12/2024 07:13
15ae4086-4952-4aac-a16b-5c2852e5e523,"Vamos ver se não vai dar nada errado hoje. Sem Internet no primeiro dia, energia caindo ontem... pelo menos não afetou negativamente o evento como um todo.",06/12/2024 07:17
15ae4086-4952-4aac-a16b-5c2852e5e523,"Huh, não sabia que dava pra editar ou excluir comentários. Será que se excluir um ele para de contar pra missão, ou não altera? ",06/12/2024 07:22
15ae4086-4952-4aac-a16b-5c2852e5e523,Não altera.,06/12/2024 07:24
5c812191-4a89-40c2-ad20-11d17bed69a1,"Adorei o aplicativo, está sendo super útil.",06/12/2024 07:35
5c812191-4a89-40c2-ad20-11d17bed69a1,"Ganhar brindes torna o evento muito mais atrativo, muito obrigado a todos os patrocinadores por proporcionar isso.",06/12/2024 07:36
5c812191-4a89-40c2-ad20-11d17bed69a1,Maiores agradecimentos ao Philipe por ter feito esse evento perfeito,06/12/2024 07:36
e2b6d403-470e-4752-8767-48575bb10c67,A primeira palestra ontem sobre a indústria dos jogos me mostrou uma indústria que eu acreditava não ser muito grande em solo nacional,06/12/2024 07:37
5c812191-4a89-40c2-ad20-11d17bed69a1,"Agora não sei mais qual empresa virou um sonho, todas parecem muito boas kkkk",06/12/2024 07:37
5c812191-4a89-40c2-ad20-11d17bed69a1,É muito legal conhecer empresas e ver que alguma que já conhecia são de tão perto da gente,06/12/2024 07:38
e2b6d403-470e-4752-8767-48575bb10c67,"Já na segunda palestra de ontem, foi bem interessante ver e saber mais sobre as pessoas que trabalham em grandes empresas como a letras",06/12/2024 07:38
5c812191-4a89-40c2-ad20-11d17bed69a1,"Adorei a apresentação do estúdio sol, aprendi muita coisa só de ver uma explicação superficial, imagina quando eu estiver trabalhando com eles, vai ser muito bom",06/12/2024 07:39
e2b6d403-470e-4752-8767-48575bb10c67,"Na terceira palestra, a demonstração dos métodos ágeis revelou algo bem importante para o desenvolvimento de um projeto",06/12/2024 07:40
e2b6d403-470e-4752-8767-48575bb10c67,Bem que podia ter um prêmio pro 3° lugar do campeonato de E-sports,06/12/2024 07:40
a6ec5f50-aa66-4ad4-8b97-10a6f9eacaad,A maratona ontem foi boa dms slc,06/12/2024 07:42
a6ec5f50-aa66-4ad4-8b97-10a6f9eacaad,Os brindes tão muito bons,06/12/2024 07:46
a6ec5f50-aa66-4ad4-8b97-10a6f9eacaad,A palestra do Letras e Studio Sol foi muito boa e inspiradora em relação a conseguir trabalho em uma empresa legal,06/12/2024 07:47
a6ec5f50-aa66-4ad4-8b97-10a6f9eacaad,animada para o minicurso,06/12/2024 07:49
a6ec5f50-aa66-4ad4-8b97-10a6f9eacaad,"A Secom podia acabar nunca mais para não ter que ter aula de calculo ",06/12/2024 07:51
4b3d0b61-ee1b-4468-8785-a9d80b5bb850,"Dia 2 foi incrível ",06/12/2024 07:51
4b3d0b61-ee1b-4468-8785-a9d80b5bb850,A maratona foi muito divertida,06/12/2024 07:51
4b3d0b61-ee1b-4468-8785-a9d80b5bb850,Adorei ganhar baloes,06/12/2024 07:51
4b3d0b61-ee1b-4468-8785-a9d80b5bb850,Teve salgadinho...,06/12/2024 07:51
4b3d0b61-ee1b-4468-8785-a9d80b5bb850,Altas expectativas para o dia 3,06/12/2024 07:52
4b3d0b61-ee1b-4468-8785-a9d80b5bb850,"Animado para o ultimo diaa ",06/12/2024 07:52
a6ec5f50-aa66-4ad4-8b97-10a6f9eacaad,"Time Aseta merece ganhar prêmio também ",06/12/2024 07:52
a6ec5f50-aa66-4ad4-8b97-10a6f9eacaad,bom dia,06/12/2024 07:53
a6ec5f50-aa66-4ad4-8b97-10a6f9eacaad,espero q o cofee break seja diferente hoje,06/12/2024 07:53
a6ec5f50-aa66-4ad4-8b97-10a6f9eacaad,queria andar de skate,06/12/2024 07:56
a6ec5f50-aa66-4ad4-8b97-10a6f9eacaad,o dia tá muito bonito hoje,06/12/2024 07:57
a6ec5f50-aa66-4ad4-8b97-10a6f9eacaad,bora,06/12/2024 07:58
a6ec5f50-aa66-4ad4-8b97-10a6f9eacaad,"salve salve ",06/12/2024 07:59
4b3d0b61-ee1b-4468-8785-a9d80b5bb850,Animado para hoje,06/12/2024 07:59
4b3d0b61-ee1b-4468-8785-a9d80b5bb850,Docker docker docker,06/12/2024 08:01
4b3d0b61-ee1b-4468-8785-a9d80b5bb850,Tomara que hoje a luz nao acabe,06/12/2024 08:02
9cc1a365-6476-4f22-bf74-2a453e1e8443,blender blender blender,06/12/2024 08:02
4b3d0b61-ee1b-4468-8785-a9d80b5bb850,"Ultimo dia da secom, ja estou com saudade",06/12/2024 08:02
9cc1a365-6476-4f22-bf74-2a453e1e8443,animado pra modelagem 3d,06/12/2024 08:02
4b3d0b61-ee1b-4468-8785-a9d80b5bb850,Aumento para amanda,06/12/2024 08:04
9cc1a365-6476-4f22-bf74-2a453e1e8443,qual shampoo o patrick usa?,06/12/2024 08:04
9cc1a365-6476-4f22-bf74-2a453e1e8443,gostando demais da minha primeira secom,06/12/2024 08:05
4b3d0b61-ee1b-4468-8785-a9d80b5bb850,Ultimo comentário,06/12/2024 08:05
9cc1a365-6476-4f22-bf74-2a453e1e8443,gostei demais do app,06/12/2024 08:05
9cc1a365-6476-4f22-bf74-2a453e1e8443,"to gostando muito ate agr, falta só o curso",06/12/2024 08:06
02af807d-7123-444e-b61e-89eaf92be60f,Ansioso pros minicurso,06/12/2024 08:12
02af807d-7123-444e-b61e-89eaf92be60f,"Parece ser mt interessante ",06/12/2024 08:12
34d7ba0b-7b62-4439-b143-d7dd24797376,Adorei a maratona.,06/12/2024 08:14
34d7ba0b-7b62-4439-b143-d7dd24797376,A energia caiu no final foi um ótimo encerramento kkk,06/12/2024 08:15
34d7ba0b-7b62-4439-b143-d7dd24797376,Os jogos de ontem estavam muito bons,06/12/2024 08:15
34d7ba0b-7b62-4439-b143-d7dd24797376,"Ansiosa para o último dia ",06/12/2024 08:15
34d7ba0b-7b62-4439-b143-d7dd24797376,"Último dia vamos lá ",06/12/2024 08:16
5c812191-4a89-40c2-ad20-11d17bed69a1,Muito bom,06/12/2024 08:19
08101ce6-e4af-4e12-81d5-87afcafc4b3b,GameJam deixou sequelas,06/12/2024 08:20
08101ce6-e4af-4e12-81d5-87afcafc4b3b,As palestras estão muito boas,06/12/2024 08:21
5c812191-4a89-40c2-ad20-11d17bed69a1,Bacana demais,06/12/2024 08:21
50ab66a7-9677-44ec-b7d4-be69f3d11d87,"Descomplicando o docker Agr ",06/12/2024 08:21
08101ce6-e4af-4e12-81d5-87afcafc4b3b,Só tem mini curso foda,06/12/2024 08:21
84fb43ff-f2ca-4b32-b090-49467d8ae7a0,último dia de SECOM :(,06/12/2024 08:25
84fb43ff-f2ca-4b32-b090-49467d8ae7a0,"minicurso de modelagem 3D, bom demais ",06/12/2024 08:26
02af807d-7123-444e-b61e-89eaf92be60f,Curso de modelagem 3d tá bem legal,06/12/2024 08:45
d13dce39-51a4-4170-8b39-f06cb1f6adf6,Curso de modelagem 3d mtt legal,06/12/2024 08:45
d13dce39-51a4-4170-8b39-f06cb1f6adf6,Coffe break so de tarde 😭😭,06/12/2024 08:46
d13dce39-51a4-4170-8b39-f06cb1f6adf6,Quero mais brindes,06/12/2024 08:49
9b29ec6c-e5af-4b1c-b7f1-49779d06c73a,Curso de modelagem 3D muito legal!,06/12/2024 08:49
5c812191-4a89-40c2-ad20-11d17bed69a1,Super,06/12/2024 08:55
5c812191-4a89-40c2-ad20-11d17bed69a1,Top,06/12/2024 08:55
5c812191-4a89-40c2-ad20-11d17bed69a1,Daora,06/12/2024 08:55
5c812191-4a89-40c2-ad20-11d17bed69a1,"Top ",06/12/2024 08:55
d13dce39-51a4-4170-8b39-f06cb1f6adf6,Quero brindes,06/12/2024 09:02
3e72f254-acab-4aec-ad73-bf9dff9c21ad,"Ansiosa para o encerramento ",06/12/2024 09:11
3e72f254-acab-4aec-ad73-bf9dff9c21ad,Quem será que vai estar no pódio das competições?,06/12/2024 09:11
d13dce39-51a4-4170-8b39-f06cb1f6adf6,Legal,06/12/2024 09:12
d13dce39-51a4-4170-8b39-f06cb1f6adf6,To ansiosa pros sorteios,06/12/2024 09:12
61b2f3d3-4265-4ca1-bf48-f6fb75a5348f,O minicurso gasta muito de seu tempo com uma contextualização que poderia ser mais breve.,06/12/2024 09:20
daac9055-17a0-4775-bb21-9c0add9d45ec,"Melhor Secom ",06/12/2024 09:21
daac9055-17a0-4775-bb21-9c0add9d45ec,"O minicurso de IA está incrível ",06/12/2024 09:24
8b532002-32a9-47b8-a068-f68ebed037cd,"O minicurso está sendo muito produtivo, já! Aprendi que eu não sei usar um terminal!!!!!! :v",06/12/2024 09:47
4ce79311-38e9-401a-bb36-d1b6ad9ff2d3,"Maratona foi uma ótima experiência ",06/12/2024 10:01
4ce79311-38e9-401a-bb36-d1b6ad9ff2d3,"Muito bom o torneio de fifa, infelizmente a luz acabou e não pude ganhar",06/12/2024 10:01
4395eb8b-e6f9-4282-85dc-98453a11cc3e,Maratona show,06/12/2024 10:02
4395eb8b-e6f9-4282-85dc-98453a11cc3e,"Bons brindes ",06/12/2024 10:02
4395eb8b-e6f9-4282-85dc-98453a11cc3e,Campeonato de fifa bacana,06/12/2024 10:02
4395eb8b-e6f9-4282-85dc-98453a11cc3e,Evento show de bola,06/12/2024 10:02
4395eb8b-e6f9-4282-85dc-98453a11cc3e,"Muitos comentários ",06/12/2024 10:02
c0f15389-3383-4e94-b413-2fd78bcd0b68,"Docker excelente ",06/12/2024 10:03
c0f15389-3383-4e94-b413-2fd78bcd0b68,"Precisamos coffee break de manhã ",06/12/2024 10:04
4ce79311-38e9-401a-bb36-d1b6ad9ff2d3,"Docker bem difícil mas muito bom ",06/12/2024 10:05
f7781785-ccfa-4120-856f-3781bcf14d45,"Incrível a palestra da Alfa Engenharia ",06/12/2024 10:09
4395eb8b-e6f9-4282-85dc-98453a11cc3e,Secom 2024 god,06/12/2024 10:13
c922b921-1305-4fe3-b76c-649887d97eb4,Torcendo para ganhar o sorteio,06/12/2024 10:16
c922b921-1305-4fe3-b76c-649887d97eb4,Evitar colocar conflito de horários das palestras e atividades,06/12/2024 10:16
c922b921-1305-4fe3-b76c-649887d97eb4,"Gerenciar melhor a pausa parar almoço ",06/12/2024 10:16
c922b921-1305-4fe3-b76c-649887d97eb4,Mandar o que será necessário instalar nos PCs para as palestras,06/12/2024 10:17
c922b921-1305-4fe3-b76c-649887d97eb4,Em geral muito bom,06/12/2024 10:17
c922b921-1305-4fe3-b76c-649887d97eb4,Bom demais,06/12/2024 10:18
61b2f3d3-4265-4ca1-bf48-f6fb75a5348f,"Ótima didática, fala clara e sem redundância. ",06/12/2024 10:31
19f49226-5a60-463b-85d3-ac562e4eddc4,"A Game Jam foi incrível, experiência muito maneira participar",06/12/2024 10:33
19f49226-5a60-463b-85d3-ac562e4eddc4,A luz de florestal atrapalhou a game jam mas foi daora o encerramento,06/12/2024 10:33
19f49226-5a60-463b-85d3-ac562e4eddc4,"Muito maneira a iniciativa do torneio casual de games, ter uma competição mais leve é daora",06/12/2024 10:34
19f49226-5a60-463b-85d3-ac562e4eddc4,"A palestra do gustavo viegas foi maneira, interessante ver o que a gente aprende em Esof na indústria de fato",06/12/2024 10:35
19f49226-5a60-463b-85d3-ac562e4eddc4,"Minicurso de docker está sendo muito interessante, é uma ferramenta que facilita demais",06/12/2024 10:39
61b2f3d3-4265-4ca1-bf48-f6fb75a5348f,"Tema muito bom para conversa, gera ótimas discussões sobre o tema.",06/12/2024 10:40
50ab66a7-9677-44ec-b7d4-be69f3d11d87,"Queria coffe break agr na manhã também ",06/12/2024 10:42
61b2f3d3-4265-4ca1-bf48-f6fb75a5348f,"Explicação atende bem a todos os níveis de conhecimento sobre o tema. Estou ansioso para a segunda parte do minicurso. ",06/12/2024 10:52
7833a43c-88df-41ce-9608-368ecac536a1,Finalmente estou entendendo docker!!!,06/12/2024 10:57
7833a43c-88df-41ce-9608-368ecac536a1,Podia ter um coffe break de manhã tbm hein,06/12/2024 10:57
a1b2ff52-f806-4d79-b524-3d3fa3327116,Muito bom,06/12/2024 11:01
a1b2ff52-f806-4d79-b524-3d3fa3327116,Gostei,06/12/2024 11:01
a1b2ff52-f806-4d79-b524-3d3fa3327116,Muito,06/12/2024 11:01
a1b2ff52-f806-4d79-b524-3d3fa3327116,Bom,06/12/2024 11:01
a1b2ff52-f806-4d79-b524-3d3fa3327116,"Ótimo ",06/12/2024 11:02
8aed64cf-df9c-4421-bff3-6c07fee239b1,Ótimo minicurso.,06/12/2024 11:02
a1b2ff52-f806-4d79-b524-3d3fa3327116,Bom,06/12/2024 11:04
a1b2ff52-f806-4d79-b524-3d3fa3327116,"Ótimo ",06/12/2024 11:04
a1b2ff52-f806-4d79-b524-3d3fa3327116,Gostei,06/12/2024 11:04
a1b2ff52-f806-4d79-b524-3d3fa3327116,Legal,06/12/2024 11:04
02af807d-7123-444e-b61e-89eaf92be60f,Intervalo!!,06/12/2024 11:04
4ce79311-38e9-401a-bb36-d1b6ad9ff2d3,"Minicurso de docker sendo muito produtivo ",06/12/2024 11:04
02af807d-7123-444e-b61e-89eaf92be60f,Muito difícil modelar boneco,06/12/2024 11:04
02af807d-7123-444e-b61e-89eaf92be60f,Minicurso mt bom,06/12/2024 11:04
a1b2ff52-f806-4d79-b524-3d3fa3327116,Muito bom,06/12/2024 11:04
a1b2ff52-f806-4d79-b524-3d3fa3327116,"Boa palestra ",06/12/2024 11:04
a1b2ff52-f806-4d79-b524-3d3fa3327116,Curti,06/12/2024 11:04
a1b2ff52-f806-4d79-b524-3d3fa3327116,Legal,06/12/2024 11:04
a1b2ff52-f806-4d79-b524-3d3fa3327116,"Ótimo ",06/12/2024 11:04
a1b2ff52-f806-4d79-b524-3d3fa3327116,Muito bom,06/12/2024 11:05
a1b2ff52-f806-4d79-b524-3d3fa3327116,Legal,06/12/2024 11:05
a1b2ff52-f806-4d79-b524-3d3fa3327116,Nice,06/12/2024 11:05
0016d182-df26-4200-b287-2b9a2086516b,Nice,06/12/2024 11:12
0016d182-df26-4200-b287-2b9a2086516b,Legal,06/12/2024 11:12
0016d182-df26-4200-b287-2b9a2086516b,Bom,06/12/2024 11:12
0016d182-df26-4200-b287-2b9a2086516b,Mt bom,06/12/2024 11:12
0016d182-df26-4200-b287-2b9a2086516b,"Excelente ",06/12/2024 11:12
0016d182-df26-4200-b287-2b9a2086516b,Nice,06/12/2024 11:12
0016d182-df26-4200-b287-2b9a2086516b,Legal,06/12/2024 11:12
2841ae4b-ef6a-4661-94a3-9777a70ec034,Mini curso sendo apresentado de forma muito acelerada,06/12/2024 11:15
2841ae4b-ef6a-4661-94a3-9777a70ec034,Docker parece ser essencial para o mercado de trabalho,06/12/2024 11:16
2841ae4b-ef6a-4661-94a3-9777a70ec034,"Não houve a divulgação da hora e dia da disputa do terceiro lugar do campeonato de lol ",06/12/2024 11:17
2841ae4b-ef6a-4661-94a3-9777a70ec034,"O momento das partidas de FIFA foi muito interessante, poderia haver mais nas próximas",06/12/2024 11:17
2841ae4b-ef6a-4661-94a3-9777a70ec034,Poderia haver um manejo melhor nos horários das palestras,06/12/2024 11:19
2841ae4b-ef6a-4661-94a3-9777a70ec034,Auditório obviamente não consegue suprir com a demanda de pessoas,06/12/2024 11:21
2841ae4b-ef6a-4661-94a3-9777a70ec034,Coffee break poderia ter mais saldados e quentes,06/12/2024 11:21
2841ae4b-ef6a-4661-94a3-9777a70ec034,"Coffee break poderia ter café ",06/12/2024 11:22
45025e25-714c-447c-ad00-3f2880882d2b,コーヒーブレイクにはミルクがあってもいい,06/12/2024 11:22
2841ae4b-ef6a-4661-94a3-9777a70ec034,Os times convidados para os torneios de. E-sports deveriam seguir as regras do campeonato...,06/12/2024 11:23
45025e25-714c-447c-ad00-3f2880882d2b,"Ótimo minicurso ",06/12/2024 11:24
45025e25-714c-447c-ad00-3f2880882d2b,Podia ter pão no coffe break,06/12/2024 11:25
2841ae4b-ef6a-4661-94a3-9777a70ec034,"MymobiConf muito bom ",06/12/2024 11:25
45025e25-714c-447c-ad00-3f2880882d2b,Podia ter mortadela no coffe break,06/12/2024 11:25
c0f15389-3383-4e94-b413-2fd78bcd0b68,Vamos almoçar!,06/12/2024 11:25
37ec55d9-b848-47bd-9a33-f64afd2dd867,Acabou a luz ontem,06/12/2024 11:25
45025e25-714c-447c-ad00-3f2880882d2b," ",06/12/2024 11:26
37ec55d9-b848-47bd-9a33-f64afd2dd867,"Podia ter mais lanchinhos ",06/12/2024 11:26
37ec55d9-b848-47bd-9a33-f64afd2dd867,"Era bom um pão com salame ",06/12/2024 11:26
2841ae4b-ef6a-4661-94a3-9777a70ec034,Como me colocam jogo de valorant no mesmo período que a final da libertadores,06/12/2024 11:26
37ec55d9-b848-47bd-9a33-f64afd2dd867,"Podia ter comida japonesa ",06/12/2024 11:26
37ec55d9-b848-47bd-9a33-f64afd2dd867,"Pouco brinde ",06/12/2024 11:27
45025e25-714c-447c-ad00-3f2880882d2b,.,06/12/2024 11:27
45025e25-714c-447c-ad00-3f2880882d2b,.,06/12/2024 11:27
8aed64cf-df9c-4421-bff3-6c07fee239b1,Seria bom ter tido coffee break na manhã.,06/12/2024 11:27
37ec55d9-b848-47bd-9a33-f64afd2dd867,"Último pra completar missão ",06/12/2024 11:27
45025e25-714c-447c-ad00-3f2880882d2b,. Só quero o brinde,06/12/2024 11:27
45025e25-714c-447c-ad00-3f2880882d2b,"Próxima secom tem que diminuir esse número de comentários ",06/12/2024 11:27
4ce79311-38e9-401a-bb36-d1b6ad9ff2d3,Coffe break podia ter outras opções de comida,06/12/2024 11:28
c0f15389-3383-4e94-b413-2fd78bcd0b68,Muito bom,06/12/2024 11:28
45025e25-714c-447c-ad00-3f2880882d2b,E mais coffe break,06/12/2024 11:28
45025e25-714c-447c-ad00-3f2880882d2b,.,06/12/2024 11:28
4ce79311-38e9-401a-bb36-d1b6ad9ff2d3,Quais são os brindes ?,06/12/2024 11:28
4ce79311-38e9-401a-bb36-d1b6ad9ff2d3,"O evento foi ótimo ",06/12/2024 11:29
8aed64cf-df9c-4421-bff3-6c07fee239b1,Foi bem divertido acompanhar o campeonato de FIFA de ontem. Pena que a luz caiu.,06/12/2024 11:35
7cf13434-76d6-4046-96fd-1cfd9d429282,mt bom,06/12/2024 11:40
7cf13434-76d6-4046-96fd-1cfd9d429282,mt bom o relatorio,06/12/2024 11:41
7cf13434-76d6-4046-96fd-1cfd9d429282,bao,06/12/2024 11:41
7cf13434-76d6-4046-96fd-1cfd9d429282,aoba,06/12/2024 11:41
7cf13434-76d6-4046-96fd-1cfd9d429282,aoba,06/12/2024 11:41
7cf13434-76d6-4046-96fd-1cfd9d429282,boa,06/12/2024 11:41
5c812191-4a89-40c2-ad20-11d17bed69a1,Very god,06/12/2024 11:49
5c812191-4a89-40c2-ad20-11d17bed69a1,Bao dms,06/12/2024 11:49
5c812191-4a89-40c2-ad20-11d17bed69a1,Muito bom,06/12/2024 11:49
5c812191-4a89-40c2-ad20-11d17bed69a1,Amei,06/12/2024 11:49
24c725a4-20aa-4ce4-9d18-b194d3bdd5be,Segunda dia também foi repleto de muitas palestras legais.,06/12/2024 11:49
5c812191-4a89-40c2-ad20-11d17bed69a1,Like like like,06/12/2024 11:49
5c812191-4a89-40c2-ad20-11d17bed69a1,Top zz,06/12/2024 11:49
5c812191-4a89-40c2-ad20-11d17bed69a1,Qnaip,06/12/2024 11:49
24c725a4-20aa-4ce4-9d18-b194d3bdd5be,Boa tarde,06/12/2024 11:49
24c725a4-20aa-4ce4-9d18-b194d3bdd5be,😁,06/12/2024 11:50
24c725a4-20aa-4ce4-9d18-b194d3bdd5be,O evento da gamejam foi muito legal.,06/12/2024 11:51
86cc2ad1-6ef4-4b63-8d8f-c512cc96589d,Essa Secom tá insanaaaaa,06/12/2024 11:51
24c725a4-20aa-4ce4-9d18-b194d3bdd5be,Muito top o evento,06/12/2024 11:51
86cc2ad1-6ef4-4b63-8d8f-c512cc96589d,Queria mais palestra,06/12/2024 11:51
86cc2ad1-6ef4-4b63-8d8f-c512cc96589d,a maratona foi tão divertida,06/12/2024 11:51
24c725a4-20aa-4ce4-9d18-b194d3bdd5be,Melhor evento do ano,06/12/2024 11:51
15ae4086-4952-4aac-a16b-5c2852e5e523,"E aí, como estão?",06/12/2024 11:51
24c725a4-20aa-4ce4-9d18-b194d3bdd5be,😆,06/12/2024 11:52
24c725a4-20aa-4ce4-9d18-b194d3bdd5be,🙃,06/12/2024 11:52
24c725a4-20aa-4ce4-9d18-b194d3bdd5be,🙂,06/12/2024 11:52
24c725a4-20aa-4ce4-9d18-b194d3bdd5be,😃,06/12/2024 11:52
24c725a4-20aa-4ce4-9d18-b194d3bdd5be,🙃,06/12/2024 11:52
24c725a4-20aa-4ce4-9d18-b194d3bdd5be,😁,06/12/2024 11:52
15ae4086-4952-4aac-a16b-5c2852e5e523,"Sem spam, né gente.",06/12/2024 11:54
34d7ba0b-7b62-4439-b143-d7dd24797376,"Os minicursos estão muito legais ",06/12/2024 11:58
34d7ba0b-7b62-4439-b143-d7dd24797376,"Adorei essa dinâmica dos minicursos serem na prática ",06/12/2024 11:59
43aca24c-d788-497e-8521-06df728eeaf8,"O minicurso de docker é o melhor de todos ",06/12/2024 12:02
cafe1afc-d59d-4b35-bde1-38d1f5815f74,"F de FIFA ",06/12/2024 12:03
43aca24c-d788-497e-8521-06df728eeaf8,"O lab 1 não tem ar condicionado, isso foi triste ",06/12/2024 12:03
cafe1afc-d59d-4b35-bde1-38d1f5815f74,Minicurso de Modelagem tá incrivel,06/12/2024 12:04
cafe1afc-d59d-4b35-bde1-38d1f5815f74,Beat Saber,06/12/2024 12:04
cafe1afc-d59d-4b35-bde1-38d1f5815f74,Sabre de Luz,06/12/2024 12:04
cafe1afc-d59d-4b35-bde1-38d1f5815f74,Valeuuuuu cemig,06/12/2024 12:04
43aca24c-d788-497e-8521-06df728eeaf8,"Ansioso pelo resultado da maratona ",06/12/2024 12:04
cafe1afc-d59d-4b35-bde1-38d1f5815f74,Palestras incriveis do segundo dia,06/12/2024 12:05
cafe1afc-d59d-4b35-bde1-38d1f5815f74,Coffe Break a tarde vou morrer de fome,06/12/2024 12:05
cafe1afc-d59d-4b35-bde1-38d1f5815f74,"Franguinho no almoço ",06/12/2024 12:05
43aca24c-d788-497e-8521-06df728eeaf8,Os jogos da gamejam tão poggers,06/12/2024 12:06
cafe1afc-d59d-4b35-bde1-38d1f5815f74,Meu boneco tá parecendo uma abobora,06/12/2024 12:06
cafe1afc-d59d-4b35-bde1-38d1f5815f74,Se eu não ganhar o sorteio hoje é absurdo,06/12/2024 12:06
19f49226-5a60-463b-85d3-ac562e4eddc4,"Ansioso pro encerramento e o resultado da gamejam ",06/12/2024 12:06
cafe1afc-d59d-4b35-bde1-38d1f5815f74,"Auga ",06/12/2024 12:06
cafe1afc-d59d-4b35-bde1-38d1f5815f74,MC AGENDA VAMOOOO,06/12/2024 12:06
43aca24c-d788-497e-8521-06df728eeaf8,"Faltou botton da levity ontem, falaram q iriam deixar separado e não deixaram ",06/12/2024 12:08
19f49226-5a60-463b-85d3-ac562e4eddc4,"Acho que o coffe brake de tarde é muito melhor, não ocupa o espaço do almoço kkkkkkk",06/12/2024 12:08
50a1eb8e-50fb-4cc4-b79b-6b4b2a4a8c61,A GameJam foi simplesmente incrível!!!,06/12/2024 12:09
50a1eb8e-50fb-4cc4-b79b-6b4b2a4a8c61,Os jogos da galera estavam muito bacanas,06/12/2024 12:10
50a1eb8e-50fb-4cc4-b79b-6b4b2a4a8c61,"A queda de Luz ontem de noite foi sinistra ",06/12/2024 12:11
50a1eb8e-50fb-4cc4-b79b-6b4b2a4a8c61,"Se não tivesse tido a queda de luz, o jogo da GameJam estaria pronto pra liberar no mercado ",06/12/2024 12:12
50a1eb8e-50fb-4cc4-b79b-6b4b2a4a8c61,"Os salgadinhos de ontem também estavam ótimos ",06/12/2024 12:13
43aca24c-d788-497e-8521-06df728eeaf8,Faltou uma coquinha ontem na maratona ein,06/12/2024 12:13
d51c3bbb-185b-4a34-848a-607621bd7cc2,Legal,06/12/2024 12:13
d51c3bbb-185b-4a34-848a-607621bd7cc2,Bom demais,06/12/2024 12:13
50a1eb8e-50fb-4cc4-b79b-6b4b2a4a8c61,"O quadro da secom ficou ótimo ",06/12/2024 12:13
b99c9940-1ccf-4ec6-963a-9a233fddde70,"Torneio ontem de fifa tava daora ",06/12/2024 12:13
d51c3bbb-185b-4a34-848a-607621bd7cc2,"Muito bom ",06/12/2024 12:13
b99c9940-1ccf-4ec6-963a-9a233fddde70,"Esse cronograma da secom ficou perfeito, muitas coisas e bem distribuídos no curto espaço de tempo.",06/12/2024 12:14
b99c9940-1ccf-4ec6-963a-9a233fddde70,Hoje a UFV tem q amassar na final de LOL,06/12/2024 12:16
226440c8-ce0c-42b8-a37b-8435e915955d,Animada com a cerimônia de encerramento!,06/12/2024 12:17
12c8e1ec-c662-415a-b106-b64ccb7ece3f,Nos coffee-break poderia ter outra opção de bebida além de coca-cola,06/12/2024 12:22
34d7ba0b-7b62-4439-b143-d7dd24797376,Secom muito boa,06/12/2024 12:22
50a1eb8e-50fb-4cc4-b79b-6b4b2a4a8c61,"Extremamente ansioso para os resultados da GameJam ",06/12/2024 12:22
12c8e1ec-c662-415a-b106-b64ccb7ece3f,"Essa edição vem se destacando muito pelos palestrantes escolhidos ",06/12/2024 12:22
96a82185-2b89-4f00-9bf9-ab5b2fa5c8ce,"Melhor evento de florestal ",06/12/2024 12:22
50a1eb8e-50fb-4cc4-b79b-6b4b2a4a8c61,"Extremamente ansioso para os resultados da maratona ",06/12/2024 12:22
34d7ba0b-7b62-4439-b143-d7dd24797376,"Gostei muito dessa temática de jogos e competição ",06/12/2024 12:22
12c8e1ec-c662-415a-b106-b64ccb7ece3f,"A qualidade das palestras estão muito boas ",06/12/2024 12:22
96a82185-2b89-4f00-9bf9-ab5b2fa5c8ce,"Os lanches do coffebrek são os melhores ",06/12/2024 12:22
12c8e1ec-c662-415a-b106-b64ccb7ece3f,"O gamejam foi uma ótima adição ao evento ",06/12/2024 12:22
12c8e1ec-c662-415a-b106-b64ccb7ece3f,Poderia ter tido uma apresentação presencial dos projetos desenvolvidos pelas equipes no gamejam,06/12/2024 12:23
96a82185-2b89-4f00-9bf9-ab5b2fa5c8ce,"A palestra do Fábio Freitas foi a melhor, muito explicativa e fácil de entender ",06/12/2024 12:23
96a82185-2b89-4f00-9bf9-ab5b2fa5c8ce,"Senti o auditório no segundo dia bem vazio ",06/12/2024 12:23
12c8e1ec-c662-415a-b106-b64ccb7ece3f,"Trazer pessoas do mercado para palestrar foi muito cativante ",06/12/2024 12:23
b843c3db-fc8f-45a6-8322-19b87391fa20,Achei muito legal os campeonatos amistoso do segundo dia.,06/12/2024 12:23
34d7ba0b-7b62-4439-b143-d7dd24797376,"Seria muito bom se próximo ano dividissem q sipeec em duas partes ",06/12/2024 12:23
311c27a8-5c81-4b58-a7b6-27f29c34ac6f,Palestras muito interessantes e enriquecedoras para aqueles que se interessam por I.A.,06/12/2024 12:24
96a82185-2b89-4f00-9bf9-ab5b2fa5c8ce,"Ano que vem o campeonato de esports poderia ser maior ",06/12/2024 12:24
b843c3db-fc8f-45a6-8322-19b87391fa20,Parabéns para o Philipe pela organização.,06/12/2024 12:24
50a1eb8e-50fb-4cc4-b79b-6b4b2a4a8c61,Os temas dos minicursos estão sensacionais,06/12/2024 12:24
34d7ba0b-7b62-4439-b143-d7dd24797376,"Eu amei as figurinhas do Git, peguei várias e espero por mais ano que vem!",06/12/2024 12:24
96a82185-2b89-4f00-9bf9-ab5b2fa5c8ce,Ano que vem seria bom ter um microfone melhor !!!,06/12/2024 12:25
311c27a8-5c81-4b58-a7b6-27f29c34ac6f,"Lanche do coffe break estava muito bom, faltou apenas uma alternativa de bebida para aqueles que não tomam refri",06/12/2024 12:25
50a1eb8e-50fb-4cc4-b79b-6b4b2a4a8c61,"Vou chegar morto em casa, mas vou chegar feliz ",06/12/2024 12:25
311c27a8-5c81-4b58-a7b6-27f29c34ac6f,"Adorei a dinâmica dos apitos na SIPEC, deixou a apresentação mais interativa.",06/12/2024 12:25
b843c3db-fc8f-45a6-8322-19b87391fa20,"Cada mini curso um melhor que o outro, muito obrigado por todo esse conhecimento e experiência!",06/12/2024 12:26
b843c3db-fc8f-45a6-8322-19b87391fa20,"Estela seu mini curso é o melhor de todos disparado, front end é vida!",06/12/2024 12:26
50a1eb8e-50fb-4cc4-b79b-6b4b2a4a8c61,"O coffee break a tarde ficou melhor porque não atrapalha o almoço ",06/12/2024 12:26
34d7ba0b-7b62-4439-b143-d7dd24797376,"Uma dica para próxima secom por favor n coloquem palestras na hora do almoço ",06/12/2024 12:26
96a82185-2b89-4f00-9bf9-ab5b2fa5c8ce,"O jogo de Lol hj vai ser o melhor ",06/12/2024 12:27
96a82185-2b89-4f00-9bf9-ab5b2fa5c8ce,"Valor MC agenda, coloquem a okt no lugar deles!!!!!!!",06/12/2024 12:27
b99c9940-1ccf-4ec6-963a-9a233fddde70,"Já tá cedo pra pedir o coffee-break? ",06/12/2024 12:27
96a82185-2b89-4f00-9bf9-ab5b2fa5c8ce,O site do Shrek é o melhor já criado,06/12/2024 12:27
b843c3db-fc8f-45a6-8322-19b87391fa20,"Edição da SECOM excelente,  muitos eventos e atividades interessantes ",06/12/2024 12:28
96a82185-2b89-4f00-9bf9-ab5b2fa5c8ce,"Ano que vem a final do valorant tem que ser presencial, teria muito mais emoção ",06/12/2024 12:28
96a82185-2b89-4f00-9bf9-ab5b2fa5c8ce,"Os salgados do coffebreak estavam maravilhosos ",06/12/2024 12:29
b843c3db-fc8f-45a6-8322-19b87391fa20,"Estou doido para ver as premiações do final da SECOM, veremos os vencedores e pra quem será os brindes ",06/12/2024 12:29
96a82185-2b89-4f00-9bf9-ab5b2fa5c8ce,"Ano que vem poderia ter uma interação maior com os outros cursos ",06/12/2024 12:29
b99c9940-1ccf-4ec6-963a-9a233fddde70,Curso de web hoje tá sendo muito daora!!!,06/12/2024 12:30
311c27a8-5c81-4b58-a7b6-27f29c34ac6f,Tempo limite de cada apresentação poderia ser um pouco menor,06/12/2024 12:30
311c27a8-5c81-4b58-a7b6-27f29c34ac6f,"A palestra sobre desmistificação de I.A foi excelente ",06/12/2024 12:31
96a82185-2b89-4f00-9bf9-ab5b2fa5c8ce,"A palestra do time do letras foi muito boa, com muita informação e conceitos",06/12/2024 12:32
311c27a8-5c81-4b58-a7b6-27f29c34ac6f,"Talvez dividir o SiPEC em dois dias seria uma opção interessante ",06/12/2024 12:32
96a82185-2b89-4f00-9bf9-ab5b2fa5c8ce,"A palestra da alfa engenharia foi muito boa, porque o palestrante tinha muito conhecimento e muito domínio da fala",06/12/2024 12:32
96a82185-2b89-4f00-9bf9-ab5b2fa5c8ce,Os alunos estão muito engajados na Secom desse ano,06/12/2024 12:33
311c27a8-5c81-4b58-a7b6-27f29c34ac6f,Palestra do Studio Sol foi muito boa! Material muito enriquecedor e palestrantes extremamente carismáticos,06/12/2024 12:33
96a82185-2b89-4f00-9bf9-ab5b2fa5c8ce,"Podiam melhorar a quantidade de intervalos, tem momentos que é necessário sair no meio de uma palestra para ir no banheiro ou beber água ",06/12/2024 12:34
311c27a8-5c81-4b58-a7b6-27f29c34ac6f,"A maratona foi muito divertida, talvez poderiam disponibilizar mais tempo",06/12/2024 12:34
96a82185-2b89-4f00-9bf9-ab5b2fa5c8ce,"Time a seta melhor do campeonato de esports ",06/12/2024 12:35
96a82185-2b89-4f00-9bf9-ab5b2fa5c8ce,Kloiuros injustiçados pela comição,06/12/2024 12:35
b99c9940-1ccf-4ec6-963a-9a233fddde70,Hoje eu ganho um sorteio!!!,06/12/2024 12:35
311c27a8-5c81-4b58-a7b6-27f29c34ac6f,Queria ter assistido mais palestras do dia da indústria porém o horário conflitou com outros eventos,06/12/2024 12:35
8f4c1ec8-e5ed-4ce2-90f1-84bbab673805,Minicurso de IA tá muito bom!,06/12/2024 12:35
311c27a8-5c81-4b58-a7b6-27f29c34ac6f,Adorei os brindes!,06/12/2024 12:35
3f05e03e-45ce-4e65-b2f3-cf3a76e21fa1,"Até o momento o mini curso está muito interessante ",06/12/2024 12:36
3f05e03e-45ce-4e65-b2f3-cf3a76e21fa1,"Gostaria de um coffe break hoje ",06/12/2024 12:36
311c27a8-5c81-4b58-a7b6-27f29c34ac6f,"A palestra sobre o mercado de jogos foi muito interessante, e foi muito legal reconhecer alguns dos jogos desenvolvidos pela UMBU GAMES",06/12/2024 12:37
311c27a8-5c81-4b58-a7b6-27f29c34ac6f,Temas das palestras foram muito legais!!!,06/12/2024 12:38
c0f15389-3383-4e94-b413-2fd78bcd0b68,"Podia falar muita coisa, mas só agradeço a essa organização maravilhosa ",06/12/2024 12:39
3f05e03e-45ce-4e65-b2f3-cf3a76e21fa1,Hoje eu quero um prêmio :(,06/12/2024 12:39
311c27a8-5c81-4b58-a7b6-27f29c34ac6f,Minicurso da Estela está muito legall,06/12/2024 12:39
3f05e03e-45ce-4e65-b2f3-cf3a76e21fa1,"Podiam separar o minicurso em dois dias ",06/12/2024 12:39
3f05e03e-45ce-4e65-b2f3-cf3a76e21fa1,"Ansioso para a cerimônia de encerramento ",06/12/2024 12:41
3f05e03e-45ce-4e65-b2f3-cf3a76e21fa1,Ainda não fui respondido sobre qual o shampoo do  Patrick,06/12/2024 12:42
64a69630-bdc5-4e29-9090-492d31a34e0d,Blender é muito daora,06/12/2024 12:44
64a69630-bdc5-4e29-9090-492d31a34e0d,Devia ter sido 7hr de mini curso,06/12/2024 12:44
64a69630-bdc5-4e29-9090-492d31a34e0d,Oq vai ter de premio na mymobiconf,06/12/2024 12:45
f7781785-ccfa-4120-856f-3781bcf14d45,Muito inspirador esse dia da indústria!,06/12/2024 12:46
f7781785-ccfa-4120-856f-3781bcf14d45,"Ansioso pra amanhã ",06/12/2024 12:46
f7781785-ccfa-4120-856f-3781bcf14d45,Começando o curso de IA generativa,06/12/2024 12:47
f7781785-ccfa-4120-856f-3781bcf14d45,A hora não passa…,06/12/2024 12:47
f7781785-ccfa-4120-856f-3781bcf14d45,"Interessante demais a introdução ao minicurso ",06/12/2024 12:48
f7781785-ccfa-4120-856f-3781bcf14d45,"Bora pra mais uma ",06/12/2024 12:48
64a69630-bdc5-4e29-9090-492d31a34e0d,Minicurso de animação 3d é o melhor,06/12/2024 12:48
f7781785-ccfa-4120-856f-3781bcf14d45,E a hora da merenda?,06/12/2024 12:48
f7781785-ccfa-4120-856f-3781bcf14d45,"Ansioso para premiação ",06/12/2024 12:49
84fb43ff-f2ca-4b32-b090-49467d8ae7a0,ótimo minicurso de modelagem 3D,06/12/2024 12:53
84fb43ff-f2ca-4b32-b090-49467d8ae7a0,"pena que tá acabando a SECOM ",06/12/2024 12:53
84fb43ff-f2ca-4b32-b090-49467d8ae7a0,"ansiosa pro coffee break ",06/12/2024 12:54
84fb43ff-f2ca-4b32-b090-49467d8ae7a0,"e os brindes, é que hr ?",06/12/2024 12:54
7568d4e3-7c42-4c07-9246-161f8f144017,"Muito bom aprender sobre a história das IA's generativas ",06/12/2024 12:56
7568d4e3-7c42-4c07-9246-161f8f144017,Me surpreendi com o mini-curso,06/12/2024 12:56
7568d4e3-7c42-4c07-9246-161f8f144017,"Pena que a Internet não está funcionando mais ",06/12/2024 12:58
880b38ad-954a-499a-a76a-66fce8a17f66,Minicurso de docker ta top demais,06/12/2024 13:01
ad08e116-810d-4533-a7c6-9782fcb55f6d,"Internet da UFV tá razoável hoje ",06/12/2024 13:06
f0d8b18c-371e-4a9b-bc88-6efb85341837,"Um bom evento em geral ",06/12/2024 13:06
ad08e116-810d-4533-a7c6-9782fcb55f6d,"Até agr o Curso de I.A tá bem legal ",06/12/2024 13:07
f0d8b18c-371e-4a9b-bc88-6efb85341837,Espero a cerimônia de encerramento para completar esse excelente evento,06/12/2024 13:10
6694bc9c-4eab-4c6b-a7df-c40f8f42e39c,o minicurso de blender ta muito divertido,06/12/2024 13:10
30a1d1e4-da0d-4f67-9908-6bc16a47ebc4,"Kkkk gostaria de trabalhar na Levty em ",06/12/2024 13:10
6694bc9c-4eab-4c6b-a7df-c40f8f42e39c,"esse adiamento da game jam prejudicou o sono do Patrick coitado, ta mortinho",06/12/2024 13:10
30a1d1e4-da0d-4f67-9908-6bc16a47ebc4,O Ângelo realmente entende bastante sobre Docker!!,06/12/2024 13:10
6694bc9c-4eab-4c6b-a7df-c40f8f42e39c,ansioso pra final de LOL em breve 🫡,06/12/2024 13:11
c0f15389-3383-4e94-b413-2fd78bcd0b68,Parabéns ao professor phelipe pela organização este ano!,06/12/2024 13:11
03164614-b683-45b1-98f0-7179e65cd4ed,o curso de ia ta bem legal,06/12/2024 13:12
03164614-b683-45b1-98f0-7179e65cd4ed,ta faltando ar condicionado pra essas salas em,06/12/2024 13:12
03164614-b683-45b1-98f0-7179e65cd4ed,"ansioso pela final de lol. MC agenda, avante",06/12/2024 13:13
03164614-b683-45b1-98f0-7179e65cd4ed,oque será que o patrick fez ontem quando não tinha luz?,06/12/2024 13:14
30a1d1e4-da0d-4f67-9908-6bc16a47ebc4,"Pelo que vi dos meus amigos, a produção 3D está bem legal!",06/12/2024 13:14
03164614-b683-45b1-98f0-7179e65cd4ed,philipe mandou muito nessa secom em,06/12/2024 13:14
6694bc9c-4eab-4c6b-a7df-c40f8f42e39c,🍽🐙🤭,06/12/2024 13:15
03164614-b683-45b1-98f0-7179e65cd4ed,"cadê o coffebreak da manhã ",06/12/2024 13:15
6694bc9c-4eab-4c6b-a7df-c40f8f42e39c,"ansioso pra ver os jogos da game jam, espero que o patrick esteja bem depois dessa noite corrida",06/12/2024 13:16
6694bc9c-4eab-4c6b-a7df-c40f8f42e39c,se eu não ganhar nenhum sorteio vô achar paia em,06/12/2024 13:17
30a1d1e4-da0d-4f67-9908-6bc16a47ebc4,Ansioso pelos resultados da maratona de programação e da Game Jam!!,06/12/2024 13:17
6694bc9c-4eab-4c6b-a7df-c40f8f42e39c,alguem me arruma uma mochila da sydle 😔,06/12/2024 13:17
7568d4e3-7c42-4c07-9246-161f8f144017,Não voltou o curso de IA ainda ... :/,06/12/2024 13:17
6694bc9c-4eab-4c6b-a7df-c40f8f42e39c,"esse almocinho pesou em, que bom que os minicursos voltam 13:30, deu pra descansar ",06/12/2024 13:18
6694bc9c-4eab-4c6b-a7df-c40f8f42e39c,VAMBORA MC AGENDA!!!!!,06/12/2024 13:18
19f49226-5a60-463b-85d3-ac562e4eddc4,"O material dos minicursos poderia ser disponibilizado depois, a gente só pode escolher um então seria interessante saber mais sobre os outros assuntos",06/12/2024 13:22
99899b5a-eb3d-4d67-a64f-a143f824a709,Cheguei atrasado no minicurso 🤡 maravilha,06/12/2024 13:28
99899b5a-eb3d-4d67-a64f-a143f824a709,Pelo menos a internet está mais estável agora à tarde,06/12/2024 13:28
43aca24c-d788-497e-8521-06df728eeaf8,"Poderia ter uma garrafinha de café nos minicursos ",06/12/2024 13:34
43aca24c-d788-497e-8521-06df728eeaf8,"Os materiais dos minicursos poderiam ser liberados para todos no final ",06/12/2024 13:35
99899b5a-eb3d-4d67-a64f-a143f824a709,"Aí, organizadores da SECOM, acho há alguns questionários duplicados por aqui. Acabei de preencher os formulários da palestra do Letras e da do Hubs, mas tenho certeza de que já os preenchi antes 🤔",06/12/2024 13:36
50a1eb8e-50fb-4cc4-b79b-6b4b2a4a8c61,"Secom foi maneira ",06/12/2024 13:43
5bc436a4-ec67-4216-87a7-d9152877d21f,O mini curso de web é o melhor!!,06/12/2024 13:49
5bc436a4-ec67-4216-87a7-d9152877d21f,Estela arrasou no curso de web,06/12/2024 13:49
5bc436a4-ec67-4216-87a7-d9152877d21f,Hj o tempo de almoço foi bom,06/12/2024 13:49
913cf695-2ce7-40c2-a996-ce8bff7ee32c,Muito boa,06/12/2024 13:50
913cf695-2ce7-40c2-a996-ce8bff7ee32c,Top,06/12/2024 13:50
913cf695-2ce7-40c2-a996-ce8bff7ee32c,"Amei
",06/12/2024 13:50
5bc436a4-ec67-4216-87a7-d9152877d21f,"Pena q nem todos os Labs tem ar condicionado ",06/12/2024 13:50
913cf695-2ce7-40c2-a996-ce8bff7ee32c,"Top, parabéns",06/12/2024 13:50
7568d4e3-7c42-4c07-9246-161f8f144017,Seria interessante liberar as apresentações das palestras e mini cursos,06/12/2024 13:50
913cf695-2ce7-40c2-a996-ce8bff7ee32c,top demais,06/12/2024 13:50
913cf695-2ce7-40c2-a996-ce8bff7ee32c,topzera,06/12/2024 13:50
5bc436a4-ec67-4216-87a7-d9152877d21f,A Secom desse ano foi a melhor,06/12/2024 13:50
5bc436a4-ec67-4216-87a7-d9152877d21f,"Philipe e os alunos ralaram MT pra fazer, mas a Secom desse ano foi incrível ",06/12/2024 13:51
913cf695-2ce7-40c2-a996-ce8bff7ee32c,"top
",06/12/2024 13:51
913cf695-2ce7-40c2-a996-ce8bff7ee32c,amei,06/12/2024 13:51
5bc436a4-ec67-4216-87a7-d9152877d21f,Espero q os brindes sejam bons igual a Secom hahah,06/12/2024 13:51
913cf695-2ce7-40c2-a996-ce8bff7ee32c,muito legal,06/12/2024 13:51
913cf695-2ce7-40c2-a996-ce8bff7ee32c,"top
",06/12/2024 13:51
913cf695-2ce7-40c2-a996-ce8bff7ee32c,top,06/12/2024 13:51
913cf695-2ce7-40c2-a996-ce8bff7ee32c,"top
 demais",06/12/2024 13:51
913cf695-2ce7-40c2-a996-ce8bff7ee32c,arrasaram,06/12/2024 13:52
913cf695-2ce7-40c2-a996-ce8bff7ee32c,muito bom,06/12/2024 13:52
913cf695-2ce7-40c2-a996-ce8bff7ee32c,sensacional,06/12/2024 13:52
913cf695-2ce7-40c2-a996-ce8bff7ee32c,"Arrasaram nessa secom, top",06/12/2024 13:52
913cf695-2ce7-40c2-a996-ce8bff7ee32c,bom demais,06/12/2024 13:52
913cf695-2ce7-40c2-a996-ce8bff7ee32c,top,06/12/2024 13:52
d51c3bbb-185b-4a34-848a-607621bd7cc2,Minicurso de 3d foda dms,06/12/2024 13:56
d51c3bbb-185b-4a34-848a-607621bd7cc2,Melhor minicurso é o de modelagem,06/12/2024 13:56
d51c3bbb-185b-4a34-848a-607621bd7cc2,Tomara que a okt perca de noite,06/12/2024 13:56
19f49226-5a60-463b-85d3-ac562e4eddc4,Os jogos desenvolvidos na game jam serão mostrados?,06/12/2024 13:59
f0d8b18c-371e-4a9b-bc88-6efb85341837,"Ótimos seminários e evento da gamejam ",06/12/2024 14:00
f0d8b18c-371e-4a9b-bc88-6efb85341837,"Gamejam com um tema bem interessante, que dá espaço para muitas ideias criativas ",06/12/2024 14:00
f0d8b18c-371e-4a9b-bc88-6efb85341837,"O único problema foi o tempo, porém realmente não há nada que possa ser feito nesse quesito",06/12/2024 14:01
f0d8b18c-371e-4a9b-bc88-6efb85341837,"Esperando os resultados da gamejam para saber quais jogos foram produzidos ",06/12/2024 14:01
19f49226-5a60-463b-85d3-ac562e4eddc4,"A Secom desse ano foi perfeita, o Philipe fez um ótimo trabalho",06/12/2024 14:01
f24a3531-506e-487a-84d2-614694703dfc,"evento muito bom 
",06/12/2024 14:06
f24a3531-506e-487a-84d2-614694703dfc,Muito bom!!,06/12/2024 14:06
f24a3531-506e-487a-84d2-614694703dfc,"e o lanche ",06/12/2024 14:07
f24a3531-506e-487a-84d2-614694703dfc,Curso muito bom,06/12/2024 14:19
092f2a22-65fe-4b1e-a8de-356ce785cea3,Muito bacana o minicurso,06/12/2024 14:24
092f2a22-65fe-4b1e-a8de-356ce785cea3,Não vejo a hora de começar o coffee-break. Mó fome,06/12/2024 14:25
7833a43c-88df-41ce-9608-368ecac536a1,Pro minicurso ficar 100% só falta um ar condicionado no lab 1,06/12/2024 14:25
daac9055-17a0-4775-bb21-9c0add9d45ec,"O curso de ia está muito interessante ",06/12/2024 14:25
a8795f76-f29d-4a4e-ab33-de80f1fa7eaa,A maratona ontem foi uma verdadeira batalha!,06/12/2024 14:25
daac9055-17a0-4775-bb21-9c0add9d45ec,Ansiosa para ver o resultado da game jam,06/12/2024 14:25
092f2a22-65fe-4b1e-a8de-356ce785cea3,"Quem será que vai ganhar a maratona? ",06/12/2024 14:26
a8795f76-f29d-4a4e-ab33-de80f1fa7eaa,Os times da maratona deram tudo de si!,06/12/2024 14:26
daac9055-17a0-4775-bb21-9c0add9d45ec,"Será que o MinasCoders vai tá no pódio da maratona ",06/12/2024 14:26
a8795f76-f29d-4a4e-ab33-de80f1fa7eaa,O lanche da maratona foi ótimo!,06/12/2024 14:26
daac9055-17a0-4775-bb21-9c0add9d45ec,Vamos ter Melissa garota propaganda da claro de novo em 2025,06/12/2024 14:26
daac9055-17a0-4775-bb21-9c0add9d45ec,"Melhor Secom ",06/12/2024 14:26
a8795f76-f29d-4a4e-ab33-de80f1fa7eaa,Os minicursos estão sendo incríveis!,06/12/2024 14:26
092f2a22-65fe-4b1e-a8de-356ce785cea3,Quem será que vai ganhar a game Jam?,06/12/2024 14:27
3e72f254-acab-4aec-ad73-bf9dff9c21ad,"Minicurso muito legal ",06/12/2024 14:27
a8795f76-f29d-4a4e-ab33-de80f1fa7eaa,O minicurso de modelagem 3D é muito desafiador,06/12/2024 14:27
a8795f76-f29d-4a4e-ab33-de80f1fa7eaa,As tecnologias abordadas nos minicursos são incríveis,06/12/2024 14:27
7833a43c-88df-41ce-9608-368ecac536a1,Resultado da maratona vai ser no encerramento?,06/12/2024 14:28
8f4c1ec8-e5ed-4ce2-90f1-84bbab673805,Secom ficando mil vezes melhor com o anuncio da Campus Mobile hein,06/12/2024 14:28
8f4c1ec8-e5ed-4ce2-90f1-84bbab673805,Ansiosa pro encerramento,06/12/2024 14:28
3e72f254-acab-4aec-ad73-bf9dff9c21ad,"A Secom está sendo muito boa, parabéns para comissão organizadora ",06/12/2024 14:29
219bdf7f-fa3a-4d8f-9e33-b83980cc7afb,Vai ter continuação do camp de fifinha hj?,06/12/2024 14:29
219bdf7f-fa3a-4d8f-9e33-b83980cc7afb,Beat saber foi bom dms nmrl,06/12/2024 14:29
a8795f76-f29d-4a4e-ab33-de80f1fa7eaa,Um café durante os minicursos era uma boa,06/12/2024 14:30
8f4c1ec8-e5ed-4ce2-90f1-84bbab673805,Quero só ver se vai ter a narração da final da maratona,06/12/2024 14:30
219bdf7f-fa3a-4d8f-9e33-b83980cc7afb,Felipão mandou mto nessa SECOM👏👏👏👏👏,06/12/2024 14:31
219bdf7f-fa3a-4d8f-9e33-b83980cc7afb,Tá acabando😭,06/12/2024 14:31
3e72f254-acab-4aec-ad73-bf9dff9c21ad,Ansiosa para ver o resultado da maratona,06/12/2024 14:31
219bdf7f-fa3a-4d8f-9e33-b83980cc7afb,Cancelaram aula de cálculo 🙏,06/12/2024 14:31
219bdf7f-fa3a-4d8f-9e33-b83980cc7afb,Hj lolzim vai ter narração?,06/12/2024 14:32
219bdf7f-fa3a-4d8f-9e33-b83980cc7afb,Esse nmr do sorteio n tá bugado n? Kkk,06/12/2024 14:33
7833a43c-88df-41ce-9608-368ecac536a1,"Essa parte da gameficação adicionou muito pro myMobiConf, eu fico abrindo o app o tempo todo pra ver se tem missão kkkkk",06/12/2024 14:36
3e72f254-acab-4aec-ad73-bf9dff9c21ad,Muito legal o minicurso,06/12/2024 14:38
99899b5a-eb3d-4d67-a64f-a143f824a709,Aquela quedinha de energia só pra assustar no minicurso 👀,06/12/2024 14:56
99899b5a-eb3d-4d67-a64f-a143f824a709,"Impressionante. A energia caiu nos três dias do evento, pelo menos uma vez 😅 Philipe tá azarado, coitado.",06/12/2024 14:56
d3028b07-211a-405d-9f82-13b8d82aeff8,Torneio de fifa ontem foi muito bom,06/12/2024 15:04
d3028b07-211a-405d-9f82-13b8d82aeff8,Pena que a queda de Luz não deixou ter o MK1,06/12/2024 15:05
d3028b07-211a-405d-9f82-13b8d82aeff8,"Maratona de programação super disputada, mal posso saber quem Vai ganhar ",06/12/2024 15:05
d3028b07-211a-405d-9f82-13b8d82aeff8,"Minicurso de IA generativa, sensacional ",06/12/2024 15:05
78a0dc2a-07a3-41bb-a1a4-3731b2e51917,Muito bom o minicurso,06/12/2024 15:06
78a0dc2a-07a3-41bb-a1a4-3731b2e51917,Muito bom o conteúdo do minicurso,06/12/2024 15:07
78a0dc2a-07a3-41bb-a1a4-3731b2e51917,Pena que caiu a luz,06/12/2024 15:07
78a0dc2a-07a3-41bb-a1a4-3731b2e51917,Internet doa laboratórios estava ruim,06/12/2024 15:08
78a0dc2a-07a3-41bb-a1a4-3731b2e51917,Quero brinde hojeeee,06/12/2024 15:08
78a0dc2a-07a3-41bb-a1a4-3731b2e51917,Ansioso pelo coffe break,06/12/2024 15:09
61b2f3d3-4265-4ca1-bf48-f6fb75a5348f,"Prática muito boa, divertida e simples.",06/12/2024 15:09
78a0dc2a-07a3-41bb-a1a4-3731b2e51917,Hj da MC agenda,06/12/2024 15:09
64a69630-bdc5-4e29-9090-492d31a34e0d,Meu boneco 3d ficou top,06/12/2024 15:09
64a69630-bdc5-4e29-9090-492d31a34e0d,Coffee break kd vc???,06/12/2024 15:10
d3028b07-211a-405d-9f82-13b8d82aeff8,Faltou um ar nos laboratórios ein,06/12/2024 15:11
d3028b07-211a-405d-9f82-13b8d82aeff8,Que calor absurdo 🥵,06/12/2024 15:11
d3028b07-211a-405d-9f82-13b8d82aeff8,"A internet no campus ja foi ruim antes, hoje parece pior",06/12/2024 15:11
f24a3531-506e-487a-84d2-614694703dfc,Minicursos muito bons,06/12/2024 15:12
f24a3531-506e-487a-84d2-614694703dfc,"IA é muito interessante
",06/12/2024 15:12
f24a3531-506e-487a-84d2-614694703dfc,"internet ruim e complicado ",06/12/2024 15:13
f24a3531-506e-487a-84d2-614694703dfc,"e o lanche em ",06/12/2024 15:14
f24a3531-506e-487a-84d2-614694703dfc,vou ganhar o sorteio,06/12/2024 15:15
61b2f3d3-4265-4ca1-bf48-f6fb75a5348f,"Sobre o evento como um todo, os brindes foram muito bons.",06/12/2024 15:17
d3028b07-211a-405d-9f82-13b8d82aeff8,Essas quests do app estão um pouco repetitivas,06/12/2024 15:18
61b2f3d3-4265-4ca1-bf48-f6fb75a5348f,"Achei pouca a quantidade de coffe breaks no evento, apesar de entender que o orçamento possivelmente está apertado.",06/12/2024 15:19
61b2f3d3-4265-4ca1-bf48-f6fb75a5348f,Ótima oportunidade para interagir com pessoas de fora do campus.,06/12/2024 15:19
d3028b07-211a-405d-9f82-13b8d82aeff8,"Meu SSD chora com esses modelos de IA para gerar imagens ",06/12/2024 15:20
d3028b07-211a-405d-9f82-13b8d82aeff8,"Ainda quero saber qual o shampoo do Patrick ",06/12/2024 15:20
f24a3531-506e-487a-84d2-614694703dfc,"gostaria de merendar ",06/12/2024 15:23
61b2f3d3-4265-4ca1-bf48-f6fb75a5348f,Incrível as imensas possibilidades no uso dos modelos de IA generativa com ComfyUI.,06/12/2024 15:25
4a38eef3-4375-45b4-b386-649cb518c20b,po blender eh maneirinho slk,06/12/2024 15:27
4a38eef3-4375-45b4-b386-649cb518c20b,so que eu sou ruim ne ai fica paia,06/12/2024 15:27
61b2f3d3-4265-4ca1-bf48-f6fb75a5348f,"Imaginei ter uma visão mais voltada pra desenvolvimento de IAs generativas com esse minicurso. Entretanto, apesar da proposta não ser a que eu esperava, o curso foi bem proveitoso.",06/12/2024 15:27
8f243416-db6e-4185-8133-0e0433d6c30a,Ja ta podendo?,06/12/2024 15:28
8f243416-db6e-4185-8133-0e0433d6c30a,Secom esta acabando que triste,06/12/2024 15:28
61b2f3d3-4265-4ca1-bf48-f6fb75a5348f,"Queria fazer comentários mais aprofundados e contextualizados, uma pena que só posso fazer comentários de 200 caracteres",06/12/2024 15:28
8f243416-db6e-4185-8133-0e0433d6c30a,Otimo minicurso de modelagem 3D,06/12/2024 15:28
226440c8-ce0c-42b8-a37b-8435e915955d,"A SECOM está sendo incrível ",06/12/2024 15:29
61b2f3d3-4265-4ca1-bf48-f6fb75a5348f,Doido demais o treinamento de IA a partir de um ruido aleatório.,06/12/2024 15:29
226440c8-ce0c-42b8-a37b-8435e915955d,"Triste que esta acabando, poderia durar mais dias akkaakka",06/12/2024 15:29
226440c8-ce0c-42b8-a37b-8435e915955d,"Queria ver os trabalhos dos participantes da GameJan ",06/12/2024 15:30
092f2a22-65fe-4b1e-a8de-356ce785cea3,"Atrasar o final e o coffee-break foi triste demais 😢 ",06/12/2024 15:31
226440c8-ce0c-42b8-a37b-8435e915955d,Ansiosa pelo coffe break!,06/12/2024 15:31
61b2f3d3-4265-4ca1-bf48-f6fb75a5348f,"As palestras foram inspiradoras, especialmente sobre IA, mas poderiam ter aprofundado em uma parte mais útil para a nossa formação, sem generalizar muito.",06/12/2024 15:37
a8795f76-f29d-4a4e-ab33-de80f1fa7eaa,Um energético seria excelente agora,06/12/2024 15:38
61b2f3d3-4265-4ca1-bf48-f6fb75a5348f,"O torneio de e-sports foi uma ótima ideia para integração, trazer alunos de fora do campus trouxe uma ótima oportunidade de se conectar com outras pessoas.",06/12/2024 15:38
a8795f76-f29d-4a4e-ab33-de80f1fa7eaa,Ansioso para o resultado da maratona! Quem será que ganhou?,06/12/2024 15:39
a8795f76-f29d-4a4e-ab33-de80f1fa7eaa,A final do LoL vai ser incrível,06/12/2024 15:39
61b2f3d3-4265-4ca1-bf48-f6fb75a5348f,A qualidade dos lanches servidos nos coffe breaks está excepcional.,06/12/2024 15:40
8f243416-db6e-4185-8133-0e0433d6c30a,Hoje a internet contribuiu,06/12/2024 15:40
61b2f3d3-4265-4ca1-bf48-f6fb75a5348f,Hoje a Oktopus Gaming vai aprender por que a premiação do segundo lugar existe.,06/12/2024 15:41
8f243416-db6e-4185-8133-0e0433d6c30a,Tomara que tenha sorte no sorteio,06/12/2024 15:41
8f243416-db6e-4185-8133-0e0433d6c30a,Que ano que vem seja assim tbm,06/12/2024 15:41
7568d4e3-7c42-4c07-9246-161f8f144017,"Nossa que droga a energia ficar caindo sempre ",06/12/2024 15:47
4a38eef3-4375-45b4-b386-649cb518c20b,a luz ta como?,06/12/2024 15:49
4a38eef3-4375-45b4-b386-649cb518c20b,quero sorteio...,06/12/2024 15:51
8f4c1ec8-e5ed-4ce2-90f1-84bbab673805,Cade o coffe break,06/12/2024 15:56
8f4c1ec8-e5ed-4ce2-90f1-84bbab673805,E essa luz que nao para de cair,06/12/2024 15:57
8f4c1ec8-e5ed-4ce2-90f1-84bbab673805,ngm merece essa energia de florestal,06/12/2024 15:57
b9ce085c-74f8-412e-8a55-1391f0867ebd,Foi muito legal essa edição da secom,06/12/2024 16:02
db3fa0bb-880f-4501-90a0-33595a9c9087,Calor d+,06/12/2024 16:04
883f6e71-d69f-4eb4-8791-f3f68ee15315,Comentario,06/12/2024 16:05
b6692dfb-d9b8-409b-ac8e-4ffe98e5a57b,Minicurso muito bom e interessante!,06/12/2024 16:05
883f6e71-d69f-4eb4-8791-f3f68ee15315,Só pra parabenizar a stela pelo mini curso,06/12/2024 16:06
f0158b5a-82ff-410c-81f2-d51f7e345b45,Muito top o evento esse ano viu,06/12/2024 16:06
b6692dfb-d9b8-409b-ac8e-4ffe98e5a57b,Tive alguns problemas com o espaço disponível do meu HD para o minicurso de IA...,06/12/2024 16:06
883f6e71-d69f-4eb4-8791-f3f68ee15315,"Equipe mmc de parabéns ",06/12/2024 16:06
f0158b5a-82ff-410c-81f2-d51f7e345b45,"A gameJam foi muito legal, tem que ter todo ano!",06/12/2024 16:06
b6692dfb-d9b8-409b-ac8e-4ffe98e5a57b,"Coffe Break é sensacional! ",06/12/2024 16:06
883f6e71-d69f-4eb4-8791-f3f68ee15315,Comentario,06/12/2024 16:06
883f6e71-d69f-4eb4-8791-f3f68ee15315,"Coment ",06/12/2024 16:06
883f6e71-d69f-4eb4-8791-f3f68ee15315,"Comentário ",06/12/2024 16:06
883f6e71-d69f-4eb4-8791-f3f68ee15315,Comentario,06/12/2024 16:07
b6692dfb-d9b8-409b-ac8e-4ffe98e5a57b,Esse pessoal do lanche tem que vir todo ano!,06/12/2024 16:07
092f2a22-65fe-4b1e-a8de-356ce785cea3,"Tô com fome, quero merendar 🎶",06/12/2024 16:08
b6692dfb-d9b8-409b-ac8e-4ffe98e5a57b,Ansioso pelo sorteio!,06/12/2024 16:08
47f0857b-7373-4457-b034-4eca2ed5efd9,"Botafogo ",06/12/2024 16:08
b6692dfb-d9b8-409b-ac8e-4ffe98e5a57b,A SECOM desse ano está sensacional!,06/12/2024 16:09
47f0857b-7373-4457-b034-4eca2ed5efd9,"Ansioso pelos prêmios ",06/12/2024 16:09
d0881343-b903-4573-aee3-c821f2e201de,A maratona foi muito boa,06/12/2024 16:09
47f0857b-7373-4457-b034-4eca2ed5efd9,"Palestras muitos produtivas ",06/12/2024 16:09
47f0857b-7373-4457-b034-4eca2ed5efd9,"Web e muito bom ",06/12/2024 16:09
d0881343-b903-4573-aee3-c821f2e201de,Gostei muito dos mini cursos,06/12/2024 16:09
4a38eef3-4375-45b4-b386-649cb518c20b,to cao fome 🤤🤤,06/12/2024 16:09
1b9ccae9-78fb-402b-9460-40ccad1af251,A energia ontem na game jam acabou com tudo,06/12/2024 16:09
d0881343-b903-4573-aee3-c821f2e201de,A secom esse ano esta muito boa,06/12/2024 16:10
30a1d1e4-da0d-4f67-9908-6bc16a47ebc4,Estou ansioso para o coffee break :D,06/12/2024 16:10
1b9ccae9-78fb-402b-9460-40ccad1af251,Ansioso para saber o resultado da gamejam,06/12/2024 16:10
4a38eef3-4375-45b4-b386-649cb518c20b,uero mais d 10 salgado 🤤,06/12/2024 16:10
8aed64cf-df9c-4421-bff3-6c07fee239b1,Ótimo minicurso.,06/12/2024 16:10
1b9ccae9-78fb-402b-9460-40ccad1af251,a barriga ja esta roncando esperando peo coffe break,06/12/2024 16:10
13c63d6c-e94d-4b8b-829b-3a6f523ac131,"Minicurso de blender sensacional ",06/12/2024 16:11
8aed64cf-df9c-4421-bff3-6c07fee239b1,"Ainda com as quedas de luz, o minicurso continuou firme e forte.",06/12/2024 16:11
311c27a8-5c81-4b58-a7b6-27f29c34ac6f,Ótimo evento,06/12/2024 16:11
30a1d1e4-da0d-4f67-9908-6bc16a47ebc4,Adorei o curso sobre Docker!!,06/12/2024 16:11
4a38eef3-4375-45b4-b386-649cb518c20b,docker tava bao tbm,06/12/2024 16:11
13c63d6c-e94d-4b8b-829b-3a6f523ac131,Ansioso para os sorteios!!,06/12/2024 16:11
8aa87b6a-2c98-49aa-a2bf-45a61166e7e7,Time A Seta representou,06/12/2024 16:11
311c27a8-5c81-4b58-a7b6-27f29c34ac6f,Espero ganhar brindes no sorteio!!!,06/12/2024 16:11
8aa87b6a-2c98-49aa-a2bf-45a61166e7e7,"Secom foi boa demais ",06/12/2024 16:11
1b9ccae9-78fb-402b-9460-40ccad1af251,N'ao de pra baixar as coisas do curso de ia antes /-/) triste dms,06/12/2024 16:11
13c63d6c-e94d-4b8b-829b-3a6f523ac131,Qual o shampoo que o patrick usa?,06/12/2024 16:11
8aa87b6a-2c98-49aa-a2bf-45a61166e7e7,Secom foi boa demais,06/12/2024 16:12
8aed64cf-df9c-4421-bff3-6c07fee239b1,Um pouco triste que ninguém escolheu Aang: O Último Dominador de Ar como animação favorita no minicurso de Interface Web.,06/12/2024 16:12
8aa87b6a-2c98-49aa-a2bf-45a61166e7e7,Campeonato de cs que ficou faltando,06/12/2024 16:12
1b9ccae9-78fb-402b-9460-40ccad1af251,"Cade a IC de geração de imagens com IA?
",06/12/2024 16:12
8aed64cf-df9c-4421-bff3-6c07fee239b1,Ansioso pelo Coffee Break.,06/12/2024 16:12
8aa87b6a-2c98-49aa-a2bf-45a61166e7e7,"Campeonato de valorant foi muito top ",06/12/2024 16:12
8aa87b6a-2c98-49aa-a2bf-45a61166e7e7,Curti demais a palestra do letras,06/12/2024 16:13
13c63d6c-e94d-4b8b-829b-3a6f523ac131,Coffe breaks sensacionais!,06/12/2024 16:13
d0881343-b903-4573-aee3-c821f2e201de,Aa figurinhas do git estavam fodas!,06/12/2024 16:13
8aa87b6a-2c98-49aa-a2bf-45a61166e7e7,Lanche tava top dms,06/12/2024 16:13
1b9ccae9-78fb-402b-9460-40ccad1af251,Coffe Break!!!!!!,06/12/2024 16:13
f0158b5a-82ff-410c-81f2-d51f7e345b45,O minicurso de blender foi muito daora!!,06/12/2024 16:14
13c63d6c-e94d-4b8b-829b-3a6f523ac131,Bora para essa final de lol!!!,06/12/2024 16:14
311c27a8-5c81-4b58-a7b6-27f29c34ac6f,Foi muito legal acompanhar o campeonato o Esports,06/12/2024 16:14
1b9ccae9-78fb-402b-9460-40ccad1af251,Adorei o Sandro!! Otimo mini curso,06/12/2024 16:14
47f0857b-7373-4457-b034-4eca2ed5efd9,"Coffee brake melhor hora ",06/12/2024 16:14
13c63d6c-e94d-4b8b-829b-3a6f523ac131,Qual patrick o shampoo usa?,06/12/2024 16:14
88254066-58d3-4049-ac9d-5b393c178080,Melhor edição da SECOM!,06/12/2024 16:14
47f0857b-7373-4457-b034-4eca2ed5efd9,"O atlético vai cair ",06/12/2024 16:14
f0158b5a-82ff-410c-81f2-d51f7e345b45,Se a luz cair durante a final é WO na OKT né?,06/12/2024 16:14
311c27a8-5c81-4b58-a7b6-27f29c34ac6f,A camisa sa secom ficou muito boa,06/12/2024 16:15
88254066-58d3-4049-ac9d-5b393c178080,myMobiConf salvou demais,06/12/2024 16:15
8aed64cf-df9c-4421-bff3-6c07fee239b1,Qual o preparo capilar do Patrick para a final de LoL da SECOM?,06/12/2024 16:15
311c27a8-5c81-4b58-a7b6-27f29c34ac6f,Alguma coisa,06/12/2024 16:15
88254066-58d3-4049-ac9d-5b393c178080,A troca dos horários no último dia foi meio paia,06/12/2024 16:15
f0158b5a-82ff-410c-81f2-d51f7e345b45,Programação dessa Secom foi bala demais,06/12/2024 16:17
1b9ccae9-78fb-402b-9460-40ccad1af251,Pena que o curso do sandro acabou ;-; adorei as artes dele,06/12/2024 16:17
88254066-58d3-4049-ac9d-5b393c178080,"Palestras muito boas no dia da indústria ",06/12/2024 16:17
d0881343-b903-4573-aee3-c821f2e201de,Legal demais,06/12/2024 16:17
d0881343-b903-4573-aee3-c821f2e201de,Muito boa,06/12/2024 16:17
f0158b5a-82ff-410c-81f2-d51f7e345b45,Cadê o coffee break?,06/12/2024 16:18
226440c8-ce0c-42b8-a37b-8435e915955d,"A melhor parte é o encerramento!! ",06/12/2024 16:20
226440c8-ce0c-42b8-a37b-8435e915955d,Triste pelo último coffe break :(,06/12/2024 16:21
88254066-58d3-4049-ac9d-5b393c178080,"Palestras muito importantes ",06/12/2024 16:21
88254066-58d3-4049-ac9d-5b393c178080,Coffee break foi muito bom!!,06/12/2024 16:21
88254066-58d3-4049-ac9d-5b393c178080,Ansioso pelo sorteio,06/12/2024 16:21
1b9ccae9-78fb-402b-9460-40ccad1af251,Gooogle Deep dream nem lembrava,06/12/2024 16:21
88254066-58d3-4049-ac9d-5b393c178080,Espero q o servidor funcione...,06/12/2024 16:22
1b9ccae9-78fb-402b-9460-40ccad1af251,"Mostrei o POC pro sandro, aprovado 🤝",06/12/2024 16:22
7cf13434-76d6-4046-96fd-1cfd9d429282,boa tarde,06/12/2024 16:22
7cf13434-76d6-4046-96fd-1cfd9d429282,partiu sampa,06/12/2024 16:22
7cf13434-76d6-4046-96fd-1cfd9d429282,aoba,06/12/2024 16:22
88254066-58d3-4049-ac9d-5b393c178080,O número de comentarios foi meio demais...,06/12/2024 16:22
513987ee-1026-4bd4-93aa-9d89d6d5bad4,"Maratona foi Zika ",06/12/2024 16:22
1b9ccae9-78fb-402b-9460-40ccad1af251,Ansioso pelos premios do my mob conf em 😳,06/12/2024 16:22
f0158b5a-82ff-410c-81f2-d51f7e345b45,Qual o shampoo do Douglas?,06/12/2024 16:22
7cf13434-76d6-4046-96fd-1cfd9d429282,boa tarde,06/12/2024 16:22
513987ee-1026-4bd4-93aa-9d89d6d5bad4,"Esse dulol tá sem limites ",06/12/2024 16:22
88254066-58d3-4049-ac9d-5b393c178080,Acho q o servidor não tá aguentando o número de usuários de uma vez,06/12/2024 16:22
1b9ccae9-78fb-402b-9460-40ccad1af251,Quem tava na game jam vai ganhar bolsa copo e pin da sydle?,06/12/2024 16:23
7cf13434-76d6-4046-96fd-1cfd9d429282,aoba,06/12/2024 16:23
513987ee-1026-4bd4-93aa-9d89d6d5bad4,Minicurso de blender foi foda,06/12/2024 16:23
88254066-58d3-4049-ac9d-5b393c178080,Queria mais coffee breaks,06/12/2024 16:23
513987ee-1026-4bd4-93aa-9d89d6d5bad4,"Camiseta maravilhosa ",06/12/2024 16:23
1b9ccae9-78fb-402b-9460-40ccad1af251,Se a jam fosse em outro dia podia ter ido na palestra do studio sol ;-;,06/12/2024 16:23
f0158b5a-82ff-410c-81f2-d51f7e345b45,Adorei a Secom!!!🤙🤘🙏🙏,06/12/2024 16:23
513987ee-1026-4bd4-93aa-9d89d6d5bad4,Isadora tá solteira?,06/12/2024 16:23
513987ee-1026-4bd4-93aa-9d89d6d5bad4,"Me contrata sydle ",06/12/2024 16:23
8aa87b6a-2c98-49aa-a2bf-45a61166e7e7,Time a seta mandou demais,06/12/2024 16:23
513987ee-1026-4bd4-93aa-9d89d6d5bad4,Quero entrar na levty,06/12/2024 16:24
1b9ccae9-78fb-402b-9460-40ccad1af251,Levity me contrataaa 😭,06/12/2024 16:24
8aa87b6a-2c98-49aa-a2bf-45a61166e7e7,Infelizmente a luz acabou durante o fifa,06/12/2024 16:24
1b9ccae9-78fb-402b-9460-40ccad1af251,Coquinha gelada :P,06/12/2024 16:24
8aa87b6a-2c98-49aa-a2bf-45a61166e7e7,Próximo secom vai ser bacana demais,06/12/2024 16:24
513987ee-1026-4bd4-93aa-9d89d6d5bad4,"Fanta no coffe break pfvr ",06/12/2024 16:24
8aa87b6a-2c98-49aa-a2bf-45a61166e7e7,Melhor evento do ano,06/12/2024 16:24
780e911b-3537-4deb-8eae-0ce33981b3d2,Bora galera,06/12/2024 16:24
780e911b-3537-4deb-8eae-0ce33981b3d2,Comentário 2,06/12/2024 16:24
513987ee-1026-4bd4-93aa-9d89d6d5bad4,"Thais pra presidente já ",06/12/2024 16:24
e539ea11-2f5f-48c0-8cd6-f269dd6ed844,Tragam mais conteúdo de modelagem 3D!,06/12/2024 16:24
780e911b-3537-4deb-8eae-0ce33981b3d2,Qual shampoo o Patrick usa?,06/12/2024 16:24
88254066-58d3-4049-ac9d-5b393c178080,Excelente minicurso de 3d,06/12/2024 16:24
8aa87b6a-2c98-49aa-a2bf-45a61166e7e7,Faltou apenas o campeonato de cs,06/12/2024 16:24
513987ee-1026-4bd4-93aa-9d89d6d5bad4,Califórnia girls solou,06/12/2024 16:25
780e911b-3537-4deb-8eae-0ce33981b3d2,Qual patrick o shampoo usa?,06/12/2024 16:25
780e911b-3537-4deb-8eae-0ce33981b3d2,Entrei na Levty,06/12/2024 16:25
e539ea11-2f5f-48c0-8cd6-f269dd6ed844,"Os minicursos deveriam ter mais tempo ",06/12/2024 16:25
8aa87b6a-2c98-49aa-a2bf-45a61166e7e7,"Ano que vem poderia ter cs, vai ser legal demais",06/12/2024 16:25
513987ee-1026-4bd4-93aa-9d89d6d5bad4,"Game Jam cansou tá ",06/12/2024 16:25
780e911b-3537-4deb-8eae-0ce33981b3d2,"Venham para o LESC, a ic de hardware trojan é BALA",06/12/2024 16:25
e539ea11-2f5f-48c0-8cd6-f269dd6ed844,"A Secom poderia durar uma semana inteira ",06/12/2024 16:25
1b9ccae9-78fb-402b-9460-40ccad1af251,Queria ter jogado mk ontem;-;,06/12/2024 16:25
e539ea11-2f5f-48c0-8cd6-f269dd6ed844,"Ótima Secom ",06/12/2024 16:25
513987ee-1026-4bd4-93aa-9d89d6d5bad4,"Letras me contrata ",06/12/2024 16:25
513987ee-1026-4bd4-93aa-9d89d6d5bad4,"Campeonato de fifa foi Zika ",06/12/2024 16:25
8aed64cf-df9c-4421-bff3-6c07fee239b1,Esperando muito pela final de LoL,06/12/2024 16:26
8aa87b6a-2c98-49aa-a2bf-45a61166e7e7,Muito legal a secom,06/12/2024 16:26
e539ea11-2f5f-48c0-8cd6-f269dd6ed844,Variar lanche no próximo ano,06/12/2024 16:26
1b9ccae9-78fb-402b-9460-40ccad1af251,Tenho que sair daqui e fazer o poc ;-;,06/12/2024 16:26
8aa87b6a-2c98-49aa-a2bf-45a61166e7e7,A secom do ano que bem vai ser bacana demais,06/12/2024 16:26
1b9ccae9-78fb-402b-9460-40ccad1af251,Espero mais comentarios em 😝🤙,06/12/2024 16:27
780e911b-3537-4deb-8eae-0ce33981b3d2,A UFV precisa melhorar essa internet,06/12/2024 16:27
8cc85085-4ed1-41f9-8428-601245633664,Adorei o evento,06/12/2024 16:27
8cc85085-4ed1-41f9-8428-601245633664,"O minicurso foi super divertido ",06/12/2024 16:27
8aed64cf-df9c-4421-bff3-6c07fee239b1,Andar pelo campus de noite e sem luz foi uma experiência.,06/12/2024 16:27
8aed64cf-df9c-4421-bff3-6c07fee239b1,Task finalizada.,06/12/2024 16:28
e539ea11-2f5f-48c0-8cd6-f269dd6ed844,Ótima palestra,06/12/2024 16:28
8aa87b6a-2c98-49aa-a2bf-45a61166e7e7,Muito boa a programação da secom,06/12/2024 16:28
8cc85085-4ed1-41f9-8428-601245633664,"As palestras do primeiro dia foram super importante para  o meu aprendizado ",06/12/2024 16:28
e539ea11-2f5f-48c0-8cd6-f269dd6ed844,Brinds legais,06/12/2024 16:28
8aa87b6a-2c98-49aa-a2bf-45a61166e7e7,A palestra da letras foi boa demais,06/12/2024 16:28
e539ea11-2f5f-48c0-8cd6-f269dd6ed844,"Queda de luz foi um problema ",06/12/2024 16:28
8aa87b6a-2c98-49aa-a2bf-45a61166e7e7,Curti demais,06/12/2024 16:28
ad08e116-810d-4533-a7c6-9782fcb55f6d,"Final de Secom ",06/12/2024 16:28
e539ea11-2f5f-48c0-8cd6-f269dd6ed844,"Um coffee break por dia é pouco ",06/12/2024 16:29
e539ea11-2f5f-48c0-8cd6-f269dd6ed844,Ótima salgados,06/12/2024 16:29
e539ea11-2f5f-48c0-8cd6-f269dd6ed844,Coloquem café no coffe break,06/12/2024 16:29
780e911b-3537-4deb-8eae-0ce33981b3d2,Coffee break está ótimo estava com mt fome,06/12/2024 16:30
47cacf3f-e0f2-421b-a645-5e0efd6cc615,Boa,06/12/2024 16:30
47cacf3f-e0f2-421b-a645-5e0efd6cc615,Que venha o sorteio kk,06/12/2024 16:30
780e911b-3537-4deb-8eae-0ce33981b3d2,Deveriam haver mais coffe breaks,06/12/2024 16:31
d0b2bc0d-178a-434a-9fc8-134d0ca5a1be,"Achei a quantidade de comentários ser 6 por dia muita sacanagem ",06/12/2024 16:31
47cacf3f-e0f2-421b-a645-5e0efd6cc615,"Sacagem o último coffe break ",06/12/2024 16:31
47cacf3f-e0f2-421b-a645-5e0efd6cc615,Ansioso para a próxima Secom,06/12/2024 16:31
47cacf3f-e0f2-421b-a645-5e0efd6cc615,"Muito boa a palestra ",06/12/2024 16:32
d0b2bc0d-178a-434a-9fc8-134d0ca5a1be,Exageraram na demanda pelo uso do MyMobiConf,06/12/2024 16:32
08101ce6-e4af-4e12-81d5-87afcafc4b3b,Kd a premiação da GameJam,06/12/2024 16:32
47cacf3f-e0f2-421b-a645-5e0efd6cc615,"Natanael muito foda ",06/12/2024 16:32
8cc85085-4ed1-41f9-8428-601245633664,Ansioso pelo sorteio,06/12/2024 16:32
08101ce6-e4af-4e12-81d5-87afcafc4b3b,adorei os mini Cursos,06/12/2024 16:32
47cacf3f-e0f2-421b-a645-5e0efd6cc615,"Virei muito fã da alfa engenharia ",06/12/2024 16:32
47cacf3f-e0f2-421b-a645-5e0efd6cc615,"Muito boa ",06/12/2024 16:32
d0b2bc0d-178a-434a-9fc8-134d0ca5a1be,"O aplicativo tá muito bom, mas sinto que 10 missões é bastante",06/12/2024 16:32
8cc85085-4ed1-41f9-8428-601245633664,Adorei palestra da sydle,06/12/2024 16:32
08101ce6-e4af-4e12-81d5-87afcafc4b3b,luz caiu durante o mini curso e perdi tudo paia,06/12/2024 16:32
47cacf3f-e0f2-421b-a645-5e0efd6cc615,"Letras é foda demais ",06/12/2024 16:32
d0b2bc0d-178a-434a-9fc8-134d0ca5a1be,Por mais palestras sobre jogos,06/12/2024 16:33
47cacf3f-e0f2-421b-a645-5e0efd6cc615,Queria conhecer um pouco mais da Levty,06/12/2024 16:33
08101ce6-e4af-4e12-81d5-87afcafc4b3b,quando é a premiação da GameJam?,06/12/2024 16:33
47cacf3f-e0f2-421b-a645-5e0efd6cc615,Ótimas apresentações.,06/12/2024 16:34
50ab66a7-9677-44ec-b7d4-be69f3d11d87,Muito boa os mini cursos,06/12/2024 16:34
d0b2bc0d-178a-434a-9fc8-134d0ca5a1be,Fiquei com a impressão de que teve muita palestra sobre IA,06/12/2024 16:34
08101ce6-e4af-4e12-81d5-87afcafc4b3b,essa luz ta quebrada so pode,06/12/2024 16:34
08101ce6-e4af-4e12-81d5-87afcafc4b3b,"cade o quibe nos salgadinhos ",06/12/2024 16:34
d0b2bc0d-178a-434a-9fc8-134d0ca5a1be,Pra quem reclama pela energia ter acabado sem motivo nenhum?,06/12/2024 16:34
47cacf3f-e0f2-421b-a645-5e0efd6cc615,Salgado tava bom demais.,06/12/2024 16:35
d0b2bc0d-178a-434a-9fc8-134d0ca5a1be,Faltou o kibe nos salgados desse ano,06/12/2024 16:35
e539ea11-2f5f-48c0-8cd6-f269dd6ed844,Palestra do Letras foi muito boa,06/12/2024 16:35
47cacf3f-e0f2-421b-a645-5e0efd6cc615,Muito bom,06/12/2024 16:35
d0b2bc0d-178a-434a-9fc8-134d0ca5a1be,"Todo mundo gostaria de um acréscimo nos salgados de enroladinho de salsicha ",06/12/2024 16:35
8c83da8e-1478-4a91-ae10-7347cd55d06f,"maneiro ",06/12/2024 16:36
8c83da8e-1478-4a91-ae10-7347cd55d06f,"gostei ",06/12/2024 16:36
50ab66a7-9677-44ec-b7d4-be69f3d11d87,Coffe break,06/12/2024 16:36
8c83da8e-1478-4a91-ae10-7347cd55d06f,gg casca de bala,06/12/2024 16:36
50ab66a7-9677-44ec-b7d4-be69f3d11d87,"Muito boa a secom!! ",06/12/2024 16:36
e539ea11-2f5f-48c0-8cd6-f269dd6ed844,"As semifinais do campeonato poderiam ter sido presenciais também ",06/12/2024 16:36
50ab66a7-9677-44ec-b7d4-be69f3d11d87,"Dq a pouco tem encerramento ",06/12/2024 16:36
08101ce6-e4af-4e12-81d5-87afcafc4b3b,podia ter um suco no lugar de algumas cocas,06/12/2024 16:36
e539ea11-2f5f-48c0-8cd6-f269dd6ed844,A gamejam poderia ser 2 dias,06/12/2024 16:37
08101ce6-e4af-4e12-81d5-87afcafc4b3b,o encerramento vai ser antes do jogo,06/12/2024 16:37
08101ce6-e4af-4e12-81d5-87afcafc4b3b,qual shampoo o Douglas usa?,06/12/2024 16:38
e539ea11-2f5f-48c0-8cd6-f269dd6ed844,"Ótimas palestras mas o público ficou dividido ",06/12/2024 16:38
e11be943-a86d-4ae5-9d07-c0caafcde712,A primeira palestra foi muito boa,06/12/2024 16:38
ff1bbfdb-856b-4aa2-8987-fc056e4c1b9d,Top dms,06/12/2024 16:38
08101ce6-e4af-4e12-81d5-87afcafc4b3b,quem é Oizadora?,06/12/2024 16:38
ff1bbfdb-856b-4aa2-8987-fc056e4c1b9d,Massa,06/12/2024 16:38
ff1bbfdb-856b-4aa2-8987-fc056e4c1b9d,Quero ver a serimonia,06/12/2024 16:38
ff1bbfdb-856b-4aa2-8987-fc056e4c1b9d,Legal,06/12/2024 16:39
ff1bbfdb-856b-4aa2-8987-fc056e4c1b9d,"Midiático ",06/12/2024 16:39
f0d8b18c-371e-4a9b-bc88-6efb85341837,"Muito bom evento ",06/12/2024 16:39
ff1bbfdb-856b-4aa2-8987-fc056e4c1b9d,Maneiro,06/12/2024 16:39
e11be943-a86d-4ae5-9d07-c0caafcde712,A segunda palestra foi boa,06/12/2024 16:39
08101ce6-e4af-4e12-81d5-87afcafc4b3b,gameJam podia ter mais tempo,06/12/2024 16:39
ff1bbfdb-856b-4aa2-8987-fc056e4c1b9d,Massa,06/12/2024 16:39
e539ea11-2f5f-48c0-8cd6-f269dd6ed844,"Seus perguntas por dia é muito ",06/12/2024 16:39
f0d8b18c-371e-4a9b-bc88-6efb85341837,"Excelente, esperando o encerramento com os prêmios ",06/12/2024 16:39
ff1bbfdb-856b-4aa2-8987-fc056e4c1b9d,Que doideira,06/12/2024 16:39
ff1bbfdb-856b-4aa2-8987-fc056e4c1b9d,Gostei,06/12/2024 16:39
ff1bbfdb-856b-4aa2-8987-fc056e4c1b9d,Diverdido,06/12/2024 16:39
d0b2bc0d-178a-434a-9fc8-134d0ca5a1be,Senti que faltou fotos durante os minicursos,06/12/2024 16:39
ff1bbfdb-856b-4aa2-8987-fc056e4c1b9d,Muçei,06/12/2024 16:39
f0d8b18c-371e-4a9b-bc88-6efb85341837,"Minicursos informativos e com temas interessantes ",06/12/2024 16:39
e539ea11-2f5f-48c0-8cd6-f269dd6ed844,Aparentemente a aba de comentários não aceita números,06/12/2024 16:39
420a6284-4a52-4d2d-82f1-f422cc31986b,.,06/12/2024 16:39
ff1bbfdb-856b-4aa2-8987-fc056e4c1b9d,Comida japonesa na próxima secom,06/12/2024 16:39
420a6284-4a52-4d2d-82f1-f422cc31986b,.,06/12/2024 16:40
420a6284-4a52-4d2d-82f1-f422cc31986b,.,06/12/2024 16:40
8cc85085-4ed1-41f9-8428-601245633664,"Muito boa a coxinha ",06/12/2024 16:40
420a6284-4a52-4d2d-82f1-f422cc31986b,.,06/12/2024 16:40
ff1bbfdb-856b-4aa2-8987-fc056e4c1b9d,"Lanche não tava midiático ",06/12/2024 16:40
f0d8b18c-371e-4a9b-bc88-6efb85341837,"Ótimo evento ",06/12/2024 16:40
420a6284-4a52-4d2d-82f1-f422cc31986b,.,06/12/2024 16:40
e11be943-a86d-4ae5-9d07-c0caafcde712,O coffe break tava bom,06/12/2024 16:40
fa24bb59-6052-4876-861f-d817a99fd16e,Palestra muito interessantes,06/12/2024 16:40
f0d8b18c-371e-4a9b-bc88-6efb85341837,"Incrível ",06/12/2024 16:40
fa24bb59-6052-4876-861f-d817a99fd16e,Gamejam foi uma ideia muito boa,06/12/2024 16:40
fa24bb59-6052-4876-861f-d817a99fd16e,Prazo da gamejam foi muito curto,06/12/2024 16:40
f0d8b18c-371e-4a9b-bc88-6efb85341837,"Climatização muito boa ",06/12/2024 16:40
ff1bbfdb-856b-4aa2-8987-fc056e4c1b9d,Misto quente era bom no coffee break,06/12/2024 16:40
fa24bb59-6052-4876-861f-d817a99fd16e,Maratona foi legal demais,06/12/2024 16:40
420a6284-4a52-4d2d-82f1-f422cc31986b,.,06/12/2024 16:40
ff1bbfdb-856b-4aa2-8987-fc056e4c1b9d,Show,06/12/2024 16:40
fa24bb59-6052-4876-861f-d817a99fd16e,Maratona podia ter tido pizza hehe,06/12/2024 16:40
08101ce6-e4af-4e12-81d5-87afcafc4b3b,devia poder participar da GameJam e maratona de prog juntos,06/12/2024 16:40
ff1bbfdb-856b-4aa2-8987-fc056e4c1b9d,Nice,06/12/2024 16:40
ff1bbfdb-856b-4aa2-8987-fc056e4c1b9d,Curti,06/12/2024 16:40
ff1bbfdb-856b-4aa2-8987-fc056e4c1b9d,Super legal,06/12/2024 16:40
fa24bb59-6052-4876-861f-d817a99fd16e,"Saguado gostoso parabéns ",06/12/2024 16:41
420a6284-4a52-4d2d-82f1-f422cc31986b,.,06/12/2024 16:41
420a6284-4a52-4d2d-82f1-f422cc31986b,.,06/12/2024 16:41
420a6284-4a52-4d2d-82f1-f422cc31986b,.,06/12/2024 16:41
e11be943-a86d-4ae5-9d07-c0caafcde712,A sipeec foi muito demorada,06/12/2024 16:41
420a6284-4a52-4d2d-82f1-f422cc31986b,.,06/12/2024 16:41
420a6284-4a52-4d2d-82f1-f422cc31986b,.,06/12/2024 16:41
420a6284-4a52-4d2d-82f1-f422cc31986b,.,06/12/2024 16:41
d0b2bc0d-178a-434a-9fc8-134d0ca5a1be,"Se não tiver uma unidade de bombom na premiação desse ano, fizeram errado",06/12/2024 16:41
e11be943-a86d-4ae5-9d07-c0caafcde712,Teve algumas apresentações legais,06/12/2024 16:41
ae0cbeae-1ff0-406f-a78a-a80a71120100,MINICURSO DE DOCKER MUITO BOM,06/12/2024 16:41
ae0cbeae-1ff0-406f-a78a-a80a71120100,o Ângelo é muito bom,06/12/2024 16:41
ae0cbeae-1ff0-406f-a78a-a80a71120100,Salgado gostosinho hein,06/12/2024 16:41
ae0cbeae-1ff0-406f-a78a-a80a71120100,"Coca colinha gelado ",06/12/2024 16:42
fa24bb59-6052-4876-861f-d817a99fd16e,Ideia: bolinho de chocolate de coffee break,06/12/2024 16:42
ae0cbeae-1ff0-406f-a78a-a80a71120100,matheus peixoto o CEONda secom,06/12/2024 16:42
e11be943-a86d-4ae5-9d07-c0caafcde712,O e-sport é o melhor,06/12/2024 16:42
fa24bb59-6052-4876-861f-d817a99fd16e,Ideia: picole antes da maratona igual na maratona mineira,06/12/2024 16:42
ae0cbeae-1ff0-406f-a78a-a80a71120100,minicursos bem plaestrandos,06/12/2024 16:42
d0b2bc0d-178a-434a-9fc8-134d0ca5a1be,Deixando meu voto para os MCAgenda,06/12/2024 16:43
e11be943-a86d-4ae5-9d07-c0caafcde712,A palestra do umbu foi legal,06/12/2024 16:43
db3fa0bb-880f-4501-90a0-33595a9c9087,Top essa edição da secom,06/12/2024 16:43
ae0cbeae-1ff0-406f-a78a-a80a71120100,a liz acabou naoooooo,06/12/2024 16:43
fa24bb59-6052-4876-861f-d817a99fd16e,Curso de Docker o melhor!!,06/12/2024 16:43
420a6284-4a52-4d2d-82f1-f422cc31986b,.,06/12/2024 16:43
420a6284-4a52-4d2d-82f1-f422cc31986b,.,06/12/2024 16:43
420a6284-4a52-4d2d-82f1-f422cc31986b,.,06/12/2024 16:43
db3fa0bb-880f-4501-90a0-33595a9c9087,Coffe break muito bom,06/12/2024 16:43
420a6284-4a52-4d2d-82f1-f422cc31986b,M,06/12/2024 16:43
420a6284-4a52-4d2d-82f1-f422cc31986b,"Muito legal a SECOM ",06/12/2024 16:43
e11be943-a86d-4ae5-9d07-c0caafcde712,A palestra da levty tava legal,06/12/2024 16:43
fa24bb59-6052-4876-861f-d817a99fd16e,"O ministrante do curso de docker deu bombom para quem interagia e acertava, achei muito boa a ideia para participar ",06/12/2024 16:43
d0b2bc0d-178a-434a-9fc8-134d0ca5a1be,Tá liberado cantar parabéns no encerramento,06/12/2024 16:43
8c83da8e-1478-4a91-ae10-7347cd55d06f,legal,06/12/2024 16:43
8c83da8e-1478-4a91-ae10-7347cd55d06f,pogger,06/12/2024 16:44
8c83da8e-1478-4a91-ae10-7347cd55d06f,bom,06/12/2024 16:44
fa24bb59-6052-4876-861f-d817a99fd16e,Ter prêmio para desafio prático no final do minicurso (ex: docker teve um curso como prêmio) foi uma ideia ótima,06/12/2024 16:44
420a6284-4a52-4d2d-82f1-f422cc31986b,"BONITINHOS NO TOPO, aproveitar e parabenizar o professor Phillipe pelo evento.",06/12/2024 16:44
e11be943-a86d-4ae5-9d07-c0caafcde712,A palestra da dti sobre dados tava muito boa,06/12/2024 16:44
fa24bb59-6052-4876-861f-d817a99fd16e,Arte linda do cracha,06/12/2024 16:44
fa24bb59-6052-4876-861f-d817a99fd16e,"Decoração com baloes numa paleta ótima ",06/12/2024 16:44
fa24bb59-6052-4876-861f-d817a99fd16e,Camisa do prêmio do e sports PERFEITW,06/12/2024 16:44
fa24bb59-6052-4876-861f-d817a99fd16e,No meu coração os bonitinhos ganharam o torneio de vava,06/12/2024 16:44
e11be943-a86d-4ae5-9d07-c0caafcde712,"A palestra sobre Lgpd foi muito interessante ",06/12/2024 16:44
db3fa0bb-880f-4501-90a0-33595a9c9087,Curso de IA generativa muito bom. Vou aplicar,06/12/2024 16:45
ad08e116-810d-4533-a7c6-9782fcb55f6d,"Sem ideia do que comentar ",06/12/2024 16:45
fa24bb59-6052-4876-861f-d817a99fd16e,"Distribuição de salgado rápida ",06/12/2024 16:45
e11be943-a86d-4ae5-9d07-c0caafcde712,O Coffee tava bom,06/12/2024 16:45
fa24bb59-6052-4876-861f-d817a99fd16e,Gostei de opções vegetarianas,06/12/2024 16:45
ad08e116-810d-4533-a7c6-9782fcb55f6d,"Curso de I.A Generativa foi excelente ",06/12/2024 16:45
fa24bb59-6052-4876-861f-d817a99fd16e,Muito legal ter coca zero,06/12/2024 16:46
99899b5a-eb3d-4d67-a64f-a143f824a709,"Hora do lanche 😋 SECOM que vem precisava ter coffee break de manhã e de tarde, que nem nas outras edições!",06/12/2024 16:46
e11be943-a86d-4ae5-9d07-c0caafcde712,"Os brindes foram os melhores ",06/12/2024 16:46
fa24bb59-6052-4876-861f-d817a99fd16e,Gostei muito da cor da camisa,06/12/2024 16:47
a5551753-5cda-4641-bc94-7d92707ef19c,"O curso de IA foi muito interessante ",06/12/2024 16:47
fa24bb59-6052-4876-861f-d817a99fd16e,Podia ter outras variedades de refri,06/12/2024 16:47
a5551753-5cda-4641-bc94-7d92707ef19c,Talvez possa ter mais minicursos durante os 3 dias na próxima edição.,06/12/2024 16:47
e11be943-a86d-4ae5-9d07-c0caafcde712,O minicurso de docker tava muito boa,06/12/2024 16:47
a5551753-5cda-4641-bc94-7d92707ef19c,O Coffee break estava ótimo mais poderia ser numa pausa no meio do minicurso.,06/12/2024 16:47
e11be943-a86d-4ae5-9d07-c0caafcde712,"Espero ganhar um sorteio ",06/12/2024 16:47
a5551753-5cda-4641-bc94-7d92707ef19c,Tem como trazer a studiosol ano que vem?,06/12/2024 16:48
6694bc9c-4eab-4c6b-a7df-c40f8f42e39c,O minicurso de blender foi incrível!!! Gostei do gato do Patrick,06/12/2024 16:48
e11be943-a86d-4ae5-9d07-c0caafcde712,"A final vai ser a melhor ",06/12/2024 16:48
ad08e116-810d-4533-a7c6-9782fcb55f6d,"6 comentários no último dia foi massante ",06/12/2024 16:48
a5551753-5cda-4641-bc94-7d92707ef19c,My mobi conf ajudou muito durante a secom,06/12/2024 16:48
e11be943-a86d-4ae5-9d07-c0caafcde712,Tá muito boa a secom,06/12/2024 16:48
a5551753-5cda-4641-bc94-7d92707ef19c,Evento muito produtivo.,06/12/2024 16:48
fa24bb59-6052-4876-861f-d817a99fd16e,Torneio de e sports foi legal demais,06/12/2024 16:48
1a2cfcd0-081c-413f-b184-3104f229f33d,Oi,06/12/2024 16:48
e11be943-a86d-4ae5-9d07-c0caafcde712,Que horas acaba,06/12/2024 16:48
1a2cfcd0-081c-413f-b184-3104f229f33d,Oi,06/12/2024 16:48
1a2cfcd0-081c-413f-b184-3104f229f33d,Oi,06/12/2024 16:48
fa24bb59-6052-4876-861f-d817a99fd16e,Os troféus ficaram muito bonitos,06/12/2024 16:48
1a2cfcd0-081c-413f-b184-3104f229f33d,Oi,06/12/2024 16:48
1a2cfcd0-081c-413f-b184-3104f229f33d,Oi,06/12/2024 16:49
1a2cfcd0-081c-413f-b184-3104f229f33d,Oi,06/12/2024 16:49
e11be943-a86d-4ae5-9d07-c0caafcde712,"Tem muitos  prêmios ",06/12/2024 16:49
1a2cfcd0-081c-413f-b184-3104f229f33d,Ok,06/12/2024 16:50
34c8353a-bcb4-4553-8c2d-fac1c5311ccd,"SECOM foi legal demais ",06/12/2024 16:50
1a2cfcd0-081c-413f-b184-3104f229f33d,Ok,06/12/2024 16:50
1a2cfcd0-081c-413f-b184-3104f229f33d,Ok,06/12/2024 16:50
1a2cfcd0-081c-413f-b184-3104f229f33d,Ok,06/12/2024 16:50
1a2cfcd0-081c-413f-b184-3104f229f33d,Ok,06/12/2024 16:50
1a2cfcd0-081c-413f-b184-3104f229f33d,Ok,06/12/2024 16:50
b9ce085c-74f8-412e-8a55-1391f0867ebd,Estava esperando mini pizzza,06/12/2024 16:50
1a2cfcd0-081c-413f-b184-3104f229f33d,Oiii,06/12/2024 16:51
1a2cfcd0-081c-413f-b184-3104f229f33d,Oisisisijs,06/12/2024 16:51
db3fa0bb-880f-4501-90a0-33595a9c9087,Palestra da HUB muito boa. Muito bom ver ex alunos,06/12/2024 16:51
1a2cfcd0-081c-413f-b184-3104f229f33d,Aseta,06/12/2024 16:51
34c8353a-bcb4-4553-8c2d-fac1c5311ccd,Auditório climatizado,06/12/2024 16:51
b9ce085c-74f8-412e-8a55-1391f0867ebd,Táva muito frio na sala,06/12/2024 16:51
8b532002-32a9-47b8-a068-f68ebed037cd,"Gostei do minicurso, no fim",06/12/2024 16:51
1a2cfcd0-081c-413f-b184-3104f229f33d,Timeaseta,06/12/2024 16:51
1a2cfcd0-081c-413f-b184-3104f229f33d,Mior,06/12/2024 16:51
1a2cfcd0-081c-413f-b184-3104f229f33d,Mior timeaseta,06/12/2024 16:51
db3fa0bb-880f-4501-90a0-33595a9c9087,Sempre internet >>> outras,06/12/2024 16:51
34c8353a-bcb4-4553-8c2d-fac1c5311ccd,"Cadê os brindes 
",06/12/2024 16:51
db3fa0bb-880f-4501-90a0-33595a9c9087,"Gamejam quase foi de arrasta ",06/12/2024 16:51
34c8353a-bcb4-4553-8c2d-fac1c5311ccd,👏👏🎉🎉🎉,06/12/2024 16:51
8b532002-32a9-47b8-a068-f68ebed037cd,Quanto troféu!,06/12/2024 16:51
b9ce085c-74f8-412e-8a55-1391f0867ebd,"Queria que tivesse distribuídos melhor durante uma semana inteira ",06/12/2024 16:51
b9ce085c-74f8-412e-8a55-1391f0867ebd,"Prêmios incríveis ",06/12/2024 16:52
880b38ad-954a-499a-a76a-66fce8a17f66,Minicurso de docker o melhor,06/12/2024 16:52
8b532002-32a9-47b8-a068-f68ebed037cd,Queria ganhar aqueles prêmios alí,06/12/2024 16:52
880b38ad-954a-499a-a76a-66fce8a17f66,Pedro Lindo,06/12/2024 16:52
b9ce085c-74f8-412e-8a55-1391f0867ebd,Lindas as cores desse ano,06/12/2024 16:52
34c8353a-bcb4-4553-8c2d-fac1c5311ccd,Biraaa,06/12/2024 16:52
8b532002-32a9-47b8-a068-f68ebed037cd,Eu queria a pelúcia!,06/12/2024 16:52
880b38ad-954a-499a-a76a-66fce8a17f66,Melhor secom,06/12/2024 16:54
880b38ad-954a-499a-a76a-66fce8a17f66,Organização muito boa,06/12/2024 16:54
880b38ad-954a-499a-a76a-66fce8a17f66,"O ar condicionado salvou bastante ",06/12/2024 16:54
34c8353a-bcb4-4553-8c2d-fac1c5311ccd,"Mais uma SECOM concluída ",06/12/2024 16:54
880b38ad-954a-499a-a76a-66fce8a17f66,Torneio de e-sports muito foda,06/12/2024 16:54
880b38ad-954a-499a-a76a-66fce8a17f66,Hoje tem MCAGENDA,06/12/2024 16:54
db3fa0bb-880f-4501-90a0-33595a9c9087,Ansioso pros vencedores,06/12/2024 16:55
8b532002-32a9-47b8-a068-f68ebed037cd,O cara tá ali destinado a arrumar ali os troféus,06/12/2024 16:55
db3fa0bb-880f-4501-90a0-33595a9c9087,Muitos premios bons,06/12/2024 16:55
880b38ad-954a-499a-a76a-66fce8a17f66,"Sensacional ",06/12/2024 16:55
db3fa0bb-880f-4501-90a0-33595a9c9087,Ar condicionado no talo,06/12/2024 16:55
689ae6f3-7314-4e99-96bf-585b2a9cfb77,Oii,06/12/2024 16:56
db3fa0bb-880f-4501-90a0-33595a9c9087,"Quente no minicurso, frio no auditório ",06/12/2024 16:56
689ae6f3-7314-4e99-96bf-585b2a9cfb77,"Olá ",06/12/2024 16:56
689ae6f3-7314-4e99-96bf-585b2a9cfb77,Ingred,06/12/2024 16:56
689ae6f3-7314-4e99-96bf-585b2a9cfb77,Amooooo secom,06/12/2024 16:56
689ae6f3-7314-4e99-96bf-585b2a9cfb77,Amo a emily,06/12/2024 16:56
8b532002-32a9-47b8-a068-f68ebed037cd,Achei uma pena o auditório não estar cheio para as palestras de ontem :v,06/12/2024 16:56
db3fa0bb-880f-4501-90a0-33595a9c9087,Quero um alicate de crimpar,06/12/2024 16:56
b9ce085c-74f8-412e-8a55-1391f0867ebd,Frio,06/12/2024 16:56
b9ce085c-74f8-412e-8a55-1391f0867ebd,"Excelentes fotógrafos ",06/12/2024 16:57
b9ce085c-74f8-412e-8a55-1391f0867ebd,"Felipe está de parabéns pela organização ",06/12/2024 16:57
db3fa0bb-880f-4501-90a0-33595a9c9087,Palestra da dti tava muito boa,06/12/2024 16:57
b9ce085c-74f8-412e-8a55-1391f0867ebd,E-sports foi bem divertido de ver,06/12/2024 16:57
db3fa0bb-880f-4501-90a0-33595a9c9087,Muitos premios,06/12/2024 16:58
b9ce085c-74f8-412e-8a55-1391f0867ebd,o VR foi bem divertido de se jogar,06/12/2024 16:58
db3fa0bb-880f-4501-90a0-33595a9c9087,Frio d++🥶🥶,06/12/2024 16:58
db3fa0bb-880f-4501-90a0-33595a9c9087,"Philipe ta combinando com os balões ",06/12/2024 16:58
db3fa0bb-880f-4501-90a0-33595a9c9087,Qual o shampoo que o patrick usa,06/12/2024 16:58
db3fa0bb-880f-4501-90a0-33595a9c9087,Patrick compartilha sua rotina capilar conosco,06/12/2024 16:59
b9ce085c-74f8-412e-8a55-1391f0867ebd,"Campeonato de FIFA foi divertidinho ",06/12/2024 16:59
689ae6f3-7314-4e99-96bf-585b2a9cfb77,Olaaaa,06/12/2024 16:59
689ae6f3-7314-4e99-96bf-585b2a9cfb77,Germano,06/12/2024 16:59
b9ce085c-74f8-412e-8a55-1391f0867ebd,"Queria que o mortal Kombat tivesse rolado, pena que a luz não colaborou ",06/12/2024 16:59
689ae6f3-7314-4e99-96bf-585b2a9cfb77,"Aymê ",06/12/2024 16:59
689ae6f3-7314-4e99-96bf-585b2a9cfb77,"Amo second ",06/12/2024 16:59
689ae6f3-7314-4e99-96bf-585b2a9cfb77,Brindes,06/12/2024 17:00
689ae6f3-7314-4e99-96bf-585b2a9cfb77,"Philipe legal ",06/12/2024 17:00
d51c3bbb-185b-4a34-848a-607621bd7cc2,Patrick ta solteiro?,06/12/2024 17:00
d51c3bbb-185b-4a34-848a-607621bd7cc2,Joao lobo,06/12/2024 17:01
c83d77db-e69b-4b9a-af36-1e80aed4ea42,Infelizmente não consegui participar dos minicursos,06/12/2024 17:01
8b532002-32a9-47b8-a068-f68ebed037cd,"O presidente da SetApp não perdeu tempo lá na palestra né ",06/12/2024 17:01
689ae6f3-7314-4e99-96bf-585b2a9cfb77,"Amo a Thaís ",06/12/2024 17:02
689ae6f3-7314-4e99-96bf-585b2a9cfb77,"Amo a Glaucia ",06/12/2024 17:02
c83d77db-e69b-4b9a-af36-1e80aed4ea42,"Poxa, trocaram o horário do coffee-break e acabaram as coisas assim que cheguei ",06/12/2024 17:02
689ae6f3-7314-4e99-96bf-585b2a9cfb77,"Amo o Daniel ",06/12/2024 17:02
023d3c99-a60f-4734-88e2-de4c9944c95a,Muito bom o minicurso,06/12/2024 17:02
d51c3bbb-185b-4a34-848a-607621bd7cc2,Aroldo,06/12/2024 17:02
689ae6f3-7314-4e99-96bf-585b2a9cfb77,Amo o fabri,06/12/2024 17:02
fa22c635-07b6-4718-9309-2665ad2d1a12,Essa primeira palestra foi incrível!,06/12/2024 17:02
c83d77db-e69b-4b9a-af36-1e80aed4ea42,"Último dia ",06/12/2024 17:02
d51c3bbb-185b-4a34-848a-607621bd7cc2,cade a tesoura Aroldo????,06/12/2024 17:02
689ae6f3-7314-4e99-96bf-585b2a9cfb77,"Amo a maria Amélia ",06/12/2024 17:02
c83d77db-e69b-4b9a-af36-1e80aed4ea42,"Hoje tem OKT de novo ",06/12/2024 17:02
689ae6f3-7314-4e99-96bf-585b2a9cfb77,Amo a estela,06/12/2024 17:02
8b532002-32a9-47b8-a068-f68ebed037cd,"Anyway, foi muito top essa SECOM ",06/12/2024 17:02
c83d77db-e69b-4b9a-af36-1e80aed4ea42,Bora meu time OKT,06/12/2024 17:02
d51c3bbb-185b-4a34-848a-607621bd7cc2,CADE A TESOURA AROLDO,06/12/2024 17:02
c83d77db-e69b-4b9a-af36-1e80aed4ea42,"LoL já é da OKT ",06/12/2024 17:03
fc6149e6-413e-458a-b1ed-ddd85a34c5a1,Muitos comentários kekeke,06/12/2024 17:03
fc6149e6-413e-458a-b1ed-ddd85a34c5a1,Estou ansioso pela final de lol,06/12/2024 17:03
8b532002-32a9-47b8-a068-f68ebed037cd,O Philipe mandou muito bem nesse evento,06/12/2024 17:04
fc6149e6-413e-458a-b1ed-ddd85a34c5a1,"Obrigado a todos que assinaram meu crachá ",06/12/2024 17:04
fc6149e6-413e-458a-b1ed-ddd85a34c5a1,Espero que tenhamos ano que vem pra eu os ver de novo kekekk,06/12/2024 17:04
fc6149e6-413e-458a-b1ed-ddd85a34c5a1,"Mas realmente, muitos comentários ",06/12/2024 17:05
fc6149e6-413e-458a-b1ed-ddd85a34c5a1,XD,06/12/2024 17:05
8b532002-32a9-47b8-a068-f68ebed037cd,"O professor organizador só se complicou um pouco marcando Game Jam, Maratona e as palestras dos patrocinadores ao mesmo tempo",06/12/2024 17:05
cd9a5b5a-0583-4590-a133-863647e24ed2,amei os torneiros e-sport,06/12/2024 17:05
cd9a5b5a-0583-4590-a133-863647e24ed2,"mc agenda já é campeão ",06/12/2024 17:06
fc6149e6-413e-458a-b1ed-ddd85a34c5a1,"A palestra da sydle online foi muito em cima do almoço ",06/12/2024 17:06
cd9a5b5a-0583-4590-a133-863647e24ed2,semana que vem vou sentir falta dessa coquinha,06/12/2024 17:06
fc6149e6-413e-458a-b1ed-ddd85a34c5a1,A daa levity foi otima do começo ao fim,06/12/2024 17:06
8b532002-32a9-47b8-a068-f68ebed037cd,A introdução de um torneio de e-esports foi muito foda,06/12/2024 17:06
cd9a5b5a-0583-4590-a133-863647e24ed2,"amo demais a thaís e a glaucia, divas lindas",06/12/2024 17:06
fc6149e6-413e-458a-b1ed-ddd85a34c5a1,Seria legal se tivesse uma palestra sobre porg comp tmb da levity,06/12/2024 17:07
fc6149e6-413e-458a-b1ed-ddd85a34c5a1,"Gostaria que nas palestras tivesse algo mais próximo de explos praticos ",06/12/2024 17:08
8b532002-32a9-47b8-a068-f68ebed037cd,"Muito top, vey",06/12/2024 17:09
023d3c99-a60f-4734-88e2-de4c9944c95a,"Muito massa o evento ",06/12/2024 17:09
fa24bb59-6052-4876-861f-d817a99fd16e,Amo meu namorado (Guto),06/12/2024 17:09
fa22c635-07b6-4718-9309-2665ad2d1a12,Melhor SECOM,06/12/2024 17:09
023d3c99-a60f-4734-88e2-de4c9944c95a,Interessante ter tido coffee break a tarde,06/12/2024 17:09
780e911b-3537-4deb-8eae-0ce33981b3d2,Amo minha namorada (Ana Luísa Moreira),06/12/2024 17:09
8b532002-32a9-47b8-a068-f68ebed037cd,Já ansioso pra próxima SECOM!!!!!,06/12/2024 17:09
023d3c99-a60f-4734-88e2-de4c9944c95a,Podia ter café no coffee break,06/12/2024 17:10
7833a43c-88df-41ce-9608-368ecac536a1,Esses prêmios aí em cima tão massa pra caramba,06/12/2024 17:12
9a75dc4c-7a4e-49c6-b73b-62eafd9c8b73,Muito topppp!,06/12/2024 17:12
9a75dc4c-7a4e-49c6-b73b-62eafd9c8b73,Minicurso do Blender foi mt dahoraaaaa!!!,06/12/2024 17:13
9a75dc4c-7a4e-49c6-b73b-62eafd9c8b73,Ansioso pro encerramento.,06/12/2024 17:13
9a75dc4c-7a4e-49c6-b73b-62eafd9c8b73,"Vamos ver se esse ano eu ganho um sorteio. ",06/12/2024 17:13
9a75dc4c-7a4e-49c6-b73b-62eafd9c8b73,Essa final de League of Legends promete!!!,06/12/2024 17:13
9a75dc4c-7a4e-49c6-b73b-62eafd9c8b73,XIII SECOM!!!!!,06/12/2024 17:15
9a75dc4c-7a4e-49c6-b73b-62eafd9c8b73,Daniel abençoa nois!!,06/12/2024 17:15
023d3c99-a60f-4734-88e2-de4c9944c95a,"Ano que vem não pode ter apito não ",06/12/2024 17:16
023d3c99-a60f-4734-88e2-de4c9944c95a,Maior algazarra esses apitos,06/12/2024 17:17
023d3c99-a60f-4734-88e2-de4c9944c95a,E só o alarme já ta de bom tamanho na sipeec,06/12/2024 17:17
fa22c635-07b6-4718-9309-2665ad2d1a12,MinasCoders é o melhor projeto sim!,06/12/2024 17:27
fa22c635-07b6-4718-9309-2665ad2d1a12,Philipe arrasou na organização!,06/12/2024 17:27
fa22c635-07b6-4718-9309-2665ad2d1a12,Sextetoo,06/12/2024 17:27
fa22c635-07b6-4718-9309-2665ad2d1a12,Vou sentir saudades da SECOM,06/12/2024 17:27
fa22c635-07b6-4718-9309-2665ad2d1a12,Cheia de novidades essa SECOM,06/12/2024 17:28
fa22c635-07b6-4718-9309-2665ad2d1a12,Que problemas legais esses da maratona,06/12/2024 17:28
fa22c635-07b6-4718-9309-2665ad2d1a12,Melhor evento da UFV,06/12/2024 17:28
fa22c635-07b6-4718-9309-2665ad2d1a12,A SECOM já vai acabar?,06/12/2024 17:30
fa22c635-07b6-4718-9309-2665ad2d1a12,Amei as palestras desse ano,06/12/2024 17:30
fa22c635-07b6-4718-9309-2665ad2d1a12,O SIPEEC foi bom dms!,06/12/2024 17:31
fa22c635-07b6-4718-9309-2665ad2d1a12,Que tanto de brindes!,06/12/2024 17:31
fa22c635-07b6-4718-9309-2665ad2d1a12,Esses apitos kkkk,06/12/2024 17:31
fa22c635-07b6-4718-9309-2665ad2d1a12,O vídeo ficou muito fofo <3,06/12/2024 17:32
fa22c635-07b6-4718-9309-2665ad2d1a12,"Que gracinha os troféus ",06/12/2024 17:32
fa22c635-07b6-4718-9309-2665ad2d1a12,Quero uma pelúcia do GitHub,06/12/2024 17:32
fa22c635-07b6-4718-9309-2665ad2d1a12,Quero brindes!,06/12/2024 17:33
fc6149e6-413e-458a-b1ed-ddd85a34c5a1,"Trago um cara pra prog competitiva ano q vem ",06/12/2024 17:33
fc6149e6-413e-458a-b1ed-ddd85a34c5a1,Viemos pra jogar lol e vava XD,06/12/2024 17:33
fc6149e6-413e-458a-b1ed-ddd85a34c5a1,"Vocês são muito bons, que animação!",06/12/2024 17:36
fc6149e6-413e-458a-b1ed-ddd85a34c5a1,"Abraços ao batata do time de vava ",06/12/2024 17:37
fc6149e6-413e-458a-b1ed-ddd85a34c5a1,"Muito legal a premiação. ",06/12/2024 17:37
fc6149e6-413e-458a-b1ed-ddd85a34c5a1,Ainda falta três comentários kkkkk,06/12/2024 17:37
fc6149e6-413e-458a-b1ed-ddd85a34c5a1,Agradecimento ao Philip e Matto,06/12/2024 17:38
fc6149e6-413e-458a-b1ed-ddd85a34c5a1,"Abraços ",06/12/2024 17:38
e539ea11-2f5f-48c0-8cd6-f269dd6ed844,"Narração muito imparcial graças a Deus ",06/12/2024 20:00
e2b6d403-470e-4752-8767-48575bb10c67,Quando a OKT começa a jogar?,06/12/2024 20:14
86cc2ad1-6ef4-4b63-8d8f-c512cc96589d,quando o outro time entra no jogo?,06/12/2024 20:14
5c812191-4a89-40c2-ad20-11d17bed69a1,"Quando que a OKT entra no jogo?
",06/12/2024 20:14
e2b6d403-470e-4752-8767-48575bb10c67,"Esperando começar o jogo, só um time tá jogando",06/12/2024 20:14
5c812191-4a89-40c2-ad20-11d17bed69a1,Quando que a OKT entra pra jogo?,06/12/2024 20:14
5c812191-4a89-40c2-ad20-11d17bed69a1,Quando que a OKT entra pra jogo?,06/12/2024 20:14
86cc2ad1-6ef4-4b63-8d8f-c512cc96589d,mc agenda quer saber quando acaba o tutorial,06/12/2024 20:14
5c812191-4a89-40c2-ad20-11d17bed69a1,Quando que a OKT entra pra jogo?,06/12/2024 20:14
e539ea11-2f5f-48c0-8cd6-f269dd6ed844,Jonathan calado é um poeta,06/12/2024 20:16
e539ea11-2f5f-48c0-8cd6-f269dd6ed844,"Narração imparcial graças a Deus ",06/12/2024 20:17
e2b6d403-470e-4752-8767-48575bb10c67,Quando acaba o treino?,06/12/2024 20:20
219bdf7f-fa3a-4d8f-9e33-b83980cc7afb,Salve pro time da marotona Spam Caixota,06/12/2024 20:20
5c812191-4a89-40c2-ad20-11d17bed69a1,Manda salve para Centro de florestal.,06/12/2024 20:20
5c812191-4a89-40c2-ad20-11d17bed69a1,Manda salve para Centro de florestal.,06/12/2024 20:20
5c812191-4a89-40c2-ad20-11d17bed69a1,Manda salve para Centro de florestal.,06/12/2024 20:21
1b9ccae9-78fb-402b-9460-40ccad1af251,(Jogar contra bots),06/12/2024 20:21
5c812191-4a89-40c2-ad20-11d17bed69a1,Manda salve para Centro de florestal.,06/12/2024 20:21
5c812191-4a89-40c2-ad20-11d17bed69a1,Manda salve para Centro de florestal.,06/12/2024 20:21
ae0cbeae-1ff0-406f-a78a-a80a71120100,Não ligaram o monitor?,06/12/2024 20:21
219bdf7f-fa3a-4d8f-9e33-b83980cc7afb,Salve pro Time aseta,06/12/2024 20:22
219bdf7f-fa3a-4d8f-9e33-b83980cc7afb,Roda uma caixinha no Lol,06/12/2024 20:24
4a38eef3-4375-45b4-b386-649cb518c20b,faz o salve do vasco,06/12/2024 20:24
8aed64cf-df9c-4421-bff3-6c07fee239b1,Qual o condicionador do Douglas?,06/12/2024 20:25
78a0dc2a-07a3-41bb-a1a4-3731b2e51917,"Salve pro bragantino, paranaense e fluminense",06/12/2024 20:26
219bdf7f-fa3a-4d8f-9e33-b83980cc7afb,Caixinhaa,06/12/2024 20:27
513987ee-1026-4bd4-93aa-9d89d6d5bad4,Cadê o time da OKT? Engarrafamento na BR?,06/12/2024 20:27
4a38eef3-4375-45b4-b386-649cb518c20b,manda salve pro meu tio arabe Jalam Bipal,06/12/2024 20:27
08101ce6-e4af-4e12-81d5-87afcafc4b3b,O jogo é jogado,06/12/2024 20:28
08101ce6-e4af-4e12-81d5-87afcafc4b3b,"Dulo rebenta ",06/12/2024 20:37
219bdf7f-fa3a-4d8f-9e33-b83980cc7afb,Tem como pegar o nm de quem tá mandando comentário n né?,06/12/2024 20:37
e2b6d403-470e-4752-8767-48575bb10c67,"Se a rapaziada da agenda se candidatar pro correios eles passam crtz, só entrega rápida ",06/12/2024 21:37
ae0cbeae-1ff0-406f-a78a-a80a71120100,mais tenso que final de libertadores!,06/12/2024 21:38
ae0cbeae-1ff0-406f-a78a-a80a71120100,slave pra PARÁ DE MINAS!!!!!,06/12/2024 21:38
08101ce6-e4af-4e12-81d5-87afcafc4b3b,"Dulol ta torando ",06/12/2024 21:38
ae0cbeae-1ff0-406f-a78a-a80a71120100,Esse é o tal jogo que é melhor que dota 2 de usuário para ter uma ideia de como fazer um orçamento para limpar o nome da empresa para que eu possa fazer um novo anúncio,06/12/2024 21:39
219bdf7f-fa3a-4d8f-9e33-b83980cc7afb,Manda um salve pra Bahia,06/12/2024 21:47
