participante,comentário,dia
88254066-58d3-4049-ac9d-5b393c178080,muito ansioso para o evento!!!,27/11/2024 08:45
88254066-58d3-4049-ac9d-5b393c178080,mal posso esperar para que a xiii secom comece logo!!,27/11/2024 08:46
df0c5066-4918-4384-bf21-9ba7343bf772,a ia substituirá os desenvolvedores de software um dia?,04/12/2024 11:55
19f49226-5a60-463b-85d3-ac562e4eddc4,ias contendo preconceitos estão diretamente ligadas aos dados ou os próprios devs podem inserir esse problema?,04/12/2024 12:04
13c63d6c-e94d-4b8b-829b-3a6f523ac131,palestras muito interessantes sobre o tema de ia,04/12/2024 12:07
4ce79311-38e9-401a-bb36-d1b6ad9ff2d3,"ótima palestra sobre inteligências artificiais, mostrando um panorama geral sobre o assunto",04/12/2024 12:09
37ec55d9-b848-47bd-9a33-f64afd2dd867,poderia realizar o torneio de lol e vava com mais dias,04/12/2024 12:11
9cc1a365-6476-4f22-bf74-2a453e1e8443,o cara dessa palestra da ia é muito carismático,04/12/2024 12:15
9cc1a365-6476-4f22-bf74-2a453e1e8443,coffee break podia ter um cafezin ne,04/12/2024 12:17
9cc1a365-6476-4f22-bf74-2a453e1e8443,animado pra sipeec,04/12/2024 12:23
092f2a22-65fe-4b1e-a8de-356ce785cea3,ótima palestra sobre ia,04/12/2024 12:24
092f2a22-65fe-4b1e-a8de-356ce785cea3,o coffee break poderia ser à tarde pra não atrapalhar o almoço,04/12/2024 12:25
6694bc9c-4eab-4c6b-a7df-c40f8f42e39c,o trem ta bom nessa secom viu,04/12/2024 12:28
6694bc9c-4eab-4c6b-a7df-c40f8f42e39c,"tô ansioso pra ver o patrick apresentando no sipeec, ele é bom demais",04/12/2024 12:29
7833a43c-88df-41ce-9608-368ecac536a1,a palestra está sendo muito boa!,04/12/2024 12:31
7833a43c-88df-41ce-9608-368ecac536a1,adorei o meme do fernando kkkkk,04/12/2024 12:32
7833a43c-88df-41ce-9608-368ecac536a1,"nunca tinha usado o copilot, agr me animei a dar uma chance",04/12/2024 12:33
3e72f254-acab-4aec-ad73-bf9dff9c21ad,ansiosa para as próximas palestras,04/12/2024 12:48
37ec55d9-b848-47bd-9a33-f64afd2dd867,está muito boa a secom,04/12/2024 12:56
37ec55d9-b848-47bd-9a33-f64afd2dd867,faltou espaço,04/12/2024 12:56
3f05e03e-45ce-4e65-b2f3-cf3a76e21fa1,até o momento parece muito promissor.,04/12/2024 13:05
08101ce6-e4af-4e12-81d5-87afcafc4b3b,"fiquei sem coffee break, poderia ter uma atenção maior nos próximos",04/12/2024 13:08
ad08e116-810d-4533-a7c6-9782fcb55f6d,tá indo bem,04/12/2024 13:08
3f05e03e-45ce-4e65-b2f3-cf3a76e21fa1,"a única reclamação seria sobre o ar condicionado, que estava muito frio",04/12/2024 13:11
a5551753-5cda-4641-bc94-7d92707ef19c,a palestra de abertura foi muito interessante e pertinente dado o contexto do mercado atual.,04/12/2024 13:12
3f05e03e-45ce-4e65-b2f3-cf3a76e21fa1,"as palestras foram boas, mas o microfone falhou bastante, apesar de com o passar do tempo melhorou",04/12/2024 13:13
a5551753-5cda-4641-bc94-7d92707ef19c,é necessário melhor o microfone para os próximos eventos.,04/12/2024 13:13
3f05e03e-45ce-4e65-b2f3-cf3a76e21fa1,ansioso para o sipeec,04/12/2024 13:14
a5551753-5cda-4641-bc94-7d92707ef19c,"seria interessante trazer mais profissionais de empresas significantes da área, assim como o palestrante da github, nos próximos eventos.",04/12/2024 13:15
7833a43c-88df-41ce-9608-368ecac536a1,ansioso pelas palestras da sipeec!,04/12/2024 13:28
47f0857b-7373-4457-b034-4eca2ed5efd9,muito bom o evento,04/12/2024 13:31
47f0857b-7373-4457-b034-4eca2ed5efd9,as palestras foram ótimas,04/12/2024 13:31
34c8353a-bcb4-4553-8c2d-fac1c5311ccd,muitos projetos interessantes no sipeec.,04/12/2024 13:31
47f0857b-7373-4457-b034-4eca2ed5efd9,gostei dos adesivos do github,04/12/2024 13:31
47f0857b-7373-4457-b034-4eca2ed5efd9,o café estava muito bom,04/12/2024 13:32
13c63d6c-e94d-4b8b-829b-3a6f523ac131,identidade visual do evento ficou muito bacana!,04/12/2024 13:32
47f0857b-7373-4457-b034-4eca2ed5efd9,parabenizar a organização do evento,04/12/2024 13:32
13c63d6c-e94d-4b8b-829b-3a6f523ac131,"excelente programação, tendo atividades que nunca haviam sido feitas",04/12/2024 13:32
883f6e71-d69f-4eb4-8791-f3f68ee15315,organização top,04/12/2024 13:33
883f6e71-d69f-4eb4-8791-f3f68ee15315,favor abaixar um pouco o ar,04/12/2024 13:33
47f0857b-7373-4457-b034-4eca2ed5efd9,primeiro vez utilizando o mymobiconf e o aplicativo e muito bom,04/12/2024 13:33
883f6e71-d69f-4eb4-8791-f3f68ee15315,o aplicativo está lindo,04/12/2024 13:33
34c8353a-bcb4-4553-8c2d-fac1c5311ccd,sensacional a organização do evento.,04/12/2024 13:33
3e72f254-acab-4aec-ad73-bf9dff9c21ad,as palestras foram muito boas!,04/12/2024 13:33
883f6e71-d69f-4eb4-8791-f3f68ee15315,coffe break muito gostoso,04/12/2024 13:33
883f6e71-d69f-4eb4-8791-f3f68ee15315,ansioso para as próximas palestras,04/12/2024 13:34
883f6e71-d69f-4eb4-8791-f3f68ee15315,adorei a palestra o copilot,04/12/2024 13:34
34c8353a-bcb4-4553-8c2d-fac1c5311ccd,o mymobiconf evoluiu muito em relação as versões anteriores.,04/12/2024 13:36
34c8353a-bcb4-4553-8c2d-fac1c5311ccd,parabéns a equipe!,04/12/2024 13:36
34c8353a-bcb4-4553-8c2d-fac1c5311ccd,"aprendi muito com o pedro lacerda, palestra sensacional!",04/12/2024 13:37
513987ee-1026-4bd4-93aa-9d89d6d5bad4,todas as palestras até então foram bastante interessantes e educativos,04/12/2024 13:39
34c8353a-bcb4-4553-8c2d-fac1c5311ccd,o quadro digital vai ser usado?,04/12/2024 13:39
f0158b5a-82ff-410c-81f2-d51f7e345b45,"ansioso para a apresentação do douglas diones, ele é mt bom.",04/12/2024 13:40
3e72f254-acab-4aec-ad73-bf9dff9c21ad,ansiosa para as apresentações!,04/12/2024 13:42
c3149f3b-36f2-4fbd-a033-c41f8e9fe534,as palestras foram muito boas!,04/12/2024 13:48
d51c3bbb-185b-4a34-848a-607621bd7cc2,muito boa!,04/12/2024 13:48
d51c3bbb-185b-4a34-848a-607621bd7cc2,muito produtiva!,04/12/2024 13:48
d51c3bbb-185b-4a34-848a-607621bd7cc2,excelente,04/12/2024 13:48
d51c3bbb-185b-4a34-848a-607621bd7cc2,top demais!,04/12/2024 13:49
d51c3bbb-185b-4a34-848a-607621bd7cc2,maravilhosa!,04/12/2024 13:49
d51c3bbb-185b-4a34-848a-607621bd7cc2,supimpa!,04/12/2024 13:50
88254066-58d3-4049-ac9d-5b393c178080,excelente as palestras de abertura,04/12/2024 13:54
cd9a5b5a-0583-4590-a133-863647e24ed2,amei a palestra sobre desmitificar a inteligência artificial!!,04/12/2024 13:54
88254066-58d3-4049-ac9d-5b393c178080,muito bom o sipeec,04/12/2024 13:54
88254066-58d3-4049-ac9d-5b393c178080,gostei da ideia dos apitos,04/12/2024 13:54
88254066-58d3-4049-ac9d-5b393c178080,o novo mymobiconf está incrível,04/12/2024 13:54
cd9a5b5a-0583-4590-a133-863647e24ed2,"arrasaram com a distribuição de apitos, muito útil!!!",04/12/2024 13:54
f0d8b18c-371e-4a9b-bc88-6efb85341837,"o questionário sobre aceleradores foi vista como grande aliada de redes neurais, aumentando o desempenho e otimização gerando maior rapidez dos cálculos envolvendo multiplicação de matrizes",04/12/2024 13:56
12c8e1ec-c662-415a-b106-b64ccb7ece3f,as palestras se abertura desse ano abordaram tópicos muito interessantes e atuais.,04/12/2024 13:58
12c8e1ec-c662-415a-b106-b64ccb7ece3f,a escolha dos palestrantes foi muito boa.,04/12/2024 13:58
12c8e1ec-c662-415a-b106-b64ccb7ece3f,trazer alguém de uma empresa tão prestigiada como o git é inspirador.,04/12/2024 13:58
12c8e1ec-c662-415a-b106-b64ccb7ece3f,o evento esse ano está muito bem organizado.,04/12/2024 13:59
12c8e1ec-c662-415a-b106-b64ccb7ece3f,as atividades oferecidas esse ano são novas e muito engajantes.,04/12/2024 13:59
12c8e1ec-c662-415a-b106-b64ccb7ece3f,a primeira palestra foi muito interessante.,04/12/2024 13:59
f0d8b18c-371e-4a9b-bc88-6efb85341837,"o seminário sobre vlc fala de comunicação feita totalmente pelo espectro de luz visível, abrindo possibilidade para um meio de comunicação (provavelmente à curta distância) novo e efetivo",04/12/2024 14:06
8f4c1ec8-e5ed-4ce2-90f1-84bbab673805,letícia arrasa demais! mt diva,04/12/2024 14:08
3e72f254-acab-4aec-ad73-bf9dff9c21ad,letícia muito incrível!,04/12/2024 14:08
64a69630-bdc5-4e29-9090-492d31a34e0d,palestra do alan ficou muito complexa de entender mas vai longe o minino,04/12/2024 14:14
8f4c1ec8-e5ed-4ce2-90f1-84bbab673805,muito legal saber sobre as abelhas!,04/12/2024 14:14
8f4c1ec8-e5ed-4ce2-90f1-84bbab673805,a secom tá demais esse ano!,04/12/2024 14:15
64a69630-bdc5-4e29-9090-492d31a34e0d,como q vai colocar a mochila na abelha,04/12/2024 14:15
64a69630-bdc5-4e29-9090-492d31a34e0d,qual shampoo o patrick usa?,04/12/2024 14:30
cafe1afc-d59d-4b35-bde1-38d1f5815f74,timaseta pra sempre ⬆️⬆️⬆️⬆️⬆️,04/12/2024 14:39
f0158b5a-82ff-410c-81f2-d51f7e345b45,muito triste que o gabriel moisés monteiro bonfim não vai apresentar esse ano...,04/12/2024 14:39
cafe1afc-d59d-4b35-bde1-38d1f5815f74,hmmm coquinha e sauguado,04/12/2024 14:39
cafe1afc-d59d-4b35-bde1-38d1f5815f74,adesivinhos do git tão 🔥,04/12/2024 14:40
cafe1afc-d59d-4b35-bde1-38d1f5815f74,nacif é lenda,04/12/2024 14:40
cafe1afc-d59d-4b35-bde1-38d1f5815f74,f luz,04/12/2024 14:40
cafe1afc-d59d-4b35-bde1-38d1f5815f74,muito boa as palestras da manhã 🙏🏻,04/12/2024 14:41
6694bc9c-4eab-4c6b-a7df-c40f8f42e39c,"orgulhoso demais da apresentação do patrick, esse garoto é gênio",04/12/2024 14:44
4ce79311-38e9-401a-bb36-d1b6ad9ff2d3,ótima iniciativa do projeto de e-sports,04/12/2024 14:46
3e72f254-acab-4aec-ad73-bf9dff9c21ad,muito interessante o projeto astriflores,04/12/2024 14:55
7833a43c-88df-41ce-9608-368ecac536a1,os projetos deste ano estão muito interessantes!,04/12/2024 14:58
092f2a22-65fe-4b1e-a8de-356ce785cea3,os projetos das ic's estão muito massa!!!,04/12/2024 14:59
880b38ad-954a-499a-a76a-66fce8a17f66,"palestras ate agora muito boas, parabéns!",04/12/2024 14:59
13c63d6c-e94d-4b8b-829b-3a6f523ac131,diversidade muito boa de projetos apresentados na sipeec,04/12/2024 15:00
7833a43c-88df-41ce-9608-368ecac536a1,quero ver a linguagem rascunho na disciplina de programação o quanto antes!,04/12/2024 15:00
880b38ad-954a-499a-a76a-66fce8a17f66,sipeec com muitos trabalhos interessantes!!,04/12/2024 15:00
092f2a22-65fe-4b1e-a8de-356ce785cea3,muito interessantes esses projetos que têm impacto social!,04/12/2024 15:00
13c63d6c-e94d-4b8b-829b-3a6f523ac131,interessante e engraçada a dinâmica de controle de tempo das apresentações,04/12/2024 15:00
13c63d6c-e94d-4b8b-829b-3a6f523ac131,projetos do lesc >>>>>>>,04/12/2024 15:00
6694bc9c-4eab-4c6b-a7df-c40f8f42e39c,pra incentivar os e-sports todo mundo tem q torcer pro mc agenda na sexta-feira 🫡,04/12/2024 15:00
092f2a22-65fe-4b1e-a8de-356ce785cea3,dudu antunes s2 é uma máquina!!!!!,04/12/2024 15:01
02af807d-7123-444e-b61e-89eaf92be60f,muito interessante os projetos apresentados no sipeec!!,04/12/2024 15:01
f0158b5a-82ff-410c-81f2-d51f7e345b45,muito legal a presença dos jogos e é claro também dos games nessa secom!!,04/12/2024 15:02
6694bc9c-4eab-4c6b-a7df-c40f8f42e39c,"muito bom ver esses jogos todos na secom, mas senti falta de ver mais games",04/12/2024 15:02
64a69630-bdc5-4e29-9090-492d31a34e0d,o mymobiconf vai ter um chat ao vivo para ser acompanhado durante a palestra?,04/12/2024 15:02
02af807d-7123-444e-b61e-89eaf92be60f,os apitos levantando o astral da galera,04/12/2024 15:03
ae0cbeae-1ff0-406f-a78a-a80a71120100,muito legal as palestras,04/12/2024 15:03
092f2a22-65fe-4b1e-a8de-356ce785cea3,"valeu, brenooo!",04/12/2024 15:04
ae0cbeae-1ff0-406f-a78a-a80a71120100,muito gostoso o coffe brake,04/12/2024 15:04
ae0cbeae-1ff0-406f-a78a-a80a71120100,muito boa as apresentações do sipeec,04/12/2024 15:04
02af807d-7123-444e-b61e-89eaf92be60f,bonitinhos>>>>>>> okt,04/12/2024 15:05
ae0cbeae-1ff0-406f-a78a-a80a71120100,o conteúdo dos slides foram bem importantes,04/12/2024 15:05
ae0cbeae-1ff0-406f-a78a-a80a71120100,conteúdo bom,04/12/2024 15:05
f0158b5a-82ff-410c-81f2-d51f7e345b45,qual vai ser o nome do time oficial de lol do curso?,04/12/2024 15:06
ae0cbeae-1ff0-406f-a78a-a80a71120100,o ar condicionado salvou demais,04/12/2024 15:06
f0158b5a-82ff-410c-81f2-d51f7e345b45,quem fez esses modelos 3d maravilhosos do virtual labs??,04/12/2024 15:07
43aca24c-d788-497e-8521-06df728eeaf8,esse ar condicionado de tarde tá incrível,04/12/2024 15:09
4a38eef3-4375-45b4-b386-649cb518c20b,queremos mais de um time de esports pro curso!!!,04/12/2024 15:10
219bdf7f-fa3a-4d8f-9e33-b83980cc7afb,de grande contribuição acadêmica as pesquisas apresentadas.,04/12/2024 15:11
219bdf7f-fa3a-4d8f-9e33-b83980cc7afb,muito boa,04/12/2024 15:11
4a38eef3-4375-45b4-b386-649cb518c20b,cheio de gabriel no curso,04/12/2024 15:13
64a69630-bdc5-4e29-9090-492d31a34e0d,quando fica pronto o novo lords of florestal,04/12/2024 15:14
9cc1a365-6476-4f22-bf74-2a453e1e8443,as ic da computaçao quantica é bem interessante,04/12/2024 15:14
5bc436a4-ec67-4216-87a7-d9152877d21f,mymobiconfy muito útil!!!,04/12/2024 15:16
f24a3531-506e-487a-84d2-614694703dfc,muito bom,04/12/2024 15:16
7833a43c-88df-41ce-9608-368ecac536a1,eu coloco tags no github só por causa do zoéga,04/12/2024 15:17
5bc436a4-ec67-4216-87a7-d9152877d21f,lanchinho delicioso,04/12/2024 15:17
5bc436a4-ec67-4216-87a7-d9152877d21f,as palestras da sipeec estão super interessantes,04/12/2024 15:17
9cc1a365-6476-4f22-bf74-2a453e1e8443,muito bons esses projetos da faculdade,04/12/2024 15:17
5bc436a4-ec67-4216-87a7-d9152877d21f,pessoal da identidade visual foram maravilhosos,04/12/2024 15:18
ad08e116-810d-4533-a7c6-9782fcb55f6d,uma i.a para detectar emoções vai ser um diferencial do ufv virtuallabs,04/12/2024 15:18
5bc436a4-ec67-4216-87a7-d9152877d21f,queria mais adesivos :(,04/12/2024 15:18
ad08e116-810d-4533-a7c6-9782fcb55f6d,essa i.a promete,04/12/2024 15:18
219bdf7f-fa3a-4d8f-9e33-b83980cc7afb,interessante,04/12/2024 15:18
219bdf7f-fa3a-4d8f-9e33-b83980cc7afb,legal,04/12/2024 15:19
219bdf7f-fa3a-4d8f-9e33-b83980cc7afb,boa,04/12/2024 15:19
f24a3531-506e-487a-84d2-614694703dfc,o ar condicionado tá gelado demais,04/12/2024 15:19
219bdf7f-fa3a-4d8f-9e33-b83980cc7afb,genial,04/12/2024 15:19
5bc436a4-ec67-4216-87a7-d9152877d21f,os projetos de iot são os melhores,04/12/2024 15:19
eed4edbe-921c-4f9c-8148-1948d00197eb,a primeira palestra relacionada a inteligência artificial ministrada pelo pedro lacerda foi extremamente satisfatória,04/12/2024 15:19
f24a3531-506e-487a-84d2-614694703dfc,que horas começa o fifa,04/12/2024 15:20
9cc1a365-6476-4f22-bf74-2a453e1e8443,"slc, o virtual labs parece ser um projeto gigante",04/12/2024 15:20
34d7ba0b-7b62-4439-b143-d7dd24797376,muito boa a apresentação do pessoal da astraflores.,04/12/2024 15:23
34d7ba0b-7b62-4439-b143-d7dd24797376,muito boa a apresentação da ic do jogo da astraflores.,04/12/2024 15:24
6694bc9c-4eab-4c6b-a7df-c40f8f42e39c,o virtual labs é realmente o melhor projeto da ufv,04/12/2024 15:26
023d3c99-a60f-4734-88e2-de4c9944c95a,o ar condicionado salvou,04/12/2024 15:28
f7781785-ccfa-4120-856f-3781bcf14d45,que horas que é a hora da merenda?,04/12/2024 15:29
023d3c99-a60f-4734-88e2-de4c9944c95a,mas o negócio do apito eu achei overkill,04/12/2024 15:33
b9ce085c-74f8-412e-8a55-1391f0867ebd,achei muito interessante o projeto de jogo para fomentar a reciclagem e para saber diferenciar os tipos de lixos,04/12/2024 15:37
023d3c99-a60f-4734-88e2-de4c9944c95a,"teve bastante assunto sobre ia nessa secom, isso mostra como o assunto está em alta",04/12/2024 15:37
8c83da8e-1478-4a91-ae10-7347cd55d06f,microfone trollando kkkkk,04/12/2024 15:38
b9ce085c-74f8-412e-8a55-1391f0867ebd,outro que gostei muito foi o virtual labs tentar trazer ambientes de laboratório para que eles sejam mais acessíveis por meio de um computador é muito importante,04/12/2024 15:40
c3149f3b-36f2-4fbd-a033-c41f8e9fe534,os apitos para controle de tempo ficaram muito bons,04/12/2024 15:40
023d3c99-a60f-4734-88e2-de4c9944c95a,podia rolar um coffee-break a tarde tb,04/12/2024 15:41
b9ce085c-74f8-412e-8a55-1391f0867ebd,"a palestra de desmistificação da iafoi incrível saber que aprender um pouco mais sobre os processos em que ela se encaixa, e suas aplicações e um pouco do seu funcionamento foi absurdo.",04/12/2024 15:42
b9ce085c-74f8-412e-8a55-1391f0867ebd,"a ideia de iot para usar mochilinhas nas abelhas foi muito engraçado kkkkk, mas muito interessante se der certo",04/12/2024 15:43
3f05e03e-45ce-4e65-b2f3-cf3a76e21fa1,"até o momento o sipeec está encrivel, muitos projetos legais",04/12/2024 15:43
023d3c99-a60f-4734-88e2-de4c9944c95a,"legal esse multi-task learning, parece ser tipo redes neurais interligadas",04/12/2024 15:44
b9ce085c-74f8-412e-8a55-1391f0867ebd,eu estou amando a secom tudo até então está absurdamente incrível e perfeito.,04/12/2024 15:44
4ce79311-38e9-401a-bb36-d1b6ad9ff2d3,apresentações muito legais e informativas,04/12/2024 15:45
b9ce085c-74f8-412e-8a55-1391f0867ebd,gostei do tcc sobre ensinar um pouco sobre programação para as pessoas por meio de um jogo,04/12/2024 15:45
c3149f3b-36f2-4fbd-a033-c41f8e9fe534,o pessoal está realmente arrasando nas apresentações da sipeec,04/12/2024 15:46
4395eb8b-e6f9-4282-85dc-98453a11cc3e,todas as palestras excelentes e muito bem elaboradas.,04/12/2024 15:47
4395eb8b-e6f9-4282-85dc-98453a11cc3e,fiz uma apresentação no sipeec e apesar de muito nervoso deu tudo certo,04/12/2024 15:48
4395eb8b-e6f9-4282-85dc-98453a11cc3e,ambiente muito bonito e decorado,04/12/2024 15:48
4395eb8b-e6f9-4282-85dc-98453a11cc3e,microfone as vezes falhando,04/12/2024 15:48
4395eb8b-e6f9-4282-85dc-98453a11cc3e,apresentações do sipeec muito interessantes,04/12/2024 15:49
3f05e03e-45ce-4e65-b2f3-cf3a76e21fa1,"muito interessante os projetos, difícil escolher um",04/12/2024 15:49
4395eb8b-e6f9-4282-85dc-98453a11cc3e,cofee break bom mas poderia ter opção de suco para aqueles que não bebem refrigerante,04/12/2024 15:49
8c83da8e-1478-4a91-ae10-7347cd55d06f,achei meta poggers total skibidi os apito,04/12/2024 15:50
c3149f3b-36f2-4fbd-a033-c41f8e9fe534,a segunda palestra do primeiro dia foi enriquecedora e divertida. o palestrante poderia voltar mais vezes!,04/12/2024 15:53
4ce79311-38e9-401a-bb36-d1b6ad9ff2d3,auditório esta bem gelado,04/12/2024 15:54
f0d8b18c-371e-4a9b-bc88-6efb85341837,o seminário next cell prediction pode ser usado para várias aplicações com base na rotina do usuário,04/12/2024 15:54
4ce79311-38e9-401a-bb36-d1b6ad9ff2d3,muito bom os apitos,04/12/2024 15:55
9a75dc4c-7a4e-49c6-b73b-62eafd9c8b73,talvez deixar o ar condicionado no 24.,04/12/2024 15:55
9a75dc4c-7a4e-49c6-b73b-62eafd9c8b73,palestras de abertura muito interessantes.,04/12/2024 15:56
f0158b5a-82ff-410c-81f2-d51f7e345b45,mymobiconf tá malado dimai,04/12/2024 15:56
f0d8b18c-371e-4a9b-bc88-6efb85341837,"mymobiconf tem um potencial grande e pode ser usado para outras aplicações além do campus, especialmente com relação à seminários e organizações",04/12/2024 15:56
8f243416-db6e-4185-8133-0e0433d6c30a,a camisa desse ano ficoummuito bonita,04/12/2024 15:59
023d3c99-a60f-4734-88e2-de4c9944c95a,"mymobiconf sendo comentado nele mesmo, metacomentario",04/12/2024 15:59
8f243416-db6e-4185-8133-0e0433d6c30a,"achei a temperatura um pouco fria, estava embaixo de um dos ar condicionados",04/12/2024 15:59
8f243416-db6e-4185-8133-0e0433d6c30a,otimas palestras de abertura,04/12/2024 16:00
02af807d-7123-444e-b61e-89eaf92be60f,mymobiconf melhor atualização,04/12/2024 16:00
8f243416-db6e-4185-8133-0e0433d6c30a,gostei de ganhar um apito,04/12/2024 16:01
02af807d-7123-444e-b61e-89eaf92be60f,arzinho condicionado fazendo milagres,04/12/2024 16:01
8f243416-db6e-4185-8133-0e0433d6c30a,os salgados na hora do lanche estavam otimos,04/12/2024 16:01
8f243416-db6e-4185-8133-0e0433d6c30a,ansioso pelo torneio de esport,04/12/2024 16:01
6694bc9c-4eab-4c6b-a7df-c40f8f42e39c,gosto de refatoração 😳,04/12/2024 16:01
4ce79311-38e9-401a-bb36-d1b6ad9ff2d3,sipeec sempre muito importante para dar ouvido aos projetos da faculdade,04/12/2024 16:02
99899b5a-eb3d-4d67-a64f-a143f824a709,usando o mymobiconf na palestra sobre mymobiconf 😃,04/12/2024 16:02
b843c3db-fc8f-45a6-8322-19b87391fa20,"adorei a apresentação da letícia cristina, uma apresentação incrível e uma ideia brilhante com muito futuro, pelo simples fato de utilizar a luz como principal meio, então parabéns.",04/12/2024 16:02
9a75dc4c-7a4e-49c6-b73b-62eafd9c8b73,o app está muito bom!,04/12/2024 16:04
99899b5a-eb3d-4d67-a64f-a143f824a709,"o design do mymobiconf realmente está muito melhor! mas ainda prefiro a logo quando era sans-serif. fora isso, o app ficou perfeito!",04/12/2024 16:05
b843c3db-fc8f-45a6-8322-19b87391fa20,"achei muito importante a apresentação da melissa alanis, devemos nos informar sobre um tema tão importante que é o nosso meio ambiente, vamos jogar e aprender a salvar o nosso mundo.",04/12/2024 16:05
24c725a4-20aa-4ce4-9d18-b194d3bdd5be,"gostei bastante do assunto das palestras, por serem assuntos atuais me chamam maior a atenção.",04/12/2024 16:05
a8795f76-f29d-4a4e-ab33-de80f1fa7eaa,finalmente o ar funciona legal,04/12/2024 16:05
c3149f3b-36f2-4fbd-a033-c41f8e9fe534,a equipe do mymobiconf está de parabéns!,04/12/2024 16:05
b843c3db-fc8f-45a6-8322-19b87391fa20,"mymobiconf aparecendo em peso, arrasaram demais, parabéns por esse projeto incrível!",04/12/2024 16:05
47cacf3f-e0f2-421b-a645-5e0efd6cc615,tá frio,04/12/2024 16:06
b843c3db-fc8f-45a6-8322-19b87391fa20,"cada professor dessa instituição possui trabalhos e iniciações científicas incríveis, muita sorte de estar nessa universidade com tantas oportunidades.",04/12/2024 16:06
47cacf3f-e0f2-421b-a645-5e0efd6cc615,tem alguém com apito de juiz de futebol aqui kkkkk,04/12/2024 16:07
24c725a4-20aa-4ce4-9d18-b194d3bdd5be,o app esta muito bonito e de fácil uso.,04/12/2024 16:08
7689c29b-b6e3-42b3-b39d-dc0e1598e652,estão todos de parabéns,04/12/2024 16:08
7689c29b-b6e3-42b3-b39d-dc0e1598e652,super muito bom,04/12/2024 16:08
7689c29b-b6e3-42b3-b39d-dc0e1598e652,muitos projetos,04/12/2024 16:08
7689c29b-b6e3-42b3-b39d-dc0e1598e652,parabéns professores,04/12/2024 16:09
47cacf3f-e0f2-421b-a645-5e0efd6cc615,boa!,04/12/2024 16:09
7689c29b-b6e3-42b3-b39d-dc0e1598e652,palestrante do github muito bom,04/12/2024 16:09
7689c29b-b6e3-42b3-b39d-dc0e1598e652,palestrante da ia muito bom,04/12/2024 16:09
b843c3db-fc8f-45a6-8322-19b87391fa20,"tivemos uma recepção incrível nessa décima terceira secom, amei as palestras e os projetos apresentados pelos alunos. que evento incrível, que nos próximos anos continuem assim para melhorar.",04/12/2024 16:10
24c725a4-20aa-4ce4-9d18-b194d3bdd5be,as palestras sobre ias foram bastante interessantes.,04/12/2024 16:10
cd9a5b5a-0583-4590-a133-863647e24ed2,saudades coffee break,04/12/2024 16:10
b843c3db-fc8f-45a6-8322-19b87391fa20,"infelizmente não tinha suco no cofe breack, nós que não bebemos coca precisamos ser representados com um suquinho.",04/12/2024 16:11
24c725a4-20aa-4ce4-9d18-b194d3bdd5be,bastante interessante ver todos os projetos de pesquisa existentes na área de informática no campus.,04/12/2024 16:11
24c725a4-20aa-4ce4-9d18-b194d3bdd5be,parabéns aos organizadores.,04/12/2024 16:13
cd9a5b5a-0583-4590-a133-863647e24ed2,a verdade é que o nesped é o melhor grupo da ufv >>>>>,04/12/2024 16:14
24c725a4-20aa-4ce4-9d18-b194d3bdd5be,aplicativo está muito intuitivo.,04/12/2024 16:14
cd9a5b5a-0583-4590-a133-863647e24ed2,alguém aí tem um hidratante?,04/12/2024 16:14
3e72f254-acab-4aec-ad73-bf9dff9c21ad,muito legal conhecer sobre os projetos realizados,04/12/2024 16:14
78a0dc2a-07a3-41bb-a1a4-3731b2e51917,muito boa a ideia do apito,04/12/2024 16:15
cd9a5b5a-0583-4590-a133-863647e24ed2,amo o sexteto,04/12/2024 16:15
47cacf3f-e0f2-421b-a645-5e0efd6cc615,poderia deixar o tempo para quem tá assistindo também.,04/12/2024 16:15
99899b5a-eb3d-4d67-a64f-a143f824a709,"fiquei tão entertido na apresentação do álvaro na sipeec que nem percebi que ele passou do tempo 😅 coitado, não conseguiu terminar...",04/12/2024 16:16
f569f9d9-9281-4405-a4aa-084b33a9be5a,a palestra sobre o github foi muito boa,04/12/2024 16:17
880b38ad-954a-499a-a76a-66fce8a17f66,ar condicionado salvou muito.,04/12/2024 16:17
f569f9d9-9281-4405-a4aa-084b33a9be5a,é interesse ver como as ia's tem estado cada vez mais presentes,04/12/2024 16:17
47cacf3f-e0f2-421b-a645-5e0efd6cc615,"""roubaram o vini"", claramente um crime.",04/12/2024 16:17
47cacf3f-e0f2-421b-a645-5e0efd6cc615,descobrir quem tá com o apito kk,04/12/2024 16:18
f569f9d9-9281-4405-a4aa-084b33a9be5a,foi importante o palestrante ter falado sobre como usar o copilot,04/12/2024 16:18
880b38ad-954a-499a-a76a-66fce8a17f66,mais gente tinha que estourar o tempo,04/12/2024 16:19
f569f9d9-9281-4405-a4aa-084b33a9be5a,é importante saber das limitações da ia,04/12/2024 16:19
2841ae4b-ef6a-4661-94a3-9777a70ec034,"ótimas palestras, houve alguns problemas técnicos mas não impediu de obter os conhecimentos.",04/12/2024 16:19
f569f9d9-9281-4405-a4aa-084b33a9be5a,foi interessante saber sobre oportunidades no github como estudante,04/12/2024 16:20
cd9a5b5a-0583-4590-a133-863647e24ed2,o campeonato de valorant vai ser transmitido online também?,04/12/2024 16:20
99899b5a-eb3d-4d67-a64f-a143f824a709,eu vi o eduardo isadora tropeçando na escada  👀 🤣,04/12/2024 16:20
f569f9d9-9281-4405-a4aa-084b33a9be5a,"foi interessante saber sobre o que é de fato uma ia, sem se limitar a um robo ou algo complexo",04/12/2024 16:21
d3028b07-211a-405d-9f82-13b8d82aeff8,"palestra incrivel do pedro lacerda, convindem-o outras vezes!",04/12/2024 16:21
d3028b07-211a-405d-9f82-13b8d82aeff8,ansioso para a final de valorant,04/12/2024 16:22
7cf13434-76d6-4046-96fd-1cfd9d429282,minascoders arrasa,04/12/2024 16:24
08101ce6-e4af-4e12-81d5-87afcafc4b3b,ta frio,04/12/2024 16:24
84fb43ff-f2ca-4b32-b090-49467d8ae7a0,minascoders melhor programa 💚,04/12/2024 16:25
880b38ad-954a-499a-a76a-66fce8a17f66,final fo valorant vai ser top,04/12/2024 16:26
7cf13434-76d6-4046-96fd-1cfd9d429282,mymobiconf ta fofo,04/12/2024 16:27
84fb43ff-f2ca-4b32-b090-49467d8ae7a0,sexteto <3,04/12/2024 16:27
84fb43ff-f2ca-4b32-b090-49467d8ae7a0,lindaa a melissa,04/12/2024 16:29
84fb43ff-f2ca-4b32-b090-49467d8ae7a0,muito boa a nova identidade visual,04/12/2024 16:31
cd9a5b5a-0583-4590-a133-863647e24ed2,meu deus a melissa é muito linda 😍,04/12/2024 16:31
99899b5a-eb3d-4d67-a64f-a143f824a709,breno encerrou a apresentação dele no sipeec com maestria 🤌,04/12/2024 16:35
c83d77db-e69b-4b9a-af36-1e80aed4ea42,muito interessante a proposta do minascoders,04/12/2024 16:42
02af807d-7123-444e-b61e-89eaf92be60f,minas coders é muito bommm,04/12/2024 16:45
c83d77db-e69b-4b9a-af36-1e80aed4ea42,gostei da prévia do tcc da ana clara sobre a taxa de evasão feminina.,04/12/2024 16:46
eed4edbe-921c-4f9c-8148-1948d00197eb,"acredito que a sipeec sirva como porta de entrada pra alguns ramos de interesses que alguns alunos possam optar por seguir, e deste prisma, ela funciona perfeitamente",04/12/2024 16:49
64a69630-bdc5-4e29-9090-492d31a34e0d,cinco minutos por apresentação é muito tempo,04/12/2024 16:52
c83d77db-e69b-4b9a-af36-1e80aed4ea42,philipe na área,04/12/2024 16:57
88254066-58d3-4049-ac9d-5b393c178080,muito bom participar do sipeec,04/12/2024 17:01
88254066-58d3-4049-ac9d-5b393c178080,"realmente, o mymobiconf é o melhor projeto de todos!!!!",04/12/2024 17:01
4b3d0b61-ee1b-4468-8785-a9d80b5bb850,minha primeira secom!!!,04/12/2024 17:02
4b3d0b61-ee1b-4468-8785-a9d80b5bb850,muito legal os projetos.,04/12/2024 17:02
4b3d0b61-ee1b-4468-8785-a9d80b5bb850,podia ter um coffee-break parte 2 em...,04/12/2024 17:03
7568d4e3-7c42-4c07-9246-161f8f144017,seria interessante haver um intervalo no sipeec,04/12/2024 17:03
7568d4e3-7c42-4c07-9246-161f8f144017,"colocar o sipeec em 2 dias, ao invés de um",04/12/2024 17:04
4b3d0b61-ee1b-4468-8785-a9d80b5bb850,mymobiconf... o app mais brabo,04/12/2024 17:04
4b3d0b61-ee1b-4468-8785-a9d80b5bb850,faltam 2 comentários para completar a missão,04/12/2024 17:04
daac9055-17a0-4775-bb21-9c0add9d45ec,o caio do lesc é um gatinho,04/12/2024 17:04
4b3d0b61-ee1b-4468-8785-a9d80b5bb850,com essa mensagem eu finalizei as missões de hoje... só o progresso,04/12/2024 17:05
daac9055-17a0-4775-bb21-9c0add9d45ec,amei as apresentações do minascoders,04/12/2024 17:05
d0881343-b903-4573-aee3-c821f2e201de,palestras muito interessantes,04/12/2024 17:05
daac9055-17a0-4775-bb21-9c0add9d45ec,muito interessante a ideia do jogo da melissa,04/12/2024 17:06
7568d4e3-7c42-4c07-9246-161f8f144017,muito interessante todas as apresentações,04/12/2024 17:07
7568d4e3-7c42-4c07-9246-161f8f144017,sensacional o eduardo estar desenvolvendo uma linguagem de programação,04/12/2024 17:08
7568d4e3-7c42-4c07-9246-161f8f144017,obrigado por mexer nos ar condicionado,04/12/2024 17:09
50ab66a7-9677-44ec-b7d4-be69f3d11d87,muito boa essa sipeec!!,04/12/2024 17:09
7568d4e3-7c42-4c07-9246-161f8f144017,nossa tem muita apresentação kkkkk,04/12/2024 17:09
c83d77db-e69b-4b9a-af36-1e80aed4ea42,empresa jr é um diferencial na carreira do aluno,04/12/2024 17:12
c83d77db-e69b-4b9a-af36-1e80aed4ea42,tá terminando,04/12/2024 17:12
a1b2ff52-f806-4d79-b524-3d3fa3327116,ótimas palestras,04/12/2024 17:15
880b38ad-954a-499a-a76a-66fce8a17f66,sorteio,04/12/2024 17:16
a8795f76-f29d-4a4e-ab33-de80f1fa7eaa,da próxima alguém tem que fazer em menos de dois minutos!,04/12/2024 17:18
a8795f76-f29d-4a4e-ab33-de80f1fa7eaa,setapp tem que chamar ex-membros pra dar palestra!,04/12/2024 17:18
c83d77db-e69b-4b9a-af36-1e80aed4ea42,maratona de palestras/apresentações,04/12/2024 17:19
a8795f76-f29d-4a4e-ab33-de80f1fa7eaa,apenas temas interessantes!,04/12/2024 17:20
50ab66a7-9677-44ec-b7d4-be69f3d11d87,🎉🎉,04/12/2024 17:25
0016d182-df26-4200-b287-2b9a2086516b,abertura boa demais,04/12/2024 17:43
0016d182-df26-4200-b287-2b9a2086516b,palestra sobre o my mobile conf foi boa tbm,04/12/2024 17:44
0016d182-df26-4200-b287-2b9a2086516b,a palestra do cara do githubfoi mt boa,04/12/2024 17:44
0016d182-df26-4200-b287-2b9a2086516b,a palestra do cara do cefet também foi boa,04/12/2024 17:44
0016d182-df26-4200-b287-2b9a2086516b,altas expectativas pro time da okt,04/12/2024 17:45
0016d182-df26-4200-b287-2b9a2086516b,evento muito bom,04/12/2024 17:46
c3149f3b-36f2-4fbd-a033-c41f8e9fe534,torcendo para os bonitinhos ganharem!!,04/12/2024 17:48
99899b5a-eb3d-4d67-a64f-a143f824a709,começando a secom com duas palestras incríveis e uma speedrun de sipeec... essa secom promete!,04/12/2024 18:00
daac9055-17a0-4775-bb21-9c0add9d45ec,acho que podia ter um intervalo durante a sipeec,04/12/2024 18:39
cd9a5b5a-0583-4590-a133-863647e24ed2,vamo bonitinhooooosss,04/12/2024 18:42
84fb43ff-f2ca-4b32-b090-49467d8ae7a0,#bonitinhos,04/12/2024 18:42
84fb43ff-f2ca-4b32-b090-49467d8ae7a0,campeonato de e-sports muito bom,04/12/2024 18:42
d3028b07-211a-405d-9f82-13b8d82aeff8,vamooo bonitinhos,04/12/2024 18:49
f0d8b18c-371e-4a9b-bc88-6efb85341837,"os seminários em geral foram ótimos e mostraram os projetos de pesquisa de todos os orientadores, o tempo foi um limitador notório",04/12/2024 18:59
f0d8b18c-371e-4a9b-bc88-6efb85341837,"o primeiro dia foi bem agradável com as palestras e a sipeec, ambiente confortável e equipe ótima, providenciando tudo necessário para um bom evento.",04/12/2024 19:01
50ab66a7-9677-44ec-b7d4-be69f3d11d87,campeonato de jogos tá bom,04/12/2024 19:06
50ab66a7-9677-44ec-b7d4-be69f3d11d87,final de jogos agr!!,04/12/2024 19:07
50ab66a7-9677-44ec-b7d4-be69f3d11d87,🎊🎉,04/12/2024 19:07
8f4c1ec8-e5ed-4ce2-90f1-84bbab673805,"nossa, a letícia falou muito bem sobre o botz!",04/12/2024 19:21
daac9055-17a0-4775-bb21-9c0add9d45ec,as apresentações da melissa foram perfeitas,04/12/2024 19:21
daac9055-17a0-4775-bb21-9c0add9d45ec,acho que ano que vem a amanda tinha que apresentar o mymobiconf,04/12/2024 19:22
daac9055-17a0-4775-bb21-9c0add9d45ec,as meninas do minascoders arrasaram nas apresentações,04/12/2024 19:22
8f4c1ec8-e5ed-4ce2-90f1-84bbab673805,ana moreira falou muito bem do caça-doações!,04/12/2024 19:23
8f4c1ec8-e5ed-4ce2-90f1-84bbab673805,duda arrasou na apresentação de iot! muito interessante o projeto!,04/12/2024 19:23
7cf13434-76d6-4046-96fd-1cfd9d429282,uhh eh bonitinho,04/12/2024 19:34
84fb43ff-f2ca-4b32-b090-49467d8ae7a0,"a ingred arrasou na apresentação, lindaaa",04/12/2024 20:06
d3028b07-211a-405d-9f82-13b8d82aeff8,vamo virar bonitinhos,04/12/2024 20:25
d13dce39-51a4-4170-8b39-f06cb1f6adf6,primeiro dia de secom foi mt legal!,04/12/2024 20:32
d3028b07-211a-405d-9f82-13b8d82aeff8,que jogão de valorant,04/12/2024 20:34
43aca24c-d788-497e-8521-06df728eeaf8,essa final foi boa d+ cara,04/12/2024 20:43
43aca24c-d788-497e-8521-06df728eeaf8,essa secom tá insana,04/12/2024 20:43
43aca24c-d788-497e-8521-06df728eeaf8,os melhores projetos foram os de iot ein 👀👀,04/12/2024 20:44
43aca24c-d788-497e-8521-06df728eeaf8,apoio todo dia ter figurinha de manhã,04/12/2024 20:51
43aca24c-d788-497e-8521-06df728eeaf8,gostaria de dizer que a linguagem que o dudu tá criando deveria se chamar educa,04/12/2024 20:54
d0b2bc0d-178a-434a-9fc8-134d0ca5a1be,faltou só o evento dar copo pra galera,04/12/2024 21:01
d0b2bc0d-178a-434a-9fc8-134d0ca5a1be,podiam tirar mais fotos de momentos aleatórios,04/12/2024 21:02
d0b2bc0d-178a-434a-9fc8-134d0ca5a1be,"ar tava friozão, precisando levar roupa de frio amanhã",04/12/2024 21:02
d0b2bc0d-178a-434a-9fc8-134d0ca5a1be,"a ideia dos apitos, chocalhos e brinquedos de cachorro foi genial",04/12/2024 21:03
d0b2bc0d-178a-434a-9fc8-134d0ca5a1be,o coffee break foi muito perto do almoço,04/12/2024 21:03
d0b2bc0d-178a-434a-9fc8-134d0ca5a1be,"triste o sorteio ser pelo aplicativo, meu número do crachá foi muito ganhável esse ano",04/12/2024 21:04
d13dce39-51a4-4170-8b39-f06cb1f6adf6,o coffe break podia ter sido mais cedo msmo,04/12/2024 21:05
d13dce39-51a4-4170-8b39-f06cb1f6adf6,gostei das palestras de hoje,04/12/2024 21:06
d13dce39-51a4-4170-8b39-f06cb1f6adf6,o design do mymobiconf ta muito bonitinho,04/12/2024 21:09
03164614-b683-45b1-98f0-7179e65cd4ed,acho que devia ter mais salgado,04/12/2024 21:21
d13dce39-51a4-4170-8b39-f06cb1f6adf6,"a blusa da secom desse ano ficou linda, adorei a cor",04/12/2024 21:22
03164614-b683-45b1-98f0-7179e65cd4ed,muito bom os apito pras apresentações que demoram kjkkjk,04/12/2024 21:22
d13dce39-51a4-4170-8b39-f06cb1f6adf6,acho que na próxima secom ficaria muito legal uma blusa vinho,04/12/2024 21:22
03164614-b683-45b1-98f0-7179e65cd4ed,achei bem legal as palestras serem voltadas pra essa parte de ia,04/12/2024 21:22
03164614-b683-45b1-98f0-7179e65cd4ed,o coffebreak foi meio tarde,04/12/2024 21:24
03164614-b683-45b1-98f0-7179e65cd4ed,"muito bom o design do app, parabéns aos envolvidos",04/12/2024 21:25
03164614-b683-45b1-98f0-7179e65cd4ed,ainda bem que escolheram azul marinho pra essas camisetas,04/12/2024 21:27
e06ffaec-3d0b-45f5-85c5-94027d692f0f,"não gostei da derrota dos bonitinho, acho que foi marmelada",04/12/2024 22:08
4a38eef3-4375-45b4-b386-649cb518c20b,"no meu coração os bonitinhos ganharam..,",04/12/2024 22:08
e06ffaec-3d0b-45f5-85c5-94027d692f0f,pelo primeiro dia que eu fui achei incrível,04/12/2024 22:08
e06ffaec-3d0b-45f5-85c5-94027d692f0f,principalmente os projetos de game,04/12/2024 22:09
4a38eef3-4375-45b4-b386-649cb518c20b,mcagenda ganhando sexta!!! dale,04/12/2024 22:09
e06ffaec-3d0b-45f5-85c5-94027d692f0f,foi incrível,04/12/2024 22:09
e06ffaec-3d0b-45f5-85c5-94027d692f0f,ano que vem quero mais camp,04/12/2024 22:09
4a38eef3-4375-45b4-b386-649cb518c20b,bonitinhos só perdeu pq tinha bet envolvida,04/12/2024 22:10
e06ffaec-3d0b-45f5-85c5-94027d692f0f,só o ar condicionado aue tava frio viu,04/12/2024 22:10
4a38eef3-4375-45b4-b386-649cb518c20b,tava nada zé tava mó bom,04/12/2024 22:10
a8795f76-f29d-4a4e-ab33-de80f1fa7eaa,mal posso esperar pelas palestras de amanhã!,04/12/2024 22:38
a8795f76-f29d-4a4e-ab33-de80f1fa7eaa,quem será que vai ganhar a maratona de programação?,04/12/2024 22:38
9b29ec6c-e5af-4b1c-b7f1-49779d06c73a,torneio secom de e-sports foi muito bom!,05/12/2024 01:53
9b29ec6c-e5af-4b1c-b7f1-49779d06c73a,mehor secom de todas!,05/12/2024 01:54
9b29ec6c-e5af-4b1c-b7f1-49779d06c73a,tem que ter edição do torneio secom de e-sports todo ano!,05/12/2024 01:54
eed4edbe-921c-4f9c-8148-1948d00197eb,gostei muito das palestras,05/12/2024 06:48
eed4edbe-921c-4f9c-8148-1948d00197eb,o professor philipe organizou um ótimo evento junto da equipe organizadora,05/12/2024 06:49
50ab66a7-9677-44ec-b7d4-be69f3d11d87,uuu,05/12/2024 07:04
34d7ba0b-7b62-4439-b143-d7dd24797376,não seria uma má ideia aumenta a temperatura do ar condicionado.,05/12/2024 07:05
eed4edbe-921c-4f9c-8148-1948d00197eb,gostei de todas palestras,05/12/2024 07:11
eed4edbe-921c-4f9c-8148-1948d00197eb,a primeira palestra de abertura foi a melhor de todas.,05/12/2024 07:11
ad08e116-810d-4533-a7c6-9782fcb55f6d,a ideia do apito foi genial,05/12/2024 07:16
226440c8-ce0c-42b8-a37b-8435e915955d,as palestras sobre ia trouxeram perspectivas muito interessantes!,05/12/2024 07:17
ad08e116-810d-4533-a7c6-9782fcb55f6d,ufv virtual labs logo logo vai ser vitrine da ufv,05/12/2024 07:17
ad08e116-810d-4533-a7c6-9782fcb55f6d,set-app,05/12/2024 07:18
37ec55d9-b848-47bd-9a33-f64afd2dd867,bom,05/12/2024 07:42
37ec55d9-b848-47bd-9a33-f64afd2dd867,legal,05/12/2024 07:42
37ec55d9-b848-47bd-9a33-f64afd2dd867,incrível,05/12/2024 07:42
37ec55d9-b848-47bd-9a33-f64afd2dd867,massa,05/12/2024 07:42
37ec55d9-b848-47bd-9a33-f64afd2dd867,sensacional,05/12/2024 07:42
37ec55d9-b848-47bd-9a33-f64afd2dd867,perfeito,05/12/2024 07:42
03164614-b683-45b1-98f0-7179e65cd4ed,patrick esta com o cabelo extremamente sedoso novamente,05/12/2024 07:42
4395eb8b-e6f9-4282-85dc-98453a11cc3e,torneio de e-sports foi legal pena que a não conseguimos levar a vitória pra casa,05/12/2024 07:42
37ec55d9-b848-47bd-9a33-f64afd2dd867,muito bom,05/12/2024 07:43
37ec55d9-b848-47bd-9a33-f64afd2dd867,parte fundamental,05/12/2024 07:43
37ec55d9-b848-47bd-9a33-f64afd2dd867,muito muito bom,05/12/2024 07:43
4395eb8b-e6f9-4282-85dc-98453a11cc3e,trofeis show de bola,05/12/2024 07:43
13c63d6c-e94d-4b8b-829b-3a6f523ac131,final de valorant excepecional,05/12/2024 07:43
9a75dc4c-7a4e-49c6-b73b-62eafd9c8b73,final de valorant foi insanaaaaa!!!!,05/12/2024 07:44
9a75dc4c-7a4e-49c6-b73b-62eafd9c8b73,melhoraram o ar condicionado pro segundo dia.,05/12/2024 07:44
13c63d6c-e94d-4b8b-829b-3a6f523ac131,narrador e comentaristas muito brabos,05/12/2024 07:44
4395eb8b-e6f9-4282-85dc-98453a11cc3e,ideia do apito bacana,05/12/2024 07:45
9a75dc4c-7a4e-49c6-b73b-62eafd9c8b73,o ambiente está incrível.,05/12/2024 07:45
13c63d6c-e94d-4b8b-829b-3a6f523ac131,muito legal trazerem empresas de desenvolvimento de jogos para o evento,05/12/2024 07:45
4395eb8b-e6f9-4282-85dc-98453a11cc3e,pipoquinha god,05/12/2024 07:46
4395eb8b-e6f9-4282-85dc-98453a11cc3e,tem que fazer muito comentário,05/12/2024 07:49
4395eb8b-e6f9-4282-85dc-98453a11cc3e,completando a missão,05/12/2024 07:49
9a75dc4c-7a4e-49c6-b73b-62eafd9c8b73,ansioso pela palestra da sydle!!,05/12/2024 07:49
3f05e03e-45ce-4e65-b2f3-cf3a76e21fa1,ansioso para as palestras das empresas,05/12/2024 07:49
a6ec5f50-aa66-4ad4-8b97-10a6f9eacaad,ansiosa pra maratona de programação de hoje!,05/12/2024 07:50
13c63d6c-e94d-4b8b-829b-3a6f523ac131,realmente queria muito saber qual o shampoo do patrick (não ouvi direito ontem),05/12/2024 07:51
9a75dc4c-7a4e-49c6-b73b-62eafd9c8b73,qual shampoo o patrick usa?,05/12/2024 07:51
03164614-b683-45b1-98f0-7179e65cd4ed,qual o condicionador do patrick,05/12/2024 07:52
d3028b07-211a-405d-9f82-13b8d82aeff8,qual o shampoo do patrick ?,05/12/2024 07:52
9a75dc4c-7a4e-49c6-b73b-62eafd9c8b73,pessoal da comissão de e-sports está de parabéns!,05/12/2024 07:52
43aca24c-d788-497e-8521-06df728eeaf8,"rapazeada, qual o shampoo do patrick ?",05/12/2024 07:53
15ae4086-4952-4aac-a16b-5c2852e5e523,que lore é essa sobre o shampoo que o patrick usa?,05/12/2024 07:53
226440c8-ce0c-42b8-a37b-8435e915955d,qual o shampoo do patrick?,05/12/2024 07:53
3f05e03e-45ce-4e65-b2f3-cf3a76e21fa1,qual o shampoo do patrick? ele é muito belo,05/12/2024 07:53
9cc1a365-6476-4f22-bf74-2a453e1e8443,animado pra essa palestra,05/12/2024 07:54
ae0cbeae-1ff0-406f-a78a-a80a71120100,"caramba, qual shampoo o patrick usa?",05/12/2024 07:55
15ae4086-4952-4aac-a16b-5c2852e5e523,qual o shampoo do patrick?,05/12/2024 07:55
780e911b-3537-4deb-8eae-0ce33981b3d2,"ótimo evento, estou amando até agora. entretanto tenho uma dúvida, o aluno patrick estava com o cabelo belo e sedoso, qual shampoo ele usa?",05/12/2024 07:55
15ae4086-4952-4aac-a16b-5c2852e5e523,bem que podia começar mais tarde esse credenciamento né...,05/12/2024 07:56
a6ec5f50-aa66-4ad4-8b97-10a6f9eacaad,qual o shampoo o patrick usa?,05/12/2024 07:56
03164614-b683-45b1-98f0-7179e65cd4ed,gostei muito dos jogos mas senti falta dos games,05/12/2024 07:56
15ae4086-4952-4aac-a16b-5c2852e5e523,"bom dia, como vocês estão?",05/12/2024 07:56
50a1eb8e-50fb-4cc4-b79b-6b4b2a4a8c61,"meus bons, que shampoo o patrick usa?",05/12/2024 07:57
f0158b5a-82ff-410c-81f2-d51f7e345b45,eu uso pantene🫡,05/12/2024 07:57
780e911b-3537-4deb-8eae-0ce33981b3d2,"a final de valorant foi um dos melhores eventos que já participei no curso, deveriam haver mais.",05/12/2024 07:57
8aed64cf-df9c-4421-bff3-6c07fee239b1,qual a preparação capilar do patrick pré-jogo?,05/12/2024 07:57
c0f15389-3383-4e94-b413-2fd78bcd0b68,muito bom,05/12/2024 07:58
f0158b5a-82ff-410c-81f2-d51f7e345b45,"nós temos a game jam, mas e para aqueles interessados em fazer jogos e não games?",05/12/2024 07:58
780e911b-3537-4deb-8eae-0ce33981b3d2,qual shamp,05/12/2024 07:58
13c63d6c-e94d-4b8b-829b-3a6f523ac131,ansioso para a maratona de programação!!,05/12/2024 07:58
c0f15389-3383-4e94-b413-2fd78bcd0b68,excelente estrutura,05/12/2024 07:58
c0f15389-3383-4e94-b413-2fd78bcd0b68,ótimas música de intervalo,05/12/2024 07:58
a5551753-5cda-4641-bc94-7d92707ef19c,qual o xampoo do patrick?,05/12/2024 07:59
15ae4086-4952-4aac-a16b-5c2852e5e523,curioso sobre como vai ser a gamejam,05/12/2024 07:59
a5551753-5cda-4641-bc94-7d92707ef19c,podia ter um cofre break no meio do sipeec,05/12/2024 07:59
15ae4086-4952-4aac-a16b-5c2852e5e523,esperando pela maratona de programação essa tarde,05/12/2024 07:59
c0f15389-3383-4e94-b413-2fd78bcd0b68,final do valorant excepcional,05/12/2024 07:59
689ae6f3-7314-4e99-96bf-585b2a9cfb77,qual o shampoo so patrick??????? fala agora!!!!!,05/12/2024 07:59
13c63d6c-e94d-4b8b-829b-3a6f523ac131,fotógrafo do dia 05 muito bom! mano sabe muito,05/12/2024 08:00
780e911b-3537-4deb-8eae-0ce33981b3d2,precisamos de um time profissional de e-sports urgentemente.,05/12/2024 08:00
d51c3bbb-185b-4a34-848a-607621bd7cc2,qual shampoo o patrick usa?,05/12/2024 08:00
a5551753-5cda-4641-bc94-7d92707ef19c,o primeiro dia foi top. só tava um pouco frio.,05/12/2024 08:00
f0158b5a-82ff-410c-81f2-d51f7e345b45,alguém tire a câmera daquele fotógrafo!!!,05/12/2024 08:00
d51c3bbb-185b-4a34-848a-607621bd7cc2,top,05/12/2024 08:00
d51c3bbb-185b-4a34-848a-607621bd7cc2,bom demais,05/12/2024 08:01
7d582411-e617-4105-8edf-bca7ee066eca,uma dúvida sincera qual o shampoo do patrick?,05/12/2024 08:01
c0f15389-3383-4e94-b413-2fd78bcd0b68,palestras sobre ia muito boa,05/12/2024 08:01
c0f15389-3383-4e94-b413-2fd78bcd0b68,coffee break necessita de mais salgados,05/12/2024 08:02
19f49226-5a60-463b-85d3-ac562e4eddc4,"bom dia família, só queria saber qual shampoo o patrick usa, o cabelo do cara é sedoso",05/12/2024 08:03
15ae4086-4952-4aac-a16b-5c2852e5e523,cofee break foi boa... podia ter mais uma vez no dia.,05/12/2024 08:04
84fb43ff-f2ca-4b32-b090-49467d8ae7a0,a secom tá otima,05/12/2024 08:04
19f49226-5a60-463b-85d3-ac562e4eddc4,tema muito daora do gamejam,05/12/2024 08:05
15ae4086-4952-4aac-a16b-5c2852e5e523,podem tirar a câmera desse fotógrafo mesmo.,05/12/2024 08:05
b63a6449-71ad-4d70-9775-5e3d90f6055a,o destino de todo professor de cdc é ficar calvo?👴,05/12/2024 08:07
19f49226-5a60-463b-85d3-ac562e4eddc4,"as palestras do dia 1 foram muito interessantes, interessantes saber mais sobre as ias",05/12/2024 08:07
f7781785-ccfa-4120-856f-3781bcf14d45,ar tá geladasso,05/12/2024 08:08
f7781785-ccfa-4120-856f-3781bcf14d45,muito boa as palestras,05/12/2024 08:08
226440c8-ce0c-42b8-a37b-8435e915955d,"senti saudade dos quibes no coffe break akakakakak
sem ele tava gostoso, mas faltou o charme q o quibe traz.",05/12/2024 08:08
50a1eb8e-50fb-4cc4-b79b-6b4b2a4a8c61,a secom está muito braba esse ano,05/12/2024 08:08
d13dce39-51a4-4170-8b39-f06cb1f6adf6,patrick nos conte qual shampoo vc usa,05/12/2024 08:08
15ae4086-4952-4aac-a16b-5c2852e5e523,vida de professor é complicada... todos ficando calvos. ter que mudar meus planos pro futuro.,05/12/2024 08:08
e2b6d403-470e-4752-8767-48575bb10c67,as palestras do dia 1 foram dahoras,05/12/2024 08:08
19f49226-5a60-463b-85d3-ac562e4eddc4,"a linguagem desenvolvida pelo eduardo antunes parece muito interessante, esperamos que no futuro esteja na matéria de lp da thaís",05/12/2024 08:08
8f243416-db6e-4185-8133-0e0433d6c30a,fotografa muito boa,05/12/2024 08:09
226440c8-ce0c-42b8-a37b-8435e915955d,muito animada com a maratona hoje :),05/12/2024 08:09
8f243416-db6e-4185-8133-0e0433d6c30a,ansioso pelo lol hoje,05/12/2024 08:09
f7781785-ccfa-4120-856f-3781bcf14d45,muito bom o primeiro dia!,05/12/2024 08:09
f7781785-ccfa-4120-856f-3781bcf14d45,ansioso pra amanhã!,05/12/2024 08:09
15ae4086-4952-4aac-a16b-5c2852e5e523,o troféu do torneio de e-sports é fofo,05/12/2024 08:10
15ae4086-4952-4aac-a16b-5c2852e5e523,gostei da estética bissexual da secom,05/12/2024 08:10
50a1eb8e-50fb-4cc4-b79b-6b4b2a4a8c61,como eu faço pra escrever 6 comentários por dia? é muita coisa 😫😫,05/12/2024 08:11
50a1eb8e-50fb-4cc4-b79b-6b4b2a4a8c61,o coffee break estava brabo. muito bom!!!,05/12/2024 08:13
19f49226-5a60-463b-85d3-ac562e4eddc4,"foi muito gratificante apresentar na sipeec, o pessoal tava prestando atenção em todas as palestras",05/12/2024 08:13
13c63d6c-e94d-4b8b-829b-3a6f523ac131,pode participar da gamejam e da maratona de programação?,05/12/2024 08:13
8f243416-db6e-4185-8133-0e0433d6c30a,partida do valorant foi emocionante,05/12/2024 08:14
02af807d-7123-444e-b61e-89eaf92be60f,a bolsa cantou!!!,05/12/2024 08:14
092f2a22-65fe-4b1e-a8de-356ce785cea3,ansiosa pelo coffee break,05/12/2024 08:14
226440c8-ce0c-42b8-a37b-8435e915955d,"qual projeto foi oficialmente declarado o melhor da faculdade? akakakakak
parece que ficou entre o mymobiconf, o virtual labs e a empresa junior.",05/12/2024 08:14
50a1eb8e-50fb-4cc4-b79b-6b4b2a4a8c61,pode esfriar um pouco mais o ar ein,05/12/2024 08:14
4a38eef3-4375-45b4-b386-649cb518c20b,"mymobiconf tá melhor, mas é só pq tá funcionando",05/12/2024 08:14
219bdf7f-fa3a-4d8f-9e33-b83980cc7afb,cadê o frio de ontem??,05/12/2024 08:15
50a1eb8e-50fb-4cc4-b79b-6b4b2a4a8c61,os troféus da game jam estão incríveis 😮😮,05/12/2024 08:15
4a38eef3-4375-45b4-b386-649cb518c20b,esperando botarem o ar em 17°.....,05/12/2024 08:15
15ae4086-4952-4aac-a16b-5c2852e5e523,estou utilizando o aplicativo para expôr minhas opiniões e dúvidas sobre as palestras.,05/12/2024 08:15
15ae4086-4952-4aac-a16b-5c2852e5e523,bem que podiam comprar outro 🎤,05/12/2024 08:16
f7781785-ccfa-4120-856f-3781bcf14d45,bora pra mais um dia!!!,05/12/2024 08:17
f7781785-ccfa-4120-856f-3781bcf14d45,ansioso pra palestra sobre o mercado de jogos,05/12/2024 08:17
7cf13434-76d6-4046-96fd-1cfd9d429282,boa,05/12/2024 08:17
7cf13434-76d6-4046-96fd-1cfd9d429282,muito bom,05/12/2024 08:17
f7781785-ccfa-4120-856f-3781bcf14d45,muito sono,05/12/2024 08:18
08101ce6-e4af-4e12-81d5-87afcafc4b3b,secom dos jogos 🎮🚀,05/12/2024 08:18
4a38eef3-4375-45b4-b386-649cb518c20b,mercado de jogos mais importante q muitos outras indústrias e esports não é esporte no brasil kkkkkkkkkkkkk,05/12/2024 08:19
219bdf7f-fa3a-4d8f-9e33-b83980cc7afb,ligaaaa o aaaaaarrr,05/12/2024 08:19
4a38eef3-4375-45b4-b386-649cb518c20b,dito isso não tem um  jogo aaa que seja bom atualmente,05/12/2024 08:20
226440c8-ce0c-42b8-a37b-8435e915955d,números relacionados ao mercado de jogos me impressionam muito kakakakakaka,05/12/2024 08:23
058b3f94-6774-45aa-bc57-07dacfd0704b,iniciações ciêntificas incriveis,05/12/2024 08:24
058b3f94-6774-45aa-bc57-07dacfd0704b,ufv vai levar o campeonato de e-esportes,05/12/2024 08:25
092f2a22-65fe-4b1e-a8de-356ce785cea3,não sabia que o mercado de jogos era tão grande assim,05/12/2024 08:25
219bdf7f-fa3a-4d8f-9e33-b83980cc7afb,vai todo mundo ser solado hj no beat saber,05/12/2024 08:26
058b3f94-6774-45aa-bc57-07dacfd0704b,"palestra necessária, muito didática e inspiradora",05/12/2024 08:26
19f49226-5a60-463b-85d3-ac562e4eddc4,"interessante saber que a indústria de games é mais rentável que a cinematográfica e a musical, não fazia ideia.",05/12/2024 08:26
058b3f94-6774-45aa-bc57-07dacfd0704b,muito bom o copilot,05/12/2024 08:26
64a69630-bdc5-4e29-9090-492d31a34e0d,quais os jogos mais populares no brasil?,05/12/2024 08:27
058b3f94-6774-45aa-bc57-07dacfd0704b,aprendizado de máquina é muito doido,05/12/2024 08:27
058b3f94-6774-45aa-bc57-07dacfd0704b,muito boa,05/12/2024 08:27
7833a43c-88df-41ce-9608-368ecac536a1,"sabia que o mercado de jogos era grande, mas não tão grande assim",05/12/2024 08:27
64a69630-bdc5-4e29-9090-492d31a34e0d,qual o jogo mais famoso desenvolvido pela umbu?,05/12/2024 08:27
678d1b14-8c07-44f6-9f14-14fdbf7b4135,to achando bacana,05/12/2024 08:27
678d1b14-8c07-44f6-9f14-14fdbf7b4135,"lugar bacana tb, geladinho",05/12/2024 08:27
678d1b14-8c07-44f6-9f14-14fdbf7b4135,palestra top,05/12/2024 08:27
678d1b14-8c07-44f6-9f14-14fdbf7b4135,umbu me adotaaa,05/12/2024 08:27
7833a43c-88df-41ce-9608-368ecac536a1,"nunca imaginei que o faturamento de jogos era maior que o de filmes e música, é muito doido isso",05/12/2024 08:28
678d1b14-8c07-44f6-9f14-14fdbf7b4135,fiquei sabendo que hoje tem gamejam 🫣🫣,05/12/2024 08:30
30a1d1e4-da0d-4f67-9908-6bc16a47ebc4,ótimo nesped!,05/12/2024 08:31
219bdf7f-fa3a-4d8f-9e33-b83980cc7afb,coffebreak🤤,05/12/2024 08:31
30a1d1e4-da0d-4f67-9908-6bc16a47ebc4,o lanche poderia ser diferente:(,05/12/2024 08:31
4a38eef3-4375-45b4-b386-649cb518c20b,tô com fome 🤤,05/12/2024 08:31
30a1d1e4-da0d-4f67-9908-6bc16a47ebc4,ótima palestra sobre ia!,05/12/2024 08:31
678d1b14-8c07-44f6-9f14-14fdbf7b4135,ansioso para hoje,05/12/2024 08:33
30a1d1e4-da0d-4f67-9908-6bc16a47ebc4,gostei da ideia do apito,05/12/2024 08:33
30a1d1e4-da0d-4f67-9908-6bc16a47ebc4,ar condicionado salvou demais!,05/12/2024 08:33
219bdf7f-fa3a-4d8f-9e33-b83980cc7afb,vem aí lol 2,05/12/2024 08:34
30a1d1e4-da0d-4f67-9908-6bc16a47ebc4,cadeiras confortáveis,05/12/2024 08:34
9cc1a365-6476-4f22-bf74-2a453e1e8443,palestra de jogos muito boa,05/12/2024 08:35
c0f15389-3383-4e94-b413-2fd78bcd0b68,ótima palestra sobre um mercado de jogos,05/12/2024 08:41
12c8e1ec-c662-415a-b106-b64ccb7ece3f,o evento esse ano está com uma estética muito bacana.,05/12/2024 08:42
12c8e1ec-c662-415a-b106-b64ccb7ece3f,o tema de jogos é algo muito interessante.,05/12/2024 08:42
092f2a22-65fe-4b1e-a8de-356ce785cea3,ótima palestra,05/12/2024 08:42
30a1d1e4-da0d-4f67-9908-6bc16a47ebc4,ótimo conhecer sobre o mercado de jogos,05/12/2024 08:45
9cc1a365-6476-4f22-bf74-2a453e1e8443,"o que seria ""jogos sérios"" que ele estava falando?",05/12/2024 08:47
30a1d1e4-da0d-4f67-9908-6bc16a47ebc4,o fotógrafo sabe oque está fazendo!,05/12/2024 08:49
780e911b-3537-4deb-8eae-0ce33981b3d2,o wifi está horrível 😔,05/12/2024 08:49
30a1d1e4-da0d-4f67-9908-6bc16a47ebc4,gostei do campeonato ontem,05/12/2024 08:49
12c8e1ec-c662-415a-b106-b64ccb7ece3f,é interessante ver a integração do mercado de jogos e o setor acadêmico.,05/12/2024 08:50
880b38ad-954a-499a-a76a-66fce8a17f66,que palestra f*da,05/12/2024 08:50
12c8e1ec-c662-415a-b106-b64ccb7ece3f,muito bacana trazer profissionais dentro do mercado de trabalho para falar um pouco mais.,05/12/2024 08:50
30a1d1e4-da0d-4f67-9908-6bc16a47ebc4,ansioso pelos games casuais de hoje!,05/12/2024 08:50
4ce79311-38e9-401a-bb36-d1b6ad9ff2d3,ótima palestra pra começar o dia,05/12/2024 08:50
12c8e1ec-c662-415a-b106-b64ccb7ece3f,muito bom termos uma melhor refrigeração esse ano do espaço.,05/12/2024 08:50
7833a43c-88df-41ce-9608-368ecac536a1,"um feedback pro mymobiconf: os comentários poderiam ficar se atualizando, a gente tem que ficar saindo e voltando da aba pra carregar os novos comentários",05/12/2024 08:51
780e911b-3537-4deb-8eae-0ce33981b3d2,não sei nada de game development e vou participar da game jam 😎,05/12/2024 08:51
12c8e1ec-c662-415a-b106-b64ccb7ece3f,"seria bom fechar o evento para o pessoal do curso, para conseguirmos disponibilizar mais vagas pra todos.",05/12/2024 08:51
0420c57a-0aa8-45b1-9166-f455c0711707,qual o faturamento médio da umbu?,05/12/2024 08:51
780e911b-3537-4deb-8eae-0ce33981b3d2,"gente, se tiverem feedbacks sobre o app mandem no questionário do mymobiconf que acho que será melhor para o time visualizar por lá",05/12/2024 08:52
b99c9940-1ccf-4ec6-963a-9a233fddde70,"foi muito bacana entender como está projeto o futuro do desenvolvimento, com o auxílio das assistente ia.",05/12/2024 08:59
9cc1a365-6476-4f22-bf74-2a453e1e8443,qual shampoo o patrick usa?,05/12/2024 09:05
b6692dfb-d9b8-409b-ac8e-4ffe98e5a57b,"qual sua dica de organização de uma equipe iniciante de desenvolvimento de jogos, quanto a quantidade de pessoal forma de trabalho, etc?",05/12/2024 09:05
b6692dfb-d9b8-409b-ac8e-4ffe98e5a57b,qual sua experiência com jogos educacionais? quais dicas pode dar para equipes que os desenvolvem?,05/12/2024 09:07
9a75dc4c-7a4e-49c6-b73b-62eafd9c8b73,a umbu já usou a  linguagem de programação lua? e qual a linguagem de programação que a umbu mais usou pra fazer jogos?,05/12/2024 09:08
d3028b07-211a-405d-9f82-13b8d82aeff8,parabéns pela palestra!!,05/12/2024 09:08
0016d182-df26-4200-b287-2b9a2086516b,palestra boa,05/12/2024 09:09
0016d182-df26-4200-b287-2b9a2086516b,mt boa mesmo,05/12/2024 09:09
780e911b-3537-4deb-8eae-0ce33981b3d2,como vai ser a gamejam se a internet não está funcionando?,05/12/2024 09:09
4a38eef3-4375-45b4-b386-649cb518c20b,"o será que ele acha que o mercado de jogos está saturado com jogos aaa, com jogos indie recebendo mais avaliações positivas recentemente?",05/12/2024 09:09
19f49226-5a60-463b-85d3-ac562e4eddc4,em quais linguagens de programação vocês desenvolvem os jogos?,05/12/2024 09:10
023d3c99-a60f-4734-88e2-de4c9944c95a,no brasil existem empresas que desenvolvem jogos do gênero visual novel?,05/12/2024 09:11
ad08e116-810d-4533-a7c6-9782fcb55f6d,há algum gênero de jogos brasileiros que se destaca em termos de faturamento ou popularidade?,05/12/2024 09:12
84fb43ff-f2ca-4b32-b090-49467d8ae7a0,muito boa a palestra sobre jogos,05/12/2024 09:12
b6692dfb-d9b8-409b-ac8e-4ffe98e5a57b,"aqui na faculdade temos projetos de desenvolvimento de jogos educionais, seria possível obter algum contato com sua equipe para obter dicas e informações?",05/12/2024 09:12
0016d182-df26-4200-b287-2b9a2086516b,boas perguntas,05/12/2024 09:12
0016d182-df26-4200-b287-2b9a2086516b,boa palestra para abrir o dia,05/12/2024 09:13
5bc436a4-ec67-4216-87a7-d9152877d21f,muito legal a palestra sobre o mercado de jogos,05/12/2024 09:13
84fb43ff-f2ca-4b32-b090-49467d8ae7a0,adorei,05/12/2024 09:13
5bc436a4-ec67-4216-87a7-d9152877d21f,"vou levar esse ar condicionado pra casa, pode?",05/12/2024 09:13
0016d182-df26-4200-b287-2b9a2086516b,ele administrou bem o tempo,05/12/2024 09:13
0016d182-df26-4200-b287-2b9a2086516b,só achei o número de perguntas baixo,05/12/2024 09:14
b6692dfb-d9b8-409b-ac8e-4ffe98e5a57b,qual sua opinião sobre as engines de desenvolvimento de jogos? tem alguma dica sobre a unity?,05/12/2024 09:17
023d3c99-a60f-4734-88e2-de4c9944c95a,"legal a palestra, muito interessante mesmo",05/12/2024 09:17
780e911b-3537-4deb-8eae-0ce33981b3d2,"parabéns para a equipe do mymobiconf e para a equipe da organização do evento, esse ano está muito satisfatório participar da secom. e parabéns para o matheus peixoto pela ótima apresentação do evento",05/12/2024 09:17
d3028b07-211a-405d-9f82-13b8d82aeff8,pi marcando presença na secom 2024,05/12/2024 09:17
7cf13434-76d6-4046-96fd-1cfd9d429282,muito boa a palestra de jogos,05/12/2024 09:17
9cc1a365-6476-4f22-bf74-2a453e1e8443,ótima palestra!,05/12/2024 09:18
880b38ad-954a-499a-a76a-66fce8a17f66,"parabens, otima palestra",05/12/2024 09:18
34c8353a-bcb4-4553-8c2d-fac1c5311ccd,o joão sabe muito!,05/12/2024 09:18
ad08e116-810d-4533-a7c6-9782fcb55f6d,muito boa a palestra,05/12/2024 09:18
e539ea11-2f5f-48c0-8cd6-f269dd6ed844,"muito interessante, tragam mais palestras sobre o assunto de jogos",05/12/2024 09:30
4ce79311-38e9-401a-bb36-d1b6ad9ff2d3,coffe break podia ser a tarde ao invés de manhã,05/12/2024 09:38
c922b921-1305-4fe3-b76c-649887d97eb4,muito boas as dicas,05/12/2024 09:38
c922b921-1305-4fe3-b76c-649887d97eb4,bom,05/12/2024 09:38
c922b921-1305-4fe3-b76c-649887d97eb4,excelente,05/12/2024 09:38
c922b921-1305-4fe3-b76c-649887d97eb4,ar co dicionário frio,05/12/2024 09:39
c922b921-1305-4fe3-b76c-649887d97eb4,a parte da tarde era obrigatória?,05/12/2024 09:39
c922b921-1305-4fe3-b76c-649887d97eb4,sim,05/12/2024 09:39
c922b921-1305-4fe3-b76c-649887d97eb4,muito boa a palestra,05/12/2024 09:39
ae0cbeae-1ff0-406f-a78a-a80a71120100,a palestra sobre games foi muito interessante,05/12/2024 09:40
ae0cbeae-1ff0-406f-a78a-a80a71120100,coffe braek bom adorei o salgado de frango,05/12/2024 09:40
c922b921-1305-4fe3-b76c-649887d97eb4,poderia diminuir a quantidade toda de de comentários,05/12/2024 09:40
c922b921-1305-4fe3-b76c-649887d97eb4,diminuir o salgadonho de milho,05/12/2024 09:40
c922b921-1305-4fe3-b76c-649887d97eb4,aumentar a salgadinho de salsicha,05/12/2024 09:40
ae0cbeae-1ff0-406f-a78a-a80a71120100,ansioso para a maratona,05/12/2024 09:40
c922b921-1305-4fe3-b76c-649887d97eb4,comentário,05/12/2024 09:42
c922b921-1305-4fe3-b76c-649887d97eb4,muito bom,05/12/2024 09:43
a5551753-5cda-4641-bc94-7d92707ef19c,"trazer palestras de temas variados para além de inteligência artificial, como foi no caso da umbu games, enriquece ainda mais o evento.",05/12/2024 09:43
a8795f76-f29d-4a4e-ab33-de80f1fa7eaa,palestra incrível da umbu games!,05/12/2024 09:55
8b532002-32a9-47b8-a068-f68ebed037cd,a palestra sobre o mercado de jogos foi muito interessante! como pode umbu ser tão grande e ter feito tantos trabalhos interessantes?!,05/12/2024 09:57
9a75dc4c-7a4e-49c6-b73b-62eafd9c8b73,vai ter ps5 hoje a noite ??? 👀👀,05/12/2024 09:57
84fb43ff-f2ca-4b32-b090-49467d8ae7a0,"ps5 hoje a noite, ansiosa",05/12/2024 10:00
4ce79311-38e9-401a-bb36-d1b6ad9ff2d3,como vai funcionar os torneios hoje ?,05/12/2024 10:00
45025e25-714c-447c-ad00-3f2880882d2b,boa palestra,05/12/2024 10:00
45025e25-714c-447c-ad00-3f2880882d2b,ótima palestra,05/12/2024 10:00
d13dce39-51a4-4170-8b39-f06cb1f6adf6,primeira palestra foi ótima,05/12/2024 10:03
d13dce39-51a4-4170-8b39-f06cb1f6adf6,tenho muito interesse na área de jogos,05/12/2024 10:03
45025e25-714c-447c-ad00-3f2880882d2b,muito bom,05/12/2024 10:03
45025e25-714c-447c-ad00-3f2880882d2b,bom,05/12/2024 10:03
45025e25-714c-447c-ad00-3f2880882d2b,ótimo,05/12/2024 10:03
45025e25-714c-447c-ad00-3f2880882d2b,perfeito,05/12/2024 10:03
d13dce39-51a4-4170-8b39-f06cb1f6adf6,qual shampoo patrick usa,05/12/2024 10:04
03164614-b683-45b1-98f0-7179e65cd4ed,alguém pelo amor de deus fala oque o patrick passa no cabelo,05/12/2024 10:05
34c8353a-bcb4-4553-8c2d-fac1c5311ccd,coffee break tá virando um evento a parte.,05/12/2024 10:06
c3149f3b-36f2-4fbd-a033-c41f8e9fe534,o coffee break perfeito!,05/12/2024 10:07
03164614-b683-45b1-98f0-7179e65cd4ed,acho que na próxima secom deveria ter uma dinâmica pra disputar as sobras do coffebreak,05/12/2024 10:07
c3149f3b-36f2-4fbd-a033-c41f8e9fe534,"o tempo da sipeec foi mto grande... quem sabe na próxima vez, poderíamos ter 3 minutos de fala apenas",05/12/2024 10:08
700f7b0c-46a5-4f88-b605-7015d0660e2b,bom dms,05/12/2024 10:09
4a38eef3-4375-45b4-b386-649cb518c20b,gente eu só peço isso qual é o shampoo que o patrick usa......,05/12/2024 10:09
226440c8-ce0c-42b8-a37b-8435e915955d,animada com a palestra da levty,05/12/2024 10:10
5bc436a4-ec67-4216-87a7-d9152877d21f,ansiosa pela próxima palestra,05/12/2024 10:11
03164614-b683-45b1-98f0-7179e65cd4ed,ansioso pelos jogos de hoje,05/12/2024 10:11
5bc436a4-ec67-4216-87a7-d9152877d21f,"lanchinho delicioso, mas queria um docinho em algum dos dias 😋",05/12/2024 10:11
5bc436a4-ec67-4216-87a7-d9152877d21f,muito divertidas as palestras,05/12/2024 10:13
02af807d-7123-444e-b61e-89eaf92be60f,ansioso pelas palestras!!,05/12/2024 10:16
5bc436a4-ec67-4216-87a7-d9152877d21f,ansiosa pela próxima palestra,05/12/2024 10:18
64a69630-bdc5-4e29-9090-492d31a34e0d,cadê o doce no coffee break??,05/12/2024 10:18
219bdf7f-fa3a-4d8f-9e33-b83980cc7afb,liga o ar daqui de trás nmrllll,05/12/2024 10:20
d13dce39-51a4-4170-8b39-f06cb1f6adf6,ontem a sipeeec demorou mt foi cansativo poderia talvez diminuir o tempo das apresentações ano q vem ou dividir em dois,05/12/2024 10:21
64a69630-bdc5-4e29-9090-492d31a34e0d,onde que eu olho em qual palestra eu to inscrito?,05/12/2024 10:21
7833a43c-88df-41ce-9608-368ecac536a1,"caramba, nem sabia que o cifras era de bh",05/12/2024 10:24
092f2a22-65fe-4b1e-a8de-356ce785cea3,só por essa apresentação já deu pra perceber que o pessoal do letras é bacana demais,05/12/2024 10:24
d13dce39-51a4-4170-8b39-f06cb1f6adf6,nao sabia que letras era de bh,05/12/2024 10:25
64a69630-bdc5-4e29-9090-492d31a34e0d,em que o letras academy é focado?,05/12/2024 10:26
092f2a22-65fe-4b1e-a8de-356ce785cea3,gostaria de saber mais sobre o letras academy,05/12/2024 10:29
0420c57a-0aa8-45b1-9166-f455c0711707,como é ter alguns produtos que o faturamento depende de contribuições voluntárias (ex: letras e cifra club),05/12/2024 10:29
226440c8-ce0c-42b8-a37b-8435e915955d,com qual frequência a empresa oferece oportunidade de estágio ou trainees? e qual é a rotina de trabalho deles?,05/12/2024 10:39
ae0cbeae-1ff0-406f-a78a-a80a71120100,o o pessoal do letras é bom hein,05/12/2024 10:39
a5551753-5cda-4641-bc94-7d92707ef19c,"a palestra do letras é o melhor evento dessa secom até agora. quem trouxe eles, está de parabéns.",05/12/2024 10:41
7568d4e3-7c42-4c07-9246-161f8f144017,imagina o brinde do letras ser um instrumento kkkkk.,05/12/2024 10:41
3f05e03e-45ce-4e65-b2f3-cf3a76e21fa1,até o momento a melhor palestra da secom,05/12/2024 10:41
99899b5a-eb3d-4d67-a64f-a143f824a709,"pergunta para o rods: na sua época de estudante aqui na ufv, você participou de um projeto integrador? como foi a experiência e como você compararia isso a sua experiência numa equipe de verdade?",05/12/2024 10:41
5bc436a4-ec67-4216-87a7-d9152877d21f,muito legal essa palestra do letras!!,05/12/2024 10:42
13c63d6c-e94d-4b8b-829b-3a6f523ac131,"no uso do front vocês falaram do uso de sockets. vocês usam sockets puro ou algum middleware? (achei interessante, não imaginava que isso era usado nesse contexto)",05/12/2024 10:42
8f243416-db6e-4185-8133-0e0433d6c30a,bom saber que temos mineiros em uma empresa tão grande,05/12/2024 10:43
99899b5a-eb3d-4d67-a64f-a143f824a709,"nota na pergunta para o rods: pelo que a gláucia contou, o pi era muito mais caótico antigamente. hoje em dia são equipes separadas, de 8 a 10 pessoas.",05/12/2024 10:43
b99c9940-1ccf-4ec6-963a-9a233fddde70,muito bacana esses exemplos para explicar e diferenciar o back-end do front-end,05/12/2024 10:44
8f243416-db6e-4185-8133-0e0433d6c30a,"sobre a palestra de mais cedo, nao sabia que era tao desafiador o mercado de jogos",05/12/2024 10:45
8f243416-db6e-4185-8133-0e0433d6c30a,hahahahaha gosto de musica muito legal,05/12/2024 10:45
513987ee-1026-4bd4-93aa-9d89d6d5bad4,qual sua música favorita do post malone?,05/12/2024 10:45
ae0cbeae-1ff0-406f-a78a-a80a71120100,o letras possui aplicativo? o que tem no app de interessante além do site?,05/12/2024 10:45
880b38ad-954a-499a-a76a-66fce8a17f66,"muito boa a palestra, exemplos excelentes",05/12/2024 10:45
513987ee-1026-4bd4-93aa-9d89d6d5bad4,qual shampoo o rodes usa?,05/12/2024 10:45
ae0cbeae-1ff0-406f-a78a-a80a71120100,o negócio é linkin park.,05/12/2024 10:46
4ce79311-38e9-401a-bb36-d1b6ad9ff2d3,o cara ouve lorde,05/12/2024 10:46
ae0cbeae-1ff0-406f-a78a-a80a71120100,shampoo do rodes??,05/12/2024 10:46
b99c9940-1ccf-4ec6-963a-9a233fddde70,quem não é fã de taylor swift em pleno 2024?,05/12/2024 10:46
30a1d1e4-da0d-4f67-9908-6bc16a47ebc4,gostei da dinâmica dos gostos musicais,05/12/2024 10:46
513987ee-1026-4bd4-93aa-9d89d6d5bad4,"uso letras todos os dias, tenho prioridade na entrevista de emprego?",05/12/2024 10:46
3e72f254-acab-4aec-ad73-bf9dff9c21ad,muito legal a palestra,05/12/2024 10:47
8f4c1ec8-e5ed-4ce2-90f1-84bbab673805,anao taylor swift nao,05/12/2024 10:47
8f4c1ec8-e5ed-4ce2-90f1-84bbab673805,cade o kanye west,05/12/2024 10:47
513987ee-1026-4bd4-93aa-9d89d6d5bad4,é muito paia usar o letras apenas pra ler a tradução das músicas que a gata te manda e vc n quer escutar?(taylor swift 🤢),05/12/2024 10:48
3e72f254-acab-4aec-ad73-bf9dff9c21ad,palestrantes bem descontraídos,05/12/2024 10:48
9aa2b218-1ce5-4019-8e59-cefd44bc9866,"o rodrigo teria algum dica de aprendizagem, projetos para portfólio e dicas para o começo na área da linguagem golang?",05/12/2024 10:48
30a1d1e4-da0d-4f67-9908-6bc16a47ebc4,interessante ver como funciona o backend e frontend em um site,05/12/2024 10:48
092f2a22-65fe-4b1e-a8de-356ce785cea3,que palestra incrível! amei esses dois,05/12/2024 10:48
7568d4e3-7c42-4c07-9246-161f8f144017,então o cache não necessariamente está executado o código. usa já uma requisição anterior que está em um buffer ?,05/12/2024 10:49
13c63d6c-e94d-4b8b-829b-3a6f523ac131,"no cache e cdn, todo o serviço vem pronto ou vocês precisaram fazer/usar alguma aplicação específica para encontrar as melhores rotas, etc?",05/12/2024 10:51
7568d4e3-7c42-4c07-9246-161f8f144017,certeza que foi o rodigo que fez o slide,05/12/2024 10:54
a8795f76-f29d-4a4e-ab33-de80f1fa7eaa,excelente palestra sobre boas práticas de otimização do pessoal da letras!,05/12/2024 10:55
eed4edbe-921c-4f9c-8148-1948d00197eb,palestras muito interessantes,05/12/2024 10:55
eed4edbe-921c-4f9c-8148-1948d00197eb,gostei muito da palestra do letras,05/12/2024 10:55
eed4edbe-921c-4f9c-8148-1948d00197eb,fiquei mais interessado a respeito do mercado de jogos no brasil,05/12/2024 10:55
eed4edbe-921c-4f9c-8148-1948d00197eb,gostaria de trabalhar em um sistema como o do letras,05/12/2024 10:55
b99c9940-1ccf-4ec6-963a-9a233fddde70,muito legal essas maneiras mais eficientes de implementação de imagens no front-end,05/12/2024 10:56
eed4edbe-921c-4f9c-8148-1948d00197eb,requisições de banco de dados e áreas que já conhecemos no curso,05/12/2024 10:56
7568d4e3-7c42-4c07-9246-161f8f144017,interessante usar a técnica de sprite nesse contexto,05/12/2024 10:57
092f2a22-65fe-4b1e-a8de-356ce785cea3,será que tem a possibilidade desses slides serem disponibilizados pra gente?,05/12/2024 10:57
f24a3531-506e-487a-84d2-614694703dfc,bom,05/12/2024 10:59
86cc2ad1-6ef4-4b63-8d8f-c512cc96589d,que dupla maravilhosa!,05/12/2024 10:59
f24a3531-506e-487a-84d2-614694703dfc,top👏🏽👏🏽,05/12/2024 10:59
eed4edbe-921c-4f9c-8148-1948d00197eb,ansioso para as palestras de mais tarde!!!,05/12/2024 11:01
12c8e1ec-c662-415a-b106-b64ccb7ece3f,como funciona o processo seletivo para estágio/trainee do letras?,05/12/2024 11:02
f24a3531-506e-487a-84d2-614694703dfc,ótimo!,05/12/2024 11:02
a5551753-5cda-4641-bc94-7d92707ef19c,alguém trás a studiosol de novo ano que vem.,05/12/2024 11:02
f24a3531-506e-487a-84d2-614694703dfc,"ótima palestra, também amo taylor swift 
tenho 1,80m sei cozinhar e sou contra a cólica ✊🏽",05/12/2024 11:04
13c63d6c-e94d-4b8b-829b-3a6f523ac131,"como funcionaria para entrar na empresa de vocês? seja como estagiário, junior, trainee...",05/12/2024 11:06
a66b96d8-e20d-4946-b233-a3a04992b2ab,podia ter o pdf das apresentações aqui no app pra gente baixar,05/12/2024 11:06
f569f9d9-9281-4405-a4aa-084b33a9be5a,tenho uma dúvida sobre a palestra da letras. quais tecnologias principais são utilizadas para o frontend? como o framework que é utilizado,05/12/2024 11:12
7568d4e3-7c42-4c07-9246-161f8f144017,não sabia que essas apresentações funcionavam por conta dessas meta tags,05/12/2024 11:12
513987ee-1026-4bd4-93aa-9d89d6d5bad4,quando vai sair a retrospectiva letras 2024?,05/12/2024 11:13
a5551753-5cda-4641-bc94-7d92707ef19c,tem como disponibilizar esses slides do letras?,05/12/2024 11:13
a66b96d8-e20d-4946-b233-a3a04992b2ab,muito legal falarem sobre seo! primeira palestra que  citou isso!,05/12/2024 11:13
df0c5066-4918-4384-bf21-9ba7343bf772,uma pergunta: qual a arquitetura é utilizada no frontend?,05/12/2024 11:13
34d7ba0b-7b62-4439-b143-d7dd24797376,secom está incrível,05/12/2024 11:13
34d7ba0b-7b62-4439-b143-d7dd24797376,palestras muito interessantes,05/12/2024 11:13
99899b5a-eb3d-4d67-a64f-a143f824a709,laryssa e rods dando uma baita aula sobre webdev e a ufv oscilando o wi-fi como se estivesse mandando um código morse 🤡 ironia dms,05/12/2024 11:14
34d7ba0b-7b62-4439-b143-d7dd24797376,adorei a ideia de fazer horas de extensão com jogos kkk,05/12/2024 11:14
f24a3531-506e-487a-84d2-614694703dfc,e o fifa em,05/12/2024 11:14
513987ee-1026-4bd4-93aa-9d89d6d5bad4,palestra chique,05/12/2024 11:14
99899b5a-eb3d-4d67-a64f-a143f824a709,"véi... mandei uma pergunta e ela não subiu pq o wi-fi cortou na hora exata... perdi a pergunta, mas ela não enviou. 😤bugzinho aí pros devs do app quebrarem a cabeça 👾",05/12/2024 11:16
7568d4e3-7c42-4c07-9246-161f8f144017,"me impressionei muito com essa palestra, muito boa e bem informativa",05/12/2024 11:17
99899b5a-eb3d-4d67-a64f-a143f824a709,"pergunta: quando vocês estão alterando o código-fonte, não tem tipo um pré-servidor para fazerem upload e testar o site? do jeito que falaram, pareceu que ia direto pro servidor após os testes locais.",05/12/2024 11:19
513987ee-1026-4bd4-93aa-9d89d6d5bad4,criatividade é um fator necessário para ser um desenvolvedor front end ou qualquer pessoa consegue se virar com o tempo?,05/12/2024 11:20
a66b96d8-e20d-4946-b233-a3a04992b2ab,palestra excelente!!!!!,05/12/2024 11:22
b99c9940-1ccf-4ec6-963a-9a233fddde70,"ver a implementação dessas ferramentas na prática é muito interessante, saindo da teoria e mostrando como realmente são utilizadas no mercado.",05/12/2024 11:23
d51c3bbb-185b-4a34-848a-607621bd7cc2,vocês fazem algum tipo de processo seletivo para estagio?,05/12/2024 11:23
86cc2ad1-6ef4-4b63-8d8f-c512cc96589d,que linda 😭😭😭,05/12/2024 11:23
b99c9940-1ccf-4ec6-963a-9a233fddde70,incrível essa palestra!!!!,05/12/2024 11:23
8b532002-32a9-47b8-a068-f68ebed037cd,a palestra da letras foi muito mais interessante do que premeditei. muitos bons conselhos btw,05/12/2024 11:28
c0f15389-3383-4e94-b413-2fd78bcd0b68,muito boa essa dupla,05/12/2024 11:28
883f6e71-d69f-4eb4-8791-f3f68ee15315,qual o salário médio de um desenvolvedor front end hoje em dia?,05/12/2024 11:28
02af807d-7123-444e-b61e-89eaf92be60f,a palestra do letras foi incrível,05/12/2024 11:28
02af807d-7123-444e-b61e-89eaf92be60f,"no letras o front do back é bem separado e definido, um programador full stack se daria bem??",05/12/2024 11:30
8aed64cf-df9c-4421-bff3-6c07fee239b1,ótima palestra,05/12/2024 11:33
b99c9940-1ccf-4ec6-963a-9a233fddde70,muito legal essa dinâmica de sorteio!! sou a favor de um em cada apresentação hoje,05/12/2024 11:42
226440c8-ce0c-42b8-a37b-8435e915955d,ter tido sorteio foi legal demais. espero um dia ganhar um ...,05/12/2024 11:44
3f05e03e-45ce-4e65-b2f3-cf3a76e21fa1,palestra da letras magnífica,05/12/2024 11:47
3f05e03e-45ce-4e65-b2f3-cf3a76e21fa1,ansioso pela palestra da levty e sydle,05/12/2024 11:47
3f05e03e-45ce-4e65-b2f3-cf3a76e21fa1,"coffebreak foi um pouco cedo, mas estava bom",05/12/2024 11:47
b843c3db-fc8f-45a6-8322-19b87391fa20,quero trabalhar na studiosol! que palestra incrível.,05/12/2024 11:51
b843c3db-fc8f-45a6-8322-19b87391fa20,bora para mais uma palestra incrível da levy.,05/12/2024 11:53
b843c3db-fc8f-45a6-8322-19b87391fa20,nunca pensei que back e front fosse tamanho legal.,05/12/2024 11:53
50ab66a7-9677-44ec-b7d4-be69f3d11d87,muito bons os adesivos!,05/12/2024 11:54
50ab66a7-9677-44ec-b7d4-be69f3d11d87,palestra da levty agrr,05/12/2024 11:54
b843c3db-fc8f-45a6-8322-19b87391fa20,palestras muito interessantes!!!,05/12/2024 11:54
8c83da8e-1478-4a91-ae10-7347cd55d06f,palestra de lei,05/12/2024 11:56
8c83da8e-1478-4a91-ae10-7347cd55d06f,tema muito interessante,05/12/2024 11:56
b843c3db-fc8f-45a6-8322-19b87391fa20,"eu amei as figurinhas da github, peguei o máximo que pude!",05/12/2024 11:56
8c83da8e-1478-4a91-ae10-7347cd55d06f,interessado nessa levity,05/12/2024 11:56
b843c3db-fc8f-45a6-8322-19b87391fa20,"que evento incrível, secom melhor do que nunca, por mais anos assim!",05/12/2024 11:57
a66b96d8-e20d-4946-b233-a3a04992b2ab,como foi sua trajetória de trainee para agile master?,05/12/2024 12:09
883f6e71-d69f-4eb4-8791-f3f68ee15315,qual a principal função que um funcionário da levty desempenha?,05/12/2024 12:09
883f6e71-d69f-4eb4-8791-f3f68ee15315,quero trabalhar na levty!!!,05/12/2024 12:10
34c8353a-bcb4-4553-8c2d-fac1c5311ccd,esse horário de almoço de 13h às 13:30h ficou mal posicionado.com o horário de funcionamento do ru.,05/12/2024 12:11
226440c8-ce0c-42b8-a37b-8435e915955d,"o quão interessante experiências como o projeto integrados, a sydle/levty consideram? é algo q valeria a pena colocar no currículo para a empresa deles?",05/12/2024 12:12
226440c8-ce0c-42b8-a37b-8435e915955d,gláucia teria orgulho dessa palestra!,05/12/2024 12:16
a66b96d8-e20d-4946-b233-a3a04992b2ab,quando que a alteração do escopo durante o processo pode se tornar um problema?,05/12/2024 12:21
c83d77db-e69b-4b9a-af36-1e80aed4ea42,quais as diferenças de funções entre o scrum master e o p.o.?,05/12/2024 12:21
86cc2ad1-6ef4-4b63-8d8f-c512cc96589d,deve ser muito bom trabalhar na levty,05/12/2024 12:21
a66b96d8-e20d-4946-b233-a3a04992b2ab,o canal no teams com o cliente não gera cobrança excessiva?,05/12/2024 12:22
c83d77db-e69b-4b9a-af36-1e80aed4ea42,vocês usam o scrumban?,05/12/2024 12:24
34c8353a-bcb4-4553-8c2d-fac1c5311ccd,já de olho no trainee 2025 da levty 🚀👩🏽‍💻,05/12/2024 12:24
13c63d6c-e94d-4b8b-829b-3a6f523ac131,na levty vocês usaram/usam algum modelo de metodologia ágil para criar o de vocês?,05/12/2024 12:25
c0f15389-3383-4e94-b413-2fd78bcd0b68,muito interessante o conteúdo apresentado!,05/12/2024 12:25
a66b96d8-e20d-4946-b233-a3a04992b2ab,você acha que tem um tamanho ideal pra equipe?,05/12/2024 12:26
02af807d-7123-444e-b61e-89eaf92be60f,ótima palestra,05/12/2024 12:27
e2b6d403-470e-4752-8767-48575bb10c67,muito bom,05/12/2024 12:27
4ce79311-38e9-401a-bb36-d1b6ad9ff2d3,processo de trainee parece interessante,05/12/2024 12:27
b6692dfb-d9b8-409b-ac8e-4ffe98e5a57b,poderiam dar dicas sobre como se portar num bate papo do processo seletivo?,05/12/2024 12:27
50ab66a7-9677-44ec-b7d4-be69f3d11d87,muito boa a palestra,05/12/2024 12:27
b6692dfb-d9b8-409b-ac8e-4ffe98e5a57b,"sobre preparação para o ambiente profissional, quais itens vocês consideram fundamentais para um perfil de colaborador?",05/12/2024 12:28
7833a43c-88df-41ce-9608-368ecac536a1,qual é a porcentagem de candidatos que conseguem a entrada para trainee?,05/12/2024 12:29
b99c9940-1ccf-4ec6-963a-9a233fddde70,muito boa palestra e bem objetiva,05/12/2024 12:29
c3149f3b-36f2-4fbd-a033-c41f8e9fe534,palestra enriquecedora!,05/12/2024 12:29
b6692dfb-d9b8-409b-ac8e-4ffe98e5a57b,qual a importância de um portfólio ou experiência profissional no processo seletivo da levty?,05/12/2024 12:29
b99c9940-1ccf-4ec6-963a-9a233fddde70,"e o sorteio, nada ainda?",05/12/2024 12:30
50ab66a7-9677-44ec-b7d4-be69f3d11d87,quero entrar para a levty,05/12/2024 12:30
d0881343-b903-4573-aee3-c821f2e201de,ótima palestra,05/12/2024 12:30
d0881343-b903-4573-aee3-c821f2e201de,gostei das palestras studiosol,05/12/2024 12:32
d0881343-b903-4573-aee3-c821f2e201de,adesivos do git muito legais,05/12/2024 12:32
d0881343-b903-4573-aee3-c821f2e201de,secom esse ano está muito boa,05/12/2024 12:33
d0881343-b903-4573-aee3-c821f2e201de,podia ter duas secom no ano,05/12/2024 12:35
b6692dfb-d9b8-409b-ac8e-4ffe98e5a57b,quais dicas você poderia dar para que possamos nos preparar para o mercado de trabalho?,05/12/2024 12:36
b6692dfb-d9b8-409b-ac8e-4ffe98e5a57b,"em relação ao processo seletivo da sydle, qual seria um item que considera indispensável para um possível candidato?",05/12/2024 12:37
b6692dfb-d9b8-409b-ac8e-4ffe98e5a57b,"poderia dar algumas informações sobre os produtos da sydle, como o sydle one?",05/12/2024 12:38
d0881343-b903-4573-aee3-c821f2e201de,a secom esse ano está muito boa,05/12/2024 12:39
d0881343-b903-4573-aee3-c821f2e201de,ótimas palestras,05/12/2024 12:39
d0881343-b903-4573-aee3-c821f2e201de,as palestras dos patrocinadores estão muito interessante,05/12/2024 12:41
d0881343-b903-4573-aee3-c821f2e201de,ansioso para a maratonas desse ano,05/12/2024 12:41
a5551753-5cda-4641-bc94-7d92707ef19c,a palestra da levty poderia ter sido mais interativa. faltou dinamismo em comparação com os palestrantes anteriores.,05/12/2024 12:52
a5551753-5cda-4641-bc94-7d92707ef19c,o que esperam de um dev pleno na sydle?,05/12/2024 13:05
3f05e03e-45ce-4e65-b2f3-cf3a76e21fa1,o que mais esperam de um candidato trainee na sydle?,05/12/2024 13:07
d0881343-b903-4573-aee3-c821f2e201de,o que a sydle busca em um profissional para se contratar?,05/12/2024 13:12
b99c9940-1ccf-4ec6-963a-9a233fddde70,"por mais que tenha sido online, essa palestra foi muito bacana",05/12/2024 13:13
513987ee-1026-4bd4-93aa-9d89d6d5bad4,eh possível participar das 2 seletivas ao mesmo tempo? sydle e levty,05/12/2024 13:13
513987ee-1026-4bd4-93aa-9d89d6d5bad4,a identidade visual da sydle eh muito foda,05/12/2024 13:13
513987ee-1026-4bd4-93aa-9d89d6d5bad4,ter um bom linkedin influência muito nas seletivas?,05/12/2024 13:14
c0f15389-3383-4e94-b413-2fd78bcd0b68,"organização mau hoje, tempo excedeu demais",05/12/2024 13:17
45025e25-714c-447c-ad00-3f2880882d2b,primeiramente o horário ficou muito apertado e tivemos que sair mais cedo antes do ru fechar e ficamos sem brinde sendo que teve uma rapaziada que nem viu nada da palestra e ganhou brinde.,05/12/2024 13:17
7833a43c-88df-41ce-9608-368ecac536a1,na próxima secom eu acho que seria melhor fazer a game jam e a maratona paralelos aos minicursos,05/12/2024 13:38
8c83da8e-1478-4a91-ae10-7347cd55d06f,gostando muito,05/12/2024 14:09
ad08e116-810d-4533-a7c6-9782fcb55f6d,quais são as carreiras na área de dados e quais a diferença entre elas?,05/12/2024 14:22
ad08e116-810d-4533-a7c6-9782fcb55f6d,quais conhecimentos que vc considera como  diferencial para trabalhar na area de ciencia de dados?,05/12/2024 14:31
023d3c99-a60f-4734-88e2-de4c9944c95a,muito legal essa palestra da dti,05/12/2024 14:31
99899b5a-eb3d-4d67-a64f-a143f824a709,"pergunta: que tipo de dados você extraía quando passou pela formação de engenharia elétrica? ou melhor, com o que exatamente você estava trabalhando?",05/12/2024 14:33
883f6e71-d69f-4eb4-8791-f3f68ee15315,salve pedrão,05/12/2024 14:33
883f6e71-d69f-4eb4-8791-f3f68ee15315,salve matheus,05/12/2024 14:33
8b532002-32a9-47b8-a068-f68ebed037cd,muito boa a palestra da dti. muito informativa.,05/12/2024 14:37
66333d64-e1a9-407d-b5ec-e97640fc0bfc,"eu vejo que no treinamento de modelos existem vários técnicas e metodologias pra ser realizada, como você disse, cada caso é diferente, como é feita essa seleção?",05/12/2024 14:37
8b532002-32a9-47b8-a068-f68ebed037cd,"o quanto de conhecimento da área é necessário pra alguém que tem a função de trabalhar com modelagem de dados? por exemplo, o cientista de dados precisa saber engenharia pra extrair dados dessa área?",05/12/2024 14:45
34c8353a-bcb4-4553-8c2d-fac1c5311ccd,tem alguma previsão de quais áreas vão ser as próximas tendência daqui alguns anos?,05/12/2024 14:51
8c83da8e-1478-4a91-ae10-7347cd55d06f,"cara, ramo interessante",05/12/2024 14:51
8aed64cf-df9c-4421-bff3-6c07fee239b1,ótima apresentação.,05/12/2024 14:52
78a0dc2a-07a3-41bb-a1a4-3731b2e51917,"boa palestra sobre dados, mostrou aplicações da area",05/12/2024 14:52
8c83da8e-1478-4a91-ae10-7347cd55d06f,power bi é requisito sempre,05/12/2024 14:52
8c83da8e-1478-4a91-ae10-7347cd55d06f,quais conhecimentos acha um deferencial pra entrar nesse ramo?,05/12/2024 15:02
883f6e71-d69f-4eb4-8791-f3f68ee15315,o que é esse dispositivo na blusa do palestrante?,05/12/2024 15:07
ad08e116-810d-4533-a7c6-9782fcb55f6d,brasil tem tudo para decolar,05/12/2024 15:29
78a0dc2a-07a3-41bb-a1a4-3731b2e51917,estou adorando a palestra,05/12/2024 15:32
78a0dc2a-07a3-41bb-a1a4-3731b2e51917,muito legal a visão que o palestrante deu sobre o mercado,05/12/2024 15:32
023d3c99-a60f-4734-88e2-de4c9944c95a,palestra inspiradora,05/12/2024 15:35
78a0dc2a-07a3-41bb-a1a4-3731b2e51917,chama pra mais hackatons,05/12/2024 15:40
84fb43ff-f2ca-4b32-b090-49467d8ae7a0,palestra muito boa,05/12/2024 15:41
84fb43ff-f2ca-4b32-b090-49467d8ae7a0,secom cada dia melhor,05/12/2024 15:41
64a69630-bdc5-4e29-9090-492d31a34e0d,qual a taxa de permanência dos funcionários contratados?,05/12/2024 15:47
c83d77db-e69b-4b9a-af36-1e80aed4ea42,ninguém faz nada sozinho,05/12/2024 15:48
c83d77db-e69b-4b9a-af36-1e80aed4ea42,muito boa a palestra do natanael,05/12/2024 15:49
8c83da8e-1478-4a91-ae10-7347cd55d06f,gostei da animação do palestrante,05/12/2024 15:51
219bdf7f-fa3a-4d8f-9e33-b83980cc7afb,sabe mto nmrl,05/12/2024 15:52
e06ffaec-3d0b-45f5-85c5-94027d692f0f,o cara é bom mesmo,05/12/2024 15:52
023d3c99-a60f-4734-88e2-de4c9944c95a,muito interessante,05/12/2024 15:53
ad08e116-810d-4533-a7c6-9782fcb55f6d,e como identificar um problema a ser resolvido?,05/12/2024 15:54
d51c3bbb-185b-4a34-848a-607621bd7cc2,sabe demais,05/12/2024 15:58
d51c3bbb-185b-4a34-848a-607621bd7cc2,cara é muito bom,05/12/2024 15:58
b99c9940-1ccf-4ec6-963a-9a233fddde70,"palestra incrível, muito bacana a forma de apresentação e interação com nós alunos",05/12/2024 15:58
b6692dfb-d9b8-409b-ac8e-4ffe98e5a57b,"esse comentário é mais uma observação, no início da palestra foi falado sobre diversidade e a diversidade é exatamente pessoas de raças, culturas, gêneros diferentes. e isso não é um problema.",05/12/2024 15:59
ad08e116-810d-4533-a7c6-9782fcb55f6d,como você extrai o melhor das pessoas ao seu redor?,05/12/2024 15:59
b6692dfb-d9b8-409b-ac8e-4ffe98e5a57b,qual sua dica para a primeira experiência no mercado?,05/12/2024 16:00
e06ffaec-3d0b-45f5-85c5-94027d692f0f,esse cara me deu motivação,05/12/2024 16:00
8aed64cf-df9c-4421-bff3-6c07fee239b1,boa apresentação.,05/12/2024 16:04
61b2f3d3-4265-4ca1-bf48-f6fb75a5348f,os problemas éticos relacionados as ias se concentram aos modelos de inteligência artificiais generativas?,05/12/2024 16:39
61b2f3d3-4265-4ca1-bf48-f6fb75a5348f,como me tornar um profissional melhor usando a inteligências artificiais sem que as ias tomem maior parte da minha responsabilidade?,05/12/2024 16:41
a66b96d8-e20d-4946-b233-a3a04992b2ab,com cursos on-line é possível aprender o suficiente sobre lgpd para aplicar em uma empresa?,05/12/2024 16:49
78a0dc2a-07a3-41bb-a1a4-3731b2e51917,que precauções devo tomar ao aceitar os termos de uso?,05/12/2024 16:49
a66b96d8-e20d-4946-b233-a3a04992b2ab,"palestra excelente, muito conhecimento compartilhado!",05/12/2024 16:49
e06ffaec-3d0b-45f5-85c5-94027d692f0f,muito importante a concientizar sobre isso,05/12/2024 16:50
78a0dc2a-07a3-41bb-a1a4-3731b2e51917,muito boa palestra,05/12/2024 16:50
ad08e116-810d-4533-a7c6-9782fcb55f6d,"com base na lgpd, posso solicitar a uma empresa que me envia mensagens no whatsapp
 informações sobre onde ela obteve  o meu número?",05/12/2024 16:52
b99c9940-1ccf-4ec6-963a-9a233fddde70,muito boa palestra!!,05/12/2024 16:56
47f0857b-7373-4457-b034-4eca2ed5efd9,muito boa a palestra,05/12/2024 17:17
47f0857b-7373-4457-b034-4eca2ed5efd9,já utilizei muito o letras,05/12/2024 17:17
47f0857b-7373-4457-b034-4eca2ed5efd9,melhor site de letras que já vi,05/12/2024 17:17
47f0857b-7373-4457-b034-4eca2ed5efd9,as palestras hoje estão ótimas,05/12/2024 17:17
47f0857b-7373-4457-b034-4eca2ed5efd9,gostaria muito da área de games,05/12/2024 17:18
47f0857b-7373-4457-b034-4eca2ed5efd9,a indústria de games está cada vez maior,05/12/2024 17:18
7cf13434-76d6-4046-96fd-1cfd9d429282,mt bom essa cabeludo sabe oq fala,05/12/2024 17:33
8c83da8e-1478-4a91-ae10-7347cd55d06f,o verdadeiro goty de 2018 é os amigos que fizemos pelo caminho,05/12/2024 17:34
8b532002-32a9-47b8-a068-f68ebed037cd,as palestras dessa secom estão de parabéns mesmo.,05/12/2024 17:40
78a0dc2a-07a3-41bb-a1a4-3731b2e51917,"esse método substitui os passos dos processos de desenvolvimento de software tradicionais (cascata, interativo, etc). eles são usados em conjunto?",05/12/2024 17:40
78a0dc2a-07a3-41bb-a1a4-3731b2e51917,muito boa a didática do palestrante,05/12/2024 17:41
78a0dc2a-07a3-41bb-a1a4-3731b2e51917,exemplos muito claros,05/12/2024 17:41
c83d77db-e69b-4b9a-af36-1e80aed4ea42,pq a sede da empresa fica em são josé dos campos? é uma questão de logística?,05/12/2024 17:45
8aed64cf-df9c-4421-bff3-6c07fee239b1,ótima apresentação de lgpd.,05/12/2024 17:46
8aed64cf-df9c-4421-bff3-6c07fee239b1,gostei dos memes na apresentação da hubs.,05/12/2024 17:46
f0158b5a-82ff-410c-81f2-d51f7e345b45,as palestras dessa secom estão top viu,05/12/2024 17:46
78a0dc2a-07a3-41bb-a1a4-3731b2e51917,quais ferramentas de gerenciamento de processo vocês usam?,05/12/2024 17:46
6694bc9c-4eab-4c6b-a7df-c40f8f42e39c,"eesa palestra tá muito interessante, vô melhorar o magic com base nisso ai",05/12/2024 17:50
6694bc9c-4eab-4c6b-a7df-c40f8f42e39c,game jam ta boa fi,05/12/2024 17:51
6694bc9c-4eab-4c6b-a7df-c40f8f42e39c,patrick desenha muito!!!!!!,05/12/2024 17:51
c83d77db-e69b-4b9a-af36-1e80aed4ea42,tópicos importantes levantados nesse resumo da hub$,05/12/2024 17:57
34c8353a-bcb4-4553-8c2d-fac1c5311ccd,"para os krs, em quanto tem é redefinido os objetivos?",05/12/2024 18:03
02af807d-7123-444e-b61e-89eaf92be60f,maratona divertidaaaa,05/12/2024 18:17
3e72f254-acab-4aec-ad73-bf9dff9c21ad,muito bom a maratona,05/12/2024 18:41
3e72f254-acab-4aec-ad73-bf9dff9c21ad,ansiosa para o resultado da maratona amanhã,05/12/2024 18:41
daac9055-17a0-4775-bb21-9c0add9d45ec,a maratona desse ano foi muito legal,05/12/2024 18:42
daac9055-17a0-4775-bb21-9c0add9d45ec,a galera arrasou muito,05/12/2024 18:42
daac9055-17a0-4775-bb21-9c0add9d45ec,quero ver o minascoders no pódio,05/12/2024 18:42
3e72f254-acab-4aec-ad73-bf9dff9c21ad,quero ver o minascoders no pódio amanhã,05/12/2024 18:43
3e72f254-acab-4aec-ad73-bf9dff9c21ad,brindes muito legais,05/12/2024 18:44
50ab66a7-9677-44ec-b7d4-be69f3d11d87,muito boa a programação,05/12/2024 18:58
50ab66a7-9677-44ec-b7d4-be69f3d11d87,fifa no auditório agora!!,05/12/2024 18:58
50ab66a7-9677-44ec-b7d4-be69f3d11d87,kd o just dance nos jogos do auditório?,05/12/2024 18:59
c0f15389-3383-4e94-b413-2fd78bcd0b68,campeonato de fifa muito bom!,05/12/2024 19:28
c0f15389-3383-4e94-b413-2fd78bcd0b68,jogo de quem não quer ganhar contra quem perder,05/12/2024 19:28
2841ae4b-ef6a-4661-94a3-9777a70ec034,"palestra de letras apresentado de forma excepcional, com muito conhecimento técnico e prático vividos no mercado de trabalho.",05/12/2024 19:58
2841ae4b-ef6a-4661-94a3-9777a70ec034,"metodologias ágeis pela levty foi muito boa, uma pena que o tempo impossibilitou de vê-la por completo",05/12/2024 19:59
2841ae4b-ef6a-4661-94a3-9777a70ec034,"palestra da sydle faltou mais tempo, visto que preencheu todo o intervalo de almoço, mas é de uma temática fundamental",05/12/2024 20:00
2841ae4b-ef6a-4661-94a3-9777a70ec034,abertura super bem apresentada,05/12/2024 20:01
2841ae4b-ef6a-4661-94a3-9777a70ec034,"maratona de programação foi muito legal de participar, mesmo com as dores de cabeça",05/12/2024 20:01
2841ae4b-ef6a-4661-94a3-9777a70ec034,"sipec fundamental para apresentar os projetos de iniciação científica presentes no campus,",05/12/2024 20:02
8f4c1ec8-e5ed-4ce2-90f1-84bbab673805,maratona da secom foi tudoo!,05/12/2024 20:58
8f4c1ec8-e5ed-4ce2-90f1-84bbab673805,philipe divando mt na organização da secom,05/12/2024 20:59
daac9055-17a0-4775-bb21-9c0add9d45ec,melhor secom de todas,05/12/2024 20:59
8f4c1ec8-e5ed-4ce2-90f1-84bbab673805,coffe break surpresa da maratona tava bom dms,05/12/2024 20:59
daac9055-17a0-4775-bb21-9c0add9d45ec,philipe arrasou na organização,05/12/2024 20:59
8f4c1ec8-e5ed-4ce2-90f1-84bbab673805,levty e sydle arrasaram nos brindes!,05/12/2024 21:04
a6ec5f50-aa66-4ad4-8b97-10a6f9eacaad,a organização da secom ficou 10!,06/12/2024 06:23
eed4edbe-921c-4f9c-8148-1948d00197eb,prestes a começar o minicurso de inteligência artificial,06/12/2024 06:51
eed4edbe-921c-4f9c-8148-1948d00197eb,agora que as palestras passaram já é safe dizer que essa parte da secom foi muito legal,06/12/2024 06:52
eed4edbe-921c-4f9c-8148-1948d00197eb,gostei demais de todos os palestrantes,06/12/2024 06:52
eed4edbe-921c-4f9c-8148-1948d00197eb,essa é a minha primeira secom e espero estar nas próximas também pois gostei muito,06/12/2024 06:52
eed4edbe-921c-4f9c-8148-1948d00197eb,professor philipe conseguiu organizar um ótimo evento mesmo sendo novo na faculdade,06/12/2024 06:56
eed4edbe-921c-4f9c-8148-1948d00197eb,sempre tive curiosidade a respeito do mercado de trabalho após o término do curso e a secom serve pra dar uma certa iluminada nisso,06/12/2024 06:58
43aca24c-d788-497e-8521-06df728eeaf8,"essa maratona foi incrível, parabéns aos organizadores 🙏",06/12/2024 06:59
43aca24c-d788-497e-8521-06df728eeaf8,queria poder ter participado da maratona e da gamejam ao mesmo tempo (não ia funcionar),06/12/2024 06:59
43aca24c-d788-497e-8521-06df728eeaf8,"ansioso pelo minicurso de docker, vai ser brabão",06/12/2024 07:00
15ae4086-4952-4aac-a16b-5c2852e5e523,vamos ver como será esse minicurso de web.,06/12/2024 07:10
15ae4086-4952-4aac-a16b-5c2852e5e523,bom dia a todos.,06/12/2024 07:11
15ae4086-4952-4aac-a16b-5c2852e5e523,o credenciamento não deveria já ter começado?,06/12/2024 07:12
9cc1a365-6476-4f22-bf74-2a453e1e8443,ontem foi engraçado a luz caindo na game jam kkk,06/12/2024 07:13
15ae4086-4952-4aac-a16b-5c2852e5e523,"vamos ver se não vai dar nada errado hoje. sem internet no primeiro dia, energia caindo ontem... pelo menos não afetou negativamente o evento como um todo.",06/12/2024 07:17
15ae4086-4952-4aac-a16b-5c2852e5e523,"huh, não sabia que dava pra editar ou excluir comentários. será que se excluir um ele para de contar pra missão, ou não altera?",06/12/2024 07:22
15ae4086-4952-4aac-a16b-5c2852e5e523,não altera.,06/12/2024 07:24
5c812191-4a89-40c2-ad20-11d17bed69a1,"adorei o aplicativo, está sendo super útil.",06/12/2024 07:35
5c812191-4a89-40c2-ad20-11d17bed69a1,"ganhar brindes torna o evento muito mais atrativo, muito obrigado a todos os patrocinadores por proporcionar isso.",06/12/2024 07:36
5c812191-4a89-40c2-ad20-11d17bed69a1,maiores agradecimentos ao philipe por ter feito esse evento perfeito,06/12/2024 07:36
e2b6d403-470e-4752-8767-48575bb10c67,a primeira palestra ontem sobre a indústria dos jogos me mostrou uma indústria que eu acreditava não ser muito grande em solo nacional,06/12/2024 07:37
5c812191-4a89-40c2-ad20-11d17bed69a1,"agora não sei mais qual empresa virou um sonho, todas parecem muito boas kkkk",06/12/2024 07:37
5c812191-4a89-40c2-ad20-11d17bed69a1,é muito legal conhecer empresas e ver que alguma que já conhecia são de tão perto da gente,06/12/2024 07:38
e2b6d403-470e-4752-8767-48575bb10c67,"já na segunda palestra de ontem, foi bem interessante ver e saber mais sobre as pessoas que trabalham em grandes empresas como a letras",06/12/2024 07:38
5c812191-4a89-40c2-ad20-11d17bed69a1,"adorei a apresentação do estúdio sol, aprendi muita coisa só de ver uma explicação superficial, imagina quando eu estiver trabalhando com eles, vai ser muito bom",06/12/2024 07:39
e2b6d403-470e-4752-8767-48575bb10c67,"na terceira palestra, a demonstração dos métodos ágeis revelou algo bem importante para o desenvolvimento de um projeto",06/12/2024 07:40
e2b6d403-470e-4752-8767-48575bb10c67,bem que podia ter um prêmio pro 3° lugar do campeonato de e-sports,06/12/2024 07:40
a6ec5f50-aa66-4ad4-8b97-10a6f9eacaad,a maratona ontem foi boa dms slc,06/12/2024 07:42
a6ec5f50-aa66-4ad4-8b97-10a6f9eacaad,os brindes tão muito bons,06/12/2024 07:46
a6ec5f50-aa66-4ad4-8b97-10a6f9eacaad,a palestra do letras e studio sol foi muito boa e inspiradora em relação a conseguir trabalho em uma empresa legal,06/12/2024 07:47
a6ec5f50-aa66-4ad4-8b97-10a6f9eacaad,animada para o minicurso,06/12/2024 07:49
a6ec5f50-aa66-4ad4-8b97-10a6f9eacaad,a secom podia acabar nunca mais para não ter que ter aula de calculo,06/12/2024 07:51
4b3d0b61-ee1b-4468-8785-a9d80b5bb850,dia 2 foi incrível,06/12/2024 07:51
4b3d0b61-ee1b-4468-8785-a9d80b5bb850,a maratona foi muito divertida,06/12/2024 07:51
4b3d0b61-ee1b-4468-8785-a9d80b5bb850,adorei ganhar baloes,06/12/2024 07:51
4b3d0b61-ee1b-4468-8785-a9d80b5bb850,teve salgadinho...,06/12/2024 07:51
4b3d0b61-ee1b-4468-8785-a9d80b5bb850,altas expectativas para o dia 3,06/12/2024 07:52
4b3d0b61-ee1b-4468-8785-a9d80b5bb850,animado para o ultimo diaa,06/12/2024 07:52
a6ec5f50-aa66-4ad4-8b97-10a6f9eacaad,time aseta merece ganhar prêmio também,06/12/2024 07:52
a6ec5f50-aa66-4ad4-8b97-10a6f9eacaad,bom dia,06/12/2024 07:53
a6ec5f50-aa66-4ad4-8b97-10a6f9eacaad,espero q o cofee break seja diferente hoje,06/12/2024 07:53
a6ec5f50-aa66-4ad4-8b97-10a6f9eacaad,queria andar de skate,06/12/2024 07:56
a6ec5f50-aa66-4ad4-8b97-10a6f9eacaad,o dia tá muito bonito hoje,06/12/2024 07:57
a6ec5f50-aa66-4ad4-8b97-10a6f9eacaad,bora,06/12/2024 07:58
a6ec5f50-aa66-4ad4-8b97-10a6f9eacaad,salve salve,06/12/2024 07:59
4b3d0b61-ee1b-4468-8785-a9d80b5bb850,animado para hoje,06/12/2024 07:59
4b3d0b61-ee1b-4468-8785-a9d80b5bb850,docker docker docker,06/12/2024 08:01
4b3d0b61-ee1b-4468-8785-a9d80b5bb850,tomara que hoje a luz nao acabe,06/12/2024 08:02
9cc1a365-6476-4f22-bf74-2a453e1e8443,blender blender blender,06/12/2024 08:02
4b3d0b61-ee1b-4468-8785-a9d80b5bb850,"ultimo dia da secom, ja estou com saudade",06/12/2024 08:02
9cc1a365-6476-4f22-bf74-2a453e1e8443,animado pra modelagem 3d,06/12/2024 08:02
4b3d0b61-ee1b-4468-8785-a9d80b5bb850,aumento para amanda,06/12/2024 08:04
9cc1a365-6476-4f22-bf74-2a453e1e8443,gostando demais da minha primeira secom,06/12/2024 08:05
4b3d0b61-ee1b-4468-8785-a9d80b5bb850,ultimo comentário,06/12/2024 08:05
9cc1a365-6476-4f22-bf74-2a453e1e8443,gostei demais do app,06/12/2024 08:05
9cc1a365-6476-4f22-bf74-2a453e1e8443,"to gostando muito ate agr, falta só o curso",06/12/2024 08:06
02af807d-7123-444e-b61e-89eaf92be60f,ansioso pros minicurso,06/12/2024 08:12
02af807d-7123-444e-b61e-89eaf92be60f,parece ser mt interessante,06/12/2024 08:12
34d7ba0b-7b62-4439-b143-d7dd24797376,adorei a maratona.,06/12/2024 08:14
34d7ba0b-7b62-4439-b143-d7dd24797376,a energia caiu no final foi um ótimo encerramento kkk,06/12/2024 08:15
34d7ba0b-7b62-4439-b143-d7dd24797376,os jogos de ontem estavam muito bons,06/12/2024 08:15
34d7ba0b-7b62-4439-b143-d7dd24797376,ansiosa para o último dia,06/12/2024 08:15
34d7ba0b-7b62-4439-b143-d7dd24797376,último dia vamos lá,06/12/2024 08:16
5c812191-4a89-40c2-ad20-11d17bed69a1,muito bom,06/12/2024 08:19
08101ce6-e4af-4e12-81d5-87afcafc4b3b,gamejam deixou sequelas,06/12/2024 08:20
08101ce6-e4af-4e12-81d5-87afcafc4b3b,as palestras estão muito boas,06/12/2024 08:21
5c812191-4a89-40c2-ad20-11d17bed69a1,bacana demais,06/12/2024 08:21
50ab66a7-9677-44ec-b7d4-be69f3d11d87,descomplicando o docker agr,06/12/2024 08:21
08101ce6-e4af-4e12-81d5-87afcafc4b3b,só tem mini curso foda,06/12/2024 08:21
84fb43ff-f2ca-4b32-b090-49467d8ae7a0,último dia de secom :(,06/12/2024 08:25
84fb43ff-f2ca-4b32-b090-49467d8ae7a0,"minicurso de modelagem 3d, bom demais",06/12/2024 08:26
02af807d-7123-444e-b61e-89eaf92be60f,curso de modelagem 3d tá bem legal,06/12/2024 08:45
d13dce39-51a4-4170-8b39-f06cb1f6adf6,curso de modelagem 3d mtt legal,06/12/2024 08:45
d13dce39-51a4-4170-8b39-f06cb1f6adf6,coffe break so de tarde 😭😭,06/12/2024 08:46
d13dce39-51a4-4170-8b39-f06cb1f6adf6,quero mais brindes,06/12/2024 08:49
9b29ec6c-e5af-4b1c-b7f1-49779d06c73a,curso de modelagem 3d muito legal!,06/12/2024 08:49
5c812191-4a89-40c2-ad20-11d17bed69a1,super,06/12/2024 08:55
5c812191-4a89-40c2-ad20-11d17bed69a1,top,06/12/2024 08:55
5c812191-4a89-40c2-ad20-11d17bed69a1,daora,06/12/2024 08:55
5c812191-4a89-40c2-ad20-11d17bed69a1,top,06/12/2024 08:55
d13dce39-51a4-4170-8b39-f06cb1f6adf6,quero brindes,06/12/2024 09:02
3e72f254-acab-4aec-ad73-bf9dff9c21ad,ansiosa para o encerramento,06/12/2024 09:11
3e72f254-acab-4aec-ad73-bf9dff9c21ad,quem será que vai estar no pódio das competições?,06/12/2024 09:11
d13dce39-51a4-4170-8b39-f06cb1f6adf6,legal,06/12/2024 09:12
d13dce39-51a4-4170-8b39-f06cb1f6adf6,to ansiosa pros sorteios,06/12/2024 09:12
61b2f3d3-4265-4ca1-bf48-f6fb75a5348f,o minicurso gasta muito de seu tempo com uma contextualização que poderia ser mais breve.,06/12/2024 09:20
daac9055-17a0-4775-bb21-9c0add9d45ec,melhor secom,06/12/2024 09:21
daac9055-17a0-4775-bb21-9c0add9d45ec,o minicurso de ia está incrível,06/12/2024 09:24
8b532002-32a9-47b8-a068-f68ebed037cd,"o minicurso está sendo muito produtivo, já! aprendi que eu não sei usar um terminal!!!!!! :v",06/12/2024 09:47
4ce79311-38e9-401a-bb36-d1b6ad9ff2d3,maratona foi uma ótima experiência,06/12/2024 10:01
4ce79311-38e9-401a-bb36-d1b6ad9ff2d3,"muito bom o torneio de fifa, infelizmente a luz acabou e não pude ganhar",06/12/2024 10:01
4395eb8b-e6f9-4282-85dc-98453a11cc3e,maratona show,06/12/2024 10:02
4395eb8b-e6f9-4282-85dc-98453a11cc3e,bons brindes,06/12/2024 10:02
4395eb8b-e6f9-4282-85dc-98453a11cc3e,campeonato de fifa bacana,06/12/2024 10:02
4395eb8b-e6f9-4282-85dc-98453a11cc3e,evento show de bola,06/12/2024 10:02
4395eb8b-e6f9-4282-85dc-98453a11cc3e,muitos comentários,06/12/2024 10:02
c0f15389-3383-4e94-b413-2fd78bcd0b68,docker excelente,06/12/2024 10:03
c0f15389-3383-4e94-b413-2fd78bcd0b68,precisamos coffee break de manhã,06/12/2024 10:04
4ce79311-38e9-401a-bb36-d1b6ad9ff2d3,docker bem difícil mas muito bom,06/12/2024 10:05
f7781785-ccfa-4120-856f-3781bcf14d45,incrível a palestra da alfa engenharia,06/12/2024 10:09
4395eb8b-e6f9-4282-85dc-98453a11cc3e,secom 2024 god,06/12/2024 10:13
c922b921-1305-4fe3-b76c-649887d97eb4,torcendo para ganhar o sorteio,06/12/2024 10:16
c922b921-1305-4fe3-b76c-649887d97eb4,evitar colocar conflito de horários das palestras e atividades,06/12/2024 10:16
c922b921-1305-4fe3-b76c-649887d97eb4,gerenciar melhor a pausa parar almoço,06/12/2024 10:16
c922b921-1305-4fe3-b76c-649887d97eb4,mandar o que será necessário instalar nos pcs para as palestras,06/12/2024 10:17
c922b921-1305-4fe3-b76c-649887d97eb4,em geral muito bom,06/12/2024 10:17
c922b921-1305-4fe3-b76c-649887d97eb4,bom demais,06/12/2024 10:18
61b2f3d3-4265-4ca1-bf48-f6fb75a5348f,"ótima didática, fala clara e sem redundância.",06/12/2024 10:31
19f49226-5a60-463b-85d3-ac562e4eddc4,"a game jam foi incrível, experiência muito maneira participar",06/12/2024 10:33
19f49226-5a60-463b-85d3-ac562e4eddc4,a luz de florestal atrapalhou a game jam mas foi daora o encerramento,06/12/2024 10:33
19f49226-5a60-463b-85d3-ac562e4eddc4,"muito maneira a iniciativa do torneio casual de games, ter uma competição mais leve é daora",06/12/2024 10:34
19f49226-5a60-463b-85d3-ac562e4eddc4,"a palestra do gustavo viegas foi maneira, interessante ver o que a gente aprende em esof na indústria de fato",06/12/2024 10:35
19f49226-5a60-463b-85d3-ac562e4eddc4,"minicurso de docker está sendo muito interessante, é uma ferramenta que facilita demais",06/12/2024 10:39
61b2f3d3-4265-4ca1-bf48-f6fb75a5348f,"tema muito bom para conversa, gera ótimas discussões sobre o tema.",06/12/2024 10:40
50ab66a7-9677-44ec-b7d4-be69f3d11d87,queria coffe break agr na manhã também,06/12/2024 10:42
61b2f3d3-4265-4ca1-bf48-f6fb75a5348f,explicação atende bem a todos os níveis de conhecimento sobre o tema. estou ansioso para a segunda parte do minicurso.,06/12/2024 10:52
7833a43c-88df-41ce-9608-368ecac536a1,finalmente estou entendendo docker!!!,06/12/2024 10:57
7833a43c-88df-41ce-9608-368ecac536a1,podia ter um coffe break de manhã tbm hein,06/12/2024 10:57
a1b2ff52-f806-4d79-b524-3d3fa3327116,muito bom,06/12/2024 11:01
a1b2ff52-f806-4d79-b524-3d3fa3327116,gostei,06/12/2024 11:01
a1b2ff52-f806-4d79-b524-3d3fa3327116,muito,06/12/2024 11:01
a1b2ff52-f806-4d79-b524-3d3fa3327116,bom,06/12/2024 11:01
a1b2ff52-f806-4d79-b524-3d3fa3327116,ótimo,06/12/2024 11:02
8aed64cf-df9c-4421-bff3-6c07fee239b1,ótimo minicurso.,06/12/2024 11:02
a1b2ff52-f806-4d79-b524-3d3fa3327116,legal,06/12/2024 11:04
02af807d-7123-444e-b61e-89eaf92be60f,intervalo!!,06/12/2024 11:04
4ce79311-38e9-401a-bb36-d1b6ad9ff2d3,minicurso de docker sendo muito produtivo,06/12/2024 11:04
02af807d-7123-444e-b61e-89eaf92be60f,muito difícil modelar boneco,06/12/2024 11:04
02af807d-7123-444e-b61e-89eaf92be60f,minicurso mt bom,06/12/2024 11:04
a1b2ff52-f806-4d79-b524-3d3fa3327116,boa palestra,06/12/2024 11:04
a1b2ff52-f806-4d79-b524-3d3fa3327116,curti,06/12/2024 11:04
a1b2ff52-f806-4d79-b524-3d3fa3327116,nice,06/12/2024 11:05
0016d182-df26-4200-b287-2b9a2086516b,nice,06/12/2024 11:12
0016d182-df26-4200-b287-2b9a2086516b,legal,06/12/2024 11:12
0016d182-df26-4200-b287-2b9a2086516b,bom,06/12/2024 11:12
0016d182-df26-4200-b287-2b9a2086516b,mt bom,06/12/2024 11:12
0016d182-df26-4200-b287-2b9a2086516b,excelente,06/12/2024 11:12
2841ae4b-ef6a-4661-94a3-9777a70ec034,mini curso sendo apresentado de forma muito acelerada,06/12/2024 11:15
2841ae4b-ef6a-4661-94a3-9777a70ec034,docker parece ser essencial para o mercado de trabalho,06/12/2024 11:16
2841ae4b-ef6a-4661-94a3-9777a70ec034,não houve a divulgação da hora e dia da disputa do terceiro lugar do campeonato de lol,06/12/2024 11:17
2841ae4b-ef6a-4661-94a3-9777a70ec034,"o momento das partidas de fifa foi muito interessante, poderia haver mais nas próximas",06/12/2024 11:17
2841ae4b-ef6a-4661-94a3-9777a70ec034,poderia haver um manejo melhor nos horários das palestras,06/12/2024 11:19
2841ae4b-ef6a-4661-94a3-9777a70ec034,auditório obviamente não consegue suprir com a demanda de pessoas,06/12/2024 11:21
2841ae4b-ef6a-4661-94a3-9777a70ec034,coffee break poderia ter mais saldados e quentes,06/12/2024 11:21
2841ae4b-ef6a-4661-94a3-9777a70ec034,coffee break poderia ter café,06/12/2024 11:22
45025e25-714c-447c-ad00-3f2880882d2b,コーヒーブレイクにはミルクがあってもいい,06/12/2024 11:22
2841ae4b-ef6a-4661-94a3-9777a70ec034,os times convidados para os torneios de. e-sports deveriam seguir as regras do campeonato...,06/12/2024 11:23
45025e25-714c-447c-ad00-3f2880882d2b,ótimo minicurso,06/12/2024 11:24
45025e25-714c-447c-ad00-3f2880882d2b,podia ter pão no coffe break,06/12/2024 11:25
2841ae4b-ef6a-4661-94a3-9777a70ec034,mymobiconf muito bom,06/12/2024 11:25
45025e25-714c-447c-ad00-3f2880882d2b,podia ter mortadela no coffe break,06/12/2024 11:25
c0f15389-3383-4e94-b413-2fd78bcd0b68,vamos almoçar!,06/12/2024 11:25
37ec55d9-b848-47bd-9a33-f64afd2dd867,acabou a luz ontem,06/12/2024 11:25
45025e25-714c-447c-ad00-3f2880882d2b,,06/12/2024 11:26
37ec55d9-b848-47bd-9a33-f64afd2dd867,podia ter mais lanchinhos,06/12/2024 11:26
37ec55d9-b848-47bd-9a33-f64afd2dd867,era bom um pão com salame,06/12/2024 11:26
2841ae4b-ef6a-4661-94a3-9777a70ec034,como me colocam jogo de valorant no mesmo período que a final da libertadores,06/12/2024 11:26
37ec55d9-b848-47bd-9a33-f64afd2dd867,podia ter comida japonesa,06/12/2024 11:26
37ec55d9-b848-47bd-9a33-f64afd2dd867,pouco brinde,06/12/2024 11:27
45025e25-714c-447c-ad00-3f2880882d2b,.,06/12/2024 11:27
8aed64cf-df9c-4421-bff3-6c07fee239b1,seria bom ter tido coffee break na manhã.,06/12/2024 11:27
37ec55d9-b848-47bd-9a33-f64afd2dd867,último pra completar missão,06/12/2024 11:27
45025e25-714c-447c-ad00-3f2880882d2b,. só quero o brinde,06/12/2024 11:27
45025e25-714c-447c-ad00-3f2880882d2b,próxima secom tem que diminuir esse número de comentários,06/12/2024 11:27
4ce79311-38e9-401a-bb36-d1b6ad9ff2d3,coffe break podia ter outras opções de comida,06/12/2024 11:28
c0f15389-3383-4e94-b413-2fd78bcd0b68,muito bom,06/12/2024 11:28
45025e25-714c-447c-ad00-3f2880882d2b,e mais coffe break,06/12/2024 11:28
4ce79311-38e9-401a-bb36-d1b6ad9ff2d3,quais são os brindes ?,06/12/2024 11:28
4ce79311-38e9-401a-bb36-d1b6ad9ff2d3,o evento foi ótimo,06/12/2024 11:29
8aed64cf-df9c-4421-bff3-6c07fee239b1,foi bem divertido acompanhar o campeonato de fifa de ontem. pena que a luz caiu.,06/12/2024 11:35
7cf13434-76d6-4046-96fd-1cfd9d429282,mt bom,06/12/2024 11:40
7cf13434-76d6-4046-96fd-1cfd9d429282,mt bom o relatorio,06/12/2024 11:41
7cf13434-76d6-4046-96fd-1cfd9d429282,bao,06/12/2024 11:41
7cf13434-76d6-4046-96fd-1cfd9d429282,aoba,06/12/2024 11:41
5c812191-4a89-40c2-ad20-11d17bed69a1,very god,06/12/2024 11:49
5c812191-4a89-40c2-ad20-11d17bed69a1,bao dms,06/12/2024 11:49
5c812191-4a89-40c2-ad20-11d17bed69a1,amei,06/12/2024 11:49
24c725a4-20aa-4ce4-9d18-b194d3bdd5be,segunda dia também foi repleto de muitas palestras legais.,06/12/2024 11:49
5c812191-4a89-40c2-ad20-11d17bed69a1,like like like,06/12/2024 11:49
5c812191-4a89-40c2-ad20-11d17bed69a1,top zz,06/12/2024 11:49
5c812191-4a89-40c2-ad20-11d17bed69a1,qnaip,06/12/2024 11:49
24c725a4-20aa-4ce4-9d18-b194d3bdd5be,boa tarde,06/12/2024 11:49
24c725a4-20aa-4ce4-9d18-b194d3bdd5be,😁,06/12/2024 11:50
24c725a4-20aa-4ce4-9d18-b194d3bdd5be,o evento da gamejam foi muito legal.,06/12/2024 11:51
86cc2ad1-6ef4-4b63-8d8f-c512cc96589d,essa secom tá insanaaaaa,06/12/2024 11:51
24c725a4-20aa-4ce4-9d18-b194d3bdd5be,muito top o evento,06/12/2024 11:51
86cc2ad1-6ef4-4b63-8d8f-c512cc96589d,queria mais palestra,06/12/2024 11:51
86cc2ad1-6ef4-4b63-8d8f-c512cc96589d,a maratona foi tão divertida,06/12/2024 11:51
24c725a4-20aa-4ce4-9d18-b194d3bdd5be,melhor evento do ano,06/12/2024 11:51
15ae4086-4952-4aac-a16b-5c2852e5e523,"e aí, como estão?",06/12/2024 11:51
24c725a4-20aa-4ce4-9d18-b194d3bdd5be,😆,06/12/2024 11:52
24c725a4-20aa-4ce4-9d18-b194d3bdd5be,🙃,06/12/2024 11:52
24c725a4-20aa-4ce4-9d18-b194d3bdd5be,🙂,06/12/2024 11:52
24c725a4-20aa-4ce4-9d18-b194d3bdd5be,😃,06/12/2024 11:52
15ae4086-4952-4aac-a16b-5c2852e5e523,"sem spam, né gente.",06/12/2024 11:54
34d7ba0b-7b62-4439-b143-d7dd24797376,os minicursos estão muito legais,06/12/2024 11:58
34d7ba0b-7b62-4439-b143-d7dd24797376,adorei essa dinâmica dos minicursos serem na prática,06/12/2024 11:59
43aca24c-d788-497e-8521-06df728eeaf8,o minicurso de docker é o melhor de todos,06/12/2024 12:02
cafe1afc-d59d-4b35-bde1-38d1f5815f74,f de fifa,06/12/2024 12:03
43aca24c-d788-497e-8521-06df728eeaf8,"o lab 1 não tem ar condicionado, isso foi triste",06/12/2024 12:03
cafe1afc-d59d-4b35-bde1-38d1f5815f74,minicurso de modelagem tá incrivel,06/12/2024 12:04
cafe1afc-d59d-4b35-bde1-38d1f5815f74,beat saber,06/12/2024 12:04
cafe1afc-d59d-4b35-bde1-38d1f5815f74,sabre de luz,06/12/2024 12:04
cafe1afc-d59d-4b35-bde1-38d1f5815f74,valeuuuuu cemig,06/12/2024 12:04
43aca24c-d788-497e-8521-06df728eeaf8,ansioso pelo resultado da maratona,06/12/2024 12:04
cafe1afc-d59d-4b35-bde1-38d1f5815f74,palestras incriveis do segundo dia,06/12/2024 12:05
cafe1afc-d59d-4b35-bde1-38d1f5815f74,coffe break a tarde vou morrer de fome,06/12/2024 12:05
cafe1afc-d59d-4b35-bde1-38d1f5815f74,franguinho no almoço,06/12/2024 12:05
43aca24c-d788-497e-8521-06df728eeaf8,os jogos da gamejam tão poggers,06/12/2024 12:06
cafe1afc-d59d-4b35-bde1-38d1f5815f74,meu boneco tá parecendo uma abobora,06/12/2024 12:06
cafe1afc-d59d-4b35-bde1-38d1f5815f74,se eu não ganhar o sorteio hoje é absurdo,06/12/2024 12:06
19f49226-5a60-463b-85d3-ac562e4eddc4,ansioso pro encerramento e o resultado da gamejam,06/12/2024 12:06
cafe1afc-d59d-4b35-bde1-38d1f5815f74,auga,06/12/2024 12:06
cafe1afc-d59d-4b35-bde1-38d1f5815f74,mc agenda vamoooo,06/12/2024 12:06
43aca24c-d788-497e-8521-06df728eeaf8,"faltou botton da levity ontem, falaram q iriam deixar separado e não deixaram",06/12/2024 12:08
19f49226-5a60-463b-85d3-ac562e4eddc4,"acho que o coffe brake de tarde é muito melhor, não ocupa o espaço do almoço kkkkkkk",06/12/2024 12:08
50a1eb8e-50fb-4cc4-b79b-6b4b2a4a8c61,a gamejam foi simplesmente incrível!!!,06/12/2024 12:09
50a1eb8e-50fb-4cc4-b79b-6b4b2a4a8c61,os jogos da galera estavam muito bacanas,06/12/2024 12:10
50a1eb8e-50fb-4cc4-b79b-6b4b2a4a8c61,a queda de luz ontem de noite foi sinistra,06/12/2024 12:11
50a1eb8e-50fb-4cc4-b79b-6b4b2a4a8c61,"se não tivesse tido a queda de luz, o jogo da gamejam estaria pronto pra liberar no mercado",06/12/2024 12:12
50a1eb8e-50fb-4cc4-b79b-6b4b2a4a8c61,os salgadinhos de ontem também estavam ótimos,06/12/2024 12:13
43aca24c-d788-497e-8521-06df728eeaf8,faltou uma coquinha ontem na maratona ein,06/12/2024 12:13
d51c3bbb-185b-4a34-848a-607621bd7cc2,legal,06/12/2024 12:13
d51c3bbb-185b-4a34-848a-607621bd7cc2,bom demais,06/12/2024 12:13
50a1eb8e-50fb-4cc4-b79b-6b4b2a4a8c61,o quadro da secom ficou ótimo,06/12/2024 12:13
b99c9940-1ccf-4ec6-963a-9a233fddde70,torneio ontem de fifa tava daora,06/12/2024 12:13
d51c3bbb-185b-4a34-848a-607621bd7cc2,muito bom,06/12/2024 12:13
b99c9940-1ccf-4ec6-963a-9a233fddde70,"esse cronograma da secom ficou perfeito, muitas coisas e bem distribuídos no curto espaço de tempo.",06/12/2024 12:14
b99c9940-1ccf-4ec6-963a-9a233fddde70,hoje a ufv tem q amassar na final de lol,06/12/2024 12:16
226440c8-ce0c-42b8-a37b-8435e915955d,animada com a cerimônia de encerramento!,06/12/2024 12:17
12c8e1ec-c662-415a-b106-b64ccb7ece3f,nos coffee-break poderia ter outra opção de bebida além de coca-cola,06/12/2024 12:22
34d7ba0b-7b62-4439-b143-d7dd24797376,secom muito boa,06/12/2024 12:22
50a1eb8e-50fb-4cc4-b79b-6b4b2a4a8c61,extremamente ansioso para os resultados da gamejam,06/12/2024 12:22
12c8e1ec-c662-415a-b106-b64ccb7ece3f,essa edição vem se destacando muito pelos palestrantes escolhidos,06/12/2024 12:22
96a82185-2b89-4f00-9bf9-ab5b2fa5c8ce,melhor evento de florestal,06/12/2024 12:22
50a1eb8e-50fb-4cc4-b79b-6b4b2a4a8c61,extremamente ansioso para os resultados da maratona,06/12/2024 12:22
34d7ba0b-7b62-4439-b143-d7dd24797376,gostei muito dessa temática de jogos e competição,06/12/2024 12:22
12c8e1ec-c662-415a-b106-b64ccb7ece3f,a qualidade das palestras estão muito boas,06/12/2024 12:22
96a82185-2b89-4f00-9bf9-ab5b2fa5c8ce,os lanches do coffebrek são os melhores,06/12/2024 12:22
12c8e1ec-c662-415a-b106-b64ccb7ece3f,o gamejam foi uma ótima adição ao evento,06/12/2024 12:22
12c8e1ec-c662-415a-b106-b64ccb7ece3f,poderia ter tido uma apresentação presencial dos projetos desenvolvidos pelas equipes no gamejam,06/12/2024 12:23
96a82185-2b89-4f00-9bf9-ab5b2fa5c8ce,"a palestra do fábio freitas foi a melhor, muito explicativa e fácil de entender",06/12/2024 12:23
96a82185-2b89-4f00-9bf9-ab5b2fa5c8ce,senti o auditório no segundo dia bem vazio,06/12/2024 12:23
12c8e1ec-c662-415a-b106-b64ccb7ece3f,trazer pessoas do mercado para palestrar foi muito cativante,06/12/2024 12:23
b843c3db-fc8f-45a6-8322-19b87391fa20,achei muito legal os campeonatos amistoso do segundo dia.,06/12/2024 12:23
34d7ba0b-7b62-4439-b143-d7dd24797376,seria muito bom se próximo ano dividissem q sipeec em duas partes,06/12/2024 12:23
311c27a8-5c81-4b58-a7b6-27f29c34ac6f,palestras muito interessantes e enriquecedoras para aqueles que se interessam por i.a.,06/12/2024 12:24
96a82185-2b89-4f00-9bf9-ab5b2fa5c8ce,ano que vem o campeonato de esports poderia ser maior,06/12/2024 12:24
b843c3db-fc8f-45a6-8322-19b87391fa20,parabéns para o philipe pela organização.,06/12/2024 12:24
50a1eb8e-50fb-4cc4-b79b-6b4b2a4a8c61,os temas dos minicursos estão sensacionais,06/12/2024 12:24
34d7ba0b-7b62-4439-b143-d7dd24797376,"eu amei as figurinhas do git, peguei várias e espero por mais ano que vem!",06/12/2024 12:24
96a82185-2b89-4f00-9bf9-ab5b2fa5c8ce,ano que vem seria bom ter um microfone melhor !!!,06/12/2024 12:25
311c27a8-5c81-4b58-a7b6-27f29c34ac6f,"lanche do coffe break estava muito bom, faltou apenas uma alternativa de bebida para aqueles que não tomam refri",06/12/2024 12:25
50a1eb8e-50fb-4cc4-b79b-6b4b2a4a8c61,"vou chegar morto em casa, mas vou chegar feliz",06/12/2024 12:25
311c27a8-5c81-4b58-a7b6-27f29c34ac6f,"adorei a dinâmica dos apitos na sipec, deixou a apresentação mais interativa.",06/12/2024 12:25
b843c3db-fc8f-45a6-8322-19b87391fa20,"cada mini curso um melhor que o outro, muito obrigado por todo esse conhecimento e experiência!",06/12/2024 12:26
b843c3db-fc8f-45a6-8322-19b87391fa20,"estela seu mini curso é o melhor de todos disparado, front end é vida!",06/12/2024 12:26
50a1eb8e-50fb-4cc4-b79b-6b4b2a4a8c61,o coffee break a tarde ficou melhor porque não atrapalha o almoço,06/12/2024 12:26
34d7ba0b-7b62-4439-b143-d7dd24797376,uma dica para próxima secom por favor n coloquem palestras na hora do almoço,06/12/2024 12:26
96a82185-2b89-4f00-9bf9-ab5b2fa5c8ce,o jogo de lol hj vai ser o melhor,06/12/2024 12:27
96a82185-2b89-4f00-9bf9-ab5b2fa5c8ce,"valor mc agenda, coloquem a okt no lugar deles!!!!!!!",06/12/2024 12:27
b99c9940-1ccf-4ec6-963a-9a233fddde70,já tá cedo pra pedir o coffee-break?,06/12/2024 12:27
96a82185-2b89-4f00-9bf9-ab5b2fa5c8ce,o site do shrek é o melhor já criado,06/12/2024 12:27
b843c3db-fc8f-45a6-8322-19b87391fa20,"edição da secom excelente,  muitos eventos e atividades interessantes",06/12/2024 12:28
96a82185-2b89-4f00-9bf9-ab5b2fa5c8ce,"ano que vem a final do valorant tem que ser presencial, teria muito mais emoção",06/12/2024 12:28
96a82185-2b89-4f00-9bf9-ab5b2fa5c8ce,os salgados do coffebreak estavam maravilhosos,06/12/2024 12:29
b843c3db-fc8f-45a6-8322-19b87391fa20,"estou doido para ver as premiações do final da secom, veremos os vencedores e pra quem será os brindes",06/12/2024 12:29
96a82185-2b89-4f00-9bf9-ab5b2fa5c8ce,ano que vem poderia ter uma interação maior com os outros cursos,06/12/2024 12:29
b99c9940-1ccf-4ec6-963a-9a233fddde70,curso de web hoje tá sendo muito daora!!!,06/12/2024 12:30
311c27a8-5c81-4b58-a7b6-27f29c34ac6f,tempo limite de cada apresentação poderia ser um pouco menor,06/12/2024 12:30
311c27a8-5c81-4b58-a7b6-27f29c34ac6f,a palestra sobre desmistificação de i.a foi excelente,06/12/2024 12:31
96a82185-2b89-4f00-9bf9-ab5b2fa5c8ce,"a palestra do time do letras foi muito boa, com muita informação e conceitos",06/12/2024 12:32
311c27a8-5c81-4b58-a7b6-27f29c34ac6f,talvez dividir o sipec em dois dias seria uma opção interessante,06/12/2024 12:32
96a82185-2b89-4f00-9bf9-ab5b2fa5c8ce,"a palestra da alfa engenharia foi muito boa, porque o palestrante tinha muito conhecimento e muito domínio da fala",06/12/2024 12:32
96a82185-2b89-4f00-9bf9-ab5b2fa5c8ce,os alunos estão muito engajados na secom desse ano,06/12/2024 12:33
311c27a8-5c81-4b58-a7b6-27f29c34ac6f,palestra do studio sol foi muito boa! material muito enriquecedor e palestrantes extremamente carismáticos,06/12/2024 12:33
96a82185-2b89-4f00-9bf9-ab5b2fa5c8ce,"podiam melhorar a quantidade de intervalos, tem momentos que é necessário sair no meio de uma palestra para ir no banheiro ou beber água",06/12/2024 12:34
311c27a8-5c81-4b58-a7b6-27f29c34ac6f,"a maratona foi muito divertida, talvez poderiam disponibilizar mais tempo",06/12/2024 12:34
96a82185-2b89-4f00-9bf9-ab5b2fa5c8ce,time a seta melhor do campeonato de esports,06/12/2024 12:35
96a82185-2b89-4f00-9bf9-ab5b2fa5c8ce,kloiuros injustiçados pela comição,06/12/2024 12:35
b99c9940-1ccf-4ec6-963a-9a233fddde70,hoje eu ganho um sorteio!!!,06/12/2024 12:35
311c27a8-5c81-4b58-a7b6-27f29c34ac6f,queria ter assistido mais palestras do dia da indústria porém o horário conflitou com outros eventos,06/12/2024 12:35
8f4c1ec8-e5ed-4ce2-90f1-84bbab673805,minicurso de ia tá muito bom!,06/12/2024 12:35
311c27a8-5c81-4b58-a7b6-27f29c34ac6f,adorei os brindes!,06/12/2024 12:35
3f05e03e-45ce-4e65-b2f3-cf3a76e21fa1,até o momento o mini curso está muito interessante,06/12/2024 12:36
3f05e03e-45ce-4e65-b2f3-cf3a76e21fa1,gostaria de um coffe break hoje,06/12/2024 12:36
311c27a8-5c81-4b58-a7b6-27f29c34ac6f,"a palestra sobre o mercado de jogos foi muito interessante, e foi muito legal reconhecer alguns dos jogos desenvolvidos pela umbu games",06/12/2024 12:37
311c27a8-5c81-4b58-a7b6-27f29c34ac6f,temas das palestras foram muito legais!!!,06/12/2024 12:38
c0f15389-3383-4e94-b413-2fd78bcd0b68,"podia falar muita coisa, mas só agradeço a essa organização maravilhosa",06/12/2024 12:39
3f05e03e-45ce-4e65-b2f3-cf3a76e21fa1,hoje eu quero um prêmio :(,06/12/2024 12:39
311c27a8-5c81-4b58-a7b6-27f29c34ac6f,minicurso da estela está muito legall,06/12/2024 12:39
3f05e03e-45ce-4e65-b2f3-cf3a76e21fa1,podiam separar o minicurso em dois dias,06/12/2024 12:39
3f05e03e-45ce-4e65-b2f3-cf3a76e21fa1,ansioso para a cerimônia de encerramento,06/12/2024 12:41
3f05e03e-45ce-4e65-b2f3-cf3a76e21fa1,ainda não fui respondido sobre qual o shampoo do  patrick,06/12/2024 12:42
64a69630-bdc5-4e29-9090-492d31a34e0d,blender é muito daora,06/12/2024 12:44
64a69630-bdc5-4e29-9090-492d31a34e0d,devia ter sido 7hr de mini curso,06/12/2024 12:44
64a69630-bdc5-4e29-9090-492d31a34e0d,oq vai ter de premio na mymobiconf,06/12/2024 12:45
f7781785-ccfa-4120-856f-3781bcf14d45,muito inspirador esse dia da indústria!,06/12/2024 12:46
f7781785-ccfa-4120-856f-3781bcf14d45,ansioso pra amanhã,06/12/2024 12:46
f7781785-ccfa-4120-856f-3781bcf14d45,começando o curso de ia generativa,06/12/2024 12:47
f7781785-ccfa-4120-856f-3781bcf14d45,a hora não passa…,06/12/2024 12:47
f7781785-ccfa-4120-856f-3781bcf14d45,interessante demais a introdução ao minicurso,06/12/2024 12:48
f7781785-ccfa-4120-856f-3781bcf14d45,bora pra mais uma,06/12/2024 12:48
64a69630-bdc5-4e29-9090-492d31a34e0d,minicurso de animação 3d é o melhor,06/12/2024 12:48
f7781785-ccfa-4120-856f-3781bcf14d45,e a hora da merenda?,06/12/2024 12:48
f7781785-ccfa-4120-856f-3781bcf14d45,ansioso para premiação,06/12/2024 12:49
84fb43ff-f2ca-4b32-b090-49467d8ae7a0,ótimo minicurso de modelagem 3d,06/12/2024 12:53
84fb43ff-f2ca-4b32-b090-49467d8ae7a0,pena que tá acabando a secom,06/12/2024 12:53
84fb43ff-f2ca-4b32-b090-49467d8ae7a0,ansiosa pro coffee break,06/12/2024 12:54
84fb43ff-f2ca-4b32-b090-49467d8ae7a0,"e os brindes, é que hr ?",06/12/2024 12:54
7568d4e3-7c42-4c07-9246-161f8f144017,muito bom aprender sobre a história das ia's generativas,06/12/2024 12:56
7568d4e3-7c42-4c07-9246-161f8f144017,me surpreendi com o mini-curso,06/12/2024 12:56
7568d4e3-7c42-4c07-9246-161f8f144017,pena que a internet não está funcionando mais,06/12/2024 12:58
880b38ad-954a-499a-a76a-66fce8a17f66,minicurso de docker ta top demais,06/12/2024 13:01
ad08e116-810d-4533-a7c6-9782fcb55f6d,internet da ufv tá razoável hoje,06/12/2024 13:06
f0d8b18c-371e-4a9b-bc88-6efb85341837,um bom evento em geral,06/12/2024 13:06
ad08e116-810d-4533-a7c6-9782fcb55f6d,até agr o curso de i.a tá bem legal,06/12/2024 13:07
f0d8b18c-371e-4a9b-bc88-6efb85341837,espero a cerimônia de encerramento para completar esse excelente evento,06/12/2024 13:10
6694bc9c-4eab-4c6b-a7df-c40f8f42e39c,o minicurso de blender ta muito divertido,06/12/2024 13:10
30a1d1e4-da0d-4f67-9908-6bc16a47ebc4,kkkk gostaria de trabalhar na levty em,06/12/2024 13:10
6694bc9c-4eab-4c6b-a7df-c40f8f42e39c,"esse adiamento da game jam prejudicou o sono do patrick coitado, ta mortinho",06/12/2024 13:10
30a1d1e4-da0d-4f67-9908-6bc16a47ebc4,o ângelo realmente entende bastante sobre docker!!,06/12/2024 13:10
6694bc9c-4eab-4c6b-a7df-c40f8f42e39c,ansioso pra final de lol em breve 🫡,06/12/2024 13:11
c0f15389-3383-4e94-b413-2fd78bcd0b68,parabéns ao professor phelipe pela organização este ano!,06/12/2024 13:11
03164614-b683-45b1-98f0-7179e65cd4ed,o curso de ia ta bem legal,06/12/2024 13:12
03164614-b683-45b1-98f0-7179e65cd4ed,ta faltando ar condicionado pra essas salas em,06/12/2024 13:12
03164614-b683-45b1-98f0-7179e65cd4ed,"ansioso pela final de lol. mc agenda, avante",06/12/2024 13:13
03164614-b683-45b1-98f0-7179e65cd4ed,oque será que o patrick fez ontem quando não tinha luz?,06/12/2024 13:14
30a1d1e4-da0d-4f67-9908-6bc16a47ebc4,"pelo que vi dos meus amigos, a produção 3d está bem legal!",06/12/2024 13:14
03164614-b683-45b1-98f0-7179e65cd4ed,philipe mandou muito nessa secom em,06/12/2024 13:14
6694bc9c-4eab-4c6b-a7df-c40f8f42e39c,🍽🐙🤭,06/12/2024 13:15
03164614-b683-45b1-98f0-7179e65cd4ed,cadê o coffebreak da manhã,06/12/2024 13:15
6694bc9c-4eab-4c6b-a7df-c40f8f42e39c,"ansioso pra ver os jogos da game jam, espero que o patrick esteja bem depois dessa noite corrida",06/12/2024 13:16
6694bc9c-4eab-4c6b-a7df-c40f8f42e39c,se eu não ganhar nenhum sorteio vô achar paia em,06/12/2024 13:17
30a1d1e4-da0d-4f67-9908-6bc16a47ebc4,ansioso pelos resultados da maratona de programação e da game jam!!,06/12/2024 13:17
6694bc9c-4eab-4c6b-a7df-c40f8f42e39c,alguem me arruma uma mochila da sydle 😔,06/12/2024 13:17
7568d4e3-7c42-4c07-9246-161f8f144017,não voltou o curso de ia ainda ... :/,06/12/2024 13:17
6694bc9c-4eab-4c6b-a7df-c40f8f42e39c,"esse almocinho pesou em, que bom que os minicursos voltam 13:30, deu pra descansar",06/12/2024 13:18
6694bc9c-4eab-4c6b-a7df-c40f8f42e39c,vambora mc agenda!!!!!,06/12/2024 13:18
19f49226-5a60-463b-85d3-ac562e4eddc4,"o material dos minicursos poderia ser disponibilizado depois, a gente só pode escolher um então seria interessante saber mais sobre os outros assuntos",06/12/2024 13:22
99899b5a-eb3d-4d67-a64f-a143f824a709,cheguei atrasado no minicurso 🤡 maravilha,06/12/2024 13:28
99899b5a-eb3d-4d67-a64f-a143f824a709,pelo menos a internet está mais estável agora à tarde,06/12/2024 13:28
43aca24c-d788-497e-8521-06df728eeaf8,poderia ter uma garrafinha de café nos minicursos,06/12/2024 13:34
43aca24c-d788-497e-8521-06df728eeaf8,os materiais dos minicursos poderiam ser liberados para todos no final,06/12/2024 13:35
99899b5a-eb3d-4d67-a64f-a143f824a709,"aí, organizadores da secom, acho há alguns questionários duplicados por aqui. acabei de preencher os formulários da palestra do letras e da do hubs, mas tenho certeza de que já os preenchi antes 🤔",06/12/2024 13:36
50a1eb8e-50fb-4cc4-b79b-6b4b2a4a8c61,secom foi maneira,06/12/2024 13:43
5bc436a4-ec67-4216-87a7-d9152877d21f,o mini curso de web é o melhor!!,06/12/2024 13:49
5bc436a4-ec67-4216-87a7-d9152877d21f,estela arrasou no curso de web,06/12/2024 13:49
5bc436a4-ec67-4216-87a7-d9152877d21f,hj o tempo de almoço foi bom,06/12/2024 13:49
913cf695-2ce7-40c2-a996-ce8bff7ee32c,muito boa,06/12/2024 13:50
913cf695-2ce7-40c2-a996-ce8bff7ee32c,top,06/12/2024 13:50
913cf695-2ce7-40c2-a996-ce8bff7ee32c,amei,06/12/2024 13:50
5bc436a4-ec67-4216-87a7-d9152877d21f,pena q nem todos os labs tem ar condicionado,06/12/2024 13:50
913cf695-2ce7-40c2-a996-ce8bff7ee32c,"top, parabéns",06/12/2024 13:50
7568d4e3-7c42-4c07-9246-161f8f144017,seria interessante liberar as apresentações das palestras e mini cursos,06/12/2024 13:50
913cf695-2ce7-40c2-a996-ce8bff7ee32c,top demais,06/12/2024 13:50
913cf695-2ce7-40c2-a996-ce8bff7ee32c,topzera,06/12/2024 13:50
5bc436a4-ec67-4216-87a7-d9152877d21f,a secom desse ano foi a melhor,06/12/2024 13:50
5bc436a4-ec67-4216-87a7-d9152877d21f,"philipe e os alunos ralaram mt pra fazer, mas a secom desse ano foi incrível",06/12/2024 13:51
913cf695-2ce7-40c2-a996-ce8bff7ee32c,top,06/12/2024 13:51
913cf695-2ce7-40c2-a996-ce8bff7ee32c,amei,06/12/2024 13:51
5bc436a4-ec67-4216-87a7-d9152877d21f,espero q os brindes sejam bons igual a secom hahah,06/12/2024 13:51
913cf695-2ce7-40c2-a996-ce8bff7ee32c,muito legal,06/12/2024 13:51
913cf695-2ce7-40c2-a996-ce8bff7ee32c,top,06/12/2024 13:51
913cf695-2ce7-40c2-a996-ce8bff7ee32c,"top
 demais",06/12/2024 13:51
913cf695-2ce7-40c2-a996-ce8bff7ee32c,arrasaram,06/12/2024 13:52
913cf695-2ce7-40c2-a996-ce8bff7ee32c,muito bom,06/12/2024 13:52
913cf695-2ce7-40c2-a996-ce8bff7ee32c,sensacional,06/12/2024 13:52
913cf695-2ce7-40c2-a996-ce8bff7ee32c,"arrasaram nessa secom, top",06/12/2024 13:52
913cf695-2ce7-40c2-a996-ce8bff7ee32c,bom demais,06/12/2024 13:52
d51c3bbb-185b-4a34-848a-607621bd7cc2,minicurso de 3d foda dms,06/12/2024 13:56
d51c3bbb-185b-4a34-848a-607621bd7cc2,melhor minicurso é o de modelagem,06/12/2024 13:56
d51c3bbb-185b-4a34-848a-607621bd7cc2,tomara que a okt perca de noite,06/12/2024 13:56
19f49226-5a60-463b-85d3-ac562e4eddc4,os jogos desenvolvidos na game jam serão mostrados?,06/12/2024 13:59
f0d8b18c-371e-4a9b-bc88-6efb85341837,ótimos seminários e evento da gamejam,06/12/2024 14:00
f0d8b18c-371e-4a9b-bc88-6efb85341837,"gamejam com um tema bem interessante, que dá espaço para muitas ideias criativas",06/12/2024 14:00
f0d8b18c-371e-4a9b-bc88-6efb85341837,"o único problema foi o tempo, porém realmente não há nada que possa ser feito nesse quesito",06/12/2024 14:01
f0d8b18c-371e-4a9b-bc88-6efb85341837,esperando os resultados da gamejam para saber quais jogos foram produzidos,06/12/2024 14:01
19f49226-5a60-463b-85d3-ac562e4eddc4,"a secom desse ano foi perfeita, o philipe fez um ótimo trabalho",06/12/2024 14:01
f24a3531-506e-487a-84d2-614694703dfc,evento muito bom,06/12/2024 14:06
f24a3531-506e-487a-84d2-614694703dfc,muito bom!!,06/12/2024 14:06
f24a3531-506e-487a-84d2-614694703dfc,e o lanche,06/12/2024 14:07
f24a3531-506e-487a-84d2-614694703dfc,curso muito bom,06/12/2024 14:19
092f2a22-65fe-4b1e-a8de-356ce785cea3,muito bacana o minicurso,06/12/2024 14:24
092f2a22-65fe-4b1e-a8de-356ce785cea3,não vejo a hora de começar o coffee-break. mó fome,06/12/2024 14:25
7833a43c-88df-41ce-9608-368ecac536a1,pro minicurso ficar 100% só falta um ar condicionado no lab 1,06/12/2024 14:25
daac9055-17a0-4775-bb21-9c0add9d45ec,o curso de ia está muito interessante,06/12/2024 14:25
a8795f76-f29d-4a4e-ab33-de80f1fa7eaa,a maratona ontem foi uma verdadeira batalha!,06/12/2024 14:25
daac9055-17a0-4775-bb21-9c0add9d45ec,ansiosa para ver o resultado da game jam,06/12/2024 14:25
092f2a22-65fe-4b1e-a8de-356ce785cea3,quem será que vai ganhar a maratona?,06/12/2024 14:26
a8795f76-f29d-4a4e-ab33-de80f1fa7eaa,os times da maratona deram tudo de si!,06/12/2024 14:26
daac9055-17a0-4775-bb21-9c0add9d45ec,será que o minascoders vai tá no pódio da maratona,06/12/2024 14:26
a8795f76-f29d-4a4e-ab33-de80f1fa7eaa,o lanche da maratona foi ótimo!,06/12/2024 14:26
daac9055-17a0-4775-bb21-9c0add9d45ec,vamos ter melissa garota propaganda da claro de novo em 2025,06/12/2024 14:26
a8795f76-f29d-4a4e-ab33-de80f1fa7eaa,os minicursos estão sendo incríveis!,06/12/2024 14:26
092f2a22-65fe-4b1e-a8de-356ce785cea3,quem será que vai ganhar a game jam?,06/12/2024 14:27
3e72f254-acab-4aec-ad73-bf9dff9c21ad,minicurso muito legal,06/12/2024 14:27
a8795f76-f29d-4a4e-ab33-de80f1fa7eaa,o minicurso de modelagem 3d é muito desafiador,06/12/2024 14:27
a8795f76-f29d-4a4e-ab33-de80f1fa7eaa,as tecnologias abordadas nos minicursos são incríveis,06/12/2024 14:27
7833a43c-88df-41ce-9608-368ecac536a1,resultado da maratona vai ser no encerramento?,06/12/2024 14:28
8f4c1ec8-e5ed-4ce2-90f1-84bbab673805,secom ficando mil vezes melhor com o anuncio da campus mobile hein,06/12/2024 14:28
8f4c1ec8-e5ed-4ce2-90f1-84bbab673805,ansiosa pro encerramento,06/12/2024 14:28
3e72f254-acab-4aec-ad73-bf9dff9c21ad,"a secom está sendo muito boa, parabéns para comissão organizadora",06/12/2024 14:29
219bdf7f-fa3a-4d8f-9e33-b83980cc7afb,vai ter continuação do camp de fifinha hj?,06/12/2024 14:29
219bdf7f-fa3a-4d8f-9e33-b83980cc7afb,beat saber foi bom dms nmrl,06/12/2024 14:29
a8795f76-f29d-4a4e-ab33-de80f1fa7eaa,um café durante os minicursos era uma boa,06/12/2024 14:30
8f4c1ec8-e5ed-4ce2-90f1-84bbab673805,quero só ver se vai ter a narração da final da maratona,06/12/2024 14:30
219bdf7f-fa3a-4d8f-9e33-b83980cc7afb,felipão mandou mto nessa secom👏👏👏👏👏,06/12/2024 14:31
219bdf7f-fa3a-4d8f-9e33-b83980cc7afb,tá acabando😭,06/12/2024 14:31
3e72f254-acab-4aec-ad73-bf9dff9c21ad,ansiosa para ver o resultado da maratona,06/12/2024 14:31
219bdf7f-fa3a-4d8f-9e33-b83980cc7afb,cancelaram aula de cálculo 🙏,06/12/2024 14:31
219bdf7f-fa3a-4d8f-9e33-b83980cc7afb,hj lolzim vai ter narração?,06/12/2024 14:32
219bdf7f-fa3a-4d8f-9e33-b83980cc7afb,esse nmr do sorteio n tá bugado n? kkk,06/12/2024 14:33
7833a43c-88df-41ce-9608-368ecac536a1,"essa parte da gameficação adicionou muito pro mymobiconf, eu fico abrindo o app o tempo todo pra ver se tem missão kkkkk",06/12/2024 14:36
3e72f254-acab-4aec-ad73-bf9dff9c21ad,muito legal o minicurso,06/12/2024 14:38
99899b5a-eb3d-4d67-a64f-a143f824a709,aquela quedinha de energia só pra assustar no minicurso 👀,06/12/2024 14:56
99899b5a-eb3d-4d67-a64f-a143f824a709,"impressionante. a energia caiu nos três dias do evento, pelo menos uma vez 😅 philipe tá azarado, coitado.",06/12/2024 14:56
d3028b07-211a-405d-9f82-13b8d82aeff8,torneio de fifa ontem foi muito bom,06/12/2024 15:04
d3028b07-211a-405d-9f82-13b8d82aeff8,pena que a queda de luz não deixou ter o mk1,06/12/2024 15:05
d3028b07-211a-405d-9f82-13b8d82aeff8,"maratona de programação super disputada, mal posso saber quem vai ganhar",06/12/2024 15:05
d3028b07-211a-405d-9f82-13b8d82aeff8,"minicurso de ia generativa, sensacional",06/12/2024 15:05
78a0dc2a-07a3-41bb-a1a4-3731b2e51917,muito bom o minicurso,06/12/2024 15:06
78a0dc2a-07a3-41bb-a1a4-3731b2e51917,muito bom o conteúdo do minicurso,06/12/2024 15:07
78a0dc2a-07a3-41bb-a1a4-3731b2e51917,pena que caiu a luz,06/12/2024 15:07
78a0dc2a-07a3-41bb-a1a4-3731b2e51917,internet doa laboratórios estava ruim,06/12/2024 15:08
78a0dc2a-07a3-41bb-a1a4-3731b2e51917,quero brinde hojeeee,06/12/2024 15:08
78a0dc2a-07a3-41bb-a1a4-3731b2e51917,ansioso pelo coffe break,06/12/2024 15:09
61b2f3d3-4265-4ca1-bf48-f6fb75a5348f,"prática muito boa, divertida e simples.",06/12/2024 15:09
78a0dc2a-07a3-41bb-a1a4-3731b2e51917,hj da mc agenda,06/12/2024 15:09
64a69630-bdc5-4e29-9090-492d31a34e0d,meu boneco 3d ficou top,06/12/2024 15:09
64a69630-bdc5-4e29-9090-492d31a34e0d,coffee break kd vc???,06/12/2024 15:10
d3028b07-211a-405d-9f82-13b8d82aeff8,faltou um ar nos laboratórios ein,06/12/2024 15:11
d3028b07-211a-405d-9f82-13b8d82aeff8,que calor absurdo 🥵,06/12/2024 15:11
d3028b07-211a-405d-9f82-13b8d82aeff8,"a internet no campus ja foi ruim antes, hoje parece pior",06/12/2024 15:11
f24a3531-506e-487a-84d2-614694703dfc,minicursos muito bons,06/12/2024 15:12
f24a3531-506e-487a-84d2-614694703dfc,ia é muito interessante,06/12/2024 15:12
f24a3531-506e-487a-84d2-614694703dfc,internet ruim e complicado,06/12/2024 15:13
f24a3531-506e-487a-84d2-614694703dfc,e o lanche em,06/12/2024 15:14
f24a3531-506e-487a-84d2-614694703dfc,vou ganhar o sorteio,06/12/2024 15:15
61b2f3d3-4265-4ca1-bf48-f6fb75a5348f,"sobre o evento como um todo, os brindes foram muito bons.",06/12/2024 15:17
d3028b07-211a-405d-9f82-13b8d82aeff8,essas quests do app estão um pouco repetitivas,06/12/2024 15:18
61b2f3d3-4265-4ca1-bf48-f6fb75a5348f,"achei pouca a quantidade de coffe breaks no evento, apesar de entender que o orçamento possivelmente está apertado.",06/12/2024 15:19
61b2f3d3-4265-4ca1-bf48-f6fb75a5348f,ótima oportunidade para interagir com pessoas de fora do campus.,06/12/2024 15:19
d3028b07-211a-405d-9f82-13b8d82aeff8,meu ssd chora com esses modelos de ia para gerar imagens,06/12/2024 15:20
d3028b07-211a-405d-9f82-13b8d82aeff8,ainda quero saber qual o shampoo do patrick,06/12/2024 15:20
f24a3531-506e-487a-84d2-614694703dfc,gostaria de merendar,06/12/2024 15:23
61b2f3d3-4265-4ca1-bf48-f6fb75a5348f,incrível as imensas possibilidades no uso dos modelos de ia generativa com comfyui.,06/12/2024 15:25
4a38eef3-4375-45b4-b386-649cb518c20b,po blender eh maneirinho slk,06/12/2024 15:27
4a38eef3-4375-45b4-b386-649cb518c20b,so que eu sou ruim ne ai fica paia,06/12/2024 15:27
61b2f3d3-4265-4ca1-bf48-f6fb75a5348f,"imaginei ter uma visão mais voltada pra desenvolvimento de ias generativas com esse minicurso. entretanto, apesar da proposta não ser a que eu esperava, o curso foi bem proveitoso.",06/12/2024 15:27
8f243416-db6e-4185-8133-0e0433d6c30a,ja ta podendo?,06/12/2024 15:28
8f243416-db6e-4185-8133-0e0433d6c30a,secom esta acabando que triste,06/12/2024 15:28
61b2f3d3-4265-4ca1-bf48-f6fb75a5348f,"queria fazer comentários mais aprofundados e contextualizados, uma pena que só posso fazer comentários de 200 caracteres",06/12/2024 15:28
8f243416-db6e-4185-8133-0e0433d6c30a,otimo minicurso de modelagem 3d,06/12/2024 15:28
226440c8-ce0c-42b8-a37b-8435e915955d,a secom está sendo incrível,06/12/2024 15:29
61b2f3d3-4265-4ca1-bf48-f6fb75a5348f,doido demais o treinamento de ia a partir de um ruido aleatório.,06/12/2024 15:29
226440c8-ce0c-42b8-a37b-8435e915955d,"triste que esta acabando, poderia durar mais dias akkaakka",06/12/2024 15:29
226440c8-ce0c-42b8-a37b-8435e915955d,queria ver os trabalhos dos participantes da gamejan,06/12/2024 15:30
092f2a22-65fe-4b1e-a8de-356ce785cea3,atrasar o final e o coffee-break foi triste demais 😢,06/12/2024 15:31
226440c8-ce0c-42b8-a37b-8435e915955d,ansiosa pelo coffe break!,06/12/2024 15:31
61b2f3d3-4265-4ca1-bf48-f6fb75a5348f,"as palestras foram inspiradoras, especialmente sobre ia, mas poderiam ter aprofundado em uma parte mais útil para a nossa formação, sem generalizar muito.",06/12/2024 15:37
a8795f76-f29d-4a4e-ab33-de80f1fa7eaa,um energético seria excelente agora,06/12/2024 15:38
61b2f3d3-4265-4ca1-bf48-f6fb75a5348f,"o torneio de e-sports foi uma ótima ideia para integração, trazer alunos de fora do campus trouxe uma ótima oportunidade de se conectar com outras pessoas.",06/12/2024 15:38
a8795f76-f29d-4a4e-ab33-de80f1fa7eaa,ansioso para o resultado da maratona! quem será que ganhou?,06/12/2024 15:39
a8795f76-f29d-4a4e-ab33-de80f1fa7eaa,a final do lol vai ser incrível,06/12/2024 15:39
61b2f3d3-4265-4ca1-bf48-f6fb75a5348f,a qualidade dos lanches servidos nos coffe breaks está excepcional.,06/12/2024 15:40
8f243416-db6e-4185-8133-0e0433d6c30a,hoje a internet contribuiu,06/12/2024 15:40
61b2f3d3-4265-4ca1-bf48-f6fb75a5348f,hoje a oktopus gaming vai aprender por que a premiação do segundo lugar existe.,06/12/2024 15:41
8f243416-db6e-4185-8133-0e0433d6c30a,tomara que tenha sorte no sorteio,06/12/2024 15:41
8f243416-db6e-4185-8133-0e0433d6c30a,que ano que vem seja assim tbm,06/12/2024 15:41
7568d4e3-7c42-4c07-9246-161f8f144017,nossa que droga a energia ficar caindo sempre,06/12/2024 15:47
4a38eef3-4375-45b4-b386-649cb518c20b,a luz ta como?,06/12/2024 15:49
4a38eef3-4375-45b4-b386-649cb518c20b,quero sorteio...,06/12/2024 15:51
8f4c1ec8-e5ed-4ce2-90f1-84bbab673805,cade o coffe break,06/12/2024 15:56
8f4c1ec8-e5ed-4ce2-90f1-84bbab673805,e essa luz que nao para de cair,06/12/2024 15:57
8f4c1ec8-e5ed-4ce2-90f1-84bbab673805,ngm merece essa energia de florestal,06/12/2024 15:57
b9ce085c-74f8-412e-8a55-1391f0867ebd,foi muito legal essa edição da secom,06/12/2024 16:02
db3fa0bb-880f-4501-90a0-33595a9c9087,calor d+,06/12/2024 16:04
883f6e71-d69f-4eb4-8791-f3f68ee15315,comentario,06/12/2024 16:05
b6692dfb-d9b8-409b-ac8e-4ffe98e5a57b,minicurso muito bom e interessante!,06/12/2024 16:05
883f6e71-d69f-4eb4-8791-f3f68ee15315,só pra parabenizar a stela pelo mini curso,06/12/2024 16:06
f0158b5a-82ff-410c-81f2-d51f7e345b45,muito top o evento esse ano viu,06/12/2024 16:06
b6692dfb-d9b8-409b-ac8e-4ffe98e5a57b,tive alguns problemas com o espaço disponível do meu hd para o minicurso de ia...,06/12/2024 16:06
883f6e71-d69f-4eb4-8791-f3f68ee15315,equipe mmc de parabéns,06/12/2024 16:06
f0158b5a-82ff-410c-81f2-d51f7e345b45,"a gamejam foi muito legal, tem que ter todo ano!",06/12/2024 16:06
b6692dfb-d9b8-409b-ac8e-4ffe98e5a57b,coffe break é sensacional!,06/12/2024 16:06
883f6e71-d69f-4eb4-8791-f3f68ee15315,coment,06/12/2024 16:06
883f6e71-d69f-4eb4-8791-f3f68ee15315,comentário,06/12/2024 16:06
b6692dfb-d9b8-409b-ac8e-4ffe98e5a57b,esse pessoal do lanche tem que vir todo ano!,06/12/2024 16:07
092f2a22-65fe-4b1e-a8de-356ce785cea3,"tô com fome, quero merendar 🎶",06/12/2024 16:08
b6692dfb-d9b8-409b-ac8e-4ffe98e5a57b,ansioso pelo sorteio!,06/12/2024 16:08
47f0857b-7373-4457-b034-4eca2ed5efd9,botafogo,06/12/2024 16:08
b6692dfb-d9b8-409b-ac8e-4ffe98e5a57b,a secom desse ano está sensacional!,06/12/2024 16:09
47f0857b-7373-4457-b034-4eca2ed5efd9,ansioso pelos prêmios,06/12/2024 16:09
d0881343-b903-4573-aee3-c821f2e201de,a maratona foi muito boa,06/12/2024 16:09
47f0857b-7373-4457-b034-4eca2ed5efd9,palestras muitos produtivas,06/12/2024 16:09
47f0857b-7373-4457-b034-4eca2ed5efd9,web e muito bom,06/12/2024 16:09
d0881343-b903-4573-aee3-c821f2e201de,gostei muito dos mini cursos,06/12/2024 16:09
4a38eef3-4375-45b4-b386-649cb518c20b,to cao fome 🤤🤤,06/12/2024 16:09
1b9ccae9-78fb-402b-9460-40ccad1af251,a energia ontem na game jam acabou com tudo,06/12/2024 16:09
d0881343-b903-4573-aee3-c821f2e201de,a secom esse ano esta muito boa,06/12/2024 16:10
30a1d1e4-da0d-4f67-9908-6bc16a47ebc4,estou ansioso para o coffee break :d,06/12/2024 16:10
1b9ccae9-78fb-402b-9460-40ccad1af251,ansioso para saber o resultado da gamejam,06/12/2024 16:10
4a38eef3-4375-45b4-b386-649cb518c20b,uero mais d 10 salgado 🤤,06/12/2024 16:10
1b9ccae9-78fb-402b-9460-40ccad1af251,a barriga ja esta roncando esperando peo coffe break,06/12/2024 16:10
13c63d6c-e94d-4b8b-829b-3a6f523ac131,minicurso de blender sensacional,06/12/2024 16:11
8aed64cf-df9c-4421-bff3-6c07fee239b1,"ainda com as quedas de luz, o minicurso continuou firme e forte.",06/12/2024 16:11
311c27a8-5c81-4b58-a7b6-27f29c34ac6f,ótimo evento,06/12/2024 16:11
30a1d1e4-da0d-4f67-9908-6bc16a47ebc4,adorei o curso sobre docker!!,06/12/2024 16:11
4a38eef3-4375-45b4-b386-649cb518c20b,docker tava bao tbm,06/12/2024 16:11
13c63d6c-e94d-4b8b-829b-3a6f523ac131,ansioso para os sorteios!!,06/12/2024 16:11
8aa87b6a-2c98-49aa-a2bf-45a61166e7e7,time a seta representou,06/12/2024 16:11
311c27a8-5c81-4b58-a7b6-27f29c34ac6f,espero ganhar brindes no sorteio!!!,06/12/2024 16:11
8aa87b6a-2c98-49aa-a2bf-45a61166e7e7,secom foi boa demais,06/12/2024 16:11
1b9ccae9-78fb-402b-9460-40ccad1af251,n'ao de pra baixar as coisas do curso de ia antes /-/) triste dms,06/12/2024 16:11
13c63d6c-e94d-4b8b-829b-3a6f523ac131,qual o shampoo que o patrick usa?,06/12/2024 16:11
8aa87b6a-2c98-49aa-a2bf-45a61166e7e7,secom foi boa demais,06/12/2024 16:12
8aed64cf-df9c-4421-bff3-6c07fee239b1,um pouco triste que ninguém escolheu aang: o último dominador de ar como animação favorita no minicurso de interface web.,06/12/2024 16:12
8aa87b6a-2c98-49aa-a2bf-45a61166e7e7,campeonato de cs que ficou faltando,06/12/2024 16:12
1b9ccae9-78fb-402b-9460-40ccad1af251,cade a ic de geração de imagens com ia?,06/12/2024 16:12
8aed64cf-df9c-4421-bff3-6c07fee239b1,ansioso pelo coffee break.,06/12/2024 16:12
8aa87b6a-2c98-49aa-a2bf-45a61166e7e7,campeonato de valorant foi muito top,06/12/2024 16:12
8aa87b6a-2c98-49aa-a2bf-45a61166e7e7,curti demais a palestra do letras,06/12/2024 16:13
13c63d6c-e94d-4b8b-829b-3a6f523ac131,coffe breaks sensacionais!,06/12/2024 16:13
d0881343-b903-4573-aee3-c821f2e201de,aa figurinhas do git estavam fodas!,06/12/2024 16:13
8aa87b6a-2c98-49aa-a2bf-45a61166e7e7,lanche tava top dms,06/12/2024 16:13
1b9ccae9-78fb-402b-9460-40ccad1af251,coffe break!!!!!!,06/12/2024 16:13
f0158b5a-82ff-410c-81f2-d51f7e345b45,o minicurso de blender foi muito daora!!,06/12/2024 16:14
13c63d6c-e94d-4b8b-829b-3a6f523ac131,bora para essa final de lol!!!,06/12/2024 16:14
311c27a8-5c81-4b58-a7b6-27f29c34ac6f,foi muito legal acompanhar o campeonato o esports,06/12/2024 16:14
1b9ccae9-78fb-402b-9460-40ccad1af251,adorei o sandro!! otimo mini curso,06/12/2024 16:14
47f0857b-7373-4457-b034-4eca2ed5efd9,coffee brake melhor hora,06/12/2024 16:14
13c63d6c-e94d-4b8b-829b-3a6f523ac131,qual patrick o shampoo usa?,06/12/2024 16:14
88254066-58d3-4049-ac9d-5b393c178080,melhor edição da secom!,06/12/2024 16:14
47f0857b-7373-4457-b034-4eca2ed5efd9,o atlético vai cair,06/12/2024 16:14
f0158b5a-82ff-410c-81f2-d51f7e345b45,se a luz cair durante a final é wo na okt né?,06/12/2024 16:14
311c27a8-5c81-4b58-a7b6-27f29c34ac6f,a camisa sa secom ficou muito boa,06/12/2024 16:15
88254066-58d3-4049-ac9d-5b393c178080,mymobiconf salvou demais,06/12/2024 16:15
8aed64cf-df9c-4421-bff3-6c07fee239b1,qual o preparo capilar do patrick para a final de lol da secom?,06/12/2024 16:15
311c27a8-5c81-4b58-a7b6-27f29c34ac6f,alguma coisa,06/12/2024 16:15
88254066-58d3-4049-ac9d-5b393c178080,a troca dos horários no último dia foi meio paia,06/12/2024 16:15
f0158b5a-82ff-410c-81f2-d51f7e345b45,programação dessa secom foi bala demais,06/12/2024 16:17
1b9ccae9-78fb-402b-9460-40ccad1af251,pena que o curso do sandro acabou ;-; adorei as artes dele,06/12/2024 16:17
88254066-58d3-4049-ac9d-5b393c178080,palestras muito boas no dia da indústria,06/12/2024 16:17
d0881343-b903-4573-aee3-c821f2e201de,legal demais,06/12/2024 16:17
d0881343-b903-4573-aee3-c821f2e201de,muito boa,06/12/2024 16:17
f0158b5a-82ff-410c-81f2-d51f7e345b45,cadê o coffee break?,06/12/2024 16:18
226440c8-ce0c-42b8-a37b-8435e915955d,a melhor parte é o encerramento!!,06/12/2024 16:20
226440c8-ce0c-42b8-a37b-8435e915955d,triste pelo último coffe break :(,06/12/2024 16:21
88254066-58d3-4049-ac9d-5b393c178080,palestras muito importantes,06/12/2024 16:21
88254066-58d3-4049-ac9d-5b393c178080,coffee break foi muito bom!!,06/12/2024 16:21
88254066-58d3-4049-ac9d-5b393c178080,ansioso pelo sorteio,06/12/2024 16:21
1b9ccae9-78fb-402b-9460-40ccad1af251,gooogle deep dream nem lembrava,06/12/2024 16:21
88254066-58d3-4049-ac9d-5b393c178080,espero q o servidor funcione...,06/12/2024 16:22
1b9ccae9-78fb-402b-9460-40ccad1af251,"mostrei o poc pro sandro, aprovado 🤝",06/12/2024 16:22
7cf13434-76d6-4046-96fd-1cfd9d429282,boa tarde,06/12/2024 16:22
7cf13434-76d6-4046-96fd-1cfd9d429282,partiu sampa,06/12/2024 16:22
88254066-58d3-4049-ac9d-5b393c178080,o número de comentarios foi meio demais...,06/12/2024 16:22
513987ee-1026-4bd4-93aa-9d89d6d5bad4,maratona foi zika,06/12/2024 16:22
1b9ccae9-78fb-402b-9460-40ccad1af251,ansioso pelos premios do my mob conf em 😳,06/12/2024 16:22
f0158b5a-82ff-410c-81f2-d51f7e345b45,qual o shampoo do douglas?,06/12/2024 16:22
513987ee-1026-4bd4-93aa-9d89d6d5bad4,esse dulol tá sem limites,06/12/2024 16:22
88254066-58d3-4049-ac9d-5b393c178080,acho q o servidor não tá aguentando o número de usuários de uma vez,06/12/2024 16:22
1b9ccae9-78fb-402b-9460-40ccad1af251,quem tava na game jam vai ganhar bolsa copo e pin da sydle?,06/12/2024 16:23
513987ee-1026-4bd4-93aa-9d89d6d5bad4,minicurso de blender foi foda,06/12/2024 16:23
88254066-58d3-4049-ac9d-5b393c178080,queria mais coffee breaks,06/12/2024 16:23
513987ee-1026-4bd4-93aa-9d89d6d5bad4,camiseta maravilhosa,06/12/2024 16:23
1b9ccae9-78fb-402b-9460-40ccad1af251,se a jam fosse em outro dia podia ter ido na palestra do studio sol ;-;,06/12/2024 16:23
f0158b5a-82ff-410c-81f2-d51f7e345b45,adorei a secom!!!🤙🤘🙏🙏,06/12/2024 16:23
513987ee-1026-4bd4-93aa-9d89d6d5bad4,isadora tá solteira?,06/12/2024 16:23
513987ee-1026-4bd4-93aa-9d89d6d5bad4,me contrata sydle,06/12/2024 16:23
8aa87b6a-2c98-49aa-a2bf-45a61166e7e7,time a seta mandou demais,06/12/2024 16:23
513987ee-1026-4bd4-93aa-9d89d6d5bad4,quero entrar na levty,06/12/2024 16:24
1b9ccae9-78fb-402b-9460-40ccad1af251,levity me contrataaa 😭,06/12/2024 16:24
8aa87b6a-2c98-49aa-a2bf-45a61166e7e7,infelizmente a luz acabou durante o fifa,06/12/2024 16:24
1b9ccae9-78fb-402b-9460-40ccad1af251,coquinha gelada :p,06/12/2024 16:24
8aa87b6a-2c98-49aa-a2bf-45a61166e7e7,próximo secom vai ser bacana demais,06/12/2024 16:24
513987ee-1026-4bd4-93aa-9d89d6d5bad4,fanta no coffe break pfvr,06/12/2024 16:24
8aa87b6a-2c98-49aa-a2bf-45a61166e7e7,melhor evento do ano,06/12/2024 16:24
780e911b-3537-4deb-8eae-0ce33981b3d2,bora galera,06/12/2024 16:24
780e911b-3537-4deb-8eae-0ce33981b3d2,comentário 2,06/12/2024 16:24
513987ee-1026-4bd4-93aa-9d89d6d5bad4,thais pra presidente já,06/12/2024 16:24
e539ea11-2f5f-48c0-8cd6-f269dd6ed844,tragam mais conteúdo de modelagem 3d!,06/12/2024 16:24
780e911b-3537-4deb-8eae-0ce33981b3d2,qual shampoo o patrick usa?,06/12/2024 16:24
88254066-58d3-4049-ac9d-5b393c178080,excelente minicurso de 3d,06/12/2024 16:24
8aa87b6a-2c98-49aa-a2bf-45a61166e7e7,faltou apenas o campeonato de cs,06/12/2024 16:24
513987ee-1026-4bd4-93aa-9d89d6d5bad4,califórnia girls solou,06/12/2024 16:25
780e911b-3537-4deb-8eae-0ce33981b3d2,qual patrick o shampoo usa?,06/12/2024 16:25
780e911b-3537-4deb-8eae-0ce33981b3d2,entrei na levty,06/12/2024 16:25
e539ea11-2f5f-48c0-8cd6-f269dd6ed844,os minicursos deveriam ter mais tempo,06/12/2024 16:25
8aa87b6a-2c98-49aa-a2bf-45a61166e7e7,"ano que vem poderia ter cs, vai ser legal demais",06/12/2024 16:25
513987ee-1026-4bd4-93aa-9d89d6d5bad4,game jam cansou tá,06/12/2024 16:25
780e911b-3537-4deb-8eae-0ce33981b3d2,"venham para o lesc, a ic de hardware trojan é bala",06/12/2024 16:25
e539ea11-2f5f-48c0-8cd6-f269dd6ed844,a secom poderia durar uma semana inteira,06/12/2024 16:25
1b9ccae9-78fb-402b-9460-40ccad1af251,queria ter jogado mk ontem;-;,06/12/2024 16:25
e539ea11-2f5f-48c0-8cd6-f269dd6ed844,ótima secom,06/12/2024 16:25
513987ee-1026-4bd4-93aa-9d89d6d5bad4,letras me contrata,06/12/2024 16:25
513987ee-1026-4bd4-93aa-9d89d6d5bad4,campeonato de fifa foi zika,06/12/2024 16:25
8aed64cf-df9c-4421-bff3-6c07fee239b1,esperando muito pela final de lol,06/12/2024 16:26
8aa87b6a-2c98-49aa-a2bf-45a61166e7e7,muito legal a secom,06/12/2024 16:26
e539ea11-2f5f-48c0-8cd6-f269dd6ed844,variar lanche no próximo ano,06/12/2024 16:26
1b9ccae9-78fb-402b-9460-40ccad1af251,tenho que sair daqui e fazer o poc ;-;,06/12/2024 16:26
8aa87b6a-2c98-49aa-a2bf-45a61166e7e7,a secom do ano que bem vai ser bacana demais,06/12/2024 16:26
1b9ccae9-78fb-402b-9460-40ccad1af251,espero mais comentarios em 😝🤙,06/12/2024 16:27
780e911b-3537-4deb-8eae-0ce33981b3d2,a ufv precisa melhorar essa internet,06/12/2024 16:27
8cc85085-4ed1-41f9-8428-601245633664,adorei o evento,06/12/2024 16:27
8cc85085-4ed1-41f9-8428-601245633664,o minicurso foi super divertido,06/12/2024 16:27
8aed64cf-df9c-4421-bff3-6c07fee239b1,andar pelo campus de noite e sem luz foi uma experiência.,06/12/2024 16:27
8aed64cf-df9c-4421-bff3-6c07fee239b1,task finalizada.,06/12/2024 16:28
e539ea11-2f5f-48c0-8cd6-f269dd6ed844,ótima palestra,06/12/2024 16:28
8aa87b6a-2c98-49aa-a2bf-45a61166e7e7,muito boa a programação da secom,06/12/2024 16:28
8cc85085-4ed1-41f9-8428-601245633664,as palestras do primeiro dia foram super importante para  o meu aprendizado,06/12/2024 16:28
e539ea11-2f5f-48c0-8cd6-f269dd6ed844,brinds legais,06/12/2024 16:28
8aa87b6a-2c98-49aa-a2bf-45a61166e7e7,a palestra da letras foi boa demais,06/12/2024 16:28
e539ea11-2f5f-48c0-8cd6-f269dd6ed844,queda de luz foi um problema,06/12/2024 16:28
8aa87b6a-2c98-49aa-a2bf-45a61166e7e7,curti demais,06/12/2024 16:28
ad08e116-810d-4533-a7c6-9782fcb55f6d,final de secom,06/12/2024 16:28
e539ea11-2f5f-48c0-8cd6-f269dd6ed844,um coffee break por dia é pouco,06/12/2024 16:29
e539ea11-2f5f-48c0-8cd6-f269dd6ed844,ótima salgados,06/12/2024 16:29
e539ea11-2f5f-48c0-8cd6-f269dd6ed844,coloquem café no coffe break,06/12/2024 16:29
780e911b-3537-4deb-8eae-0ce33981b3d2,coffee break está ótimo estava com mt fome,06/12/2024 16:30
47cacf3f-e0f2-421b-a645-5e0efd6cc615,boa,06/12/2024 16:30
47cacf3f-e0f2-421b-a645-5e0efd6cc615,que venha o sorteio kk,06/12/2024 16:30
780e911b-3537-4deb-8eae-0ce33981b3d2,deveriam haver mais coffe breaks,06/12/2024 16:31
d0b2bc0d-178a-434a-9fc8-134d0ca5a1be,achei a quantidade de comentários ser 6 por dia muita sacanagem,06/12/2024 16:31
47cacf3f-e0f2-421b-a645-5e0efd6cc615,sacagem o último coffe break,06/12/2024 16:31
47cacf3f-e0f2-421b-a645-5e0efd6cc615,ansioso para a próxima secom,06/12/2024 16:31
47cacf3f-e0f2-421b-a645-5e0efd6cc615,muito boa a palestra,06/12/2024 16:32
d0b2bc0d-178a-434a-9fc8-134d0ca5a1be,exageraram na demanda pelo uso do mymobiconf,06/12/2024 16:32
08101ce6-e4af-4e12-81d5-87afcafc4b3b,kd a premiação da gamejam,06/12/2024 16:32
47cacf3f-e0f2-421b-a645-5e0efd6cc615,natanael muito foda,06/12/2024 16:32
8cc85085-4ed1-41f9-8428-601245633664,ansioso pelo sorteio,06/12/2024 16:32
08101ce6-e4af-4e12-81d5-87afcafc4b3b,adorei os mini cursos,06/12/2024 16:32
47cacf3f-e0f2-421b-a645-5e0efd6cc615,virei muito fã da alfa engenharia,06/12/2024 16:32
47cacf3f-e0f2-421b-a645-5e0efd6cc615,muito boa,06/12/2024 16:32
d0b2bc0d-178a-434a-9fc8-134d0ca5a1be,"o aplicativo tá muito bom, mas sinto que 10 missões é bastante",06/12/2024 16:32
8cc85085-4ed1-41f9-8428-601245633664,adorei palestra da sydle,06/12/2024 16:32
08101ce6-e4af-4e12-81d5-87afcafc4b3b,luz caiu durante o mini curso e perdi tudo paia,06/12/2024 16:32
47cacf3f-e0f2-421b-a645-5e0efd6cc615,letras é foda demais,06/12/2024 16:32
d0b2bc0d-178a-434a-9fc8-134d0ca5a1be,por mais palestras sobre jogos,06/12/2024 16:33
47cacf3f-e0f2-421b-a645-5e0efd6cc615,queria conhecer um pouco mais da levty,06/12/2024 16:33
08101ce6-e4af-4e12-81d5-87afcafc4b3b,quando é a premiação da gamejam?,06/12/2024 16:33
47cacf3f-e0f2-421b-a645-5e0efd6cc615,ótimas apresentações.,06/12/2024 16:34
50ab66a7-9677-44ec-b7d4-be69f3d11d87,muito boa os mini cursos,06/12/2024 16:34
d0b2bc0d-178a-434a-9fc8-134d0ca5a1be,fiquei com a impressão de que teve muita palestra sobre ia,06/12/2024 16:34
08101ce6-e4af-4e12-81d5-87afcafc4b3b,essa luz ta quebrada so pode,06/12/2024 16:34
08101ce6-e4af-4e12-81d5-87afcafc4b3b,cade o quibe nos salgadinhos,06/12/2024 16:34
d0b2bc0d-178a-434a-9fc8-134d0ca5a1be,pra quem reclama pela energia ter acabado sem motivo nenhum?,06/12/2024 16:34
47cacf3f-e0f2-421b-a645-5e0efd6cc615,salgado tava bom demais.,06/12/2024 16:35
d0b2bc0d-178a-434a-9fc8-134d0ca5a1be,faltou o kibe nos salgados desse ano,06/12/2024 16:35
e539ea11-2f5f-48c0-8cd6-f269dd6ed844,palestra do letras foi muito boa,06/12/2024 16:35
47cacf3f-e0f2-421b-a645-5e0efd6cc615,muito bom,06/12/2024 16:35
d0b2bc0d-178a-434a-9fc8-134d0ca5a1be,todo mundo gostaria de um acréscimo nos salgados de enroladinho de salsicha,06/12/2024 16:35
8c83da8e-1478-4a91-ae10-7347cd55d06f,maneiro,06/12/2024 16:36
8c83da8e-1478-4a91-ae10-7347cd55d06f,gostei,06/12/2024 16:36
50ab66a7-9677-44ec-b7d4-be69f3d11d87,coffe break,06/12/2024 16:36
8c83da8e-1478-4a91-ae10-7347cd55d06f,gg casca de bala,06/12/2024 16:36
50ab66a7-9677-44ec-b7d4-be69f3d11d87,muito boa a secom!!,06/12/2024 16:36
e539ea11-2f5f-48c0-8cd6-f269dd6ed844,as semifinais do campeonato poderiam ter sido presenciais também,06/12/2024 16:36
50ab66a7-9677-44ec-b7d4-be69f3d11d87,dq a pouco tem encerramento,06/12/2024 16:36
08101ce6-e4af-4e12-81d5-87afcafc4b3b,podia ter um suco no lugar de algumas cocas,06/12/2024 16:36
e539ea11-2f5f-48c0-8cd6-f269dd6ed844,a gamejam poderia ser 2 dias,06/12/2024 16:37
08101ce6-e4af-4e12-81d5-87afcafc4b3b,o encerramento vai ser antes do jogo,06/12/2024 16:37
08101ce6-e4af-4e12-81d5-87afcafc4b3b,qual shampoo o douglas usa?,06/12/2024 16:38
e539ea11-2f5f-48c0-8cd6-f269dd6ed844,ótimas palestras mas o público ficou dividido,06/12/2024 16:38
e11be943-a86d-4ae5-9d07-c0caafcde712,a primeira palestra foi muito boa,06/12/2024 16:38
ff1bbfdb-856b-4aa2-8987-fc056e4c1b9d,top dms,06/12/2024 16:38
08101ce6-e4af-4e12-81d5-87afcafc4b3b,quem é oizadora?,06/12/2024 16:38
ff1bbfdb-856b-4aa2-8987-fc056e4c1b9d,massa,06/12/2024 16:38
ff1bbfdb-856b-4aa2-8987-fc056e4c1b9d,quero ver a serimonia,06/12/2024 16:38
ff1bbfdb-856b-4aa2-8987-fc056e4c1b9d,legal,06/12/2024 16:39
ff1bbfdb-856b-4aa2-8987-fc056e4c1b9d,midiático,06/12/2024 16:39
f0d8b18c-371e-4a9b-bc88-6efb85341837,muito bom evento,06/12/2024 16:39
ff1bbfdb-856b-4aa2-8987-fc056e4c1b9d,maneiro,06/12/2024 16:39
e11be943-a86d-4ae5-9d07-c0caafcde712,a segunda palestra foi boa,06/12/2024 16:39
08101ce6-e4af-4e12-81d5-87afcafc4b3b,gamejam podia ter mais tempo,06/12/2024 16:39
e539ea11-2f5f-48c0-8cd6-f269dd6ed844,seus perguntas por dia é muito,06/12/2024 16:39
f0d8b18c-371e-4a9b-bc88-6efb85341837,"excelente, esperando o encerramento com os prêmios",06/12/2024 16:39
ff1bbfdb-856b-4aa2-8987-fc056e4c1b9d,que doideira,06/12/2024 16:39
ff1bbfdb-856b-4aa2-8987-fc056e4c1b9d,gostei,06/12/2024 16:39
ff1bbfdb-856b-4aa2-8987-fc056e4c1b9d,diverdido,06/12/2024 16:39
d0b2bc0d-178a-434a-9fc8-134d0ca5a1be,senti que faltou fotos durante os minicursos,06/12/2024 16:39
ff1bbfdb-856b-4aa2-8987-fc056e4c1b9d,muçei,06/12/2024 16:39
f0d8b18c-371e-4a9b-bc88-6efb85341837,minicursos informativos e com temas interessantes,06/12/2024 16:39
e539ea11-2f5f-48c0-8cd6-f269dd6ed844,aparentemente a aba de comentários não aceita números,06/12/2024 16:39
420a6284-4a52-4d2d-82f1-f422cc31986b,.,06/12/2024 16:39
ff1bbfdb-856b-4aa2-8987-fc056e4c1b9d,comida japonesa na próxima secom,06/12/2024 16:39
8cc85085-4ed1-41f9-8428-601245633664,muito boa a coxinha,06/12/2024 16:40
ff1bbfdb-856b-4aa2-8987-fc056e4c1b9d,lanche não tava midiático,06/12/2024 16:40
f0d8b18c-371e-4a9b-bc88-6efb85341837,ótimo evento,06/12/2024 16:40
e11be943-a86d-4ae5-9d07-c0caafcde712,o coffe break tava bom,06/12/2024 16:40
fa24bb59-6052-4876-861f-d817a99fd16e,palestra muito interessantes,06/12/2024 16:40
f0d8b18c-371e-4a9b-bc88-6efb85341837,incrível,06/12/2024 16:40
fa24bb59-6052-4876-861f-d817a99fd16e,gamejam foi uma ideia muito boa,06/12/2024 16:40
fa24bb59-6052-4876-861f-d817a99fd16e,prazo da gamejam foi muito curto,06/12/2024 16:40
f0d8b18c-371e-4a9b-bc88-6efb85341837,climatização muito boa,06/12/2024 16:40
ff1bbfdb-856b-4aa2-8987-fc056e4c1b9d,misto quente era bom no coffee break,06/12/2024 16:40
fa24bb59-6052-4876-861f-d817a99fd16e,maratona foi legal demais,06/12/2024 16:40
ff1bbfdb-856b-4aa2-8987-fc056e4c1b9d,show,06/12/2024 16:40
fa24bb59-6052-4876-861f-d817a99fd16e,maratona podia ter tido pizza hehe,06/12/2024 16:40
08101ce6-e4af-4e12-81d5-87afcafc4b3b,devia poder participar da gamejam e maratona de prog juntos,06/12/2024 16:40
ff1bbfdb-856b-4aa2-8987-fc056e4c1b9d,nice,06/12/2024 16:40
ff1bbfdb-856b-4aa2-8987-fc056e4c1b9d,curti,06/12/2024 16:40
ff1bbfdb-856b-4aa2-8987-fc056e4c1b9d,super legal,06/12/2024 16:40
fa24bb59-6052-4876-861f-d817a99fd16e,saguado gostoso parabéns,06/12/2024 16:41
e11be943-a86d-4ae5-9d07-c0caafcde712,a sipeec foi muito demorada,06/12/2024 16:41
d0b2bc0d-178a-434a-9fc8-134d0ca5a1be,"se não tiver uma unidade de bombom na premiação desse ano, fizeram errado",06/12/2024 16:41
e11be943-a86d-4ae5-9d07-c0caafcde712,teve algumas apresentações legais,06/12/2024 16:41
ae0cbeae-1ff0-406f-a78a-a80a71120100,minicurso de docker muito bom,06/12/2024 16:41
ae0cbeae-1ff0-406f-a78a-a80a71120100,o ângelo é muito bom,06/12/2024 16:41
ae0cbeae-1ff0-406f-a78a-a80a71120100,salgado gostosinho hein,06/12/2024 16:41
ae0cbeae-1ff0-406f-a78a-a80a71120100,coca colinha gelado,06/12/2024 16:42
fa24bb59-6052-4876-861f-d817a99fd16e,ideia: bolinho de chocolate de coffee break,06/12/2024 16:42
ae0cbeae-1ff0-406f-a78a-a80a71120100,matheus peixoto o ceonda secom,06/12/2024 16:42
e11be943-a86d-4ae5-9d07-c0caafcde712,o e-sport é o melhor,06/12/2024 16:42
fa24bb59-6052-4876-861f-d817a99fd16e,ideia: picole antes da maratona igual na maratona mineira,06/12/2024 16:42
ae0cbeae-1ff0-406f-a78a-a80a71120100,minicursos bem plaestrandos,06/12/2024 16:42
d0b2bc0d-178a-434a-9fc8-134d0ca5a1be,deixando meu voto para os mcagenda,06/12/2024 16:43
e11be943-a86d-4ae5-9d07-c0caafcde712,a palestra do umbu foi legal,06/12/2024 16:43
db3fa0bb-880f-4501-90a0-33595a9c9087,top essa edição da secom,06/12/2024 16:43
ae0cbeae-1ff0-406f-a78a-a80a71120100,a liz acabou naoooooo,06/12/2024 16:43
fa24bb59-6052-4876-861f-d817a99fd16e,curso de docker o melhor!!,06/12/2024 16:43
db3fa0bb-880f-4501-90a0-33595a9c9087,coffe break muito bom,06/12/2024 16:43
420a6284-4a52-4d2d-82f1-f422cc31986b,m,06/12/2024 16:43
420a6284-4a52-4d2d-82f1-f422cc31986b,muito legal a secom,06/12/2024 16:43
e11be943-a86d-4ae5-9d07-c0caafcde712,a palestra da levty tava legal,06/12/2024 16:43
fa24bb59-6052-4876-861f-d817a99fd16e,"o ministrante do curso de docker deu bombom para quem interagia e acertava, achei muito boa a ideia para participar",06/12/2024 16:43
d0b2bc0d-178a-434a-9fc8-134d0ca5a1be,tá liberado cantar parabéns no encerramento,06/12/2024 16:43
8c83da8e-1478-4a91-ae10-7347cd55d06f,legal,06/12/2024 16:43
8c83da8e-1478-4a91-ae10-7347cd55d06f,pogger,06/12/2024 16:44
8c83da8e-1478-4a91-ae10-7347cd55d06f,bom,06/12/2024 16:44
fa24bb59-6052-4876-861f-d817a99fd16e,ter prêmio para desafio prático no final do minicurso (ex: docker teve um curso como prêmio) foi uma ideia ótima,06/12/2024 16:44
420a6284-4a52-4d2d-82f1-f422cc31986b,"bonitinhos no topo, aproveitar e parabenizar o professor phillipe pelo evento.",06/12/2024 16:44
e11be943-a86d-4ae5-9d07-c0caafcde712,a palestra da dti sobre dados tava muito boa,06/12/2024 16:44
fa24bb59-6052-4876-861f-d817a99fd16e,arte linda do cracha,06/12/2024 16:44
fa24bb59-6052-4876-861f-d817a99fd16e,decoração com baloes numa paleta ótima,06/12/2024 16:44
fa24bb59-6052-4876-861f-d817a99fd16e,camisa do prêmio do e sports perfeitw,06/12/2024 16:44
fa24bb59-6052-4876-861f-d817a99fd16e,no meu coração os bonitinhos ganharam o torneio de vava,06/12/2024 16:44
e11be943-a86d-4ae5-9d07-c0caafcde712,a palestra sobre lgpd foi muito interessante,06/12/2024 16:44
db3fa0bb-880f-4501-90a0-33595a9c9087,curso de ia generativa muito bom. vou aplicar,06/12/2024 16:45
ad08e116-810d-4533-a7c6-9782fcb55f6d,sem ideia do que comentar,06/12/2024 16:45
fa24bb59-6052-4876-861f-d817a99fd16e,distribuição de salgado rápida,06/12/2024 16:45
e11be943-a86d-4ae5-9d07-c0caafcde712,o coffee tava bom,06/12/2024 16:45
fa24bb59-6052-4876-861f-d817a99fd16e,gostei de opções vegetarianas,06/12/2024 16:45
ad08e116-810d-4533-a7c6-9782fcb55f6d,curso de i.a generativa foi excelente,06/12/2024 16:45
fa24bb59-6052-4876-861f-d817a99fd16e,muito legal ter coca zero,06/12/2024 16:46
99899b5a-eb3d-4d67-a64f-a143f824a709,"hora do lanche 😋 secom que vem precisava ter coffee break de manhã e de tarde, que nem nas outras edições!",06/12/2024 16:46
e11be943-a86d-4ae5-9d07-c0caafcde712,os brindes foram os melhores,06/12/2024 16:46
fa24bb59-6052-4876-861f-d817a99fd16e,gostei muito da cor da camisa,06/12/2024 16:47
a5551753-5cda-4641-bc94-7d92707ef19c,o curso de ia foi muito interessante,06/12/2024 16:47
fa24bb59-6052-4876-861f-d817a99fd16e,podia ter outras variedades de refri,06/12/2024 16:47
a5551753-5cda-4641-bc94-7d92707ef19c,talvez possa ter mais minicursos durante os 3 dias na próxima edição.,06/12/2024 16:47
e11be943-a86d-4ae5-9d07-c0caafcde712,o minicurso de docker tava muito boa,06/12/2024 16:47
a5551753-5cda-4641-bc94-7d92707ef19c,o coffee break estava ótimo mais poderia ser numa pausa no meio do minicurso.,06/12/2024 16:47
e11be943-a86d-4ae5-9d07-c0caafcde712,espero ganhar um sorteio,06/12/2024 16:47
a5551753-5cda-4641-bc94-7d92707ef19c,tem como trazer a studiosol ano que vem?,06/12/2024 16:48
6694bc9c-4eab-4c6b-a7df-c40f8f42e39c,o minicurso de blender foi incrível!!! gostei do gato do patrick,06/12/2024 16:48
e11be943-a86d-4ae5-9d07-c0caafcde712,a final vai ser a melhor,06/12/2024 16:48
ad08e116-810d-4533-a7c6-9782fcb55f6d,6 comentários no último dia foi massante,06/12/2024 16:48
a5551753-5cda-4641-bc94-7d92707ef19c,my mobi conf ajudou muito durante a secom,06/12/2024 16:48
e11be943-a86d-4ae5-9d07-c0caafcde712,tá muito boa a secom,06/12/2024 16:48
a5551753-5cda-4641-bc94-7d92707ef19c,evento muito produtivo.,06/12/2024 16:48
fa24bb59-6052-4876-861f-d817a99fd16e,torneio de e sports foi legal demais,06/12/2024 16:48
1a2cfcd0-081c-413f-b184-3104f229f33d,oi,06/12/2024 16:48
e11be943-a86d-4ae5-9d07-c0caafcde712,que horas acaba,06/12/2024 16:48
fa24bb59-6052-4876-861f-d817a99fd16e,os troféus ficaram muito bonitos,06/12/2024 16:48
e11be943-a86d-4ae5-9d07-c0caafcde712,tem muitos  prêmios,06/12/2024 16:49
1a2cfcd0-081c-413f-b184-3104f229f33d,ok,06/12/2024 16:50
34c8353a-bcb4-4553-8c2d-fac1c5311ccd,secom foi legal demais,06/12/2024 16:50
b9ce085c-74f8-412e-8a55-1391f0867ebd,estava esperando mini pizzza,06/12/2024 16:50
1a2cfcd0-081c-413f-b184-3104f229f33d,oiii,06/12/2024 16:51
1a2cfcd0-081c-413f-b184-3104f229f33d,oisisisijs,06/12/2024 16:51
db3fa0bb-880f-4501-90a0-33595a9c9087,palestra da hub muito boa. muito bom ver ex alunos,06/12/2024 16:51
1a2cfcd0-081c-413f-b184-3104f229f33d,aseta,06/12/2024 16:51
34c8353a-bcb4-4553-8c2d-fac1c5311ccd,auditório climatizado,06/12/2024 16:51
b9ce085c-74f8-412e-8a55-1391f0867ebd,táva muito frio na sala,06/12/2024 16:51
8b532002-32a9-47b8-a068-f68ebed037cd,"gostei do minicurso, no fim",06/12/2024 16:51
1a2cfcd0-081c-413f-b184-3104f229f33d,timeaseta,06/12/2024 16:51
1a2cfcd0-081c-413f-b184-3104f229f33d,mior,06/12/2024 16:51
1a2cfcd0-081c-413f-b184-3104f229f33d,mior timeaseta,06/12/2024 16:51
db3fa0bb-880f-4501-90a0-33595a9c9087,sempre internet >>> outras,06/12/2024 16:51
34c8353a-bcb4-4553-8c2d-fac1c5311ccd,cadê os brindes,06/12/2024 16:51
db3fa0bb-880f-4501-90a0-33595a9c9087,gamejam quase foi de arrasta,06/12/2024 16:51
34c8353a-bcb4-4553-8c2d-fac1c5311ccd,👏👏🎉🎉🎉,06/12/2024 16:51
8b532002-32a9-47b8-a068-f68ebed037cd,quanto troféu!,06/12/2024 16:51
b9ce085c-74f8-412e-8a55-1391f0867ebd,queria que tivesse distribuídos melhor durante uma semana inteira,06/12/2024 16:51
b9ce085c-74f8-412e-8a55-1391f0867ebd,prêmios incríveis,06/12/2024 16:52
880b38ad-954a-499a-a76a-66fce8a17f66,minicurso de docker o melhor,06/12/2024 16:52
8b532002-32a9-47b8-a068-f68ebed037cd,queria ganhar aqueles prêmios alí,06/12/2024 16:52
880b38ad-954a-499a-a76a-66fce8a17f66,pedro lindo,06/12/2024 16:52
b9ce085c-74f8-412e-8a55-1391f0867ebd,lindas as cores desse ano,06/12/2024 16:52
34c8353a-bcb4-4553-8c2d-fac1c5311ccd,biraaa,06/12/2024 16:52
8b532002-32a9-47b8-a068-f68ebed037cd,eu queria a pelúcia!,06/12/2024 16:52
880b38ad-954a-499a-a76a-66fce8a17f66,melhor secom,06/12/2024 16:54
880b38ad-954a-499a-a76a-66fce8a17f66,organização muito boa,06/12/2024 16:54
880b38ad-954a-499a-a76a-66fce8a17f66,o ar condicionado salvou bastante,06/12/2024 16:54
34c8353a-bcb4-4553-8c2d-fac1c5311ccd,mais uma secom concluída,06/12/2024 16:54
880b38ad-954a-499a-a76a-66fce8a17f66,torneio de e-sports muito foda,06/12/2024 16:54
880b38ad-954a-499a-a76a-66fce8a17f66,hoje tem mcagenda,06/12/2024 16:54
db3fa0bb-880f-4501-90a0-33595a9c9087,ansioso pros vencedores,06/12/2024 16:55
8b532002-32a9-47b8-a068-f68ebed037cd,o cara tá ali destinado a arrumar ali os troféus,06/12/2024 16:55
db3fa0bb-880f-4501-90a0-33595a9c9087,muitos premios bons,06/12/2024 16:55
880b38ad-954a-499a-a76a-66fce8a17f66,sensacional,06/12/2024 16:55
db3fa0bb-880f-4501-90a0-33595a9c9087,ar condicionado no talo,06/12/2024 16:55
689ae6f3-7314-4e99-96bf-585b2a9cfb77,oii,06/12/2024 16:56
db3fa0bb-880f-4501-90a0-33595a9c9087,"quente no minicurso, frio no auditório",06/12/2024 16:56
689ae6f3-7314-4e99-96bf-585b2a9cfb77,olá,06/12/2024 16:56
689ae6f3-7314-4e99-96bf-585b2a9cfb77,ingred,06/12/2024 16:56
689ae6f3-7314-4e99-96bf-585b2a9cfb77,amooooo secom,06/12/2024 16:56
689ae6f3-7314-4e99-96bf-585b2a9cfb77,amo a emily,06/12/2024 16:56
8b532002-32a9-47b8-a068-f68ebed037cd,achei uma pena o auditório não estar cheio para as palestras de ontem :v,06/12/2024 16:56
db3fa0bb-880f-4501-90a0-33595a9c9087,quero um alicate de crimpar,06/12/2024 16:56
b9ce085c-74f8-412e-8a55-1391f0867ebd,frio,06/12/2024 16:56
b9ce085c-74f8-412e-8a55-1391f0867ebd,excelentes fotógrafos,06/12/2024 16:57
b9ce085c-74f8-412e-8a55-1391f0867ebd,felipe está de parabéns pela organização,06/12/2024 16:57
db3fa0bb-880f-4501-90a0-33595a9c9087,palestra da dti tava muito boa,06/12/2024 16:57
b9ce085c-74f8-412e-8a55-1391f0867ebd,e-sports foi bem divertido de ver,06/12/2024 16:57
db3fa0bb-880f-4501-90a0-33595a9c9087,muitos premios,06/12/2024 16:58
b9ce085c-74f8-412e-8a55-1391f0867ebd,o vr foi bem divertido de se jogar,06/12/2024 16:58
db3fa0bb-880f-4501-90a0-33595a9c9087,frio d++🥶🥶,06/12/2024 16:58
db3fa0bb-880f-4501-90a0-33595a9c9087,philipe ta combinando com os balões,06/12/2024 16:58
db3fa0bb-880f-4501-90a0-33595a9c9087,qual o shampoo que o patrick usa,06/12/2024 16:58
db3fa0bb-880f-4501-90a0-33595a9c9087,patrick compartilha sua rotina capilar conosco,06/12/2024 16:59
b9ce085c-74f8-412e-8a55-1391f0867ebd,campeonato de fifa foi divertidinho,06/12/2024 16:59
689ae6f3-7314-4e99-96bf-585b2a9cfb77,olaaaa,06/12/2024 16:59
689ae6f3-7314-4e99-96bf-585b2a9cfb77,germano,06/12/2024 16:59
b9ce085c-74f8-412e-8a55-1391f0867ebd,"queria que o mortal kombat tivesse rolado, pena que a luz não colaborou",06/12/2024 16:59
689ae6f3-7314-4e99-96bf-585b2a9cfb77,aymê,06/12/2024 16:59
689ae6f3-7314-4e99-96bf-585b2a9cfb77,amo second,06/12/2024 16:59
689ae6f3-7314-4e99-96bf-585b2a9cfb77,brindes,06/12/2024 17:00
689ae6f3-7314-4e99-96bf-585b2a9cfb77,philipe legal,06/12/2024 17:00
d51c3bbb-185b-4a34-848a-607621bd7cc2,patrick ta solteiro?,06/12/2024 17:00
d51c3bbb-185b-4a34-848a-607621bd7cc2,joao lobo,06/12/2024 17:01
c83d77db-e69b-4b9a-af36-1e80aed4ea42,infelizmente não consegui participar dos minicursos,06/12/2024 17:01
8b532002-32a9-47b8-a068-f68ebed037cd,o presidente da setapp não perdeu tempo lá na palestra né,06/12/2024 17:01
689ae6f3-7314-4e99-96bf-585b2a9cfb77,amo a thaís,06/12/2024 17:02
689ae6f3-7314-4e99-96bf-585b2a9cfb77,amo a glaucia,06/12/2024 17:02
c83d77db-e69b-4b9a-af36-1e80aed4ea42,"poxa, trocaram o horário do coffee-break e acabaram as coisas assim que cheguei",06/12/2024 17:02
689ae6f3-7314-4e99-96bf-585b2a9cfb77,amo o daniel,06/12/2024 17:02
023d3c99-a60f-4734-88e2-de4c9944c95a,muito bom o minicurso,06/12/2024 17:02
d51c3bbb-185b-4a34-848a-607621bd7cc2,aroldo,06/12/2024 17:02
689ae6f3-7314-4e99-96bf-585b2a9cfb77,amo o fabri,06/12/2024 17:02
fa22c635-07b6-4718-9309-2665ad2d1a12,essa primeira palestra foi incrível!,06/12/2024 17:02
c83d77db-e69b-4b9a-af36-1e80aed4ea42,último dia,06/12/2024 17:02
d51c3bbb-185b-4a34-848a-607621bd7cc2,cade a tesoura aroldo????,06/12/2024 17:02
689ae6f3-7314-4e99-96bf-585b2a9cfb77,amo a maria amélia,06/12/2024 17:02
c83d77db-e69b-4b9a-af36-1e80aed4ea42,hoje tem okt de novo,06/12/2024 17:02
689ae6f3-7314-4e99-96bf-585b2a9cfb77,amo a estela,06/12/2024 17:02
8b532002-32a9-47b8-a068-f68ebed037cd,"anyway, foi muito top essa secom",06/12/2024 17:02
c83d77db-e69b-4b9a-af36-1e80aed4ea42,bora meu time okt,06/12/2024 17:02
d51c3bbb-185b-4a34-848a-607621bd7cc2,cade a tesoura aroldo,06/12/2024 17:02
c83d77db-e69b-4b9a-af36-1e80aed4ea42,lol já é da okt,06/12/2024 17:03
fc6149e6-413e-458a-b1ed-ddd85a34c5a1,muitos comentários kekeke,06/12/2024 17:03
fc6149e6-413e-458a-b1ed-ddd85a34c5a1,estou ansioso pela final de lol,06/12/2024 17:03
8b532002-32a9-47b8-a068-f68ebed037cd,o philipe mandou muito bem nesse evento,06/12/2024 17:04
fc6149e6-413e-458a-b1ed-ddd85a34c5a1,obrigado a todos que assinaram meu crachá,06/12/2024 17:04
fc6149e6-413e-458a-b1ed-ddd85a34c5a1,espero que tenhamos ano que vem pra eu os ver de novo kekekk,06/12/2024 17:04
fc6149e6-413e-458a-b1ed-ddd85a34c5a1,"mas realmente, muitos comentários",06/12/2024 17:05
fc6149e6-413e-458a-b1ed-ddd85a34c5a1,xd,06/12/2024 17:05
8b532002-32a9-47b8-a068-f68ebed037cd,"o professor organizador só se complicou um pouco marcando game jam, maratona e as palestras dos patrocinadores ao mesmo tempo",06/12/2024 17:05
cd9a5b5a-0583-4590-a133-863647e24ed2,amei os torneiros e-sport,06/12/2024 17:05
cd9a5b5a-0583-4590-a133-863647e24ed2,mc agenda já é campeão,06/12/2024 17:06
fc6149e6-413e-458a-b1ed-ddd85a34c5a1,a palestra da sydle online foi muito em cima do almoço,06/12/2024 17:06
cd9a5b5a-0583-4590-a133-863647e24ed2,semana que vem vou sentir falta dessa coquinha,06/12/2024 17:06
fc6149e6-413e-458a-b1ed-ddd85a34c5a1,a daa levity foi otima do começo ao fim,06/12/2024 17:06
8b532002-32a9-47b8-a068-f68ebed037cd,a introdução de um torneio de e-esports foi muito foda,06/12/2024 17:06
cd9a5b5a-0583-4590-a133-863647e24ed2,"amo demais a thaís e a glaucia, divas lindas",06/12/2024 17:06
fc6149e6-413e-458a-b1ed-ddd85a34c5a1,seria legal se tivesse uma palestra sobre porg comp tmb da levity,06/12/2024 17:07
fc6149e6-413e-458a-b1ed-ddd85a34c5a1,gostaria que nas palestras tivesse algo mais próximo de explos praticos,06/12/2024 17:08
8b532002-32a9-47b8-a068-f68ebed037cd,"muito top, vey",06/12/2024 17:09
023d3c99-a60f-4734-88e2-de4c9944c95a,muito massa o evento,06/12/2024 17:09
fa24bb59-6052-4876-861f-d817a99fd16e,amo meu namorado (guto),06/12/2024 17:09
fa22c635-07b6-4718-9309-2665ad2d1a12,melhor secom,06/12/2024 17:09
023d3c99-a60f-4734-88e2-de4c9944c95a,interessante ter tido coffee break a tarde,06/12/2024 17:09
780e911b-3537-4deb-8eae-0ce33981b3d2,amo minha namorada (ana luísa moreira),06/12/2024 17:09
8b532002-32a9-47b8-a068-f68ebed037cd,já ansioso pra próxima secom!!!!!,06/12/2024 17:09
023d3c99-a60f-4734-88e2-de4c9944c95a,podia ter café no coffee break,06/12/2024 17:10
7833a43c-88df-41ce-9608-368ecac536a1,esses prêmios aí em cima tão massa pra caramba,06/12/2024 17:12
9a75dc4c-7a4e-49c6-b73b-62eafd9c8b73,muito topppp!,06/12/2024 17:12
9a75dc4c-7a4e-49c6-b73b-62eafd9c8b73,minicurso do blender foi mt dahoraaaaa!!!,06/12/2024 17:13
9a75dc4c-7a4e-49c6-b73b-62eafd9c8b73,ansioso pro encerramento.,06/12/2024 17:13
9a75dc4c-7a4e-49c6-b73b-62eafd9c8b73,vamos ver se esse ano eu ganho um sorteio.,06/12/2024 17:13
9a75dc4c-7a4e-49c6-b73b-62eafd9c8b73,essa final de league of legends promete!!!,06/12/2024 17:13
9a75dc4c-7a4e-49c6-b73b-62eafd9c8b73,xiii secom!!!!!,06/12/2024 17:15
9a75dc4c-7a4e-49c6-b73b-62eafd9c8b73,daniel abençoa nois!!,06/12/2024 17:15
023d3c99-a60f-4734-88e2-de4c9944c95a,ano que vem não pode ter apito não,06/12/2024 17:16
023d3c99-a60f-4734-88e2-de4c9944c95a,maior algazarra esses apitos,06/12/2024 17:17
023d3c99-a60f-4734-88e2-de4c9944c95a,e só o alarme já ta de bom tamanho na sipeec,06/12/2024 17:17
fa22c635-07b6-4718-9309-2665ad2d1a12,minascoders é o melhor projeto sim!,06/12/2024 17:27
fa22c635-07b6-4718-9309-2665ad2d1a12,philipe arrasou na organização!,06/12/2024 17:27
fa22c635-07b6-4718-9309-2665ad2d1a12,sextetoo,06/12/2024 17:27
fa22c635-07b6-4718-9309-2665ad2d1a12,vou sentir saudades da secom,06/12/2024 17:27
fa22c635-07b6-4718-9309-2665ad2d1a12,cheia de novidades essa secom,06/12/2024 17:28
fa22c635-07b6-4718-9309-2665ad2d1a12,que problemas legais esses da maratona,06/12/2024 17:28
fa22c635-07b6-4718-9309-2665ad2d1a12,melhor evento da ufv,06/12/2024 17:28
fa22c635-07b6-4718-9309-2665ad2d1a12,a secom já vai acabar?,06/12/2024 17:30
fa22c635-07b6-4718-9309-2665ad2d1a12,amei as palestras desse ano,06/12/2024 17:30
fa22c635-07b6-4718-9309-2665ad2d1a12,o sipeec foi bom dms!,06/12/2024 17:31
fa22c635-07b6-4718-9309-2665ad2d1a12,que tanto de brindes!,06/12/2024 17:31
fa22c635-07b6-4718-9309-2665ad2d1a12,esses apitos kkkk,06/12/2024 17:31
fa22c635-07b6-4718-9309-2665ad2d1a12,o vídeo ficou muito fofo <3,06/12/2024 17:32
fa22c635-07b6-4718-9309-2665ad2d1a12,que gracinha os troféus,06/12/2024 17:32
fa22c635-07b6-4718-9309-2665ad2d1a12,quero uma pelúcia do github,06/12/2024 17:32
fa22c635-07b6-4718-9309-2665ad2d1a12,quero brindes!,06/12/2024 17:33
fc6149e6-413e-458a-b1ed-ddd85a34c5a1,trago um cara pra prog competitiva ano q vem,06/12/2024 17:33
fc6149e6-413e-458a-b1ed-ddd85a34c5a1,viemos pra jogar lol e vava xd,06/12/2024 17:33
fc6149e6-413e-458a-b1ed-ddd85a34c5a1,"vocês são muito bons, que animação!",06/12/2024 17:36
fc6149e6-413e-458a-b1ed-ddd85a34c5a1,abraços ao batata do time de vava,06/12/2024 17:37
fc6149e6-413e-458a-b1ed-ddd85a34c5a1,muito legal a premiação.,06/12/2024 17:37
fc6149e6-413e-458a-b1ed-ddd85a34c5a1,ainda falta três comentários kkkkk,06/12/2024 17:37
fc6149e6-413e-458a-b1ed-ddd85a34c5a1,agradecimento ao philip e matto,06/12/2024 17:38
fc6149e6-413e-458a-b1ed-ddd85a34c5a1,abraços,06/12/2024 17:38
e539ea11-2f5f-48c0-8cd6-f269dd6ed844,narração muito imparcial graças a deus,06/12/2024 20:00
e2b6d403-470e-4752-8767-48575bb10c67,quando a okt começa a jogar?,06/12/2024 20:14
86cc2ad1-6ef4-4b63-8d8f-c512cc96589d,quando o outro time entra no jogo?,06/12/2024 20:14
5c812191-4a89-40c2-ad20-11d17bed69a1,quando que a okt entra no jogo?,06/12/2024 20:14
e2b6d403-470e-4752-8767-48575bb10c67,"esperando começar o jogo, só um time tá jogando",06/12/2024 20:14
5c812191-4a89-40c2-ad20-11d17bed69a1,quando que a okt entra pra jogo?,06/12/2024 20:14
86cc2ad1-6ef4-4b63-8d8f-c512cc96589d,mc agenda quer saber quando acaba o tutorial,06/12/2024 20:14
e539ea11-2f5f-48c0-8cd6-f269dd6ed844,jonathan calado é um poeta,06/12/2024 20:16
e539ea11-2f5f-48c0-8cd6-f269dd6ed844,narração imparcial graças a deus,06/12/2024 20:17
e2b6d403-470e-4752-8767-48575bb10c67,quando acaba o treino?,06/12/2024 20:20
219bdf7f-fa3a-4d8f-9e33-b83980cc7afb,salve pro time da marotona spam caixota,06/12/2024 20:20
5c812191-4a89-40c2-ad20-11d17bed69a1,manda salve para centro de florestal.,06/12/2024 20:20
1b9ccae9-78fb-402b-9460-40ccad1af251,(jogar contra bots),06/12/2024 20:21
ae0cbeae-1ff0-406f-a78a-a80a71120100,não ligaram o monitor?,06/12/2024 20:21
219bdf7f-fa3a-4d8f-9e33-b83980cc7afb,salve pro time aseta,06/12/2024 20:22
219bdf7f-fa3a-4d8f-9e33-b83980cc7afb,roda uma caixinha no lol,06/12/2024 20:24
4a38eef3-4375-45b4-b386-649cb518c20b,faz o salve do vasco,06/12/2024 20:24
8aed64cf-df9c-4421-bff3-6c07fee239b1,qual o condicionador do douglas?,06/12/2024 20:25
78a0dc2a-07a3-41bb-a1a4-3731b2e51917,"salve pro bragantino, paranaense e fluminense",06/12/2024 20:26
219bdf7f-fa3a-4d8f-9e33-b83980cc7afb,caixinhaa,06/12/2024 20:27
513987ee-1026-4bd4-93aa-9d89d6d5bad4,cadê o time da okt? engarrafamento na br?,06/12/2024 20:27
4a38eef3-4375-45b4-b386-649cb518c20b,manda salve pro meu tio arabe jalam bipal,06/12/2024 20:27
08101ce6-e4af-4e12-81d5-87afcafc4b3b,o jogo é jogado,06/12/2024 20:28
08101ce6-e4af-4e12-81d5-87afcafc4b3b,dulo rebenta,06/12/2024 20:37
219bdf7f-fa3a-4d8f-9e33-b83980cc7afb,tem como pegar o nm de quem tá mandando comentário n né?,06/12/2024 20:37
e2b6d403-470e-4752-8767-48575bb10c67,"se a rapaziada da agenda se candidatar pro correios eles passam crtz, só entrega rápida",06/12/2024 21:37
ae0cbeae-1ff0-406f-a78a-a80a71120100,mais tenso que final de libertadores!,06/12/2024 21:38
ae0cbeae-1ff0-406f-a78a-a80a71120100,slave pra pará de minas!!!!!,06/12/2024 21:38
08101ce6-e4af-4e12-81d5-87afcafc4b3b,dulol ta torando,06/12/2024 21:38
ae0cbeae-1ff0-406f-a78a-a80a71120100,esse é o tal jogo que é melhor que dota 2 de usuário para ter uma ideia de como fazer um orçamento para limpar o nome da empresa para que eu possa fazer um novo anúncio,06/12/2024 21:39
219bdf7f-fa3a-4d8f-9e33-b83980cc7afb,manda um salve pra bahia,06/12/2024 21:47
